text,true,pred
"despite being a huge fan of fred astaire and ginger rogers' movies , it wasn't until about 6 years ago that i first saw 'follow the fleet' . i knew all the songs from an old astairerogers record yes , vinyl but knew nothing of the plot . br br unfortunately , while the songs are catchy and ginger rogers' character is sweet and funny , you just can't like 'bake baker' . while trying to make up to his longtime partner , he continually sabotages her career . his character doesn't have the usual humour and elan of the other films' astaire characters . br br worth watching for the songs and a great solo tap routine by ginger rogers .",0,1
"ok , let me again admit that i haven't seen any other merchant ivory the distributor films . nor have i seen more celebrated works by the director , so my capacity to discuss before the rains outside of analysis of the film itself is mitigated . with that admittance , let me begin . br br before the rains is a different kind of movie that doesn't know which genre it wants to be . at first , it pretends to be a romance . in most romances , the protagonist falls in love with a supporting character , is separated from the supporting character , and is sometimes united with his or her partner . this movie's hero has already won the heart of his lover but cannot be with her . his name is henry moores and her name is sajani , and they reside in southern india during the waning days of the raj british imperial rule . henry has been away from london for a long time and has fallen in love with his married indian maid , despite his legal marriage and child overseas . what could be better than that ? they often sneak away for intimate afternoons until some children notice them . word spreads to sajani's husband who questions her involvement with moores . she denies any contact with him , but moores asks her to leave the area . sajani refuses because of her devotion to him and commits suicide . please take note that these events occur in the opening third of the film . the film changes tone and becomes a crimedrama in its final portions . br br sajani's body is discovered right as moores' family comes to visit . the alleged perpetrator is moores's englisheducated assistant t . k . t . k . knows of his master's affair but keeps silent until his life becomes threatened . once he is declared innocent , he attempts to regain his honor by killing moores . t . k . is too squeamish and leaves him in a dirt path as the rains fall . br br i want to warn you , this isn't a romance film . the dvd cover and theatrical posters show an indian woman and caucasian man embracing in an idealized tropic setting . this image is captured directly from the film's opening , but quickly disappears . then it's over . it seems like an effort to capitalize on western fixation on forbidden love . it isn't effective , at all . not only is the movie not a romance , but its characters lack any personality . they are bundles of walking clichs . moores is an arrogant white man who doesn't recognize his indian friend , t . k . 's intelligence . t . k . is torn between his own heritage and his educative background . sajani is a woman incapable of having a choice in her romantic life . oh , and , of course , moores' family is inquisitive into sajani's death but still slightly racist to indians . if the tone wasn't so serious , i would be willing to overlook these problems , but it isn't . the film is presented with a didactic overtone which highlights its poor character development . br br no , this film isn't terrible . other than the laughable screenplay , it isn't poor . the actors are all experienced and perform well here . nandita das , who plays sajani , was part of wonderful indian drama water . even director sivan has an impressive resume . he recently oversaw the terrorist , which is part of roger ebert's great movies collection . what happened here ? why is this movie so bad ? well , sivan mentioned how he was inspired to direct this film because of a short he viewed in israel called red roofs . apparently , the story was timeless , and sivan sought to create a similar experience set in 1930's india . i don't have any problem with that approach , but i think sivan may have been too motivated this time . the actors , cinematography , and set design are acceptable but unless you share sivan's aura , you'll probably not enjoy it . my recommendation is that you presume you aren't in accordance with him and watch something else . final consensus and out of",0,1
"i was excited to hear that someone had made a documentary on what it was like to be puerto rican . when i heard it was rosie perez , i wondered . . could she possibly know what it is really like to be puerto rican . as far as i knew . . . . she was a nuyorican . well anyway , i anxiously sat with my popcorn to watch . i realized 10 min into it that my initial apprehension was right . rosie perez has little knowledge about what it is like to be puerto rican . this documentary is more a 1st hand , very very personal account on what it is like to be a nuyorican . . and all of what that entails . she like most of the nuyoricans i know have a watered down , partial and sometimes twisted sense of history . how could they not . . they live here . yes , all of them are proud . as they should be ! but a lot don't know the ins and outs of the real culture , history and political background or language for the most part . it all became very very apparent with her participation in the vieques issue . regardless of my personal take is on this issue . . at least i know what the hell the fight is for . there is she is getting arrested for something she knew little about . . and only participated in because it was a puerto rican cause i really don't understand how she is not embarrassed to admit to it . for those of you that are not puerto rican , please view this as a partial account of a woman's journey of self discovery and acceptance . do not take this as gospel . . . a lot of it isn't even true . please consider the source . rosie is an actress ; not a historian . this movie is not and should never be , for other nuyoricans , the base for their information . instead , just a step towards finding more info , learning and debating what the reality is . not just the one coming from this woman's eyes .",0,1
"richard dix is a big , not very nice industrialist , who has nearly worked himself to death . if he takes the vacation his doctors suggest for him , can he find happiness for the last months of his life ? well , he'll likely be better off if he disregards the voice of the whistler . br br this william castle directed entry has some great moments the introduction and the depiction of richard dix's life through newsreel a la citizen kane , and some intriguing plotting in the final reels . dix's performance is generally pretty good . but , unfortunately , the just does not quite work because one does not end up buying that the characters would behave the way that they do . also , the movie veers from a dark and fascinating beginning to an almost cheerful 30s movie like midsection full of nice urban ethnic types who don't mind that they aren't rich and back again to a complex noir plot for the last 15 minutes or so . br br this is a decent movie worth seeing but it needed a little more running time to establish a couple of the characters and a female lead capable of meeting the demands of her role .",0,1
"black vengeance is an alternate title for ying hung ho hon aka tragic hero 1987 . i have just seen this on vhs , together with the first part of the story , gong woo ching rich and famous , also 1987 . the poster and 2 stills featured on the page are for a 4dvd set of movies starring rod perry the black gestapo , fred williamson black cobra 2 , richard lawson black fist . the fourth movie is called the black six . strangely , while the characters retain their original names in rich and famous , in black vengeance chow yunfat's character is named eddie shaw , alex man man tze leung is harry , and andy lau is called johnny . also confusing is the fact that 1994 is given as the copyright dates on both films . perhaps that was the year they were americandubbed . according to the release dates given on imdb tragic hero was released before rich and famous . was there any reason for releasing the sequel first ? despite some users' comments , i enjoyed these films , although they aren't among cyf's best such as the killer and hardboiled which are truly astonishing . however , if one day i come across a 2dvd set of rich and famous and tragic hero i won't hesitate to buy it . hopefully , these comments about black vengeance clear up , which was also for me , a mystery as to where it belonged in chow yunfat's filmography .",0,1
"this is among one of many usa attempts of remaking a old classic british tv show , that's more famous than this one . from what i see none of you haven't mentioned or even acknowledged that you knew there was a tv 50's60's called secret agent man the original secret agent man starred the great patrick mcgoohan the prisoner , braveheart , ice station zebra , the phantom , etc a man who was tapped to be the first james bond , but he turned it down because mcgoohan was a very devout man and he considered james bond's bed hopping and violent ways to be against his values . br br this show was done in black and white , and it's a pity for those who haven't seen it , you are missing out on a lot . the character mr . mcgoohan played in secret agent man was named drake , and after he finished with that show he went on to the do the very popular though at times bizarre and controversial tv series called the prisoner . the character he played in the prisoner was that of a agent who's identity is not revealed is kidnapped and transported to a island where he does not know where he is or who it was that is responsible for kidnapping him . what he does know is that his captors want to know the reasons behind his resignation from the british secret service , and on this island the populace don't have names but they are referred to by numbers and patricks character is assigned a number which is 6 it was argued that his prisoner character was in fact the same character he played in secret agent man but mcgoohan himself disputed this . br br ofourse there is the unmistakable famous theme song that the original secret agent man spawned . it was written by johnny rivers a famous 50's and 60's pop musician and from what i read some of you are actually think that the song comes from this version of the show . you're very wrong about that . it was johnny's and it comes from the original tv series so let me help to set the facts straight . to those of you who complained about the name of the show being stupid , well in england , it was actually called danger man and in the us it was retitled secret agent man for such a supposedly stupid name the show did well enough when it was first aired . br br granted this current show has little to do with the original , no such main character named drake in this one , and i guess they did their best to make this show their version of secret agent man . but it does use the redone version of the original theme song so that does tell you that this show was indeed meant to be a redone albeit however inferior redone version of the original series .",0,1
"so on the chills network on cable they are having vampire month , i'm such a dork , but i love vampires . so after a few duds that they showed i was pretty disappointed , but then i noticed sleepwalkers was written by stephen king . so i decided to go ahead and check it out , well much to my surprise , this movie was really bad . most stephen king films are entertaining and some are very scary . while sleepwalkers was bad , it was a beautiful kind of bad . i had a good time laughing at this movie and just taking it for what it was . i've never read sleepwalkers , from what i understand this is the only real vampire story by king , so i can't really compare book to film . i don't know if it was just my tv , but sleepwalkers looked like it was made for tv . the special effects were corny and the story was a bit far fetched , even if it is fantasy , it had a lot of problems . br br charles brady and his mother mary are vampires who feed off the life force of virgin women . they are considerably more resilient than humans and have powers of both telekinesis and illusion . their one weakness is cats , who are not only able to see through their illusions but whose claws are capable of inflicting severe to fatal wounds upon them . they also maintain an incestuous relationship . charles and mary have taken up residence in a small indiana town . charles attends the local high school , and there he meets tanya robertson in his creative writing class . tanya does not suspect the real reason why charles wants her so much ; to take her life force for his mother , who is starving . at first , it seems that charles has fallen in love with tanya . on their first date , however , a picnic at the nearby cemetery , charles attempts to drain the life force from tanya while kissing her . as it happens , deputy sheriff andy simpson who had earlier tried to pull charles over for speeding , drives by the cemetery and notices charles' car . when tanya runs to him for help , charles tracks andy down and kills him . when charles then turns to resume his life forcedepleting make out session with tanya , the deputy's cat , clovis , rises to the occasion and nearly kills charles by scratching him in the face and chest . mortally wounded by clovis , charles staggers back home to mary . mary then seeks vengeance on tanya's family . br br so to sum this movie up basically you should expect the cheese to overflow . the scene where charles attacks tanya for the first time is very clich and you almost vote for charles to win just because tanya is one of the dumbest female leads in horror movies . then you gotta love the scene where mary has a gun and shoots it at a cop car and somehow the whole thing explodes , god bless hollywood explosions and exaggerations . i'm taking the movie for what it is , it's just so deliciously bad that it turns into a dark comedy for me that i could just enjoy making fun of . i'm not sure if this is what stephen king wanted to see for his story , but he does have his typical cameo in the film . so my suggestion if you watch this movie , just take it for what it is and don't over think it , it's mindless entertainment with corny effects , bad casting , a silly story and enough cats to make the crazy cat lady from the simpson's say wow , that's a lot of cats . br br 410",0,1
"for those who like depressing films with sleazy characters and a sordid storyline , this one is for you ! from the bleak new york city atmosphere , which comes across as an extremely grim and almost hopeless place , to two diverse lead characters devoid of much sense of morality , this movie is a real downer . br br why it won the academy award was because it was so shocking at that time that hollywood , brand new its freedom to show anything it wanted with all moral codes abandoned , wanted to celebrate that fact . filmmakers then were like an immature sixyearold with an unlimited expense account at the local candy store . so , hollywood gave theater viewers for probably the first time a dose of rape , prostitution , homosexuality , child nudity , homeless existence and other such wonderful sights and sounds only its twisted brain would think is appealing . . . . and then awarded its work . br br it also hoped , i'm sure , to shock mainstream audiences . well , it succeeded on that level . audiences were stunned at what they say and heard and the academy , proud of itself for being able to display filth and make money at the same time , couldn't help but bestow honors upon this piece of gilded garbage . br br forty years ago , as a very young man , i found this film fascinating , too . however , seeing it again in the 1990s left such a bad taste in my mouth i never watched to view it again . br br the acting was good , but so what ? acting is good in many films . nobody ever said dustin hoffman and jon voight couldn't act . hoffman was particularly good in his younger days in playing wackedout people . he was kind of like the johnny depp of his era , playing guys like ratso rizzo in this film and then going to be the rain man later on . yes , ratso is a character you'll never forget , and joe buck voight is one you want to forget , but the story is so sordid , it overwhelms the fine acting . br br this movie isn't art , and it isn't worthy of its many awards ; it only pushed the envelope bigtime in 1969 and that's why it is so fondly remembered in the hearts of film people and critics . it's two hours of profanity and ultrasleazy , religious cheap shots , glorifying weirdos andy warhol even gets in the act no surprise , and generally despicable people . br br i did like the catchy song , everybody's talking' that helped make harry nilsson famous , but even that was bogus because fred neil wrote the song and sang it better , before nilsson did it . . . . and few people have ever heard of neil which is their loss . and as mentioned the name ratso rizzo kind of stays with you ! br br the film is a landmark , but in a negative sense , i fear this marked it as official that hollywood had gone down the toilet , and it has remained in the sewer ever since .",0,1
"i saw this movie in 1956 and again on cable a few days ago . the movie hasn't improved with age . quite the opposite . it's a true spaghetti epic . br br the trojans are heroic and likable ; the greeks are nasty , petty and sneaky . br br so what if paris ran off with the king's wife ? hey . . . love is love .",0,1
"this appears to be two movies spliced into one . in the first , zasu pitts is a renegade in a small town . she wants to help the romantic life of marjorie woodworth . ok i'd never heard of her before either . but she and pitts are in both parts of this concoction . br br before we know it , pitts is no longer miss polly . she is emmie . i had to rewind to see if i'd fallen asleep somewhere . i hadn't . she no longer in a small town but on her way to the title honeymoon destination . br br the movie has some cute moments . the first part is better , with roles for what seems to be every thirdrate character actress working in hollywood at the time . br br and what of ms . woolworth ? she sounds a little like betty hutton . she sounds a little like marie wilson . she's pretty , certainly . but she's no comedienne . br br pitts often was used in very small roles . here she has the largest role . she's always fun , though this movie made me wonder if a little of her doesn't go quite a long way . as a comic . when she was a tragic actress in von stroheim silents the wedding march and greed are the two i have seen she was brilliant .",0,1
"now i have seen two movies by the director chen kaige , a very good one farewell my concubine , and this bad one , the assassin . both movies depict crucial events in chinese history , fmc in the 20th century and ta the first unification of the whole chinese nation in the 3rd century bc . fmc succeds with memorable characters , gorgeous cinematography , convincing sets , good acting and an interesting story . the assassin fails on nearly every level okay , the sets are great , the cinematography is good , and the few battle scenes are quite exciting . but . . . the pathos . call me a cynic , but too much is too much . if you felt that saving private ryan was too pathetic , be aware , this here will make you sick . the dialogue is lifeless , many lines seem like political statements , subtle or entertaining is this pic not . the film is overpowered by its own pompousness . i am really surprised that the assassin gets such high votes here on imdb . 410",0,1
"there's a lot the matter with helen and none of it's good . shelley winters and debbie reynolds play mothers of a pair of leopold loeb like killers who move from the midwest to hollywood to escape their past . reynolds , a starstruck jean harlow wannabe , opens a dance studio for children and winters is her piano player . soon winters as helen begins to crack up . it's all very slow going and although there are moments of real creepiness nasty phone calls , a visit from wino timothy carey , the movie is devoid of any real horror . nevertheless , it's still worthy entertainment . the acting divas are fine and the production values are terrific . a music score by david raskin , cinematography by lucien ballard and oscarnominated costumes contribute mightily . with this , a place in the sun and lolita to her credit , does anyone do crazy as well as winters ? directed by curtis harrington , a master at this type of not quite amovie exploitation . in addition to carey , the oddball supporting cast includes dennis weaver , agnes moorehead as a very aimee semple mcpherson like evangelist , yvette vickers and michel macliammir the irish orson welles as hamilton starr , aptly nicknamed hammy .",0,1
"so after the initial disappointment of the first final fantasy movie , which seemed to bare next to no resemblance to the final fantasy series , final fantasy advent children has released itself to a warm reception and , now , a dedicated fanbase . and the reason for the films success is understandable as it has lush graphics , fast moving fight sequences and some cool as hell characters . however , if you haven't played ff7 then it is likely that you will not enjoy this film as it's storyline carries on from the game without previous explanation and your likely to get lost from the plot even if you have played the game . secondly , there is no character development , without previous knowledge from the game your opinions on the characters are limited to 'cool' and 'not cool' . of course , for ff7 fans the film is almost guaranteed to entertain , at least for nostalgic reasons , and it's cool seeing all the characters you grew to love from the game rendered in some pretty amazing computer animation . one last complaint , the film , at least in my opinion , attempted to cram too much into less than two hours and therefore the last half hour or so seems horribly rushed . if you played and enjoyed ff7 than it is a worthwhile watch , though nothing too special . if you have not played ff7 then it is best that you play it first before watching this film .",0,1
"it is not obvious from viewing this film so i recommend viewers research the people who present their case in it but this presentation on the realities of islam , and its encouragement of violence and intolerance against all nonmuslims is lacking objectiveness , and also completely fails to factor in the human condition . it is one thing to document that the koran says many things about how a devout muslim is required to interact with nonmuslims , but any realist is able to realize that not every human who feels himself or herself to be a follower of islam , will agree with and comply with all tenets of that faith and system . there is reason to call much about the presenters into question , such that viewers need to see the presentation with a healthy skepticism ; don't swallow it all , hook , line , and sinker , without some thinking of your own . br br one specific , for instance , is researching the person walid shoebat ; who claims to be a former muslim who perpetrated an act of terrorism in bethlehem . there are many wise people in the world who believe neither of these assertions . i am not nor have i ever been a muslim . i have never read the koran . i am not a christian , nor a member of any faith . but i am an intelligent and discerning human . while the film is quite disturbing , in its presentation of how some muslims view their obligation to islam ; i remind you that there is more to islam than the views of the fundamentalists . just as their are fundamentalists and evangelical christians , so , too , there are variations in the intensity of belief and obligation among jews and muslims . br br when you watch this film , you need to have the salt shaker on hand . one grain will not be enough , you'll need more . please use your own mind and think for yourself , research what is presented , and evaluate the state of the world and how islam fits within it based on more than what is said in 98 minutes of video . there is a common thread of political affiliation among those who put this film together , indicating a definite bias . be your own brain .",0,1
"this film doesn't have a very clear picture of what it is or wants to be . there are some good bits when stewart is on screen and they give him some lines to work with . it works best early on as romantic comedy , but the story keeps heading for more dramatic territory and gets itself lost in the process . by the last fifteen minutes or so , the plot twists are just a series dramatic clichs . br br the part with the airplane feels like some leftover footage from another film spliced in . br br the main reason i can think of to watch it is if you want be able to say you've seen all of jimmy stewart's films .",0,1
"people call a 976 party line to talk dirty to strangers , and perhaps meet up for a sexual liason . a deranged , somewhat incestuous sister and occasional transvestite brother use the line to find people to kill , usually married men , but they don't discriminate ! a pair of sixteen year old girls also call the line for fun , pretending to be older , of course . one of them works as a babysitter for a married man who's hot for her or anyone . br br meanwhile , a vice cop is borrowed by homicide when he's the first to discover one of the siblings' victims . he's teamed with a female assistant of the district attorney . br br nothing too special here . richard roundtree has little more than a cameo as the police chief . one of the dirtytalking sixteen year olds is played by an actress who also voiced peanuts character peppermint patty ! according to the imdb , the other died quite young , just several years after this movie sad .",0,1
"admirably odd , though meanspirited comedydrama about a strange young man who hopes to fly like a bird through the houston astrodome . robert altmandirected quasicomedy with eccentric characters is so overloaded with weirdos that it starts to creak early on from the weight . some of the cinematography is evocative , shelley duvall is a stitch in her debut as a tour guide , and sally kellerman looks every inch the glamourpuss as bud cort's vision of a mother bird imagine altman and producer lou adler explaining that role to her ! . in the lead , bud cort isonce again , after harold maudea true original ; not offputting like , say , michael j . pollard , cort manages to be geeky , wacky and inoffensive , a tough act to pull off . unfortunately , this is one of altman's misfires . he can put together a cast and a showpiece like no one else , but let him get fired up with some misguided inspiration and he spirals downward . from",0,1
"only the glandular secretions and please don't ask for any more details of young virgins can keep the rapidly deteriorating body and mind of the crazed old amateur horticulturalist's wife fresh and youthful . since , like most people except those taking part in medical trials , virgins seldom give up their secretions willingly , dr . lorenz bela lugosi arranges for them to be abducted and preserved . he'll do the extracting himself . br br what a great cheese ball of a premise for a low budget horror movie . if the corpse vanishes turns out not to be the havarti of horror , as a plain limburger it leaves an interesting aftertaste . br br sure , the acting is almost awful except for the actors fortunate enough to be playing the crazed dwarf angelo rossitto , who later played the master in mad max beyond thunderdome ; his crazed brute of a brother , angel frank moran , who grunts a lot and has a fetish for the virgins' hair ; the crazed mother of the two minerva urecal ; the crazed wife elizabeth russell , who sleeps in a plush coffin and , of course , the crazed doctor lugosi . br br an enterprising young reporter , patricia hunter luana walters tracks down the doctor because of a strange orchid with a peculiarly sweet odor that had been worn by the victims . when the doctor and his wife invite pat to stay the night , a raging storm immediately breaks out . that clue tells us some raging violence is about to erupt inside . since it's well known that in hollywood at this time all unmarried young women were virgins , pat may have some unpleasant surprises to deal with . they include dark passages , a crusty laboratory where a near dead virgin is stored , a basement mausoleum and , later , a direct threat to patricia's own glandular secretions . if she survives , what a story she'll have to give her editor . br br if you sample this moist slice of moldy velveeta and why not ? don't be superior , don't judge bela lugosi by the company he keeps here . he had a huge impact in dracula 1931 , but my favorite movie of his is the black cat 1934 . as dr . vitas werdegast he's a sad , ironic man protective of his two young friends . when he finally takes a scalpel to hjalmar poelzig boris karloff and begins to flay the man alive , ah , well , it's a great scene .",0,1
"back in the 70's , when i had first seen this , i was in high school . it was cool then . now as an adult i look back at it and i say to myself . . yeah right . what was so funny ? it has it's moments but they are few and far between . it is so dated that the jokes no longer stand up . show this to a younger crowd and they will be totally lost . if you like this type of humor you may want to stick with kentucky fried movie or amazon women from the moon . tunnel vision as well as groove tube are too dated for today's viewing .",0,1
"life in some future fascist or near fascist state which severely restricts personal freedoms is a recurrent theme both in modern literature and for film makers . such works post us warnings about undesirable trends in our society to watch out for ; but to be effective they must also be entertaining . unfortunately most of the books are probably more effective in posting the warnings than in entertaining us enough to become really widely read ; whilst with the films the problem is usually the other way round . the first such work to become really widely known was probably george orwell's 1984 first published in 1948 , and this is still readily available both in the form of a book and as a film . br br watch or read it and then , when you are feeling a little depressed by man's inhumanity to man , reach for cinderella 2000 . this is a feather light low budget film comedy based on the same theme which provides effortless but unrewarding viewing ; and as with 1984 the calendar has now passed beyond its erstwhile period . most of the comedy is laid on with a trowel although there are just a few genuinely funny moments . to exercise your mind in the long intervals between these you can focus it on the question of whether this film will gain a new extension of life by being released as a dvd or whether it will finally disappear into oblivion as existing tape copies deteriorate past redemption . there are many worse films appearing as dvd's these days , and frankly i do not care much what happens either way . br br so far the best of the films of this genre has probably been the handmaiden's tale , but i would very happily swap them all for a well made film of jack london's towering novel the iron heel . ambitious as this would be , it still seems incredible that no modern film maker has yet dared to attempt it imdb only lists a bw silent version made in russia in 1919 .",0,1
"since the characters begin with unknown identities , they not identified by name , so you start with handsome james caviezel waking up in a warehouse . he finds out the place is locked up tight . don't ask the windows are made with security glass , and it's impossible to get out . four other awakening men make it a quintet mr . caviezel in his jean jacket , barry pepper in a ranger shirt , greg kinnear with a broken nose , joe pantoliano as a chair bound man , and jeremy sisto shot and handcuffed man . oh , man br br these five men have collective amnesia . they think that three of them are kidnappers , and two are victims but , they don't know who is which or which is who . the forgetfulness is due to a pipe leak . don't ask it happens . meanwhile , on the outside , lead lawman david selby as parker sends his cops to solve the kidnapping while one of the men's wives , bridget moynahan as eliza coles , frantically waits . but , criminal element's gang leader , peter stormare in snakeskin boots , is also on his way to the scene . br br like the dvd synopsis says , as secrets are revealed and clues unraveled , the five men must race against time to figure out who is good and who is evil in order to stay alive . this story reads a lot better than it looks on film , unfortunately . when the secrets are finally revealed , and memories become clear , there is no longer much interest in what has happened . simply , director simon brand has a great premise with matthew waynee's idea , but they encumber light investment in the characters holding the short end of the stick . br br unknown 11106 simon brand james caviezel , barry pepper , greg kinnear , david selby",0,1
"was this movie stupid ? yup . did this movie depth ? nope . character development ? nope . plot twists ? nope . this was simply a movie about a highlyfictionalized springer show . it shows the lengths that some people will go to get their mugs on tv . molly hagan did a great job as jaime pressly's mom . jaime is . . . . well . . . gorgeous ! this flick wasn't so much made to be a breakthrough movie , rather , it was intended to life in a trailer park i live in a trailer park and ours is nothing like the one in this movie where everyone sleeps with everyone else , all the girls get pregnant by different guys , and all the guys drive rustedout '66 ford pickups exaggeration , of course , but that's the picture everyone sees when you mention trailer park . some people overanalyze movies caseinpoint star trek freaks . i watch movies purely for the entertainment value ; not to point out that the girl is wearing a different shirt in a different scene read the goofs bit about connie's shirt . could it have been better ? sure . but it was funny as hell .",0,1
"sorry , folks , but all of you that say this is a great documentary . . . and that award it won at sundance . . . well , you've all been duped . i've heard for a few years how i had to see this documentary and i finally watched it . maybe in 1999 , when it came out , and reality tv didn't have such a dominant presence in the industry , this movie would have seemed entertaining . but mike and mark are so obviously playing themselves , mike and mark . at times they are funny and some of the lines seem off the cuff , but mostly they do not ring true . they are the reality version of jay and silent bob . yes the people are real , they are not actors , but it's put on , it's exaggeration of themselves , and it's so obvious that it's hard to believe so many people think it's the real deal . i wasn't fooled so it was actually a tad boring . mildly amusing , but not missing much if you miss it .",0,1
"an update of the skits and jokes you would have seen on a burlesque stage in the first half of the 20th century . it's a string of several jokes acted out . some of them you could tell your grandmother , some of them not , but it's a fairly safe bet she's heard them all before . for what it tries to be , it's not too bad . before you rent it , remember that it's an older style of entertainment and has more value as history than as comedy or titillation . robin williams has a couple of bits , but he's interchangeable with the other players .",0,1
"okay , now i know where all those boring cophomicide tv shows came from . i do believe they can be traced back to this movie . scene of the crime feels more like a tv episode , or an episode of a serial . complete with stock characters and situations the hotshot cop who clashes with his superiors . . . the aging cop who doesn't want a desk job , despite failing eyesight . . . the reckless rookie . . . the doublecrossing dame , etc . br br i like many of the actors here , and they do a good job , but overall i found this movie dull as i'm not a fan of the genre . i kept tuning out when they were discussing the case . . . something about bookies and informers . and oh yeah , there was a stripper , played by the previously wholesome gloria dehaven . what i want to know is why did she keep calling van johnson uncle wiggly ? wasn't uncle wiggly a rabbit ? a character from a children's book ? what the heck does that have to do with anything ? i guess i just don't get toughguy film noirish kinda jargon . br br in fact , much of the dialogue made me mutter nobody talks like that ! however , i could relate to one scene where the cop's wife arlene dahl , who worries every time he goes to work , realizes that maybe she shouldn't have made her husband the center of her life . yeah , i know that feeling of loving someone so much , being so dependent on them , that there's a constant fear for their safety . so there are moments of truth in this film , underneath the stylized dialogue and atmosphere which is trying so selfconsciously to be gritty and real , that it actually seems unreal to me . br br a little background this movie was made when dore schary took over mgm from louis b . mayer , and began to put an end to the wholesome musicals that made mgm so great . dore schary was determined to bring more realism to movies . i kinda hate dore schary . maybe we can blame him for all the pretentious , bleak movies being made today , wallowing in the ugly truths about life , focusing on and , in my opinion , helping to perpetuate the worst of humanity rather than the best . no longer uplifting us the way classic movies were designed to do providing a necessary distraction during the great depression and world war ii . br br well , damn it , we still need that kind of distraction today ! there's still plenty of depression and plenty of war . and what are people turning to nowadays when they want to escape ? trashy , braindeadening reality tv . thanks a lot , dore !",0,1
"following the success of paris , je t'aime , a group of directors decided to get together and make a similar anthology style film based in new york . unlike the original film , the stories in this film seem to sometimes come and go too quicklyby the time you think are getting into a story , it's over in too many cases . and , the often start up and stop and then begin againwith the stories woven together . as a result , there is no title to indicate that a story is complete and it is less formal in structure . br br sadly , however , while paris , je t'aime was hit or miss mostly hit , most of new york , i love you was miss . the stories tended to be much more sexual in nature but also far less sweetand often quite terrible . it was an amazingly dull and uninteresting film with only a few exceptional storiesand perhaps the often depressing music made it seem more so . now understand , it was good quality music but its somber tone really , really made me feel like cutting my wrists ! among the better ones was the story about the young man who took a girl in a wheelchair to prom , the couple talking about cheating outside a restaurant though this was also in the first film and the crotchety old couple . this is all so sad because i had loved the first film so muchand i really wanted to love this film . i respected what they tried but simply didn't like it very much . br br by the way , and this is not really a complaint , but i was amazed how many people were smoking in the film . for a recent film , that was unusual in our more antismoking culture . br br also , if you get the dvd , there are two segments included as extras that were not included in the film . one consists of kevin bacon wearing a cool fedora eating a hotdog . . . . and absolutely nothing more for almost ten minutes . the other features a teen who spends the film videotaping the worldincluding a very unhappy couple .",0,1
"it's unlikely that anyone except those who adore silent films will appreciate any of the lyrical camerawork and busy but scratchy background score that accompanies this 1933 release . although sound came into general use in 1928 , there are no more than fifty words spoken to tell the story of a woman , unhappily married , who deserts her husband for a younger man after a romantic interlude in the woods . br br the most vividly photographed scene has the jealous husband giving a lift to the young man for a ride into town , proceeding to drive normally until he realizes the man is his wife's lover . in a frenzy of jealousy , he drives at top speed toward a railroad crossing but changes his mind at the last moment , losing his nerve . it's probably the most tensionfilled scene in the otherwise decidedly slowmoving and obviously contrived story . br br hedy lamarr is given the sort of closeup treatment lavished on marlene dietrich by her discoverer , but her beauty had not yet been refined by the cosmeticians as they were when she was transported to hollywood . her performance consists mostly of looking sad and morose while mourning the loss of her marriage with only brief glimpses of a smile when she finds her true love aribert mog , the handsome young stud who retrieves her clothes after a nude swim . br br the swimming scene is very brief , discreetly photographed , and not worth all the heat it apparently generated . the lovemaking scene , later on , is also artfully photographed with the sort of lyrical photography evident throughout most of the filmartfully so . more is left to the imagination with the use of symbolismand this is the sort of thing that has others proclaiming the film is some kind of lyrical masterpiece . br br not so . it's disappointing , primitively crude in its sound portions including the laborious symphonic music in the background and certainly miss lamarr is fortunate that louis b . mayer saw the film and on the basis of it , gave her a career in hollywood . he must have seen something in her work that i didn't . br br it's apparent that this was conceived as a silent film with the camera doing all the work . the jarring workers scene at the conclusion goes on for too long and is a jarring intrusion where none is needed . it fails to end the film on the proper note .",0,1
"honestly this short film sucks . the dummy used in the necro scene is pretty well made but still phony enough looking to ruin the viewing experience . the unearthed dvd is crisp and clear and i haven't made up my mind if this helps or hinders it . if the film was a little grainy it might have added some creepiness factor to what was going on . i have no idea why this film has so much hype surrounding it other than the subject matter but to be honest the necrophilia scenes in films like nekromantik and visitor q among others , are more shocking than in aftermath . all this talk about the film being about loneliness and all other manner of deep philosophy is bull . this is an expensive , beautifully filmed turd . it's not that shocking , it's not that disgusting . if you insist on viewing it rent it . i give it a 3 for the fact that not many people make explicit movies about necrophilia there should definitely be a bigger selection for us sickos ; the filming is good and it does have some gore if watching a rubbery looking doll get cut open is considered gore . . . but other than that absolutely nothing going for this overhyped mess . on the other hand genesis cerda's sequel to aftermath now available as a double feature released by unearthed films is an absolute masterpiece of a short film , really showing what a good director cerda really is when given the right material . although i don't care for aftermath at all , genesis is so well made that i will forgive cerda and definitely keep an eye out for him in the future . . .",0,1
"gold raiders 1951br br a dull westerncomedy feature with the three stooges including shemp howard at this point , who i've always enjoyed as the third stooge doing their usual schtick , and directed by the normally dependable edward bernds , who also did some of their funniest classic shorts so one has to wonder , just what went wrong this time ? the most probable answer is that what worked pretty good as a 15minute tworeeler comes up as too much for a 55minute feature film . unlike so many of their classic short subjects , gold raiders is not worth revisiting . br br 12 of",0,1
"although the director triedthe filming was made in tynisia and morocco , this attempt to transport the new testament in the screen failed . the script has serious inaccuracies and fantasies , while the duration is very long . but the most tragic is the protagonist chris sarandon , who doesn't seem to understand the demands of his role .",0,1
"back again in scotland , lassie is again on trial for her life . because the faithful dog sleeps on her master's grave , she must be put to death , according to law . oddly , it is also explained that lassie had no legal owner , which is , apparently , also against an old scottish law . if , after three days , no owner is located , dogs must be destroyed . edmund gwenn as john traill pleads lassie's case , which leads to an extended flashback , showing lassie's adoption by donald crisp as john jock gray . br br although it's based on an interesting , original story greyfriars bobby , challenge to lassie revisits several earlier lassie situations ; and , it does not improve upon them . comparatively speaking , this one is sloppy and unexciting ; and , it's a disappointing followup to the sun comes up 1949 . geraldine brooks as susan brown and several of the other performers may be charming , but can't elevate this one . little jimmy hawkins from it's a wonderful life is among the notable children supporting lassie ; much later , he will grow up to marry dark shadows' bewitching angelique lara parker .",0,1
"that's a weird , weird movie and doesn't deserve a better mark than david lynch's one ! the special effects are badly made , the actors are majorly bad actors and in this movie it's not about a race which is the minority of a planet and tries to fight against the dominators , but it seems to be a crazy movie , which pays homage to sect kind of organisations . that's surely not the will of frank herbert , the author of the six part epic ! check out david lynch's one , that's the perfect tribute to the novels !",0,1
"director j . s . cardone presents something a little scary and a little creepy , but nothing more . a widowed mother karen tunnylori heuringinherits a home in the pennsylvania mountains ; so she takes her two daughters and moves into the sprawling estate in what seems the middle of nowhere . but it is somewhere , somewhere ninety some odd years ago a tragic mining accident claimed the lives of numerous children who were forced to labor in the dark and dank . the area and especially the tunny estate seems to be haunted by the spirits of the tiny little wicked souls . the legend is the screaming children come out in the moonlight to seek their revenge ; and you better believe it . also in the cast ben cross , scout taylorcompton , chloe moretz , julie rogers and geoffrey lewis .",0,1
"i must admit , ashamed though i am , that as an impressionable young teenager this below par horrorchiller was one of my favourite all time films . nine years after first viewing stephen king's frightening story however i have now come to my senses , and am able to assess fritz kiersch's work more reasonably . br br indeed king's tale of a small nebraskan farming community that is turned upside down by a young demonic preacher boy and his sadistic sidekick is truly disturbing on paper , but it makes for a cheap , average horror show on celluloid . a lot of this outcome can be attributed to the fact that kiersch almost allows the beginning of the film to become a hackerslasher show , and then turns the finale into a hocuspocus special effects nightmare . br br the cast are reasonable , but they can only portray as much credibility as this rather incredible , over the top movie will allow them , and the soundtrack by jonathan elias is spookier than the pictures . br br a real shame that george goldsmith's screenplay turned stephen king's haunting short story into a shocking horror . isaac , malachai and all the other children of the corn aren't really all that scary . br br sunday , august 7 , 1994 video",0,1
"i was expecting a documentary covering the 1950 to 1965 era of scifi and received a big ol' commercial laced with leftist political innuendo by james cameron and movie mogul baby boomer's pushing the own works . 'watch the skies' has in the past referred to the 'giant bug' and 'space exploration' movies from the 1950's including such favorites as earth vs . the flying saucers , thing from another world and forbidden planet as well as them , deadly mantis and tarantula . there are lower budget examples that rarely get mentioned like space monster , 12 to the moon and cosmic man . br br this would have been a much better documentary had the few remaining actors , directors , stunt men and collectors plus the nonhollywood 'boomer's from the era been interviewed . i only wish there was a 0 rating available since a 1 is much to generous .",0,1
"i'm a boorman fan , but this is arguably his least successful film . comedy has never been his strong suit , and here his attempts at screwball farce are clumsily done . still , it's almost worth seeing for boorman's eye for talent this is one of uma thurman's first starring roles , and as always she is ravishing to watch . on a sad side note , boorman wrote the script with his daughter , telsche , who died a couple years ago .",0,1
"while this isn't an all time classic comedy it is a pretty good little movie to watch if you catch it on a rainy saturday morning with not a lot else going on right then . br br harold lloyd plays ezekiel cobb , an american coming home after growing up in china where his dad was a missionary . he has come home from china to find an american wife and plans to return to china to continue his father's work . cobb unwittingly is recruited to run for mayor of his corrupt home town when the existing political machine that controls the town realizes that he would make a perfect patsy to run against the current mayor who also is the head of the town's underworld . they figure the bumbling , stumbling cobb has no chance to win and therefore the current mayor continues to run the town and run his schemes which makes them all rich . br br lloyd isn't doing the physical comedy here like he did in his silent films . he does a convincing portrayal of cobb with a reserved understated dignity . the acting was good from all involved and the story and script were also quite good . br br being made in 1934 the film does have some rather racist language when talking about the chinese and it also has a typical black character from that era but these stereotypes aren't nearly as mean as i've seen from other films from that time . br br although not close to being lloyd's best film , this movie does entertain and lloyd is very good as cobb . you won't be blown away by this film but it may be enough to peak your interest in lloyd and make you want to see more of his work .",0,1
"yes , this bizarre feature was written by john sayles . shot in toronto , it's yet another '80s era feature about the dangers of the urban jungle , where the police fear to go and the homeless and the criminal classes are the only inhabitants . into this mix comes the myth of wild thing , a feral young man raised by a bag lady after his parents were murdered by a dirty cop on the take maury chaykin and chopper , the local crime lord robert davi . stir in the local dogooders priest sean hewitt and clueless social worker kathleen quinlan , and you have a recipe for some rather unexciting action sequences . davi is the standout amongst the cast , and cinematographer rene verzier does a pretty good job . otherwise this is a rather lumpen action pic that won't satisfy action fans and will leaves sayles' admirers slackjawed .",0,1
"let me start by saying how much i love the tv series . despite the tragic nature of a middleaged man seemingly unable to pursue his dreams because of his overbearing , manipulative father , it was incredibly lighthearted and fun to watch in practice . in my opinion , it is without doubt one of the greatest british sitcoms of all time . the tv series has my 10 out of 10 rating without reservation . br br this movie spinoff on the other hand is a true tragedy in every sense of the word . hardly any of the essence of the tv show is transferred successfully onto film . this movie has a very dreary , depressing tone that almost moved me to tears on several occasions . seeing harold being beaten up in a pub and not in a comical way is not my idea of comedy but is most definitely one reason why fans of the tv series will not like this movie . the movie was painfully unfunny except for the scene where albert bathes in the sink and is seen by a neighbour . br br the romance between harold and zita is completely out of tone and it makes me wonder whether the producers of this movie ever bothered to watch the tv series . in the tv series , harold always went after respectable girls , not strippers . br br albert's reactions to the remarks made against him by harold's girlfriends were absolutely priceless in the tv series . in the movie , albert says virtually nothing when such an opportunity rises . br br most movie spinoffs of british sitcoms tend to be quite dull , with the notable exception of the on the buses films which in some respects were actually better than the tv series itself ! . but , steptoe and son has to rank right at the very bottom of the pile , even below george and mildred . br br my advice skip this one and see the second spinoff , steptoe and son ride again instead . it has a much lighter tone , is more faithful to the tv series , and is actually very funny .",0,1
"this film captures the short moments between a mother and son in rural russia , as she lays dying . br br i am so torn between being nice to the film or declaring it a test of patience . on one hand , the film is beautiful , with the sparse dialog capturing the essence of their feelings . there is really nothing to say , because everything that needs to be said is conveyed beyond words . the son shows so much care , love and patience towards his mother , that i think it is a celebration of unconditional love towards one's family . it also cruelly reminds me that i could be in a situation like this , stuck in a joyless place , having to take care of a very ill person . mat i syn is cruel reality . br br on the other hand , mat i syn moves really too slowly . do i really need to watch a train passing by the horizon for over 1 minute ? with my previous experience of telets and aleksandra , i am so tempted to put mat i syn among them as a total bore . br br i guess one has to be in the right state of mind to appreciate this film . i surely see the beauty of it , but maybe i am not in the right state of mind .",0,1
"when i was 8 years old , and going through my marx brothers phase , my father read in the tv guide that they were showing the marx brothers film , the big store late on friday night , and set the vcr to tape it for me . when i woke up on saturday due no doubt to a misprint in the tv guide my father and i discovered the story of mankind had been recorded instead . br br the big store was probably one of the least funny of all the marx brothers movies and nevertheless it stands as one of the century's finest works of cinema when compared with the story of mankind . i can almost justify tv guide's error , in that the marx brothers groucho , chico , and harpo appear in both movies . although in the story of mankind , they are divided up into a series of unrelated scenes groucho plays peter minuit , chico plays some guy talking to christopher columbus , and harpo plays isaac newton ? ? ? ? ? harpo's scene lasts about half a minute ; chico only has two or three lines ; groucho's scene is at least funny , but horribly racially insensitive by today's standards . the rest of the movie doesn't bear mentioning . they trotted out some of the finest actors of the day , and made them recite total garbage . what a disappointment . br br tv guide , i sent you a nice letter , i'm still waiting for an apology . br br for the record the big store has a wonderful bit of physical comedy with the marx brothers on roller skates , and a couple of songs by virginia o'brien . i was really looking forward to seeing it .",0,1
"this film is about a gap that exists between the real world and the world of the dead . there's a lot of mumbojumbo about the internet i . e . , if you install a program on the computer , you see dead folksmuch like if you play a videotape you'll die in ringu . frankly , most of this seemed rather silly and lost me . what i did find interesting is the idea that the dead live within their own separate existencebeing totally alone for eternity . this was sobering and fascinating . br br i love japanese films and have seen a huge number compared to most americans . however , one genre that has become popular in recent years that i just can't relate to very well are these horror films . i know they are super popularespecially since they seem to be remade so often in the states . i've seen both ringu as well as the ring , juon and the grudge and was rather ambivalent despite their popularity . about the only recent horror film i really liked from japan was seancea reworking of the great british film , seance on a wet afternoon . and what , do i think , made seance different ? well , unlike the other films as well as kairo , gobs and gobs of money weren't spent on special effects or trying to scare the audienceinstead , the emphasis was on the story . the bottom line is that these other films are a lot like american films like halloween or friday 13thwith scary things jumping out just to scare the audience and plot is purely secondary at best . for me , i want storynot cheap thrills or ghosts as the primary focus of the film . br br with a relatively high rating , i know i am in the minority , but i just don't find this a very satisfying film . all too often , minor things occur that might startle someone slightlybut the characters begin screaming and crying and acting as if to say this is the scariest film ever made so you'd better start shaking . well , i think it just tries too hard and i wish it had focused more on the afterlife seen at the end of the film and plot progressionnot scare tactics .",0,1
"the prior comments are way to generous . this movie is a waste of electricity and plastic . on the other hand , i have had a great deal of fun giving it to friends to watch and describing it beforehand as beyond belief ! no words can express how i feel about this this movie will move you as expected , the friends took these nondescript comments as enthusiastic endorsements . they were wrong . the sadistic pleasure i had foisting this on people was well worth the 5 i paid for the movie . on the other hand , one former friend says i owe him 90 minutes of his life back . i particularly enjoyed the gun's eye view of parts of the movie . truly awesome in it's absurdity .",0,1
"i agree with the comments regarding the downward spin . the last view shows have been a little better , but surely the writers need some more direction . i think the characters are still interesting , although sometimes they spin into the white trash things a little too much . subtlety and nuance goes a long way on shows like office . i would think the target audience is somewhat similar being they are both on the same night and lineup . one would think that karma and the whole eastern religion thing is a big enough topic to bring some different and interesting shows , but they only scratch the surface of the subject . in my opinion it shows the contempt that many people have in hollywood about the level of intelligence of the masses . we can handle more heady content . it has been proved before in many other shows .",0,1
"this film with fine production values features secrets and how friends use each other . henry may long is a very wellacted , dimly lit , depressing turnofthecentury period piece about a friendship between a fatally ill man and a melancholy , indebted junkie . talky drawing room dramas are not my cup of tea , and all the crying wears thin . recommended if you like independent , slyly intellectual , slowpaced merchant ivorytype features . br br i suspected that the main characters were in love , but their connection was so intimated , it didn't really have the emotional impact of 'brokeback mountain . ' it features some good writing with a scene discussing how to disappear in life , but it is truly a dark and depressing film .",0,1
"dorothy provine does the opposite here she keeps growing and growing . i didn't detect any subtext , though . the incredible shrinking man and other movies of its ilk during the period were parables about radiation , nuclear war , and other horrors . provine's growth is the result of an inept computerrobot . br br and who operates this computer but lou costello ! i like some of his movies with bud abbott . but , though this is a pretty bad movie , he does fine without him . and gale green is an excellent foil . br br green plays the pompous town big shot . he is provine's father . he is intent on being elected mayor . so when his beloved daughter starts having issues , he dumps her . he doesn't exactly dump her but gives up his battle against her longtime admirer costello . br br this is pretty implausible costello is the local garbage collector . br br the special effects are minimal . and the subplot involving the military is lame in the extreme .",0,1
"as americans , we have come to expect crapiness as par for the course when it comes to horror and unknown directors directing unknown actors acting for unknown writers . we truly expect this to suck when they don't suck , it becomes an over night success . br br this is not an over night success , nor is it an over the weekend or over the month success . this blows from start to finish and my only recommendation is this go into this knowing it sucks , enjoy it for what it is , for what it isn't if you have something better to do , keep this on the back way back burner . it's entertaining in the way watching the elderly cross a busy street during rush hour , but don't expect muchthey almost never get hit by an actual car , its just a lot of hoopla .",0,1
"though the title includes the word zombies , this film is not what you'd expect from a movie made today , though for 1936 the concept is played out about as well as would probably be expected . dean jagger portrays armand louque , an officer in the french army of world war i , who has stumbled upon an ancient tale of soldiers turned into automatons , or zombies , who are impervious in battle and may hold the key to victory in the war , though on whose side is not certain . at first he has trouble convincing his superiors of this phenomenon , but eventually french general duval george cleveland orders a non military expedition into the ancient cambodian city of angkor to find the secret of the zombies and destroy it . br br the story is played out against the backdrop of a love triangle involving louque , duval's daughter claire dorothy stone , and clifford grayson robert noland , all a part of the expedition . when louque laments over his lack of forcefulness and resolve , grayson offers him advice to go after what he wants in life with all his power . that advice begins to transform louque , particularly after he's successful in obtaining a stone tablet resembling a photo from the ancient city . having followed a temple priest into a swamp , louque now appears to hold the secret he had been seeking , though it's not made clear how he has instantaneously been able to command the power of zombiefication . all it takes is placing his right fist to the forehead simulating a third eye , and casting his thoughts out to those he wishes to control . this comes in handy for winning back his girl , and taking grayson's early advice as he comments to his servant , buna , we're learning to be ruthless . br br fans of early b horror flicks will recognize the use of bela lugosi's signature eye stare , plucked from the 1932 film white zombie , also from director victor halperin . of the two movies , white zombie is preferably superior , both in story content and in it's depiction of the undead , where the zombies have a more sinister appearance and are more threatening . in revolt , the zombies are enemy soldiers with a glazed over look that merely react to their mentor's commands . in fact , the actual revolt of the title occurs only when louque releases the soldiers from his mental command in deference to his love for claire ; they overrun his compound and kill him in the process . br br not to be too harsh on the film , it plays out decently within the parameters of it's story outline , but if you're thinking zombies ! ! ! within the traditional context , you'll probably be disappointed . if you want to sample an early treatment of the subject , the aforementioned white zombie with bela lugosi is the way to go .",0,1
"a damsel in distress is definitely not one of fred astaire's better musicals . but even astaire's bad films always had some good moments . br br in damsel , astaire is jerry halliday , an american musical star who is in london on a personal appearance tour . he meets lady alice marshmorton 19yearold joan fontaine , a beautiful english heiress , who hops into the back of a cab he is taking to escape a mob of admirers . br br jerry believes that alice is being forced into a marriage by her rich aunt . he tries to rescue her from her family's country manor house , but soon discovers that the house staff is laying bets on which suitor lady alice will marry . keggs reginald gardiner the conniving butler , and albert harry watson , the bratty house boy , each take turns alternately helping and sabotaging lady alice's romance with jerry to make sure they win the bet . br br this musical has numerous problems . first , there is the plot , based on a novel by p . g . wodehouse who cowrote the screenplay . the story is slow , painful , and nervegrating . when fred is not dancing , we have to endure endless annoying scenes of a fred romancing joan fontaine or b keggs and albert conniving against them and each other . br br the butler and the house boy are especially irritating . they are onedimensional stock villain characters , the kind of guys you just want to punch in the mouth . you wish they would get off the screen and let fred dance . br br astaire suffers in the absence of his usual partner , ginger rogers . joan fontaine is a lackluster leading lady in this film , and is miscast in a musical . she has little going for her , characterwise , other than her lovely face and beautiful smile . br br george burns and gracie allen are along for the ride , as jerry's publicist and his ditzy secretary . the duo adds some sorely needed chemistry to the plot , and gracie has some funny lines , but she is also very annoying at times . br br the direction of the movie by george stevens is not well done . at times , the cinematography is horrible and offfocus . there are a number of outdoor scenes set on extremely foggy streets , to try to convince the audience that we are in london , not hollywood . they must have used tons of dry ice in this movie . on the plus side , the songs by george and ira gershwin are terrific , and have become classic song standards . and of course , the dancing in the movie is exceptional , thanks to astaire and his choreographer , hermes pan . br br but the musical and dance numbers are illused and illstaged . at times , the cast seems to start singing and dancing because , well , it's time for them to start singing and dancing . the musical numbers seem randomly inserted into the meandering plot . at one point , the butler steps outside the manor house and breaks into an operetta solo for no clear reason . the numbers include i'm dancing and i can't be bothered now fred dances well on a foggy trafficfilled london street . he does some great canetwirling with a rolled umbrella but the number ends too soon when fred jumps on a passing doubledecker bus . in the broadway musical , crazy for you , harry groener did a much better version of this number with a group of chorus girls . br br put me to the test fred , george , and gracie do a trio tap dance in an english cottage . george and gracie match fred step for step , but the number ends poorly with everyone kicking each other for no reason . br br stiff upper lip the fun house number at an amusement park fun house , fred , george , and gracie have fun dancing on the revolving floor , rotating barrel , and with the fun house mirrors . it's the best number of the movie , but it gets a little repetitious at times . br br things are looking up fred and joan fontaine do their one dance number together in the film , prancing around the back woods of the country manor estate . fortunately , it's a very simple dance number because joan is not a great dancer . br br a foggy day in london town fred wanders around the foggy manor estate at night , crooning about the foggy day when he first met joan in london . at times , he looks as if he's not sure which way he's going in the fog much like the musical number itself . br br nice work if you can get it a great song that is misused in the movie . during a social event at the manor house , fred gets drawn into a chorus of dourfaced singers who are haphazardly singing this song . each time fred joins in , the other singers look at him as if they wish he would leave . again , harry groener did a better dance number with this song in crazy for you . drum dance number as fred and joan are eloping , fred has to stop and do one final tap dance number while banging a group of drums . as usual , it's a great dance number . but there's absolutely no need for it , except to prolong the movie . br br the most contrived moment in the film comes when fred decides to leap off a high stone balcony at the country estate in order to prove his love for joan fontaine . as he leaps from the balcony , he finds a convenientlyplaced trapeze that's right , a trapeze hanging from a nearby tree . fred or rather , a stuntman in fred's clothes grabs the trapeze and swings to the ground from it . br br the movie is worth owning on dvd for the dance numbers alone , but you feel indebted to the guy who invented the fast forward button on your remote . the ff button allows you to skip through the other , boring scenes in the film to get to the dance numbers .",0,1
"following the world war ii japanese attack on u . s . forces at pearl harbor , the eastside kids leo gorcey as muggs , bobby jordan as danny connors , huntz hall as glimpy , david gorcey as peewee , ernest morrison as scruno , and bobby stone as skinny want to serve their country . but , both the u . s . army and navy reject them as too young . still wanting to knock off about a million japs , the boys attack an asian clerk , who turns out to be chinese . the unfortunate incident does , however , lead the gang to help uncover some really nasty japanese and german people . br br if too young is defined as under twentyone , only mr . jordan and mr . stone would be rejected for military service . but , it's possible recruiters were turned off by the office manners displayed by mr . gorcey and mr . hall . let's get tough ! was made during what the script accurately describes as open season on japs for this and other reasons , it hasn't aged well . it's a wasted effort , but the regulars performs ably , with tom brown moving the storyline along , as jordan's spy brother . br br let's get tough ! 52942 wallace fox leo gorcey , bobby jordan , tom brown",0,1
although the story is good and portrayals what i expected of sam elliot my dvd copy contained almost unbearable synchronization problems . the dialogue was almost 3 seconds behind the lip movement throughout the whole film . br br i would therefore be very careful in purchasing any dvd of the film without checking for the problem . br br i would also follow the recommended censors classifications particularly in relation to language and drug usage . br br this film could become a silent classic cop movie and with the above cautionary notes i can recommend it to prospective viewers,0,1
"lauren bacall and charles boyer do not provide the right chemistry here in this 1945 film . br br there is a good story here about the axis trying to obtain coal to use for the upcoming war . unfortunately , this part of the story is not emphasized . instead , we deal with a supposedly bungling boyer . by the way , bacall is as british as vladimir putin . br br the real acting kudos goes to veteran oscar winner katina paxinou . as was the case with her memorable pilar in the 1943 oscar winner , for whom the bell tolls , paxinou again plays a spanish revolutionary but this time she is a doublecrossing counterspy for the profranco group . she is quite a vicious character here ; especially , when she throws a 14 year old child out the window . she believed that boyer had given the child important material to hide .",0,1
"if you are a pauly shore fan , you will laugh your butt off . if not , this is a silly mess wasting some very good talent . a cute coedcarla guginofrom south dakota invites her california college dorm counselorshore home to share thanksgiving . notable cast members lane smith , cindy pickett , mason adams and the drop dead gorgeous tiffaniamber thiessen . watch where you step .",0,1
"the key scene in rodrigo garcia's nine lives comes when sissy spacek , hidden away in a hotel room where she is carrying on an affair with aiden quinn , find a nature documentary on television , at which point quinn notes the contrivance of such thingsdisparate footage is edited into one scene , predators and preys are thrown together in order to capture the momentall to force connections where none actually exist . characters in the nine shorts that make up this film occasionally spill over into each others stories , but none of them ever seem to really connect . a woman preparing for a violent confrontation with her abusive father is later seen working in a hospital room where another woman is preparing for a mastectomy . a man who runs into an old girlfriend in a supermarket and sees how his life should have been later hosts , with his current wife , a dinner party for an unhappy couple . garcia arranges some of his characters in front of each other , but none of the subsequent stories ever really build on what came before . br br garcia's first film , the wonderful , overlooked things you can tell just by looking at her , also had a shortstory structure and overlapping characters , but there were fewer of them and they had a lot more room to breathe and grow . the gimmicky premise of nine lives , that each of its nine stories is told in a single , unbroken take in real time , never allows the film to build up any real dramatic tension or momentum . it's also a fairly visually ugly movie . interior shots are often murky and hard to watch , while other scenesparticularly one where a girl walks back and forth between rooms to talk to her uncommunicative parentsare rendered annoying by the camerawork . given that this is garcia's third film and that he has a respectable history of directing for television , the direction in this film is rather surprisingly amateurish . like fellow filmmakerchildofagreatwriter rebecca miller , garcia son of gabriel garcia marquez is focused on the writing and character aspects of his films often to the detriment of the filmmaking ones . br br individual scenes are touching and even affecting . i did like jason issacs kissing robin wright penn's pregnant belly . and joe mantegna whispering lovingly to his wife as she slips into presurgery sedation . and sissy spacek stealing a few happy moments away from her life with aiden quinn before brought back to it with a phone call from her daughter . but the film unlike things you can tell just by looking at her feels more like an exercise than actual drama . we are just watching people act .",0,1
"oh , well , this movie starts off well . it's kinda funny and seems like it could be a fun movie . then it becomes a bit serious and goes off the rails . it sort of wants to be 'boogie nights' but it can't achieve it . if only it stayed with the tone of the first quarter of the film . . .",0,1
"the lady in cement is a veritable course on social anthropology of the late 60's . the writing , not the acting , is at center stage . did i say pure camp ! prepare to be offended if you are female or gay . broad and dame are standard terms and gay baiting and bashing are represented for what they were in the day camp wise . most of the lines are tossed off although there are wonderful performances by a very few outstanding character actors . the action scenes are mundane but it is fun to see dan blocker play a tough guy who likes bashing toughs . and lanie kazan and racquel welsh are at the voluptuous peak of their careers . amazing to note they were both 28 years old and mr . sinatra was 53 . the musical score , wait . . . was there a score ? well , you get the point . watch it with friends who want a good laugh . it's full of them .",0,1
"i watched this movie also , and altho it is very well done , i found it a heartbreaker and would not recommend this to women who have small children . . the terror on this mother's face when she sees her child about to be run over by a train is truly heartbreaking . and the sad thing isinternally she dies . eventually she goes back to the applacian mountains . all the money in the world which she makes from making dolls does not conceal the grief she has . i remember her desperate face as she pulls money out of her clothes to try to have her child healed . i'm surprised this movie takes place in detroit , because when i watched it i thought for sure the people had come to cincinnati , ohio . this also was a route for the poor from the mountains .",0,1
"robert wagner is the evil boss of digicron , a telecommunications company with a virus that kills people . br br 'so you're saying that the software virus has become a real virus that can kill people that may be medically possible but not possible from my system' br br 'i'm having to write some new virus software of my own to trap it it may take some time'br br 'but it's not going after software , it's killing people'br br watch out for the 'i'm into virology' love moment and perhaps first ever film plot to feature death by braille keyboard",0,1
"ashley judd , in an early role and i think her first starring role , shows her reallife rebellious nature in this slowmoving feminist soap opera . wow , is this a vehicle for political correctness and extreme liberalism or what ? br br being a staunch feminist in real life , she must have cherished this script . no wonder left wing critic roger ebert loved this movie ; it's right up his political alley , too . br br unlike the reviewers here , i am glad judd elevated herself from this moronic fluff to better roles in movies that entertained , not preached the heavyhanded liberal agenda .",0,1
"when i finally had the opportunity to watch zombie 3zombie flesheaters 2 in europeon an import region 2 japanese dvd , i was blown away by just how entertaining this zombie epic is . the transfer is just about immaculate , as good as it's ever going to look unless anchor bay gets a hold of it . the gore truly stands out like it should and you can really appreciate the excellent makeup and gore fx . the sound is also terrific . it's only 2 channel dolby but if you have a receiver with dolby prologic 2 , you can really appreciate the cheesy musicactually a very good score , and the effective although cheap sound effects . it never sounded so good , and the excellent transfer adds to the overall enjoyment . br br i never realized just how much blood flows in this film , it's extremely brutal with exploding head shots , exploding puss filled mega pimples , a cleaver to a zombies throat , a woman's burned off extremitieshow come it did'nt burn the guy also , intestinal munching , zombie babies and so much more i lost track . br br this is no doubt for hardcore zombie action fans , especially of the italian kind . there is some excellent set pieces and cinematography to be found , i think people don't give it enough credit , if you see a clean print , and not some horrendous pirate copy , it's a whole other experience entirely . br br this film never lets up for a second , and i realize it's inconsistent plotwise , the dubbing is horrible , the acting is stiff , and it's sense of irreverence is celebrated in grand fashion , but that's part of it's charm . br br to me this is one of the best horror films ever made , you can't make a film this bad , so good , on purpose . it's accidental genius of the highest order . if they played it for laughs it would have been a disaster , but they played it straight as an arrow and the result is a terrific cult classic that thumbs it's nose at any and all traditional moviemaking standards . br br tons of action sequences , exotic locales , excellent set design , good , sometimes great cinematography , wonderfully cheesy acting , and inconsistent but still interesting plot , great makeup effects , beautiful women who can kick butt , excellent music , and sometimes hilarious , sometimes creepy , but always entertaining zombies . how can you go wrong with this film , it has it all , a cult classic that stands the test of time .",0,1
"this movie is told through the eyes of a young teacher at a catholic school , watching as the rawandan genocide unfurls around him . br br the movie starts off with a brief explanation about the past history and rivalry of rawanda . then it jumps to the story as told through the eyes of a young idealistic newcomer a young teacher who doesn't take life or the situation too seriously . as he and the driver approach a roadblock he plays around with his drivers i . d . not realizing that this is a serious moment and that if the driver can't identify himself as being of the right tribe to the soldiers they'll be killed . and thats how he treats the unfolding story of chaos and unfolding around him . suddenly realizes that every rawandan including his driver is involved and that the europeans soldiers and tourists cannot and will not help . the media cameras cannot stop machete's , and there's too many machete wielding militiamen too shoot . the title comes from the armies captain saying he's going to shoot the dogs eating the deadbodies around his compound , but won't shoot the militiamen that are killing people around the compound . mainly because they haven't fired at the soldiers yet . finally he realizes the hopelessness of the situation and the guy who tells the evacuation team that he wants to give up his seat for one of the intended victims , flees with his tail inbetween his legs , rather than face immanent death with the school kids he's promised not to leave behind . br br it's more of character study , and a come to jesus moment for one character , than a story about the genocide in rawanda . this movie didn't have to take place in rawanda , it could have taken place any one of the genocidal hell holes going around this world at any given time .",0,1
"it is a movie which sheds the light on the begging of the palestinian struggle against the israeli occupation of palestine but it does not show the real feelings of the people back then and how they were tricked into believing that they could return to their home soon , it does not mention the massacres committed by the jews like der yassine and how they tortured and killed and destroyed the family of any palestinian freedom fighter it lacks the credibility about the real palestinian struggle and about anything palestinian , however it has something about the suffering of palestinian citizens ending up as refugees in the nearby arab countries , the movie focuses on the story of the man in coma he is now in the present time and through his story we see the film . the movie is just telling the life of one person and has some nudity scenes which are irrelevant to the story .",0,1
"team spirit is maybe made by the best intentions , but it misses the warmth of all stars 1997 by jean van de velde . most scenes are identic , just not that funny and not that well done . the actors repeat the same lines as in all stars but without much feeling .",0,1
"cast to die for in a movie that is considerably less . vanessa redgrave is dying but before she goes she begins to tell her daughters the story of her life and of her secret love . . . br br this is one of those movies which has the look and expectations of being a great film simply because they have so many great actors and actresses in it so it seems to be about something other than the potboiler that it really is . not bad as such but with redgrave , toni collette , glenn close , meryl streep , clare danes , natasha richardson , eileen atkins , patrick wilson , hugh darcy and others all giving fine performances you expect more than a weepy story thats a bit more than a harlequin romance . br br wait for cable .",0,1
"congratulations to christina ricci for making this movie and putting her mojo behind this important subject and trying to make a great film . ricci is my favorite actress she is so gifted , so natural , her reactions are perfect and so is the energy she constantly radiates , which gives credence to the often misapplied term star . br br the film misses its mark for lots of various reasons , but perhaps most notably for the story's seeming unadaptability to the screen in making it a compelling narrative . . . more on that later . the cast at first glance is excellent , but come to think of it , jessica lang as the jewish mother is too protestant and not exactly right , ann hetch doesn't come close to showing the compassion and dedication of the psychiatrist from the book , and when your making a movie , how can you justify saying no to anne heche and jessica lange ? but the real problems are in the film's construction first in the failure to elicit any kind of lasting sympathy for the elizabeth wurtzle character , and second to say anything meaningful regarding the all too common and horrible situation that this poor girl finds herself in . br br unfortunately do to the flashback construction , lizzy merely comes off as certainly more affected teenager than most , but not nearly as devastatingly ill as she comes off in the book . this is a major problem . this story had to be told from beginning to end and from the therapist's couch . she is only eight or nine when her depression starts due to devastating social factors , both society and the home , and this is a crucial point in not only eliciting the proper sympathy for her but also of the gravitas of her case . she is so talented , and such a vulnerable and disaffected spirit so early on , that one's heart can't help but reach out to her due to her victimization . this is missed on the film . br br ultimately one has to come to terms with what the film is trying to say it is a biopic of one severely affected girl , but also it is a film about a nation who can't get its act together ; that is very clear in the book but interestingly not in the film where the chosen at harvard are even more messed up than the average college enrollee . the film finally isn't able to get either of these messages across compellingly , and that's too bad . is prozac a good thing or is it a bad thing , or a mixed blessing or a seeming necessity in a country in which so many people can't function without a chemical crutch ? these are tough and challenging concepts to work with and the writing does not really attempt to address any of them in a more or less engaging way . the challenger disaster is an interesting image to symbolize a dysfunctional america , but that doesn't have the effect it's suppose to have due to the crosscutting and insufficient earlier development of controlling themes . br br ricci's performance is tight and heartfelt , and one of the best of her acting career . br br michele williams is also superb in her role .",0,1
"it is very possible that i simply didn't give the movie a fair enough chance because it was so immediately unappealing to me something similar happened with triplets of belleville , but i really should have caught on when i put the film on and my roommate , an exchange student from japan , immediately started laughing at the movie , saying that it sounded dumb . now , i don't agree that it is dumb , the animation is very simple but clearly very skilled . it's like classic animation with added layers that add another element of realism to them while remaining strictly in the realm of the surreal at the same time . br br but the subject matter is entirely unappealing to me . it has an interesting message about stinginess and greed , but it is wrapped in such an unpleasant package that it is almost not worth learning , especially because you already knew it anyway . the sound effects while the man is loudly gobbling cherries and cherry pits , for example , are indeed repulsive . br br there was a clever scene of animation as we kept diving endlessly into the hole that the man finds in his head when he pulls the sapling out of his scalp , but it goes on for so long that it seems to overshadow everything else . there is so much stock put into that one sequence that it is almost like the whole movie is about it . br br as i said about triplets of belleville , this would have been a great thing for a late night tv program like adult swim , or its japanese counterpart , but an academy award nominated film ? it gives me the impression that there is not generally a long list of animated short films for the academy to choose from .",0,1
"i don't know how to describe this movie . it's definitely one of the weirdest movies i've seen in a long time . it is very unsettling at times but also boring in other places . the scenes of dental torture are very elaborate and may attract anyone who's into gore splatter . i found myself holding my teeth during some of the aforementioned scenes . the clever thing about the movie is that it plays with our fears and the dentist is therefore quite unsettling . br br the humor of the film is somehow hidden and may not be recognized by everyone . but if you're a fan of weird and strange entertainment and teeth getting drilled to dust this is just the film you were looking for . br br if you read the comment and feel somehow attracted by this kind of entertainment , give it a try ! br br my rating 410 maybe a little too weird for my taste",0,1
"i've read all the comments on this film . i am a great admirerbr br of the dalai lama . as such , i read the book upon which thisbr br film was based . the movie is an ugly and demeaning fictionalization of the truth . i do not criticize it forbr br altering small details or events for dramatic purposes ; it isbr br not a documentary . but the script changes the impact , reaction , br br realities , and changes in every main character . it vastly altersbr br the real relationship between harrar and the young dalai lama . br br from the ridiculous rivalry for a tibetan woman which demeansbr br the culture of tibet to harra's music box gift , to harrar'sbr br change of heart , everything about this movie is false exceptbr br for the amazing photography . i understand that the shots of thebr br potala the palace were smuggled out of tibet . however , br br changing a real story about the relationship between two people , br br one of them very important to this world , in order to build up abr br movie star is sad",0,1
"i just finished watching el otro . i have always taken my hat off to julio chavez's performances , as he is a great actor , but this movie is really depressing and slow . i guess that it would have been even worse if it wasn't for julio . anyways , this is definitely a film that you will never understand if you are not from argentina , and even if you are , i would advise you not to rent this movie in order to have a nice time with your girlfriend , boyfriend , family or friends . . . it is really depressing and incredibly slow , and the plot does not make a lot of sense neither . probably the director wanted to show the fragility of the human life , but what he does is bore and impress the audience with scenes that shock you a little bit . it gives you something to think about , but not in a good way . overall , i definitely didn't like this movie .",0,1
"changi is an australian comedydrama set in the world war 2 japanese prisoner of war camp of that name . the story cuts between past events , and the present day , when the aged veterans plan a reunion . this is a much publicised and controversial miniseries , here in australia . the budget ran over 6 . 5 million aust . dollars ; historians and veterans criticised it's authenticity ; and critics pilloried the uneasy mix of comedy and drama shades of pearl harbor . series writer john doyle half of the successful roy h . g . comedy team , has tried to defend himself with comments about the characters are composites of actual people ; the troops used comedy to cope with the situation ; it's only based on actual events ; one of our actors was actually there etc . i don't have a problem with any of these points . many superb fictional and factual dramas have come out of the japanese p . o . w . camp experience king rat , tenko , merry christmas mr . lawrence , bridge on the river kwai , paradise road , empire of the sun , blood oath , and a town like alice . black comedy has often been used successfully in p . o . w dramas life is beautiful , the great escape , seven beauties , stalag 17 , the colditz story , and even hogan's heroes . so why is changi a monumental failure ? the acting in changi is uniformly excellent , the music and cinematography is good it is the writing and direction that have let it down . every scene seemed to give me waves of deja vu . when anthony hayes is made to stand in the blazing sun , i thought didn't i see alec guinness do this in bridge on the river kwai ? . the sudden flashes into surreal song dance brought back dennis potter's singing detective , but without the finesse . this borrowing happened so often , it smacked of lazy writing by cut and paste , rather than homage . the constant intercutting between the past and present stories left me unable to concentrate on either . flash forward and flash back can be a useful tool here it left me distanced from characters , where intensity was called for . the ausiness is overdone every conversation seemed to include stone the bloody crows such , that i was saying i get the point , i know they're aussies . cultural stereotyping extended to the british and japanese too sadistic young japanese officer ; uptight british officer ; wiser japanese commandant ; funloving , rascally aussies etc . i thought i was watching hogan's heroes on the river kwai . after 3 episodes i'm tuning out .",0,1
"i can't believe this is on dvd . even less it was available at my local video store . br br some argue this is a good movie if you take in consideration it had only a 4000 budget . i find this funny . i would find it very bad whichever the budget . br br still more funny , i read the following in another review dramatics aside , if you love horror and you love something along the lines of duel 1971 updated with a little more story and some pretty girls thrown in , you'll love this movie . br br what ? ! ? this is a shame comparing those two movies . br br i give a 1 , since i can't give a 0 . i just don't see any way this movie could be entertaining .",0,1
"diana muldaur appears on star trek for the second time , but this time as a different character . no one on board seems to noticemaybe it was the hair . regardless , this time she is not the receptacle for a god see the previous episode but is a very famous lady with magical powers that enable her to communicate and see a medusan without going crazy the standard human response . unfortunately , the man that is most in love with her is a few cards short of a full deck and he tries to kill the medusan ambassador who , oddly , lives in a small cratethis is a lousy way to travel . and , unfortunately , muldayr isn't wound all that well herself . what happens next is kind of dumb and by the time the episode was over the first time i saw it , i was pretty relieved . watching all the men on board go gaga over muldaur was pretty silly and the acting of spock when he briefly went crazy was pretty campy . do yourself a favorif you haven't seen the show before , pick a different episode .",0,1
"miscasting happens . susannah yorke is a luminous young jane eyre , and her performance is impeccable . however , edward rochester is supposed to be 35 . whitehaired george c . scott looks and behaves like an arthritic 80 . jane's deceased uncle is in better shape ! he creaks and snarls , obnoxious and grim . he looks like an axmurderer who has sent his ax out to be sharpened ; we're not surprised he keeps a wife caged in the attic ! the great love story looks like a sadomasochistic nightmare . there is enough darkness in the novel , but bronte's rochester is relatively young , athletic , powerful , and charming when he chooses to be . he has a fine speaking and singing voice , a good mind , and a conscience that he unsuccessfully attempts to stifle .",0,1
"anthony perkins and sophia loren are absolutely gorgeous in this ca . 1840 western . that alone , however doesn't help a ridiculous story , with countless historically incorrect elements . br br byrl ives is convincing as the 70something tyrannical patriarch , an egomaniac who swears to see his 100th birthday . his wild dancing at a party he gives for his neighbors will make anyone take notice this guy is sevety six ? . always mumbling bible verses , he demands respect , while driving sons and friends away with his selfrighteous rantings and emotional cruelties . br br the love affair between perkins and loren at first appears absurd , but becomes believable near the end . there is plenty of drama , but not enough to feel good about . clearly written for the stage , this story was dated even when it was filmed . perkins whistles my bonnie in the 1840s , although the song wasn't composed until 1882 . br br critics knocking sophia lorens command of the english language are rather petty . i found her english flawless and completely audible . as a neapolitan , loren speaks a distinct dialect that often had to be dubbed into proper italian . her accent , however , hardly affects how she speaks english . as a first generation german american , i can appreciate the efforts of those who learn english as a second , or even third or fourth language . br br desire under the elms is a drama or even a tragedy in the classic sense . for my enjoyment is was missing a logical story and an overall pay off for the time invested . fans of the stars won't want to miss it , others , however , tune in at your own risk !",0,1
"there seems to be a spectrum of cinema . on the left , there are movies made mostly for entertainment andor commercial purposes . in the middle , there are movies that are both entertaining and artistic . on the right are movies that are not as commercial , but are focused more on cinema as art than cinema as product . br br i'm not here to say any one part of the spectrum is better than any other , but that when a movie goes too far to either end , it's rarely good . such is the case with naqoyqatsi . br br i had no idea what to expect when i saw it advertised . a few friends were going and asked if i wanted to come along . none of us knew what to expect , and by the end , none of us were pleased . br br yes , there are breathtaking images . yes , i'm amazed at the lengths the filmmakers went to in searching through archival footage . yes , the soundtrack is enjoyable to listen to , and probably the best part of the experience . the thing is , this goes so far to the right side of the spectrum i mentioned that i can't say anything nice about the movie as a whole . br br it's preachy . it's a jumble of symbolism and obvious morality . it's not saying anything new or forcing the viewer to examine life in a new way . it's just telling us things we already know that is , if we can even figure out what it's saying . br br this movie is simply art for art's sake . an attempt to say look at how deep and thoughtprovoking we can be by using montage ! when a film becomes more about how clever or intelligent its creators are than about its subject , it ceases to be a film and simply becomes celluloid selfgratification .",0,1
"a man in blackface lands in a spaceship and meets a girl who lives in some sort of shack with a monkey . he hooks her up with a telephone , and she teaches him how to charleston . then they fly off in the spaceship , leaving the monkey behind . cringeinducing blackface aside , this short film makes no sense . i think that's the plot , but i'm not sure by a long shot . you can't tell that this is renoir at work , despite his characteristic humanism . good use of slowmotion , though . can be found on the ny film annex's series of experimental film videos , no . 18 , i believe .",0,1
"mann photographs the alberta rocky mountains in a superb fashion , and jimmy stewart and walter brennan give enjoyable performances as they always seem to do . br br but come on hollywood a mountie telling the people of dawson city , yukon to elect themselves a marshal yes a marshal ! and to enforce the law themselves , then gunfighters battling it out on the streets for control of the town ? br br nothing even remotely resembling that happened on the canadian side of the border during the klondike gold rush . mr . mann and company appear to have mistaken dawson city for deadwood , the canadian north for the american wild west . br br canadian viewers be prepared for a reefer madness type of enjoyable howl with this ludicrous plot , or , to shake your head in disgust .",0,1
"spoilers ahead ! this same exact plot from this movie has been done before . it has been done in ferris bueller's day off ! marques bat man houston plays sick . his gullible parents believe him . his sister knows that he's faking , but she still must go to school ! she is mad . he has a party with his friends while his parents are away . by the time his parents get home , he is sick again and his parents never found out about the party . i like immature better when they were in house party 3 and still immature !",0,1
"shintar katsu gained tons of fame playing the wonderful character , zatoichi . the zatoichi films had a weird and unbelievable concepta blind guy is the greatest swordsman in japan and spends each movie righting wrongs and exacting retribution on evil doers . he's a heck of a nice guy and the films are exciting and addictive i've actually seen every movie . it is because of this i saw this final installment of the hanzo the razor series , as i assumed it would be very similar . . . . and boy was i wrong ! it turns out that the hanzo films are extremely sexual in nature and they also promote the rape of women who deserve it . you see , hanzo is a policeman from the meiji period and he regularly takes evil women into custody and interrogates them by violently raping them with his penis of steel . how he made his member so strong is something you have to see to believe , but it certainly is not for the squeamish . br br overall , i just can't recommend anyone sees these violent and misogynistic films . however , from looking at the other reviews , i can see that they are still very popular . . . and that is pretty scary . despite some decent acting and amazing fight scenes , the films just are like brain pollutionand i'd hate to imagine how the films might have contributed to violence towards women .",0,1
"when i attended college in the early 70s , it was a simpler time . except for a brief occurrence in 1994 , i've been totally free of the influence of illegal substances ever since and i've never regretted it . . . until now . dbtbte has got to be , handsdown , the best movie to watch when stoned . the odd , dreamlike state it creates is very strange when you're not smoking anything , but i'm sure that it would seem completely normal after a big doobie . not that i'm recommending this , you understand . the soothing narration , provided , as it usually is in quality cinema , by a tb victim trapped in a painting , would be ideal to help the stoned viewer to follow along as things get complicated . plus , everything in the film is pretty organic . . . from oldfashioned natural breasts to the bucket of fried chicken . br br now , there's also no question that the young man with the ahem hand problem is absolutely sailing away in the film . at one point , you just know that he's going to say , hey ! when i move my hand , it leaves trails ! ! trust me . . . you'll know when you get to that point . br br the only other thing we have to address is this how good can a film be when at least half the budget was spent on moving a huge bed frame around for interior and exterior shots ? br br definitely a mustsee for horror aficionados , but suitable for the general audiences under the right conditions if you know what i mean , and i think that you do . it only earns four stars because i can't actually say that it took any talent to make .",0,1
"watching truth about love is this a double entendre about the star ? is like plugging in white noise or manufactured water sounds to help you sleep you put it in the dvd slot because there is nothing else left on the store shelves and you are in need of distraction after a hectic day . and it works for that for that purpose being a british romantic comedy it is a bit more . br br the story is a rather simple one about a wife alice jennifer love hewitt married to an increasingly distant husband sam jimi mistry who has put their love life on hold due to the burdens of his busy law practice . his partner archie dougray scott is fond of both sam and alice , but has a longtime attraction to alice that goes beyond friendship . alice pals with her sister felicity kate miles , a free love advocate , who encourages alice to have affairs . on valentine's day , after a drinking binge with her sister , alice mails a card to sam signed 'anonymous' as a test to see if sam responds , testing his fidelity . at the same time archie mails a radish seed packet to alice on which he has inscribed a suggestive love not . both have ex post facto regrets . sam in fact is spending time with a lover katya branka katic and is indeed cheating on alice . alice arranges assignations with sam via email and phone calls and plans to meet sam in disguise as 'anonymous' to test his fidelity . the entire cast of characters gets caught up in the silly charade and the ending proves that real love must be based on truth and how that results in the various pairings is the surprise of sorts of the fluffy script . br br british comedies work because of the quality of writing and the tight quality of acting . perhaps had director john hay elected to cast a british actress as alice instead of pasting a phony accent on jennifer love hewitt the result may have been improved . but in the end this story by peter bloore bounces between mildly humorous and pathetic in its messages . one terrible distraction is a musical score that is consistently so loud that it covers all the dialogue and is intrusive . there are some nice scenes of london and a few moments of passable humor , but in the end this little film is truly best utilized as background musicwhite noise . grady harp",0,1
"a chilling and gory tale of a couple inheriting a 150 room italian castle while still grieving the loss of their young son . the couples marriage seems to be on the rocks due to the car accident that took the life of their son and left their daughter blind . upon taking inventory of the castle for a future sale a hideous , tortured and misshapen creature breaks lose from the bowels of the 12th century castle . pretty gory with great horror atmosphere and some sexual overtones . starring jeffrey combs , barbara crampton , jessica dollarhide and elisabeth kaza .",0,1
"i first saw this movie on mst3k . and although i laughed my posterior off at the jokes , i don't particularly think this movie was all that bad . sure it was a little hard to understand it is quite obviously low budget , but it had a very hitchcocklike plot and i can honestly say that when i viewed the nonmst3k version , i was genuinely entertained . this movie is crying out for a hollywood remake .",0,1
this is one of those so bad it is good films that you always hear about but never see ! unlike troma films which are deliberately bad and campy and i am not amused this one is 100 pure serious . br br however with features such as a supposedly superlethal killer robot that prances about like one of the solid gold dancers on an acid trip and a magical first mate that calls down lightning and transforms into the good witch of the east the fact that it takes itself seriously pushes it so far over the edge of bad that makes it full circle around back to entertaining . br br watcheable enough because of that .,0,1
"i have recently gone to the movie theatres to see the new 2007 version of bridge to teribithia . after , i went to the library to rent the older version to see it again without paying again . i must say that i was extremely disappointed ! i found the older version to have horrible acting as well as corny lines including jessie saying , i know daddy , but i hurt so much inside after leslie dies . it was quite horribly done and the casting was not much better in my opinion . i watched in amazement all the while saying no wonder they remade it . the story is great but trust me spend the money and see the new version , if you just see the old one you may never experience the true magic of teribithia .",0,1
"when i first watch this series , the impression i got was that the characters were charming and funny , lorelai and rory in particular were witty and intelligent conversationalist albeit a bit too talkative . after watching it for some time , however , my opinion changed . br br the main characters slowly revealed themselves to be selfcentered selfobsessed narcissists , who treated tiny wounds to their pride as the worst insults in their existence . for example , rory wouldn't speak to her mother for months when lorelai didn't consult her on her impulsive marriage , while lorelai dumped luke for simply wanting a little time to adjust to his new life circumstances . these people are shallow , see themselves as the center of the universe where everyone else should behave exactly according to how their own rigid rules , and if they don't , they will hold grudges against them for an eternity . they don't want to see other people's problems and treat the smallest slight as the gravest offence . most of the characters appear to lack the ability to behave in a grownup way . they think they should do whatever that they wanted and everyone else be damned . br br the series is characterbased , so when the main characters became so unlikeable the show also became impossible to watch . i still have the rest of the series , but i doubt if i will ever finish watching them . i will also hold anyone who think highly of the show and its awful characters with the greatest suspicion they must just as horrid as lorelai et al .",0,1
may contain spoilers sadly lou costellos' last film has the distinction of being slightly better than abbott costello's last movie together dance with me henry . this movie isn't all in all outright terrible it is an amusing career misfire . dorothy provine is nice to look at and makes the movie somewhat bearable . you can't blame lou costello for this because a major studio released it which meant somebody had to give it the green light . in my opinion lou costello was getting over problems of his own losing his son a few years earlier and the unwarranted attacks from the irs . if you look at the last 34 abbott costello movies you can notice the magic was gone . check out dance with me henry now that's a painful movie to watch .,0,1
"it's like hard to like describe just how like exciting it is like to make a relationship like drama like with all the like pornographic scenes thrown like in for like good measure like , and to stir up like contro like versy and make us more like money and like stuff . ellen , the lost quote . br br kissing , like , on the , like , mouth and stuff is like the best like artistic endeavor like ever made . watching like ellen's hairy arms and like chris masturbating was like the height of my yearslong movieviewing experience and stuff . but before i like begin like breaking new u . s . 20somethingairhead records with the my likes , let me like just briefly list like the high like lights of this visual like feast br br 1 . chris doing the deed with his genitals . and not just that the way the camera guided so elegantly by ellen and patrick rewards the viewer with a fullscreen shot of chris's fat whitetrash stomach after he finishes the uncatholic deed that was truly thrilling . i can in all honesty say that i've never seen such grace . chris , you should do more such scenes in your next movies , because that is exactly what we needed as a continuation of what that brilliant , brilliant man , lars von trier and his idiots 95 , started . a quick w and then a hairy , fat , white belly what more can any moviegoer ask for ? ! needless to say , i can sit all day and watch chris ejaculate in spite of the fact that i'm straight . . . such poetry in motion . such elegance , such style . no less than total , divine inspiration went into filming that sequence plus a solid amount of zen philosophy . even barbra streisand could not get any more spiritual than this . br br 2 . ellen's hairy , thick arms . the wobblycamera closeups , so skillfully photographed by our two directors of photography i can't emphasize this enough , ellen and patrick , often caused confusion regarding the proper identification of the sex in question . there were several scenes when we would see a part of a body a leg , arm or foot , yet it was often a guessing game does that bodypart belong to a man or a woman ? naturally , chris and his fellow artists , ellen , patrick and whatsername , cast themselves on purpose , because their bodies were ideal for creating this genderbased confusion . it was at times hard to guess whether one is seeing a female or male leg . patrick is so very thin and effeminate in his movements , so hairless and pristine , whereas ellen and the other girl are so very butch , what with their thick legs and arms . brilliant . br br 3 . brilliant especially the way that neatly ties in with the theme of role reversal between the sexes so utterly original and mindblowing . ellen behaves like a man , wants sex all the time , while her ex patrick wants to talk like a girl . spiffing . br br 4 . ellen's search for a leftist mate . he must love 'the simpsons' , which is quite leftist . i am glad that the makers of this movie decided to break the long tradition of offering us intelligent leftists . ellen is such a refreshing and realistic change . the number of likes that she and her liberal friends manage to utter in less than 80 minutes is truly phenomenal 3 , 849 , to be exact . they have managed to realistically transfer their reallife ineptness onto the big screen with a minimum of effort , and i applaud them for that . br br 5 . the closeups of toes . plenty of stuff here for footfetishists , which i think is a very liberal , highly commendable way of reaching out to sexual minorities . after all , shoe and foot fetishists are offered so little in modern cinema , so it's nice to see that someone out there cares . br br kotm , or rather , klotlmas , offers more than meets the eye . it is not just a modest little film about shallow people engaging in hollow relationships while indulging in meaningless conversations . no , it's much more than that . it's about the light that guides all silly creatures ; the guiding light that dominates the futile lives of various pseudoartistic wannabes who just dropped out of film school , and plan to assault our senses with dimwitted drivel that will hopefully play well at pretentious festivals like sundance and cannes , enabling them to gain the necessary exposure hence some real cash for a change , with which they will later hire the likes of sean penn and george clooney in promoting the saving of this planet and the resolving of all political problems this world faces . what better way to do that than by making porn at the very start ? br br if chris and ellen did the camera here , as is clearly stated in the endcredits , then who held the camera while the two of them were in front of it ? they probably hired some passersby and shoved the camera into their hands . . . br br go to httprateyourmusic . comfedor8 , and check out my tv cinema 150 worst cases of nepotism list .",0,1
"fine performances and art direction do not a good movie make . this movie is so grim and depressing , i could feel absolutely no joy at the happy ending involving the union strike . the attempts at humor involving lake's pregnancy are absolutely disastrous , and any movie involving a baldwin brother already has a strike against it . on a positive note , lang is still one of america's great underrated actors , he alone almost makes this worth keeping in the vcr . i give this a 4 .",0,1
"well , it is standard hollywood schmaltz that you can see coming a mile off . it's enjoyable in parts but just oh so predictable . i must confess i did not really enjoy it , but i am pretty tough to please and a lot of my friends loved it . br br it is quite sweet , and the actors give good performances . it's a nice backdrop and the eye candy is pretty good . but the irritatingly predictable , unoriginal and really quite dull storyline holds the film back . personally , i can think of better ways to spend a couple of hours of my life . br br the chick flick genre gets some bad press but there are some genuinely good chick flicks out there ; this isn't one of them .",0,1
"the story of the bride fair is an amusing and engaging one , and it is to the filmmaker's credit that he sets out to portray rural minnesotans with the same respect ordinarily reserved for coastdwellers . it is weird , though , to find an independent movie , the brainchild of a single person , that is as unambitious and clichridden as a committeebrewed hollywood potboiler . br br the portrait of rural people is intended to be affectionate , i think , but these characters don't ring true to mei have had quite a few meals in smalltown diners , but never overheard a debate on the merits of different nineteenthcentury english novelists . one might suggest that writerdirector semans has no more experience with rural culture than the coen brothers , and considerably less satiric verve .",0,1
"this film stinks more than limburger cheese ! if you find this at a garage sale , leave it there ! i love sandra bullock and yet hate this movie . . . although ashamed , i do own a copy , and the studio has changed the cover to play on the fact that sandra bullock is in this at all . they play it up to be a sandra bullock movie . she only has a small part in the whole movie and she does her best with that , but she is young and had not learned her talent yet . well everyone has to start somewhere . . .",0,1
"no one is going to mistake the squall for a good movie , but it sure is a memorable one . once you've taken in myrna loy's performance as nubi the hotblooded gypsy girl you're not likely to forget the experience . when this film was made the exotically beautiful miss loy was still being cast as foreign vixens , often asian and usually sinister . she's certainly an eyeful here . it appears that her skin was darkened and her hair was curled . in most scenes she's barefoot and wearing little more than a skirt and a loosefitting peasant blouse , while in one scene she wears nothing but a patterned towel . i suppose i'm focusing on miss loy's appearance because she is by far the best if not the only reason to tune in to this creaky antique and to keep watching . you sure won't be attracted by the dialogue , which is hopeless . in one typical passage , nubi gazes out the window at the departing caravan and waxes poetic always the gypsies , they sing . weird and sad . when the big sun have breath of fire that burn , and when the pale moon look from behind cloud and breathe air cold as death , they sing . poetic , or what ? lovers of purple prose will have a field day . i can't help but wonder , though , if in her later years miss loy preferred not to recall her involvement with this project . br br like so many early talkies this one was an adaptation of a recent broadway success . the stage version opened at the 48th street theatre in november of 1926 and ran for over a year . the play provoked a famous episode involving the humorist and theater critic robert benchley , who was known to have an aversion to characters who spoke in thick dialect or pidgin english . according to a muchrepeated anecdote mr . benchley squirmed uncomfortably through the opening portion of this show . the spanish village setting moved to a village in hungary for the movie , for some reason gave the actors leeway to practice their accents with varying degrees of success , but benchley's patience reached its limit when , during a family dinner sequence , a door burst open and an actress dressed as a gypsy girl dashed into the room shouting help ! help ! he keel me ! she then threw herself at the feet of the mistress of the household and exclaimed me nubi ! me good girl ! me stay here ! at that point mr . benchley rose and announced to his companion me bobby . me bad boy . me go now , and left the theater . br br the film version offers numerous examples of unintended humor but never comes close to benchley's level of wit . the melodramatic plot concerns the lajos family father josef , mother maria , and son paul , a student at the nearby college . we would consider this prosperous family uppermiddle class as they are landowners with servants and all the comforts of life , but their comfortable existence is abruptly thrown into turmoil when a gypsy caravan arrives in the village and their home is invaded by , yes , nubi the nubile gypsy girl . she arrives at their door during the storm of the title symbolizing stormy emotions , i daresay . the girl is fleeing an abusive relationship and begs for sanctuary . after considering the matter the lajos family agrees to hide her from her angry lover , who shows up shortly afterward but is turned away . nubi becomes a servant in the household . kindness motivates the family's decision to take her in , but soon enough that conniving little goodfornothing nubi has paid them back by seducing every ablebodied male in the vicinity , starting with the lajos' servant peter , then working her way up to son paul . nubi breaks up paul's relationship with his fianc irma played by loretta young , still a teenager , causes him to flunk out of school , and then prompts him to buy her jewelry by stealing the savings of the family's maid lena zasu pitts . lena , for her part , is still mourning the loss of her own fianc peter , seduced and tossed aside by nubi when she turned her attentions to paul . ultimately nubi sets her sights on the pater familias josef , and i suppose if the running time had been longer she also would've gone after uncle dani , maria , the village priest and god knows who else . br br i guess it goes without saying that a scenario like this one easily lends itself to parody , but during its first half the squall nonetheless exerts the undeniable fascination of a daytime soap we watch , hypnotized , as the bad girl works her spell on the menfolk and wreaks havoc like an irresistible force of nature almost like a storm ! ahhaa , another metaphor ! . but as the plot machinations grind on the campy fun fades . during the later scenes nubi is deemphasized and the focus switches to the dysfunctional dynamics of the lajos family , and after awhile these people get to be a real drag . the son in particular behaves like an absolute heel , yet the parents never acknowledge this or face up to their own shortcomings ; everything , we're told , is the fault of nubi , that nogood tramp . br br the men of the cast are dull . aside from miss loy the only actress who can handle performing in talkies is zasu pitts , terrific as usual . the mother of the lajos household is played by alice joyce , a longtime silent star who was out of her element with speaking roles , and who retired soon after this . loretta young's fresh prettiness provides a nice contrast to nubi's dusky allure , but her line readings are so awkward it's kind of endearing . no , there's only one reason to watch this flick , and that's nubi herself . i can't think of another actress who could've played this silly role and managed to come off half as well . i'm not an objective observer , however . i have a desperate crush on myrna loy and will watch her in anything , even the squall .",0,1
"this swedish splatter movie tries to parodyimitate american horror films such as the evil dead , gremlins and others . writerdirectoractorcinematographer anders jacobsson and writerproduceractormakeup effects supervisor gran lundstrm did i miss something ? were obviously inspired by sam raimi . but the camera work is a bad copy of what can be seen in the evil dead and elsewhere . some other users have written that they enjoyed the humor of this film but i didn't . br br the film rather disturbed than entertained me . it tries to combine suspense and comedy and the final product just left me with a feeling of oppressiveness although it wasn't scary or shocking at all . the combination of different genre elements made this film very strange . i was never sure if it was meant to be scary or funny . br br the story is quite inventive except for the showdown at the hospital but i didn't like the way it was staged for the reasons mentioned above . the gore make up effects are considerably good and at least the loose limbs sequences were quite entertaining because in these scenes the filmmakers didn't try to mix scares and jokes . br br all in all a strange film that you will either hate or love . rest in pieces , evil ed . br br my rating 310 made me stick to american productions",0,1
"it is a frank zappa axiom that music journalism is people who can't write interviewing people who can't talk for people who can't read . if you ever needed proof that musicians can't talk , this is the film for you . repeated attempts at profundity stumble over themselves to end up in monosyllabic comments delivered in awestruck voices wow . thank you , idris muhammed . this film is pretentious but , while much of the pontificating from youssou n'dour and his gang of merry men and one token woman grates , the music saves the day . br br the main idea behind the film what i take to be the main idea , dredged out of the inarticulate commentary is interesting . to gather a group of musicians from america and europe and take them on a journey through the different styles of music that grew up in and out of slavery , back to their roots in the music of west africa , and a concert in the old slave fort of gore off the coast of senegal . we are treated to gospel , blues , jazz and variations of these , including some fantastic drumming both in new orleans and senegal . there's also a good deal of n'dour's own compositions . br br sadly , that's another weakness . it's never entirely clear what n'dour himself wants to achieve . to some degree , the film appears to be an exercise in selfpromotion on n'dour's part . he wants to play his own music , jazzed up to some degree and performed in the company of a bunch of musicians he admires . he's clearly a little embarrassed by this and early in the film obtains the blessings of the curator of the gore museum . br br the clash between the different agendas shows through in several other places . for example , somebody obviously felt that it was not possible to tell the story of black music without involving a gospel choir , but n'dour and most of his mates are moslems a point made repeatedly throughout the film . the whole early sequence involving the black christians is uncomfortable and then they disappear from the story until the close harmony group the only black christians who can hold a tone ? turn up in dakar at the end of the film . to be fair , they turn up triumphantly and perform the best piece in the film . if the story of black music needs to nod in the direction of gospel , why not also in the direction of latin america ? where are the black musical influences from the caribbean and brazil ? samba ? reggae ? then there's europe . here the black diaspora doesn't seem to have produced any musicians of calibre , since n'dour chooses to draft in austrian guitarist and a trumpet player from luxemburg . are they in the team just because n'dour has played with him before ? what i personally found most irritating , though , was the long sequence which tried to recreate a kind of 60s beatnikblack powernation of islam cultural happening in the new york home of amir baraka a . k . a . leroi jones . hearing people talk about the importance of knowing your history , and then in the next breath perpetuating ignorance . why do so many africanamericans believe that taking an arabic name is an assertion of their african roots ? and why do they think arabic islam is so much more admirable than european christianity ? who do they think established the trade in african slaves in the first place ? the film doesn't have much to say about the situation in west africa today beyond the platitude that present conditions are a consequence of all the brightest and best having been shipped away for 300 years . the senegalese appear to be a poor but happy , musical gifted folk , friendly and welcoming , respectful of their elders and not above fleecing the visiting americans in the fish market . is this ethnic stereotyping or just my imagination ? there is no comment on the armed guard that n'dour and the camera crew seem to need in the opening sequence as they walk through the streets of dakar . br br there is also a strong implication in the film that the slaves who were taken from dakar came from dakar . the similarity between the folk drumming style of new orleans and the folk drumming style of senegal is cited in evidence . the last thing the slaves heard before they were shipped away was the drumming of their homeland , bidding them farewell . except , of course , that by and large , the slaves shipped from dakar did not come from dakar . they were captured or traded from the interior by the coastal senegalese and sold to merchants of whichever european power currently held the gore slave fort . the people of dakar are not the descendents of africans who escaped the slave trade , they are just as likely more likely to be descendents of the people who sold their black brethren into slavery and exile . br br the two agenda's clash again in the final part of the film . there are two separate endings . on the one hand , the concert which n'dour and co have been rehearsing and preparing along the way and which they deliver in the courtyard of the gore slave fort . the other end comes when the harmony harmoneers sing the spiritual return to glory , in the seaward doorway of the slave fort . this is deeply moving , even if it is hard to believe the performance is quite as spontaneous as it appears . br br this is a film that is flawed . unclear of the story it is trying to tell and tugged in different directions . irritating , confusing , beautiful and emotional by turns . watch it listen to it for the music and the feeling , but don't expect enlightenment or intellectual rigour .",0,1
"i do not know which one was first released earlier in 1970 . cannon for cordoba is an europen western it was made in spain . this means this is fairly inferior to sergio leone's socalled western spaghetti and to the real american masterpieces of john ford , sam peckinpah , howard hugues , john sturges and anthony mann , in my order of merit . this order is not to be interpreted as all john ford westerns are better than all by sam peckipahn's . i think imdb's 100 sort them out all pretty well . br br the worse about this firm is the casting . george peppard is fit for a sergeant's role , raff valone for a maffia capo and giovanna ralli to a puttana in piazza vennezia in the sixty's in rome .",0,1
"i guess i was attracted to this film both because of the sound of the story and the leading actor , so i gave it a chance , from director gregor jordan buffalo soldiers . basically ned kelly heath ledger is set up by the police , especially superintendent francis hare geoffrey rush , he is forced to go on the run forming a gang and go against them to clear his own and his family's names . that's really all i can say about the story , as i wasn't paying the fullest attention to be honest . also starring orlando bloom as joseph byrne , naomi watts as julia cook , laurence kinlan as dan kelly , philip barantini as steve hart , joel edgerton as aaron sherritt , kiri paramore as constable fitzpatrick , kerry condon as kate kelly , emily browning as grace kelly and rachel griffiths as susan scott . ledger makes a pretty good performance , for what it's worth , and the film does have it's eyecatching moments , particularly with a gun battle towards the end , but i can't say i enjoyed it as i didn't look at it all . okay !",0,1
"the forgotten aka don't look in the basement is a very cheaply made and very old looking horror movie . br br the story is very slow and never really reaches anything worth getting excited about . br br the patients at the asylum are embarrassingly funny especially sam and the old woman who always quotes an old saying to everyone . look out for the bit when she gets close to the camera , tell me you can watch without laughing ! . br br now the gore is very poor looking , with the blood looking pink in many scenes so it doesn't really deserve its place on the video nasties list ! . br br overall if you aren't looking for a fantastic horror film and have some time to spare then it's worth a watch .",0,1
"director kinji fukasaku is perhaps best known , in his homeland at least , for his japanese gangster films , a series with which this movie shares a number of characteristics . violence and political intrigue are themes throughout both shogun's samurai and battles without honor and humanity , and both feature a lead character who finds his loyalties challenged by betrayals . both films also feature a large number of characters who seem to have little purpose but to die , and since so little is done to develop them , their deaths have little impact when they do come . this film has other flaws as well . the makeup , costumes and sound design are distractingly poor , and the battle scenes were substandard as well , inferior to other samurai films of earlier years seven samurai comes to mind . br br sonny chiba plays the sonny chiba character in shogun's samurai , the nononsense master swordsman who strides through the film , scowling menacingly . what a guy ; he even gets to wear an eye patch . if you were expecting to see the legendary toshiro mifune , you may be disappointed ; his appearance amounts to little more than a cameo , and just when it appears that his character might do something interesting , he disappears for good . br br overall , the strengths of the film are its story , which is infinitely more comprehensible than those gangster films , and the challenges posed to traditional concepts of good and evil . two brothers are challenging for the throne of their recently departed father , who may have had some help on his way out . early on , it looks as if we will be faced with a couple of characters who couldn't be more clearly good and evil ; after all , the older brother stammers and has a birthmark , the sure sign of a villain . eventually , however , it becomes clear that in a winnertakesall struggle for power , there are no heroes and villains , only winners and losers .",0,1
"the movie was a pleasure to watch if you are a fan of the stooges . the story is told from the point of view of moe howard and his relationships with his brothers shemp and jerome curly howard , also the life long friendship with larry fine . the movie deals mostly with the off camera high points and pit falls of the stooges multi decade career . the casting director and makeup artist did a fair job of finding actors who resembled the famous ensemble . the actor who plays curly howard did a fine job of portraying the on camera antics of the most beloved stooge . a must see for any fan of three stooges shorts .",0,1
"it is enjoyable and fastpaced . br br there is no way on earth that the actor playing mat could be eighteen . however , the main thing is that he does act eighteen very convincingly . it must be a credit to his audition that he convinced them to cast him . i quite soon accepted him as being a naive young country boy . br br while his was the best performance , most of the others were also very engaging . in particular , the interplay between the policemen was natural and wellbalanced , and worked very well . br br it is only about 45 minutes long , so the plot is not complex . more key is the style of the whole thing . it is very slick and vibrant , and the backdrops are atmospheric , especially from the fact that all the colours are extremely rich . the gangland is identifiable to foreign audiences , but still manages to be distinctly australian .",0,1
"a young doctor and his wife are suddenly expecting a child . both are disturbed about a two hour memory lapse on the night of conception . interesting twist on an hackneyed story . very good fx and interesting editing . jillian mcwhirter is outstanding in a cast that features arnold vosloo , wilford brimley and brad dourif . brimley brings normalcy to the outlandish . kudos to director brian yuzna .",0,1
"if fassbinder has made a worse film , i sure don't want to see it ! anyone who complains that his films are too talky and claustrophobic should be forced to view this , to learn to appreciate the more spare style he opted for in excellent films like the bitter tears of petra von kant . this film bogs down with so much arty , quasisymbolic images it looks like a parody of an artfilm . the scene in the slaughterhouse and the scene where elvira's prostitute friend channelsurfs for what seems like ten minutes are just two of the most glaring examples of what makes this film a real test of the viewer's endurance . but what really angers me about it are the few scenes which feature just elvira and her exwife andor her daughter . these are the only moments that display any real human emotion , and prove that at the core of this horrible film , there was an excellent film struggling to free itself . what a waste .",0,1
"i enjoyed the first reviewer's comment far more than i did the film when i saw it at a secondrun theatre in the early '80's . i was impressed then by the care taken to create costumes modelled so closely after the tenniel drawings . but to me , the cast was largely squandered , their personalities muffled by the masks , while the direction i think of as being unusually static , and the photography murky . the rating jotted down at the time was a nought , which means not worth sitting through even once . br br still , i too would jump at a chance to have a second look .",0,1
"one your screen will be filled with beautiful effects and colours . these do nothing for the story , but they will keep your lazy eyes occupied for some 50 minutes . a good example is the eternal use of a computer screen that shows each fingerprint from the database as that print is compared with the one they want to find out about . yeah , right . br br two these guys being like real professional pros , they will engage each other in intriguing pro talk look , grissom , these are what we call fingerprints . everybody has them , and they are different on each person . so , with these fingerprints we can actually find . . . . br br yup ! exactly like real pros would talk to each other if there wasn't a completely uninformed and stupid audience around . br br however , not everything about this show is bad . some stories work to some degree , and the colours are really beautiful . they use red , blue , green , yellow . . . all of them colours i've loved since kindergarten .",0,1
"i fully agree with the previous reviewer . there's no chemistry between spencer tracy and hedy lamarr , and the focus of the film is on their relationship . hedy lamarr isn't at her best , and spencer tracy appears to be naive , simple and overlyhopeful both in love and life ; an idealist role that played out best in 'boys town' . if you can make it through the ridiculous crowd scene by the train station . . . whoa . . . it's rather slapstick and not worthy of any actor in the cast . not the best acting on anybody's part . miscast and mismatched . story is empty and various and disenfranchised input is apparent . hedy lamarr is her absolutely stunning herself , which is truly the best part of the film . spencer tracy can't match the sophistication of her beauty and wardrobe , and the film doesn't come off as believable for at least that reason .",0,1
"i am uncertain what to make of this misshapen 2007 dramedy . attempting to be a new millennium crosshybrid between on golden pond and the prince of tides , this film ends up being an erratic mess shifting so mercurially between comedy and melodrama that the emotional pitch always seems off . the main problem seems to be the irreconcilable difference between garry marshall's sentimental direction and mark andrus' dark , rather confusing screenplay . the story focuses on the unraveling relationship between mother lilly and daughter rachel , who have driven all the way from san francisco to smalltown hull , idaho where grandmother georgia lives . the idea is for lilly to leave rachel for the summer under georgia's taskmaster jurisdiction replete with her draconian rules since the young 17year old has become an incorrigible hellion . br br the setup is clear enough , but the characters are made to shift quickly and often inexplicably between sympathetic and shrill to fit the contrived contours of the storyline . it veers haphazardly through issues of alcoholism , child molestation and dysfunctional families until it settles into its pat resolution . the three actresses at the center redeem some of the dramatic convolutions but to varying degrees . probably due to her offscreen reputation and her scratchy smoker's voice , lindsay lohan makes rachel's promiscuity and manipulative tactics palpable , although she becomes less credible as her character reveals the psychological wounds that give a reason for her hedonistic behavior . felicity huffman is forced to play lilly on two strident notes as a petulant , resentful daughter to a mother who never got close to her and as an angry , alcoholic mother who starts to recognize her own accountability in her daughter's state of mind . she does what she can with the role on both fronts , but her efforts never add up to a fleshandblood human being . br br at close to seventy , jane fonda looks great , even as weatherbeaten as she is here , and has the star presence to get away with the cartoonlike dimensions of the flinty georgia . the problem i have with fonda's casting is that the legendary actress deserves far more than a series of oneliners and maternal stares . between this and 2005's execrable monsterinlaw , it does make one wonder if her best work is behind her . it should come as no surprise that the actresses' male counterparts are completely overshadowed . garrett hedlund looks a little too surferdude as the nave harlan , a devout mormon whose sudden love for rachel could delay his twoyear missionary stint . cary elwes plays on a familiar suspicious note as lilly's husband , an unfortunate case where predictable casting appears to telegraph the movie's ending . br br there is also the omnipresent dermot mulroney in the morose tripleplay role of the wounded widower , lilly's former flame and rachel's new boss as town veterinarian dr . simon ward . laurie metcalf has a barelythere role as simon's sister paula , while marshall regular hector elizondo and songsmith paul williams show up in cameos . some of andrus' dialogue is plain awful and the wavering seriocomic tone never settles on anything that feels right . there are several small extras with the 2007 dvd , none all too exciting . marshall provides a commentary track that has plenty of his trademark laconic humor . there are several deleted scenes , including three variations on the ending , and a gag reel . a sevenminute makingof featurette is included , as well as the original theatrical trailer , a sixminute short spotlighting the three actresses and a fiveminute tribute to marshall .",0,1
"before i start to tear apart this movie , mark youi love the scarlet pimpernel . that story is one of the best romantic adventures ever written . the movie staring jane grey is very good and the musical on broadway is the hottest thing there . so , i thought when i heard that this film was coming out that it would be great since it was a bbc film . br br to my surprise , it was a weak , totally stupid story that utterly failed in capturing the gorgeous tale . br br there were no exciting escapes with daring disguises . there was no deep love that made your heart flutter as percy left the room and marguerite sighed as her husband was leaving her again . br br all it had was a confusing plot and a lot of outoftheblue sex and violence . br br sink me ! what a horrible movie ! br br",0,1
"flashdance meets meatballs iii or maybe it should just be called meatballs iv . this is my friend wesley's alltime favorite movie , largely because he still has a thing about j . v . cheerleaders . as someone once said this is finemore than finebut as you get older you need to branch out . whether you want to or not , society demands it . br br gimme an f has cinema's greatest j . v . cheerleader mary ann played by beth miller , who looks like a sweetfaced alicia silverstone from before her clueless days . wesley hates miller's other film , the horrific teen wolf too made three years later , where she plays a fickle southern belle much like martha smith's character in animal house . personally i admire miller's range as the two characters could not be more different and she is convincing as both . br br anyway , mary ann is a nave novice cheerleader from moline a member of the lucky ducks squad who comes to camp beaverview for cheerleading instruction . she's befriended by jenna karen lee kelly , the leader of the tough girl squadappropriately named the demons . jenna becomes protective of mary ann after her main rival takes an instant dislike to mary ann . br br later mary ann gets a crush on tommy hamilton , the head instructor . tommy is spending his summer wrestling with the dilemma of having to grow up and move on , which is a problem as his only skills are teaching cheerleading and performing elaborate dance routines in the shower , for the enjoyment of viewers who get off on that sort of thing . phoebe daphne ashbrook is tommy's longsuffering girlfriend , she has a welladjusted attitude and an experienced perspective . she even tolerates tommy's flirtation with mary anntrusting that tommy will not actually take advantage of young mary ann . br br while these four characters are solid and their relationships have a nice charm , the supporting cast is almost as weak as the material they have to work with . which is a shame because had they brought some actual comic relief to the production it would have been a decent film . jennifer cooke plays pam , a social climbing and terminally peppy instructor who is carrying on with camp's moneyhungry owner bucky . and there is another couple with a thing for the characters from mad max . since nothing is very funny you are left with only a cute semiromance and some great dance routines . br br an attempt is made to create some suspense by slowly leading up a final competition but unless this is your first movie experience the outcome is never in doubt . and there is a backstory about some japanese businessmen bucky wants to get money from , but it goes nowhere dramatically or comically . br br then again , what do i know ? i'm only a child .",0,1
"i consider myself to be a bit of a snob when it comes to everything and although the cinematic experience is more suited to explosions than high drama , i can be very stuck up about films , too . br br not all art films , however , are better than king kong . i quite possibly would give kong two stars , double this film's haul . br br my guess is that people got so excited about this because it was almost identical in style to what you can see in a play . for the less discerning artbuff , a film that looks like a play is 'great art' . br br this film , however , was useless . br br there was hardly any story so it relied on high drama . the only drama in this film was whether the cat would drop off the roof or not . so , deep and meaningful dialogue , then ? no . great acting ? hardly . br br to be excessively fair some of the scenery was interesting , though communist flats , city vistas petersburg ? and the soviet trams still in service .",0,1
"the movie gets a score of 3 because it dared to be so very different . it features a cast acting while you can hear their thoughts and desires ! this is truly a weird film and an experience i won't forget . the only problem is that the experiment , though in some ways interesting , is generally quite dull and unengaging . in fact , it's amazing that a norma shearer and clark gable film could be this dull ! the film is based on a eugene o'neill play and it really does seem quite stagy . in fact , it would have been best just to keep it as a stage productionit just didn't translate at all to the big screen . br br so this movie is only recommended to diehard cinemaniacs and those who love gable films so much they just have to see all his films !",0,1
"sean bean is great , as are the photography , locations and costumes . however , the plot is somewhat muddled , and the conclusion flat . the plot has been substantially altered from cornwell's novel , and not to the better . unfortunately , this adventure is much better read than watched . sharpe was too narrowly drawn here , in contrast with his literary alter ego , who seems more intelligent and determined despite his apprehension in his new role as an officer promoted from the ranks . i really enjoyed the brief scene in which sharpe is tripped by a real officer , and after a quick pause and piercing stare , pushes the surprised and cowed officer right back . it sets the tone for his later trials as a commanding officer . br br rating 4 of 10 .",0,1
"this series doesn't present the british view of the revolutionary war , so much as an antiamerican view of it . the underlying theme of the series is that a silent majority of colonists enjoyed british rule ; that the founding fathers were manipulative schemers whose only goal was to draw britain into a violent civil war ; that the american supporters of the revolution and the militia were racist , violent louts , duped into the struggle . clearly , the intent of the author , richard holmes , is for the viewer to extrapolate these characteristics , in a straight line , from the american population of 1775 to today . br br for example , in the episode the shot heard around the world holmes dredges up an obscure print of the boston massacre , in which he claims the skin of crispus attucks , a black man and the first man killed in the revolution , was purposely whited out . holmes claims that portraying attucks as a black man would have been bad propaganda for the revolutionary cause . holmes never reveals how he knows this . and there's more . holmes goes to some length to work in a single , unsubstantiated , atrocity the desecration of the body of a british soldier . he compares the american militia to the viet cong and the mujahadeen without mentioning any differences in the goals of these groups . the list goes on . br br supposedly , this series was made in response to mel gibson's the patriot . it says a lot when an academic feels the need to respond to mel gibson on any topic . instead of presenting the british view , it seems holmes really wanted to give a sensationalistic , antiamerican view , and , in the process , he's made himself the roger corman of historians strictly thirdrate schlock .",0,1
"little quentin seems to have mastered the art of having the cake and eating it . br br as usual , the pure sadistic display can be explained as a clever thoughtprovoking way of sending violence back into the audience's face . br br sure , mr tarantino . violence is baaad . sadism is baaad . it is well worth wading in it to make that point . how very brilliant . br br the juvenile part of the audience may well not be clever enough to follow all the smart references to higher levels of consciousness though , but i'm confident they'll see the light one day . br br thanks for making this little world of ours a little better . you deserve a medal .",0,1
"the crush is a pleasant enough 40something friends romantic chick flick for the first twothirds or so , as it tries to be a brit sex and the city . br br i particularly enjoyed the turnaround of the trophy young hunk whose character is not much fleshed out come to think of it we didn't see all that much physical flesh of him either and kenny doughty is worth seeing more of . br br they sure make a lot more deal of young manolder woman than was made of the opposite in either version of sabrina neither movie do i like or for that matter with the douglaszetajones or dionsvengali nuptials . br br surrounding andie macdowell as an ex pat otherwise are welcome familiars from brit dramas and comedies , such as tarttongued anna chancellor . br br the plot twists towards the end feel very deus ex machina . but it wasn't until the credits came up at the end that i realized what might really be wrong . just as with sex and the city , the writerdirector is male , here firsttimer scot john mckay , and i think he really wanted to do a script about three gay men , probably about them coming out in relation to their lovers and at work the characters are a school principal , a cop and a doctor , which would have been a better and more interesting movie . the working title for the film was the sad fcker's club which would have made its parallels with the gay broken hearts club even more obvious . br br originally written 462002",0,1
"the comment by eliz72121 hits the proverbial nail on the head for this turkey of a program . but it is a hoot to watch william shatner cavort and dance yes , the marks on the word dance are necessary for what bill does . this show would be a great skit on snl or mad tv and it does rate a few stars for one viewing , or so , to see shatner , who seems to have taken camp to new heights whether in a role or as himself . but the guy is funny . br br the girls who are in the cubicle areas with the game data scrolls , will be pretty much outofluck when this turkey is canceled unless there is a revival of the whiskeyagogo genre , with a resurrected demand for shapely young women to dance in elevated cages once more . br br i watched the first contestant , who was annoying , and literally dumber than a post , yet through sheer luck , walked away with a quarter mil or so . the second contestant , somewhat more intelligent , but who'd be lucky to gain 1 , 000 on jeopardy ! , got zonked by the card which requires answering a special question which he didn't know , and thereby left with zilch . br br this plethora of game shows , which dangle , and sometimes award , large sums to everyday individuals , are admittedly a cheap effort , overall , to attempt to woo viewers . even if the host is wellcompensated , and they give away six figures in an average episode , i suppose that the revenue versus costs can be favorable since you don't have a sitcom cast where several stars are getting six or seven figures , per episode , with some big residual deals as well . br br but i suspect even the better ones will wear thin before long . this one has already pretty much reached this point . i think his offerings , especially with james spader , and the others on boston legal should give us a satisfying quantity of bill shatner's offerings . br br again , the above rating is simply appropriate to view bill hoot and prance , perhaps one time ; that should be sufficient .",0,1
"i found the film a bit predictable and boring but i am 14 . br br i was really annoyed with my little cousin as she was very hyper that day so i saw a film on the disney channel and put it on and told her to watch it . br br she is 6 and she loved the film , some bits she didn't get like the ending but i didn't get that either y was eddie the star of the video shoot i thought it was jordan's video ? ! but she did enjoy it . br br i noticed the mistakes such as at the end jordan was not actually playing the guitar , but she never . br br it is definitely a film for if you are seriously bored or 10 and under . br br it calmed my cousin down well . br br although all she did was sing for the rest of the day then .",0,1
"history and experience over the past couple of decades has shown us that intellectuals talking about sex is about the unsexiest and unintellectual thing anyone can do , but this wasn't quite as obvious back in 1986 . basically , the idea in this film is that these characters insatiable drive to find comfort , security , and pleasure in sexual acts is actually the unhealthy motive that makes them so unbearable to themselveswhich they hide from themselves with more sex . this drive is linked to the decline of the american empire , as expressed in an early interview within the movie . br br so the idea is that relatively detestable people talk about sex , and that that talk is supposed to reveal how detestable they are as people . arcand at least keeps giving it drive and momentum by doing interesting things with the camera such as isolating most of the characters in single frames , revealing their ultimate loneliness , and cutting rapidly between them , showing how they are more at war with each other than they are at agreement . and to give arcand credit , this is pretty much what intellectual life is , a constant struggle with other intellectuals to stand out , even when everyone knows that standing out means standing alone . br br but yeah , the characters and action are unsexy and kind of pathetic . i think this film is much more an aspect of its time than it is something meant to last , which makes it kind of dated . it's also the exact type of mental buffing in dialog and references to people like susan sontag that makes arthouse films so unpopular around the populist entertainment moviegoers . in all , i'll take it anywayit has its place basically among the exact type of people the characters areit's just that it's not really interesting or important to anyone who isn't those characters . br br polarisdib",0,1
"if you are one of the people who finds according to jim great television comedy , this is going to rock your world . and might i add , kudos for proving that good talent , good writing and a charismatic star are all you really need on any network other than abc , which prefers to air crap like jim belushi's show year after year . br br k911 is a big , steaming , brown , german shepherdsized thank you for all of the geniuses who loved the first movie . it's exactly what fans of that film and the lesser belushi deserve . jim's comedic chops and choice in projects are never far behind his ability to butcher a blues standard . look for him to try to showcase all of his diverse lacks of talent into every project he hurls at the public like a surly zoo chimpanzee . br br if you enjoy jim's work , this movie is your reward .",0,1
"this was a better than average movie i thought , for it being on cable . i had expected something along the lines of cheesy melodrama and bad special effects seen in such classics as christmas rush or first daughtertargetshot , etc . br br the cast was well chosen . . . i especially liked ron livingston as the hard pressed swat commander . it's good to see him revisiting the same material he had so much fortune with in band of brothers . the producers and designers had done their homework because all the scenes and shots looked like they did on that day back in 1997 . br br so , if you get a chance to see this film , and i am sure you will since fx reruns everything 50 times . . . take 2 hours and enjoy it .",0,1
"love life explores a very culturally relevant scenario of a marriage of convenience between a lesbian and a gay man . i found the subject matter compelling , even if the conflict was a bit forced and too easily resolved . for example , thomas falls for joe a little too quickly and conveniently for the plot . there are many continuity errors one other user commented on different cars in the garage , joe's glasses . . . the one that got to me the most was the fact joe's facial hair configuration seemed to change from scene to scene . in the end , i found myself more turnedon by this movie than moved . stephan d . gill has a pretty nice body and shows it all quite a few times with pornstar skill and exuberance , and alltoooften acting chops to match . many times , the movie seems like it is going to go fullon porn . stephanie kirchen does a fine job , but her moment of enlightenment at the end was sullied a bit for me , since i was in the mood for a good romp in the shower by the end of this movie .",0,1
"i watched this film on the hallmark channel recently . in my opinion , the film started out decent enough , but eventually got sour . br br the story a u . s . soldier in afghanistan receives one of the christmas cards that a woman back in the u . s . has sent out to troops for christmas . he becomes so inspired by the christmas card that he feels it has given him a ray of hope and happiness in his life , a motivation to continue on . when he is given leave , he goes to the very town that the woman lives in . he comes across and spunky young woman and eventually finds out that she is the one that sent the christmas card . he meets the family and after saving her dad a vietnam war veteran from getting hit by a car whilst crossing the street , the family decides to take him in for a while . we learn that he doesn't have a family back home . the soldier agrees to help out the family during the christmas season by working with them at their logging company . the family comes to love him and viceversa . the soldier also becomes in love with the family's daughter the woman that sent the christmas card . there's only one problem . she already has a serious relationship with a man that she's in love with . it's also a long distance relationship . the boyfriend is very different from the soldier . he prefers wine and trips to france over hard labor and the great outdoors . the woman prefers the latter . throughout the rest of the film , there is a love triangle as the woman's boyfriend is back in town visiting her for the season . everyone in the family seems to want the daughter to be with the soldier and the mom basically wants what's best for her daughter . spoiler alert the woman comes to like the soldier more and more , as they have a lot in common . they happen to spend a lot of time together . she gradually becomes attracted to his persona . then one day he kisses her and and she kisses him back . now she's so confused ! she's in love with her boyfriend and wants to marry him someday , but she's become so fond of the soldier . soon enough , the boyfriend who doesn't know about the kiss , but is very protective of the woman and thinks the soldier has been trying to move in on her decides to propose to the woman and she accepts . his plans for their marriage , however , are not plans that she wants . she wants to be at home , have kids and be close to her family . he wants to travel the world , go to exotic places and if they have kids he wants to take them along . this doesn't sound too thrilling for the woman . however , the soldier feels bad about what he's done and doesn't want to make things worse . so , he decides to leave town , despite the dad's urging him to stay and be with his daughter . it all comes to a head when , at the christmas eve service with church , we find out that the soldier hasn't left yet . the boyfriend and the woman speak to each other outside and he , brokenhearted , basically decides to let her go and breaks up with her . the film ends with the woman and the soldier getting together . br br things i like i like the soldier throughout much of the film . he's basically nice and polite , with a strong sense of doing good for others ; there are moments in which the family is going with church and participating in charitable causes ; the family hold hands and pray during an evening meal at the table ; the dad and mom have a longlasting and evidently healthy marriage ; the soldier tries to do the right thing in a situation after he did something very wrong br br things i don't like there is a very typical love triangle story in this film ; the soldier turns sour as he slowly and subtly moves in on the woman and then eventually kisses her when she already has a boyfriend ; most of the family practically applauds this behavior the family goes with church and participates in services , yet this is how they act ; there is some bad language br br conclusion i became disappointed as the film ran on , and it got worse and worse . i ended up fast forwarding the very end of the film because i had enough . so , the film started out decent with some few gem moments , but ended up ruining itself . therefore , i don't recommend this film to anyone .",0,1
"i was so excited and hyped up about watching this film when the promos first came out in november ! it looked awesome and the songs ! i was quite disappointed when i went to watch it ! this is a film which weaves 6 couples together . it has a multi cast of 12 people ! a huge amount of stars have worked on this film . i think the director , nikhil advani , has not managed the situation well and should not have had many people in this movie as this would of made it easier for him . compared to nikhil's directorial debut 'kal ho naa ho' , 'salaameishq' falls quite behind . i think nikhil should have a smaller star cast . i think the best factors of this film is the songs ! the songs are excellent and i think that all of the songs are awesome , shankarehsaanloy done an excellent job and have done an excellent jobs over the years . i think the ratings of this movie may go up because of the excellent songs ! one thing i was disappointed with , is that the director should not have included nudity in this film which is done by sohail khan and isha koppikar . i found this extremely rude watching this with family ! although , some may find this nude as comedy , it is not something you would want to watch with parents ! i think the best acting was performed by salman and priyanka overall , i think its an alright movie !",0,1
"this should have rocked . vh1 moved away from the traditional divas whitney houston , celine dion , etc . that had made the 2003 show so stale . sadly the move backfired . the show had no mc keeping the show together . queen latifah did a fantastic show at the 2003 divas . the show kicked of with a horrific rendition of lady marmalade featuring patti labelle , cyndi lauper , and jessica simpson . okay in the studio with some control they can all sound great . br br however , when they are competing with each other why ? it just sounds torturous ! jessica simpson has the most bizarre facial expressions when she sings that i've ever witnessed ! cyndi lauper also performed girl just wanna have fun . that wasn't as bad but it was hardly impressive . the worst was yet to come ! cyndi and patti labelle teamed up to perform cyndi's hit 'time after time' . it was acoustic , and didn't fit in with the rest of the show . still it could've been okay if they both hadn't insisted on squealing like mamed animals . it was just dire . br br debbie harry from blondie is always cool . she has a style of her own and although maybe she can't compete vocally with a many of the divas although she certainly can sing very well . debbie came out and performed blondie's 1 hit 'rapture' . with some lovely vocals . she really hit the notes perfectly . she looked stunning . rapper eve provided a new , but sadly inferior rap . it was good . debbie's next performance was a teamup with newcomer joss stone . they performed the blondie hit 'one way or another' . i think joss misunderstood the style of the song and just shouted over debbie . a rather sad bit was when debbie tried and failed to match her shouty style which spoiled it a bit . she should've just let joss get on with her totally inappropriate warballing . the whole of blondie performed this track . the final track debbie performed was blondie's massive hit 'call me' . it was pretty poor . not debbie's fault because you just couldn't hear her . the sound was atrocious all the way through the show . br br joss stone also performed a few songs on her own . they were quite well done . ashanti also showed up to perform two inexplicable cover versions . firstly she did diana ross' 'i'm coming out' , and then chaka khan's 'ain't nobody' . she is not a diva ! she can sing to an extent but she has no presence whatsoever . why not just get the real singers in . chaka was even interviewed on the show . . . . br br gladys knight showed up and did a medley . it was very good . she was probably the best bit of the show . i don't know much about her other than she is a seasoned performer in las vegas and her experience and class really shone through . patti labelle fitted in another performance this time her 80's hit 'new attitude' . it was the finale and it was okay but it was too little to late . this was one big dud . better luck next time vh1 . br br the version i saw was a heavily edited 55min version which was shown on vh1 in the uk . if these were the best bits . . . . .",0,1
"growing up with the beast wars transformers , i wasn't very familiar with the original transformers , and now that i have seen the awesome movie , and now that i have seen the older cartoon on which it's based , i have to say i like the original cartoon and the live action movie more than beast wars . br br not that i don't like the bw characters , i just think that characters like optimus prime are better than optimus primal . br br i mean , autobots transform and roll out ! sounds a lot better than maximals maximize ! the voice of the original optimus prime still makes me a strong believer that he's a real commander , more so than optimus primal . br br besides , powermaster optimus prime is a lot more powerful than optimal optimus . just look on the web ! br br megatron in the bw character seemed more like a humorous version of the more evil version of him in the original series . br br besides what's cooler , robots changing into animals or robots changing into vehicles and spaceships ? gimme the original transformers any day over beast wars !",0,1
"this was a movie i could not wait to see ! so i finally got it and i was pretty disappointed . for starters , the movie has so little said about new york , just a bunch of confusing shots of buildings , streets , bridges and cafes . it really doesn't stay focused on the new york magic . another thing that changed my mind was the french movie set inside this movie . i know that it is a remake , but it is not a french style remake ! anyway , here you will notice elements that remind you of french movies , such as long and messy scenes , no or little talking and of course everyone is smoking french style ! the story follows many lives too many for my taste and they somehow seem connected in the end . i feel like there was no dedication to the characters as much as there was on the stories . the movie was too short to cover every single destiny everyone's happy ending . so we can see about 30 people for about 5 minutes each . and there you have your 120 minutes ! if you like active scenes dialogues and stuff this is not the movie for you ! i give it 4 just because i love new york and i loved the cast !",0,1
"i rented this when it came out on video cassette in 1995 . after rewatching it again , my idea about it hasn't changed much . br br i was an adult then and i'm still an adult now ! lolbr br the illogical elements mentioned by other reviewers didn't bother me . this isn't a documentary , it's a fantasy story where animals can talk ! br br while i didn't care for much of the songs , i liked the one at the end of the picture where it's sang by barry manilow and another person . br br some people seem to make an excuse for it's primitive animation by saying that cgi wasn't used often in animated features but let's not forget that the lion king was released about a year earlier and that packed possibly more excellence than any animated feature that came before it ! ! br br but i think it's pretty fair to say that the pebble and the pingoin was made on the cheap while the lion king wasn't . . . . br br the high points for me in 1995 as well as today is the suspense generated by the few dangerousmostly underwater chase scenes . br br i also liked the opening scene which takes place on a music notes page and a little bit of the love story . but most of the time , the story dragged on and was boring . br br worth a look if you like animation but if you're an adult and not a risk taker , go get another walt disney production instead of this !",0,1
"this is the slowest film noir film i've ever seen . very weak script only provides opportunity for jack palance and rod steiger to deliver exceptionally well , lines that were made for an acting audition . palance and steiger both affirm they are indeed serious actors who can portray their respective roles with power , emotion and drama . the story itself moves at an incredibly slow pace , mostly taking place in a living room . the director obviously moved the actors around in a rythmatic circles as they delivered exhaustingly long lines , to keep the slow pace from becoming noticeable to the audience . the action doesn't pick up until the last ten minutes of the film . if you're one who's looking for more depth in a crime drama , this one's not for you !",0,1
"this film sold for onedollar at walmart on a dvd and so i do not feel like i lost anything for watching this film , except my time . enjoyed the acting of tom hanks , robbie wheeling , who was very young looking and gave an outstanding performance considering it was a horrible script . the story is about college students who decided to play the game mazes monsters , only in a very realistic setting . robbie wheeling has had problems in the past playing this game at other colleges and is advised by his parents to leave the game alone and get good grades . robbie meets a very nice gal and has a romantic fling with her and once he starts playing the game , he stops making love to her and acts like a monk . there are some scenes in the film which are taken running around the former world trade center and also in the observation floor and roof area . it is rather sad viewing this part of the film where so many human beings died because of evil in the world . this is not a very good film , except for tom hanks trying to keep the film above the sinking level of entertainment .",0,1
"too much of something borrowed grade bbr br super bowl sunday is one of the slowest days at movie theaters every year . because of this , movie studios tend to avoid releasing bigger budgeted films that weekend . every few years a studio releases a counterprogramming female skewing movie 2001's the wedding planner to compete with the big game . this super bowl weekend similarly titled the wedding date will try to find success and attract viewers not watching the game . br br sick of people feeling sorry for her , singlewoman , kat ellis debra messing , tv's will and grace hires male escort nick dermot mulrony , about schmidt to pose as her boyfriend for her sister's wedding in london . her family has been giving her a hard time about her not being married , and her ex fianc of seven years , who dumped her without a reason , is the best man . to make him jealous kat parades nick around her ex to make him see what he is missing . but ultimately nick helps kat realize that she can open up , and let someone love her . br br the film borrows too much from similar wedding movies . it is almost a carbon copy of 1999's picture perfect and mixes in scenes similar to the wedding planner and my best friends wedding . the movie also has a reverse pretty women theme going for it , and knowing her audience , the director makes clever references to that and other films . br br the wedding date has all the clichd elements of a typical wedding movie , there is the stereotypical overbearing mother holland taylor , legally blonde , and practically plagiarized wedding speeches by the family and friends at the wedding and rehearsal dinner . the twist at the ending has been done before , but it was something that wasn't completely expected . the real reason why kat was dumped comes as a surprise and changes the direction of the film for the last half hour . br br even though the wedding date is predictable , it is able to stand on its own . debra messing , in her first lead role , proves she can be charming and funny . dermot mulrony has great chemistry with debra messing , but most of his dialogue was too corny and unrealistic . he is able to make best of what he is given , and be able to salvage the character . br br by the use of many clever puns often sexual , the film is actually funny . although primarily a chickflick the film has components everyone can enjoy . the feel good story , and humor make it the best date movie released in a long time .",0,1
"the war in the east , as the germans referred to the ww2 sovietnazi conflict , was a war of annihilation on the part of the germany . 90 of the german army were in the soviet union fighting . their ultimate aim was to wipe out the so called sub human untermensch russian population and colonize the mainly empty country with german settlers after they had won . br br read hitler's willing executioners . br br here we have the german army presented as innocent victims and not as nazi mass murderers . when are modern german film makers going to be honest and face up to the past ? br br better see the russian film come and see instead !",0,1
"well it's not often that we in the uk have a film made about inner city life from the perspective of the afro caribbean community , the last example that i can remember was the underrated babylon way back in 1980 . so i had high expectations when i heard about bullet boy , a film that has been touted as the british version of la haine ! well la haine it is not ! i agree that the use of dialogue and environment gives this film an authenticity that has been missed in other british films of late , but my concern is that this film predictably ends sadly . br br the film intelligently deals with the escalating problem of black on black violence that is sadly all to common in london , but i'm concerned that film makers now use typecasting in plot as opposed to characters which is equally as damaging . saul dibb had a great opportunity to make a film that could be both entertaining and inspirational to us all , but sadly missed and created a film that only reinforces the idea that to be a young black male in london the only future is violence tragedy",0,1
"i am at a distinct disadvantage here . i have not seen the first two movies in this series , although i have seen a lot of larry cohen films . fans of the series seem to think this is a good film . judging it on it's own , it was pretty boring . br br you never get a real good look at the maniac cop's robert z'dar face , but what i did see was pretty grim . the death scenes seem to be staged to eat up the most film , not to give any thrills . maybe if i saw the nc17 director's cut , i may be more impressed . br br the ending with the car chase with z'dar , caitlin dulany , and robert davi was pretty intense . best part of the movie .",0,1
"what ever happened to shows with united parental figures ? the parents in this show are nearly as irresponsible as the children . instead of punishing the youngest child for being manipulative , they let her get away with murder . they can't ever agree on a course of action when it comes to dealing with the children , and instead they do nothing . yeah , great plan . just ignore their behavior because they're cute . this show tells the already manipulative preteens that watch it that the divide and conquer technique is the best way to get their parents to cave . the oldest children are constantly running amok and getting themselves into all sorts of impossible situations , but there are no consequences for their actions . yeah , great television all right .",0,1
"this is peter falk's film . period . br br i was 10 years old when this film came out ; i was already a film maven at the time . of course neither my parents nor i saw this film when it came out , but i was in love with the typeface of its ads the aura that this was an important film . okay , 34 years later i've finally seen the filmhaving never seen any cassavetesdirected film previously . he's a hack , overall . zero sense of timing , editing . gena's performance reminds me too much of dustin hoffman's stint in rain man technically on par but entirely onenote . as tom cruise stole rain man , falk takes the cake for this film . br br i was annoyed with gena's performance , really throughoutit seemed better suited for awakenings blecch ! . it's not all her fault she's a basket case from first scene to last . we never find out why ? ? but falk's character seems real is performed wonderfully by falk as a seriously flawed man . br br shave off at least an hour an editor needed ! , and this would have been an arresting portrait not of a woman under the influence but of a simple , cromagnon , man coming to grips with a wife who doesn't work yet cannot deal with her three kids her husband's long hours of work . br br i'd rather remember cassavetes for the dirty dozen or rosemary's baby . he would have been a better director had he snipped his own tendency for excessas he amply demonstrates with this film . br br bob",0,1
"this is the only movie i have ever seen that has prompted me to write a critique on any internet site , and that is a significant statement from someone who likes the attack of the monolith monsters . this movie is perfect for anyone who wants an inoffensive movie . it is devoid of sex and violence , for example . i believe that this movie is safe for children of all ages . this movie is perfect for anyone who does not want to be entertained , challenged , or stimulated in any way . adults could easily catch up on their sleep in front of the tv while the kids watch this movie . don't be surprise , however , if you wakeup to find the kids have turned the tv off and started a board game . as an adult who enjoys being entertained , who enjoys everything from the mundane to the fantastic in realism , drama , comedy , and action , all of those adult things that reflect real life on earth andor stimulate the imagination , this movie has nothing to offer .",0,1
"actually , this is a lie , shrek 3d was actually the first 3d animated movie . i bought it on dvd about 3 years ago . didn't bug's life also do that ? i think it was at disneyworld in that tree , so i'm saying before they go and use that as there logo . also , shrek 3d was a motion simulator at universal studios . they should still consider it as a movie , because it appeared in a theater and you could buy it for dvd . the movie was cute , at least the little flyes were . i liked iq . i agree with animaster , they did a god job out of making a movie out of something that is just a outandback adventure . i recommend it to families and kids .",0,1
"i never saw the original 1954 version with judy garland , so have no means of comparison . also , it's been some years , but i found this tale neither gripping nor its romance captivating . the movie tells the story of two lovers whose musical careers are headed in opposite directions . john norman howard is a worn out , disillusioned rock star on the decline , embarking upon a romance with a fresh , talented new singing sensation , esther hoffman . her dramatic success only serves to emphasize his decline . br br the lead actors , kris kristofferson and barbra streisand , are adequate in their roles , but neither their chemistry nor the plot left much of a mark with me . the film is noteworthy to me for only one aspect , streisand's beautiful rendition of the oscar winning song 'evergreen' . she truly has a powerful and magnificent voice .",0,1
"demer daves , is a wonderful director when it comes to westerns and broken arrow remains in everybody's mind . as far as melodrama is concerned , he should leave that to knowing people like vincente minelli , george cukor or the fabulous douglas sirk . the screenplay is so predictable that you will not be surprised once while you are watching such a tepid weepie . natalie wood 's character was inspired by fannie hurst's imitation of life see stahl and sirk , but who could believe she's a black man's daughter anyway ? susan kohner was more credible in imitation of lifeand sinatra and curtis are given so stereotyped parts that they cannot do anything with themthe poor officer , and the wealthy goodlooking and mean sergeant . guess whom will natalie fall in love with ? france is shown as a land of tolerance , where interracial unions are warmly welcome . at the timecirca 1944 it was dubious , it still is for narrowminded people you can find here there and everywhere .",0,1
"i saw this at my inlaws' house one night when it popped up on tv and my motherinlaw said it was one of her favorite movies . well , she can have it . br br look , i can enjoy a chick flick now and then , as long as it's good . but this one's extrasappy , unrealistic , and just plain predictable , despite some decent performances from rock hudson and jane wyman . it's uncanny how quickly a woman can accept having her eyesight taken away from her . oh well , they say love is blind . . . br br the neat and tidy happy little ending nearly made me gag , too . and how often did we need otto kruger repeating the title ? it happened not once , not twice , but three times !",0,1
"i love the music of the clash and i love the music of joe strummer and the mescaleros . i went to this movie hoping to learn about the man behind most of that . but i came out of the theatre not knowing much more about joe than i already did after reading the entry on wikipedia . the movie never really gets through to the person , his thoughts and feelings . what they did was to collect the little material that they had , shaky blurry videos and to interview some people about joe strummer at a camp fire . it turns out that most of these people knew him very little or not at all , and that the director just wanted them in the movie in order to have some more celebrities say , oh , he was such an inspiration to all of us . like bono or johnny depp whom they seemingly asked to keep his pirate costume on to benefit from his current success in pirates of the caribbean . it seems that the director could not even wait until the body was cold before he jumped in to sell his version of the greatest punk rocker and hippie at heart that ever lived , sanctifying the person without really knowing enough about him . br br sure , being a fan i enjoyed seeing the images of the band , hearing the anecdotes behind the songs and such , but in the end i felt like what remained as the portrait of joe strummer could have easily been told in 6090 minutes . br br go see the movie if you are a fan , otherwise better listen to some music of the clash or even better the undeservedly unknown mescaleros , where joe strummer reached the peak of his musical development before his death , melting all his rich influences together to one amazing sound .",0,1
"daddy's girls florence lawrence and dorothy west receive some terrific news at the local post office , unaware they are being stalked by burglar charles inslee . meanwhile , father david miles receives a message from young robert harron which necessitates daddy leaving home ; so , when the young women return , they can be home alone . as the vulnerable pair bed down for the evening , the local grand ball of the black and tans gets underway ; and , a darkskinned drinker portends additional danger for d . w . griffith's dynamic duo br br mr . inslee has one of his better biograph roles , stealing the film from the girls and daddy . ironically , director griffith appears as one of the blackfaced extras at the black and tans ball . biograph girls lawrence and west are suggestive of later griffith girls lillian and dorothy gish , especially in orphans of the storm 1921 ; and , they are excessively affectionate in bed ! the racist tone is unfortunate , since the story of a burglar redeemed by saving his potential victims from a greater danger , is intriguing . br br the girls and daddy 2109 d . w . griffith florence lawrence , dorothy west , charles inslee",0,1
"why on earth does five us keep repeating this one ? the title actually says it all the plot is as clear as a book read in a language you never heard of and that resembles to nothing . br br you'll see ninety minutes of changing locations , most of them will be blown up later on in the movie . right in the beginning you see a nice little farm typical for the berry , which is in the movie moved close to paris but then it does not survive the transport to the isle de france very well it explodes 1 minute later . there are also two gangster who have no tongues , as if that would make sense in the world of sms and internet , let alone pencil and paper . br br it just goes on like that , nothing makes sense in this story . my only credit goes to the cameraman , the camera is excellent .",0,1
"i don't give much credence to aids conspiracy theories but its sociologically interesting to see the phenomenon dramatized . in the early years of the aids epidemic , the suffering and paranoia of the scared and dying often generated such dark fantasies . this was especially true in the politically radical and sexually extreme demimonde of san francisco . the city , renowned for its beauty , has rarely appeared uglier than in this film . a sense of darkness and decomposition pervades every scene . br br while the acting and plot can't be said to be welldone the films unique cultural context and oppressively dark mood at least partly saves the film from being a complete loss . actually , i found the most interesting performance to be irit levi as a crusty and cynical jewish , lesbian ? police detective . she's interesting , though not necessarily convincing . br br highlights the film's use of the garishly tragic turandot is an effective motif and there is a sublime silent cameo by iconic performance artist , ron athey .",0,1
"i haven't seen it in over twenty years . oj was the bus driver , arte johnson was the tour guide , lorenzo was the kidnapper . br br yea , lorenzo looked very much at home as the villain , a natural . i think i watched it back then most for oj , who i had seen towering inferno and cassandra crossing , but also to see arte johnson . br br i was a little bored that johnson was so serious . br br and yes , it shifted plots . in reading other posts , i remember that was some plot that they were going to kidnap some rich girl , but then that priceless stamp business turned up out of the blue . br br i was going , a stamp ? if it came on as a late movie , i would probably record it to check it out again , but i wouldn't be nostalgic over it . not yet anyway . br br there are better movies from the seventies like this to check out .",0,1
"at least the under ten year old set will stay interested . eleanorgeena davisand fredhugh laurielittle , a nice welltodo couple set out to bring home from the orphanage a new little brother for their son georgejohnathan lipnicki . they come home with quite the odd new sibling . . . a sharp dressed little mouse named stuartvoiced by michael j . fox . yes , mouse . stuart is happy to have found the sense of belonging even if it is in a super sized world that contains his new family's pet cat snowbellvoiced by nathan lane . stuart embarks on the experience of family loyalty and overall friendship . george will finally accept his tiny new brother when the dapper dressed stuart saves embarrassment at a model boat race . br br also in the cast julia sweeney , harold gould , estelle getty and jeffery jones . and the voices of chaz palminteri , bruno kirby and jennifer tilly .",0,1
"the original les visiteurs was original , hilarious , interesting , balanced and near perfect . lv2 must be a candidate for worst first sequel to a really good film . in lv2 everyone keeps shouting , when a gag doesn't work first it's repeated another 5 times with some vague hope that it will eventually become funny . lv2 is a horrible parody of lv1 , except of course that a parody should be inventive . if you loved lv1 just don't see this film , just see lv1 again ! !",0,1
"do you know that they want to escavate the moon for real ? and in geneve there is the debated project that could lead to make possible time machine ? all i can say about this movie that is based on facts about futureat the time of the moviescientifical projects but real . hope the moon will exist not happen as in the movie . now about the movie itself , i saw the original movie too , and i also read the book . the book i didn't like though , but the movie yes . i totally agree with a previous comment that this movie was depressing , unlike the 60's one . that was very good with force , this one was only a paralled future of what is good movie .",0,1
"boring as hell and kind of a chick flick . br br it's the story of a neurotic woman who struggles with the concept of marriage as a business arrangement , the romantic nature of a one night stand , and the uncertainty and pitfalls of true love . br br many of the story's motifs are reminiscent of other recent kst movies e . g . the english patient , but have far less appeal . br br after the first halfhour i started checking my watch , wondering if i'd make it home in time to catch leno on tv . br br i passed up gladiator to see this ! ? !",0,1
"scooby doo is undoubtedly one of the most simple , successful and beloved cartoon characters in the world . so , what happens when you've been everywhere and done everything with the formula ? you switch it up right ? wrong . you stop production and let it rest for a decade or so and then run it again , keeping the core of its success intact . that is to say , stick with the formula for the most part but add your particular flavour to it . this to me is why what's new scooby doo worked , they want back to the classic scooby doo formula which had only successfully resurfaced a decade earlier in a pup named scooby doo but for the most part had not been tapped since the original scooby doo where are you . br br the first sign to me of a weak offering is the inclusion of extraneous characters ; there might be a few fond memories from past iterations but generally if you think scooby doo you aren't thinking of filmflam , scrappy doo or scooby dum . even worse , the exclusion of the other core members of mystery inc generally indicate a group of production people who don't understand from a kids point of view how the show works . the basic premise has always been a group of people who are diametrically opposed getting together and through their own individual , stereotyped qualities manage to surmount the tasks given at hand . br br this next paragraph is just my theorizing so skip it if you want i hope that i can explain why i think fiddling around with the basic elements of the show are detrimental with my interpretation of what the gang represents and how they contribute to the whole ; fred represents the driver , i think in general it is the purpose of fred to give the group direction , organization and subtasks . fred isn't a happygolucky teenager , he's your boss , your teacher , your dad , your authority figure . fred moves without hesitation and is driven by tasks problem always equals solution for fred . in many ways fred is the antithesis to shaggy . shaggy is your best friend , that guy who is just a little more afraid of things than you are , he enables you to be brave , to not be at the back of the pack . shaggy represents emotion and is frequently showing emotional extremes from elation to fear . velma represents rational thought , she applies logic but as we see time and again on the show she requires clues that for the most part are collected in pieces by the other members of the show . left on her own would velma solve a mystery ? the group often finds itself in situations where truths aren't obvious and only through chance encounters do they achieve the necessary information to complete their task , chance is represented by daphne . at one point i think it is the first scooby doo series she was known as danger prone . writers have used daphne to link unrelated events together through accident . she frequently is the one who finds the secret door , collection of objects or some other detail that can help the gang link clues together . finally scooby himself represents us , the participant . he is always in the centre of events , capable of all the things the rest of the gang are capable of , yet handicapped because he is not human and much like us the television viewer is unable to truly participate . scooby doo works because all these personified elements of problem solving are immediately identifiable and entertaining . br br maybe i'm over thinking things but , in my life i've seen a lot of scooby doo being a 30 year old selfproclaimed nerd , it kind of rolls with the territory . to me there is a magic with the classic scooby doo formula that should never be messed with . br br as many have pointed out ; scooby doo is not a great work of art nor is it completely trite , it falls into the category of programming that can be watched by young eyes with a hearty bowl of breakfast cereal . messing about with the raw simplicity transforms it into something else , something lesser .",0,1
"this movie is entertaining enough due to an excellent performance by virginia madsen and the fact that lindsey haun is lovely . however the reason the movie is so predictable is that we've seen it all before . i've haven't read the book a mother's gift but i hope for britney and lynne spears sake it is completely different than this movie . unless you consider ending a movie with what is essentially a music video an original idea , the entire movie brings to mind the word plagiarized .",0,1
"this seems like two films one a dreary , pretentious lengthy saga about an actor who is taken over by the parts he plays ; the other a brilliant social comment about a middle aged divorce who is picked up by a waitress . shelley winters is wonderful as a waitress with another business on the side . she drops heavy hints about the need for connections , her certificate in massage and her desire to get into the modelling game . i love the glimpse of her seedy flat with a kitchenette behind a curtain , and her terrible seducing outfit of navelrevealing , puffsleeved crochet top . br br do actors get oscars for shakespeare ? we know they oscars for impersonating disabled people , wearing a lot of prosthetics , or pretending to be mad . the shakespearean scenes which go on and on are embarrassing and dated . and so are the 'going mad' scenes where tony looks distracted while listening to his own voiceover . br br by the way , anthony john is not aristocratic . he makes it quite clear in an early scene that he used to be a chorus boy . when he quotes his father's advice , he slips into a cockney accent .",0,1
"i am not from america and i know what 'wife swap' is . when a show came out of that name i was thrilled to see some cool glamorized sexual moments from the program . but what i got was a real sucking stupidity . i was misjudged by its title name , it has no adult contents , no nudity , not even vulgar dialogues broad casted threw hallmark channel and i think they editedmute out such contents to make it neat . br br a show which gives a picture of current americanwestern family state , overweight chubby peoples , polluted teenagers , and their sucking family goings . in each episode two wivestwo mothers more correctly were chosen to live in each others home and rechanges each others family routine with their new own rule . sometimes its turns out to be good or more evenly bad . on the ending section each mothers are brought back with their husband and try to conclude what they did to each families past days . it's the sucking portion of the program were each contenders fights for their rights . i was sucked to see all of these instead of seeing some cool adult sex stuff . i mean who make this program , more than that who gave the name wife swap ; its better to be called as mother swap . all in all it corrupts all the great things the real wife swap stands for ! br br wife swap average sucking reality show .",0,1
"this movie is . . . horrible and wonderful at the same time . i first saw it when i was about 13 or 14 years old , so it has a great deal of nostalgic value for me . in this movie , cesar romero actually plays the character of octavio , the man who discovered santana . there are also two other actors , monte markham plays sam , who is trying to save his daughter and peter mark richman plays the priest , who have large filmographies , and these are the only performances that are okay . the rest of the acting and the movie itself have all of the bfilm qualities that some of us cherish . br br i recently spent 2 years trying to acquire a copy of this movie , and it is almost nonexistent . i am assuming that it was discontinued very shortly after its release . but i did eventually find a copy and paid a pretty penny to acquire it . if you happen to come upon judgement day in a video store unmistakeable with a cheesy green satan on the cover , count yourself among the blessed who live near one of the few video stores that still has a working copy . a must see for those of you who like to laugh at cheesy attempts at a scary movie .",0,1
"i would think that this was one of those films whose director hadn't read the book it was based on , were it not for the fact that they are just slightly similar . it is certainly possible for a great film to be based very loosely on a book and this was certainly the latter but not the former . br br there were a number of flaws . one was that it tried to be too much like the railway children , probably because adults would expect this , being from the same author . another is that it also sought to be too like harry potter , down to the music and in overemphasizing the setting . i have nothing against j k rowling or the films but the book is just nothing like the harry potter ones . i thought the psammead , though very well voiced by eddie izzard and in character too , was almost gratuitously in a totally inappropriate environment . i may have missed something here , as the comments made about one of the characters' own books may have been a reference to the inaccuracy of the adaptation . there was also no need for the extra characters , and today's special effects could easily have been used to tell the story as it was written , but they weren't . br br i saw this film with my two children , one of whom knows the book and the other of whom doesn't . the one who does know it thought it was all right but wasn't as enthusiastic as the one who doesn't . i'm not sure what this means .",0,1
"arthur hunnicutt plays a very stereotypical role as a mountain man probably the ozarks who goes hunting with his favorite coon dog . however , the dog appears to be drowning when hunnicutt jumps in after him . it becomes obvious pretty soon that despite hunnicutt and his dog roaming about after leaving the water that they both died in the wateras no one responds when he talks to them and sees and hears people talking about his and the dog's death . yet , oddly , hunnicutt is really slow on the uptake and it takes him a while to understand they are talking about him ! i think this was actually done as padding , as there really wasn't enough material to fill the half hour time slot . br br later , in the surprise twist , he comes upon heavenor at least his concept of the place . he's invited in , but since they won't allow dogs , he has other ideas ! overall , reasonably well acted but of dubious spiritual value ! with no twists or irony , this episode is a bit dullnot twilight zoney enough for my tastes .",0,1
"a propaganda film for the palestinian cause . if you were expecting an unbiased documentary on the israelipalestinian conflict , you will need to look elsewhere . if you are an antisemite or merely an antizionistnothing wrong with advocating the destruction of a country , right ? or uncritically in support of palestinian goals e . g . , mass murder , the destruction of israel , this is the documentary for you . should make for an entertaining evening on college campuses around the uk and us . however , any informed and intellectually honest person would be outraged at the sheer number of lies presented in this video . i just hope those who truly are unaware of the situation aren't corrupted by this antisemitic filth .",0,1
"the comic strip featured actors from 'the young one's' a student based sitcom from the 80's . comic strip features included parodies of westerns , 'the famous 5' , and the professionals all a lot funnier than this . having said that alexei sayle puts in a good turn as a traffic cop with ambition and the soundtrack features great music from the era . 510",0,1
"remade today , this film would be a very creepy , very disturbing dark comedy . stalking , obsession , and a web of lies and manipulations are given a 1948 gloss of aren'ttheycute harmlessness . drake plays the stalker , an unabashed user of people , alternately pathetic and manipulative , grant plays the stalking victim , alternately angry and oblivious . br br vastly disturbing ; i haven't been able to look at classic romances with the same suspension of disbelief since . br br",0,1
"gung ho was a good idea , however it is to much to ask americans viewers to understand the dynamics of american jobs and foreign competition . in this movie the main character hunt stevensonmichael keaton goes to japan and convinces a japanese auto company to come to america and help his dying pennslyvania town . two things come at you . first why would a japanese company come to america to make cars when they do so , and so well at that ? secondly can anyone understand that american companies of all types go to third world nations to have their products made to escape american labor costs ? it makes the film's premise then that the number one maker of cars in the world would go to one of its' top competitorsaside from germanyand put a plant there as unrealistic . keaton was still in his comedy mode by this time . but he gives a credible performance all the same as he could prove that he could go from comedy to drama in a matter of seconds and still not embarrass himself but director ron howard can't keep this from becoming a tv movie which it ends up being anyway because they have to give the unlikely story a happy ending the politics and problems of japanese and american relations not withstanding . gung ho has a happy days and laverne and shirley feel to it as the producers of both tv shows made the film and then made the tv version of this movie as well which gives the film its' lightweight feel . the japanese manager gets to love his american workers and feels he and other japanese people can learnfrom americans . his no . 2 man saito who supposedly doesn't like americans all that much doesn't think so . i would have prefered all the japanese characters been like saito than the soft goofball characters they made the japanese out to be . it would have made the film more interesting .",0,1
"this vicious little film is horrendous . my low rating for it comes for two main reasons . the first is that it is an animal snuff film and i find that whole concept so vile it turns my stomach . filmed over a hundred years ago , i can only hope that we've evolved into something a little more humane and compassionate . this film is complete and utter exploitation , made to cash in on the sensational aspects of the film and the subject . historical interest aside , this is something to watch only if one finds themselves in the grip of morbid fascination . br br reason number two ? look at the way that the camera is set up . it is placed in the best possible location to fully capture the full effect long march forward of the elephant , perfect view of the electrocution platform and a cold and clinically dispassionate viewpoint of the elephant with smoke coming out of it before it finally collapses . sickening . br br thomas edison did many great things for civilization and his talents and intelligence aren't in doubt . nobody is perfect , but when you realize that this film provided a an opportunity for him to trump early cinematic competitors with a sensationalist film of an elephant being electrocuted and b he filmed the execution to demonstrate the greater effectiveness of dc as opposed to ac , you can't help but wonder if the scientist in him was a little too dispassionate and cold . any number of peter cushing's mad scientists would be proud . the rest of us should be ashamed and revolted .",0,1
"that is quite an outdated movie which aims to showcase the youth's yearning for freedom in some dehumanizing british school . oh yes it's like in the army , you learn to obey and do what you're asked to . yes the young dream of something else but it breaks their dreams and sweeps away their optimism on the threshold of life . great . br br basically that's how you could sum up the nice intentions in if . . . nice intentions that arouses no cinematographic challenges the result is a declamatory movie . do you see how boring i mean ? br br at least that oldie helped kubrick cast mcdowell in a clockwork orange , a movie with a truly powerful social satire and no selfindulgent sentimentalism .",0,1
"rob schneider is a famous comedian cause of his movements , facials and performances of not humans . this time he is the animal . marvin is a loser who is trying to be a hero and one day , nobody takes a call from a man that gets attacked , so marvin has to take this case and save the attacked man . but on his way to the crime scene , he crashes with his car and gets really damaged . he doesn't remember what happens and at the next ordinary day , his life is not same when he finds out that he has animal instincts . of course , we got our female that our main character is trying to reach but his tryings , are useless . she is played by collen haskell . there are no negative characters . the negative character , is destiny if i could use this metaphor . marvin should find out , how to become a normal human being again . by the wayhis animal instincts , helps him in some situations . schneider's performance is a soso . the movie is so unreal that gets stupid at some moments but it is one of those movies , called mindless fun as i have written above . so watch it for the monkey style rob schneider but it is definitely not one of the best comedies ever or one of the best movies that schneider appears in . he is a great comedian but this is not his best movie .",0,1
"this movie moved much too slowly for my taste . the concept of the story is refreshingly different in that it explores the family dynamics of living with a mentallyretarded family member in a way that i have not previously seen onscreen . however , the execution of the concept was flawed . each character was developed fully within the scene of her first appearance , then one had to endure the feeling that each character was treading water the rest of the way . that is , each character flailed about awkwardly in her interpersonal relationships with others in the movie , which i found to be a form of emotional and social retardation . i suppose this has artistic merit , given the irony that the story centers around an intellectually retarded individual surrounded by way aboveaverage intelligence friends and family . the acting , however , was welldone without exception . i agree with other reviewers that the cinematography was beautiful . in summary , i think the film has strong artistic merit because of the fine acting and cinematography , but fails on an emotional level due to the shortcomings described .",0,1
i have to agree with most everyone's opinion that this show was poorly produced as well as written . the acting was not much more above the lower production values however i feel an actor can only rely on the material provided to them and make the best of it . in keeping with this thought i feel it is important to point out that one actor has risen and persevered well beyond this campy to tasteless production to have become a respectable and quite talented performer . i am referring to laura harris a canadian born actor who has etched her way through many poorly produced shows and movies to find a place on the hbo hit dead like me where she plays the role of daisy adair and to her credit she handles this role in an efficient manner . i remember having a typical boyhood crush on the young actress during this series where she played ashley a soft spoken yet intelligent 7th grader . i felt as though if anyone might make it from this series it surely would be laura harris and true to her nature she did excel in the acting field to win the respect of many producers who now recognize her for her talent as well as unique nordic blond allure . if you ever do have the opportunity to view this series i recommend that you have something epic to watch after wards such as the 'godfather' or perhaps 'beaches' in order to remind yourself that there is after all a great deal of true production integrity and value out there and that this series is only a lowbudget reminder of what laura harris can simply state about her time on the show and i bet she would quote many a young actors words of defense by saying it's a start !,0,1
"as a member of the cast , i was a member of the band at all the basketball games , i would like to let the world know after being in the movie , that we were not allowed to see it since it was banned in oregon . this was due to the producers and the director breaking the contract with the university of oregon where it was shot . seems that the u of o sign was shown . while we were shooting , we were allowed to eat several meals with the cast and production staff . mr nicholson was quite memorable for being one of the most illmannered men i have ever met . quite a time for a young 20 year old . but certainly not what campus life was really like in the late 60's and early 70's despite what hollywood may think . trombone player from oregon",0,1
"i don't remember too much about this movie except that there was a distinctly gratuitous destruction of luminaires lamps . almost every fight scene included the unnecessary and wanton destruction of useful light fixtures , even if outfitted with cheesy , '70'sstyle , cylindrical shades to keep with the time setting of the story . on one occasion , raucous lamp destruction takes place in a domestic fight scene between the brothers in both the living and dining rooms of their mother's house , with fixtures in both rooms being taken out . yet , the most malicious destruction occurs moments later in a bookie's office and includes , but is not limited to , the toppling of a fixture with a ceramic horsehead base , which is consequently disintegrated , and the severe denting of a cylindrical shade as a guy falls back into it during another fisticuffs fight . later , that lamp is toppled as well when the guy is shot , incurring further damage to the plasticcoated shade . br br while this movie encourages a particularly wasteful attitude toward lamps , one should keep in mind that lamps , regardless of their cheap construction or gauche , topheavy appearance , are still valuable for the illumination that they provide . however , if you ever feel the need to vicariously smash a lamp , i would highly recommend this movie .",0,1
"my kids picked this out at the video store . . . it's great to hear liza as dorothy cause she sounds just like her mom . but there are too many bad songs , and the animation is pretty crude compared to other cartoons of that time .",0,1
"i'm not really much of an abbott costello fan although i do enjoy who's on first and , to be honest , there wasn't much in this movie that would inspire me to watch any more of their work . it wasn't really bad . it had some mildly amusing scenes , and actually a very convincing giant played by buddy baer , but somehow , given the fame of the duo and the esteem in which they're generally held , i have to say i was expecting more . as the story goes , the pair stumble into a babysitting job , and during the reading of jack the beanstalk as a bedtime story with the kid reading it to costello , costello's jack falls asleep and dreams himself into the story . there's a wizard of oz kind of feel to the story , in that the characters in the dream are all the equivalents of reallife acquaintances of jack , and the movie opens in black white and shifts to colour during the dream sequence . the fight scenes between jack and the giant and the dance scene between jack and polly dorothy ford are among the amusing parts of the movie . polly , of course , also leads to one of the questions of the movie what happened to her ? jack and gang apparently left her behind in the giant's castle ! i know it was just a dream , so who cares . still i wondered . there were also a couple of cute song and dance routines . my 4 year old giggled a bit during this , so she was able to appreciate some of the humour . i found it to be an acceptable timewaster , but certainly not anything that would convince you of abbott and costello as comic geniuses . 410",0,1
"of course i have disappeared into the movies . the neil young concert film 'heart of gold . ' br br there have been many great concert films through the years . the best being martin scorsese's 'the last waltz' which filmed the band's last concert at filmore west . a phenomenal concert and a phenomenal film , that is if you love rock and roll and felt as if you had been born into it and were part of the music , and could be in the band if you had a better guitar and someone would show you the chords and that with a few chords and a lyric or two you could change the world . . . as you can guess i felt all five to the bottom of my twenty four year old soul . br br neil young was in 'the last waltz . ' they had to digitally , before digital actually , they had to manually scrape a big hanging cocaine rock that extruded from his nose so in the film there's a bright light that is not the star of bethlehem dangling above his lip and below his nostril . . . it's a famous bit of rock and roll history . br br but 'the last waltz' was made when the band and neil and everyone else was in their thirties and 'heart of gold' was filmed last year when neil is in his sixties and his band looks as if they are in their late nineties and the entire movie could visually be used by the christian right and the dea in the same way that those ohio state patrol films of the perils of drunk driving were used when i was in high school showing dead teenagers hanging through front windows or dangling from trees or bloody in a ditch . br br close your eyes and it is a terrific concert , open them and view dorian grey's hidden portrait . case in point , the once ethereally beautiful emmylou harris literally coming out of the darkness to sing with neil and from dark to light appearing to be a ring wraith leapt full borne out of the river in front of rivendale . ghastly , ghostlike , a nose that doesn't appear in nature and is not an advertisement for plastic surgery , eyes that make buttons on dolls look lifelike , and the ability to express any emotion , human or not , constrained by unrestrained over indulgence in botox . my mind reeled . . . porcupine . . . peru . . . jack daniels . . . living hard for decades . . . my god . . . sweet emmylou harris who i saw sing for free at fred's in boulder , a face a 2000 year dead pharoah would not accept . but the voice , as pure as a thick lipped bottle of boulder beer brewed from the waters of boulder creek and i closed my eyes and smelled ammmmmbbbererrrrrrrrrgerrrrrrrssss an homage . . . one must use homage at least once in any film review . . . to fred's hamburgers on boulder mall and the steve martin pink panther movie . br br it would have been a terrific concert sitting in the dark in ryman auditorium , maybe twenty rows back . but , close up , in close ups , it was a medieval morality play depicting the horrors of indulgence and the consequences of a sinful life . br br the concert theme , emblazoned on the scenery , a prairie wind . . . the last song , massed guitars i counted eight and i wondered if irony was at play . i don't think so . a native american bass player , a lead guitarist who looked and dressed like buffalo bill , a piano player whose face looked like the screamer's face in munch's the scream , the chick singers actually matronly singers , mostly reminding one of the lost youth of senior united flight attendants still plying the friendly skies dressed in matching full length distressed denim dresses . . . no it was played straight . br br none of them had seen , i would bet , a mighty wind . br br it will be a great cd , and would be glad to tell tales of hippy dippy boulder when neil was a long haired canadian crooner whose indecipherable lyrics seemed to mirror heartache and loss , feelings as universal then as now . br br but , only in a dark bar .",0,1
my mother keeps a cassette of this film as a general threat to any film loving person who annoys her . everything about it stinks . br br as such it is a true classic . br br who gave it 1010 ? were you inadvertently watching a good film and accidentally voted for this one ? br br everyone involved in the movie making process should be forced to watch at least a small section of this film . it should be an indelible stain on the minds on all that hold film sacred and be revered as the tide mark of the cinematically dire .,0,1
"i have seen this movie several times , it sure is one of the cheapest action flicks of the eighties . so , i think many viewers would definitely change the channel when they come across this one . but , if you are into great trash , dragon hunt is made for you . the main characters the mcnamara twins are sporting great moustaches and look so ridiculous in their camouflage dresses . one of the best scenes is when one of then gets shot in the leg and is still kicking his enemies into nirvana . this movie is really awful , but then again , it is a great party tape !",0,1
"a depressed creepy teenager does many bad things to a socially active older lady who does not like to use shades or drapes in her windows . he steels assorted things from her , peeps at her , does prank calls , and plays assorted unpleasant tricks on her . oddly , he keeps none of this a secret from her . at first , she does not seem to care one way or the other that he is bothering her . then later she seems to begin to respect him for his cruel fevered activities . br br there are some illogical items to note . one is that the guy peeps into the night through a pane of glass from the more brightly lit side . in real life such a thing would not happen . the more brightly lit side of a pane of glass acts as a mirror . he would be able to see exactly nothing . also , everyone out in the night would be able to look inside at him sitting in his well lit room . br br one other illogical item is that the creepy teen takes a job as a milkman , and his one and only customer each morning seems to be the lady he is picking on . easy work , if you can get it . br br i saw a short film about love at a public showing . by the end , there was not a single open eye in the house . a short film about love is the foreign language movie for those who do not like reading subtitles . not only are there very few words spoken in the film , but much of the movie is silent . a certain rest in peace .",0,1
"it is hard to imagine anyone making a tom cruise film look good ; hard indeed , but this one makes him look good . very good . actually , it makes him look like sir john gielgud celebrating very good acting day with a bravura performance . br br the acting from the entire ensemble struggled to rise above the risible and failed . the fault was , in part let us be fair , that the plot bore as much resemblance to the hg wells original as did the butchered carcasses of the human victims in the film to their living predecessors both were bloodied and violated remnants of more attractive predecessor . but to describe a plot such as this to be a bit holy is to say of the colander my , this kitchen utensil has a remarkable lot of holes , unless , that is , holes are your bag ; in which case this film will commend itself to you . br br the fault in the other part was that these were demotivated , jobbing , dvd actors who knew full well , one assumes , that this was their exhibition that would wind up on the 5 dvd shelf . and overpriced at that . br br so should you watch it ? why yes , of course , you should . you are a miserable sinner and deserve punishment .",0,1
"by the time this film was released i had seen chorus line on stage 4 times , and had been anticipating most eagerly the longrumored production of a film of the story . my wife and i were in line hours before the box office opened on the day the film was released . it was not just a disappointment , it was a kick in the abdomen . br br first , the story was moved outside , so to speak , by including scenes not in the confines of the theater . those confines are a large portion of the meaning and impact of the story . br br second third together assign your own order one of the original songs , with very dynamic dance number , was removed ; a song which was not in the stage production was added . say what ? ? i'm confused ! br br the only reason i gave this film 2 stars instead of 1 is my admiration for the talent and hard work of the performers . i've now seen chorus line on stage 6 times , and wouldn't mind seeing it 6 more times before i die . it is superbly written , with wonderful music , and heart wrenchingly true stories . if you want to see a musical which includes a great cattle call audition , i recommend all that jazz . if you want to see the story of a chorus line , see it on stage .",0,1
"another french film with absurdity . baisemoifck me tells the story of two young women who come together to kill and fck . one of them is a porn star who escapes from her community after being raped and killing her boyfriend . second one is a hooker who kills her flatmate and sees her boyfriend being shot dead . after those incidents they meet at a tube stationboth misses the last trainthen the whole thing starts . they find a bound and come very close . they abuse men sexually , take drugs , drive around the country and have lots of sex . thats all about baisemoi really . we can see that they have no mercy for their victims . they even kill a woman for her money . both actresses are real porn stars in france that affects the movie in two different ways . they look so comfortable in sex scenes , nonetheless , they can't make the whole film worth watching as , to me , the film does not require no further ability of acting than that . it is a version of thelma and louise on a different level . i could recommend you loads of things to do instead of watching baisemoi . so , bother to watch if you wanna see a pointless , kinky film . out of",0,1
"two years ago at sundance i loved josh kornbluth's directing debuthaiku tunnel . so i was looking forward to his brother and frequent collaborator jacob's , the best thief in the world . this is a drama about a seemingly good kid growing up in a lowerclass area of new york . the movie is not without its poignant moments . but at times it is as if kornbluth is working way too hard to state the obvious life can be very difficult for some people . and life isn't fair . br br more subtle , and more important , is our understanding that despite all of these somewhat abhorrent cultural underpinnings and the antisocial behavior they may spawn , these characters have no shortage of goodness and humanity . we can recoil at their language and their living conditions , but we are cannot discount their intent . and in fact , their struggles to maintain a family under such adversity has a certain nobility that most of us can barely appreciate . kornbluth grew up in this neighborhood , and his compassion for the people is evident throughout . br br having said all this , the best thief in the world suffers from many painful flaws including the title . the characters aren't very believable . the writing is uneven . and the plotline is barely discernible . and for many the most disturbing is that kornbluth uses two young black boys mimicking gangsta rap between scenes . to each his own but while i don't question the potential realism of this phenomenon , it pains me to see 5yearold children mf'ing and talking about having sex with a lineup of women . it's unnecessary shock value and is a forced bit of borrowed interest .",0,1
"i wasn't entirely sure what to expect from a comedy , drama , fantasy , scifi genre , but , given the actors involved i thought i'd give it a spin . the tone of the film felt awkward , going through patches of each of the genres but never quite felt balanced , so eventually i gave up trying , and concentrated on the cinematography and individual performances , which i thought were good on the whole , considering each character had little depth because of the nature of the story won't give anything away here . i have to say it felt a lot longer than its 96 minute runtime , and not in a good way . in the end i was looking for closure , some measure of satisfaction but it didn't turn out to be the clever or ingenious piece i had hoped it would be . i think tony mistakenly thought what he did do at the end of the film gave us that . . . but it was a tragic mistake to try and validate the previous 95 minutes with the illconceived conclusion . ultimately i feel cheated . imo it would have been better to let it stand without the ending as a piece of art . . . just . or . . . i may have missed the point completely",0,1
". . . than you easily spot the biggest fault of the movie . what was the motive ? the details of the murders were used , but never explained . i guess the team got too much into the atmosphere , which is great , but the story is definitely lacking . there is no thread to follow . i guess if that was done properly , the movie would've lasted a bit longer , but it would've been worth it , at least for me . br br casting is very good , i loved wilson as the vulnerable vicky . br br not much more to say , really . but i really wish they've concentrated a bit more on the less obvious . br br",0,1
"matt cvetic is a loyal communist in a pittsburgh steel mill who works to recruit workers into the party , even though this isolates himself from his son , family , and neighbors . what makes this even more difficult is that cvetic is actually an fbi agent posing as a communist in order to obtain information about party activities . the party is trying to create a strike at the mill , whereby the prostrike movement will lead the workers into a wave of propaganda . cvetic also has to contend with beautiful eve merrick , a party member and teacher at his son's school who finds the fact that cvetic is a double agent . when eve learns the ugly truth about the party's real motives , the reds decide she must be liquidated and cvetic must aid her without endangering himself . the film should have plenty of suspense and double crossing but there is very little in this film but by today's standards very cheesy propaganda and little action or thrills . lovejoy is very good in the main role , but even he and the rest of the cast seem listless . few surprises here and how did this film receive a oscar nod for best documentary ? rating , 4 .",0,1
don't get me wrong i love david suchet as poirot . i love the series as well as the movies but enough already re death on the nile . everyone has done this one ! we know who dies . we know why they die . we know who the killer is . we know how it was done . so i say enough already ! mr . suchet could have used that awesome talent in another one of agatha christie's novels . i will say that the acting by all the actors was superb . the sets were terrific and very realistic . i especially liked david soul but i was surprised at how 'awful' he looked . i hope he doesn't look that way in 'real' life ! i honestly can't remember from other movies whether the very end was the same . somehow i don't think so . i thought that was a rather brilliant touch whether or not ms . christie wrote it that way . i would much rather have that ending then wasting away in prison !,0,1
"this film features two of my favorite guilty pleasures . sure , the effects are laughable , the story confused , but just watching hasselhoff in his knight rider days is always fun . i especially like the old hotel they used to shoot this in , it added to what little suspense was mustered . give it a 3 .",0,1
"i wandered into this movie after watching the 82minute borat tonight , and left quite disappointed . i was a huge fan of wallace and gromit , and routinely go to see animated films . that being said , i found myself nodding off and at one point nearly walked out , but stayed waiting for this film to get better . never happened . br br the visuals are stunning and the voice work is top notch , especially in my opinion , that of kate winslet and ian mckellen i had to remind myself a few times the bulbous headed lizard villain was gandalf and magneto . the problem with this movie for me is it's one of those animated features for the addset . it registers after the fact as one zany slapstick routine after another , weighed down by a treacle filled plot that pulls out every stop in an attempt to convey an important message . it looks a lot like busted oscar bait for the animated category , and considering the way it's scoring with critics , i wouldn't be surprised if the academy gets it wrong and offers up its hardware . but if you're looking for an enjoyable animated feature about rats , take my advice and wait for ratatouille .",0,1
"no doubt frank sinatra was a talented actor as well as a talented singer . after all , very few actors nowadays can get a scene just right in one take , and that was pretty much sinatra's modus operandi on set . br br i feel that as the 1960's wore on , the quality of the man's films really started to tank . the tony rome detective series was nothing short of trying to compete with dean martin's matt helm series which came out at the same time . perhaps even a james bond competition , but nothing really worked for frank during these years . his personal life in shambles , his music fading out . . . sinatra appeared more like a throwback to the 1950's . the last great sinatra film of this period was probably von ryan's express in 1965 .",0,1
"this adaptation , like 1949's the heiress , is based on the henry james novel . the heiress , starring olivia de havilland , remains as a wellrespected piece of work , though less true to james' original story than this new remake , which retains james' original title . it is the story of a awkward , yet loving daughter leigh , devoted to her father finney after her mother dies during childbirth . the arrogant father holds his daughter in no esteem whatsoever , and considers her , as well as all women , simpleminded . when a young man chaplin of good family and little fortune comes courting , the father is naturally suspicious , but feeling so sure that his daughter could hold no interest for any man , is convinced that the young man is a fortune hunter and forbids her to see him . leigh is a controversial actress most either love her or hate her and she always has a particular edginess and tenseness to her style , like she's acting through gritted teeth . she's not bad in this , and she handles her role relatively deftly it's just an awkward role for any actress , making the audience want to grab the character by her shoulders and shake her until she comes to her senses . while the character garners a lot of sympathy , she's not particularly likable . the very handsome and immensely appealing ben chaplin previously seen in the truth about cats and dogs plays his role with the exact amount of mystery required to keep the audience guessing whether he is after her fortune , or is really in love with her . maggie smith is one of the finest actresses alive and raises the level of the movie considerably with her portrayal of the wellmeaning aunt . finney is marvelous , of course , as the father who threatens to disinherit his daughter for her disobedience , but the daughter is willing to risk that for the man she loves . but does her ardent suitor still want her without her fortune ? this is only one instance where washington square differs from the heiress . another instance is the ability to stick with it . it is a handsome movie that is as tedious as a dripping faucet , offering too little story in too long of a movie .",0,1
this is defiantly a dvd rental movie . i'm a big fan of the cast members but the storyline never really grabbed me . don't expect oh brother where art thou in any way shape or form . funniest part in my opinion is when the war hero explains what happens over in the argon . seems like they were trying to copy some of clooney's funny facial expressions from oh brother where art thou but you could kind of tell they were trying for that . john krasinski was the bright spot and was solid throughout . renee zellweger plays the part of a zealous reporter willing to do whatever for the story . overall it's a movie worth watching at home .,0,1
"yet another version of mother of all gangster flicksthe classic godfather and yet another case of overhype due to media circus . sarkar , the 13th hindi film of ram gopal varma as director is also the weakest in his underworld trilogy including the other two being the excellentsatya and company . the charisma , the magnetic persona of the two bachchans playing fatherson duo on screen for the first time is definitely a treat to watch out for . not just strong performances but their perfect chemistry is the biggest scoring point here for which varma should be applauded . however , the same equation of the duo is missing with the other characters in the film . reasonthe other characters look more like cardboard caricatures esp . the villains represent the typical bollywood baddies . a character who attracts attention is elder son played by kaykay but again not able to hold due to halfbaked characterization . . the drama and conflict is brought alive by the excessive use of closeshots , which brought a claustrophobic effect rightly needed to construct an ambiance . the haunting score amar mohile and the sound design kunal mehta , parikshit lalwani anup dev , together with dark , murky background overlapped by shinning powerful images camerawork by amit roy contributes to visuals so typical of ramu's style . but there is an overuse of music though fortunately no songs are there in the film . but can interest of today's intelligently growing audience be sustained just on shoulders of two performers and strong visuals ? i don't think so . surely , audience maangey more and here film fails to deliver . in any adaptation , in order to add a new dimension , the biggest prerequisite is the screenplay , which is sluggish here not being crisp at places , and therefore the pace slackens quite often . what finally audience is subjected to is a highly predictable , very commonplace drama with very little surprise elements . top stunt director allan amin ghani is also not in his best form . some scenes which require a different treatment includes a minister is talking foul about sarkar and the son is overhearing ; a very amateurish shoot out in the jail on sarkar , sarkar jr . escapes from the clutches of his enemies , a son easily motivated to kill his own father , a son is secretly entering his father's room to kill him , a police commissioner slapping sarkar jrall this requires a more realistic , hardhitting approach which is the backbone to create the required conflict . the dialogues are weak for eg . look at an amateurish line where a cm says to sarkar jr . wo jo police commissioner tha na usay maine hata diya . . the women folk take on sarkar's working is completely ignored . the uninterrupted negotiations about criminal activities while sarkar is with his family also look slightly out of place in fact , the film follows a graph quite similar to ramu's own productionab tak chhappan . in depicting the battle between good and evil , the other side of lifethe law , police , administration , politics is completely ignored . certainly , more is expected in content . here the film definitely falls short and could not rise above an average fare . dear ramu , agreed that now you are laughing your way to the bank , you definitely need to take some drastic overhauling measures in your film production factory , before it is too late .",0,1
"not to long after jeff jarrett left the wwf for good he spoke of that night . owen hart and him where good friends and both 2nd generation wrestlers . jeff first remarks i was literally pushed thru the curtain as my lifeless friends body was wheeled past me . debra mcmichael steve austin's ex wife as well as steve mondo mcmichael ex wife . br br as owen hart fell , a video promo the ring was darkened , as a blue blazer owen hart promo was played . the fall and video of owen in the ring was never showed on tv . there are a few news photos that got posted . when they came back from the video promo jim ross was talking over a all we had was a crowd shot . , he stated that owen hart as the blue blazer has fallen and doesn't look good . lawler then came back from the ring his face was ashen he told jim that the situation was very critical paramedics where working hard to revive him . rock and hhh where going there match in a private room when another referee came in and told them owen fell at first , knowing owen harts constantly being a prankster they thought it wasn't real . but both later stated that the look of the referee face said it all . in fact as he fell , as mentioned in other post , he yelled for the referee and ring announcer to move . br br brother bret hart was a plane heading to la to do a angle on the tonight show , he couldn't get any of the plane phones to work , one of the captains got a message to call home something had happened . when he landed in la eric bishoff was there told him what had happened , and put him on a charter flight to kansas city to the morgue , bret even later with owens widow martha went up to the top of the arena where owen was standing . police found no foul play formerly closed as a accident . br br most of the information in bret harts book as well as the book by martha hart ,",0,1
"as a recent convert to curb your enthusiasm , which prompted my viewing of all season's episodes , i expected more , much more from jeff's efforts . br br when i view a film offering a slice of an average 'joe's' life i need reasons to be interested , to care , to feel and believe . and with jeff garlin at the helm i also expected a bevy of shining comedic moments . this film failed me time and again . br br jeff plays a living with mom , plump sad sack who is a social disaster . he has not had a relationships , real or even casual , for many years . he appears to be mostly unemployed and , as noted , shacks with his mommy dearest . can things get worse ? sure . in short order he gets sacked by everyone around him including silverman , second city his comedy workshop and his agent . all reinforce his 'loser' status . silverman's 'fatty' experiment was as cruel as it was absurd . his obsession with the role of marty , as the means of his career's salvation , also hits a big dead end . br br while the film's final moments offer a glimpse of better things to come the cinematic 'journey , ' albeit with occasional golden glimmers , was sadly lacking .",0,1
"haunted boat sells itself as 'the fog' meets 'open water' . in many ways this is accurate . there are scares and weird looking people to keep you interested . br br however the acting ability is poor at best . showing clear signs that this is merely a bunch of friends making a horror film . which in all credit they do to the best of their ability . when you accept the low budget makes it very difficult for special effects , with the ghosts looking pretty much like men with rubber masks on . br br many aspects of the film are creepy and strange . but it suffers for using too many twists and turns in a short space of time which just leaves you bored and confused . in terms of keeping you awake the film does it very well . ignoring the irrelevant twisting every 5 seconds near the end , you actually want to know what is going on . and are willing to wait the 1hr 35 minutes for the climax . br br this is no ghost ship but it'll definitely do for an evening in front of the t . v .",0,1
"having watched this after receiving the dvd for christmas 2005 , i came here to pan it but after reading the other comments , i haven't the heart . clearly this is a film that has worked very well for children of a certain age . well , let me not be a complete grinch ; it might still work for some children if they are not too mediasaturated and have not become visually oversophisticated , e . g . from watching all of lotr and harry potter . but if you are an adult , stay miles away ; you will not enjoy it . br br the good bits barbara kellerman as the witch , especially in her early scenes with edmund , creates just the right blend of charismatic evil and restrained madness . at the stone table she goes a bit over the top . michael aldridge in the minor role of the professor and jeffrey s . perry as mr . tumnus also have the kind of polished , skillful acting we'd expect from the very best bbc dramas . and the aslan costume works very well , amazingly well considering . they got the eyes just right . br br the bad bits almost everything else , but two areas in particular . one , the casting . england is crammed with good actors and contains tens of thousands of attractive british school kids . how could they possibly have ended up with these four stiffs ? they move like wooden soldiers and speak about as well . peter has no gravitas or charisma and is visibly shorter than his supposedly younger siblings ; edmund is just whiny ; and lucy . . . sophie wilcox as lucy is so dramatically , visibly , drastically wrong for this part that i can't imagine how she got the job . br br two , the animal costumes . again , it appears that they worked for some kids . if the kids are still at a level where big bird and elmo are exciting , believable characters , they might be entranced by this film . but to a viewer with the sophistication of , say , a 12yearold who's seen prisoner of azkaban ? when mister beaver comes out from behind that tree , there will be hoots of cruel , derisive laughter . the costumes just do not work i could not , and i think any adult or modern teen could not , suspend disbelief when looking at mister beaver . the drawn animation later gryphons , etc . works better , is easier to take . br br so ten stars for the very young and tender of soul ; everyone else read , or reread the book and watch the far better film that unrolls in your imagination .",0,1
"you know , i always fancy disturbing or strange movies , especially when they get shown at the fantasy film festival in hamburg , germany . but subconscious cruelty was probably the worst film i saw this year . will this comment contain any spoilers ? br br no , because i just did not understand this movie . but well , what can you expect from a flick that was introduced to a festival crowd we the guys from the festival know that not all of you will watch this one until the very end . . . br br i like splatter movies and i also like movies with a strong graphical language . but this ? there are a lot of bloody scenes in this one , but why ? what is the director trying to tell us ? is he saying that we lost all morality and all religious feelings ? or is he saying that incest will always end in a disaster ? who knows i do not . br br if you want to watch a movie that keeps you thinking for quite some time watch it . but dont expect to think wow , i got the message i did not get it . . .",0,1
"you may consider a couple of facts in the discussion to be spoilers . br br i'm sorry , but spielberg didn't deserve to win any oscar for this piece , and i think the academy was right in that vote . other oscars for best actor nominations and such . . . that i don't know about . but it would be hard to justify , given what they were told to do and what you see in the final product . the way spielberg directs this is so contrived , so meddlesome . while watching this movie a distinction made during a film as art course i have taken was screaming at me sentiment is honest emotion honestly rendered . sentimentality is sugary and unreal , a false view of life . this is overthetop sentimentality . when in real life to two people ever begin to read out loud in synchronicity , as celie and shug avery do when sitting on the bed going over the letters from nettie they have found ? there are examples of this type of faux behavior throughout the film all the men crowding around miss millie's car and then jumping in unison like a flock of birds taking off when she goes to drive away ; harpo falling through the roofs of various buildings he's working on a cheap slapstick gag ; the whole troop of revelers heading from the jook joint en masse to the chapel , as if magically entranced by the choir's singing . . . on and on . nothing rings true . i even wondered if harpo's name was chosen purposefully because it's his wife sophia's real name , oprah , backwards . spielberg isn't above such cuteness . br br it's not that spielberg is incapable of honestly rendered action and emotion . schindler's list was amazing , deeply touching for me , and i greatly admire saving private ryan too for its realism , even if the story is a bit contrived .",0,1
"i got hold of a discount copy of this . i had seen it several years ago . my only recent experience had been mystery science theatre where it was soundly spoofed . one never really gets a chance to get into these movies because of all the byplay . i love the beginnings of fifties horror movies . they give us a pompous lecture on the defense systems near the arctic . these were there to protect us from the expected soviet invasion , but they should come in handy , given the threat of very large insects . br br this particular one flies . for some reason , despite its exoskeleton made of the stuff grasshoppers are made of , they can still fend off air to air missiles and disable fighter planes . br br anyway , it's more funfirst , the obligatory deranged case who saw the flying thing , cooling his heels in a hospital it just teaches onesee an insect as big as a housekeep your mouth shut . i wonder if the poor guy got to go home after they found the bug . br br otherwise , this is a pretty ordinary effort . it follows the usual efforts to come up with a way of dissuading the stubborn bugand leaves us open to other possibilitiesthe russians next time . i still get a kick out of these films and this one is serviceable .",0,1
"it is incredible that there were two films with the same story released in 2005 . this one came out a day before that other one with tom cruise . didn't they do that with truman capote the same year , and the zodiac killer last year ? interesting . br br writerdirector david michael latt didn't have steven spielberg's budget and c . thomas howell is not tom cruise . this is a pale imitation of the blockbuster that grossed 588 million worldwide . br br the action was minimal and most of the time we were treated to the whining of rhett giles , who played a pastor that was giving up on his god . br br gary busey was creepy as an army lt .",0,1
"synopsis correction the ending does not show ben cruising online for guys . he is looking up arabic language courses at the presido military acadamy in san francisco . perhaps to join the war in iraq as a translator , fyi many of the dishonorable discharges from d'ont ask d'ont tell have been translators they are now it major short supply ben also spoke russian . this movie is a good time capsule of life in manhatten but quite a bit of non reality here . mostly a good laugh at lame social skills and the sad portrayal of grown up twenty somethings not developing beyond the college party mode . also a brief study of the always changing scene in manhatten . somehow it always stays close to the edge of the same b . s . br br watch together the films englishman in new york and the the new twenty both good for nostalgia . i think the movie twenty shows how far the blur between gay and straight as evolved . br br these two films are gay time travel for sure ! ! ! ! enjoy",0,1
"on broadway , a chorus line was pure magic . from the second the show opened with a spectacular burst of energy to the truly grand finale , a joyous curtain call of all those chorus members who we grew to love during the course of the show , we were totally engaged captivated by the intensely personal stories , some funny , some clever , some stirring , of this chorus line . the movie is another matter entirely . the focus is now on the director and what an ogre he is ! every time the film switches to michael douglas , there he is with a bitter , sour expression , barking out questions and orders , screaming and yelling whenever he gets the chance . yikes ! ! that changes the dynamics of the story . on broadway , the director was indeed an imperious offstage presence , but he was also sort of a theatrical device to allow the stories of these amazing strongfragileintriguinghilarious chorus line members to be told with insight and clarity . there is a reason this work won the pulitzer prize ! and actually in one of the only moments the director appears , he is there to comfort the young puerto rican dancer after we hear that dancer's heartbreaking story . he appears again to ultimately express his genuine affection concern for cassie . but in the movie , from the second douglas' director starts bitterly barking orders , the chorus line members' stories become secondary . it's like they are in a lousy profession , where a jaded director instead of showing the joy at creating a new exciting theatrical show , is jaded , exhausted , furious at having to audition these chorus members . on stage , there was always the excitement of the show . here in the movie practically from the word go , you feel sorry for everyone involved . during the course of the musical , we desperately wished every single one of those chorus members well , and how happy we would have been if they had all gotten the job ! but of course that couldn't happen . but in the finale when they all came back in glorious costume with those amazing spinning mirrors on stage , sometimes reflecting us in the audience , in our hearts , and we know , also in the hearts of all those chorus members both accepted and rejected , they were on stage forever dancing in a profession they loved so much , bringing magic to the theatre . in the movie , after all the misplaced story lines and emphasis , that magic becomes totally diluted . all we feel even with the exact same curtain call , is that some of the members got a job with a meanspirited director . so they all come on the screen and are dancing again . big deal .",0,1
"i find myself alarmed that people are not so critical of a work that deserves criticism . the many similarities , both structurally and literally , with 'amadeus' aside the 'copying beethoven' deliberately chooses the easy path by putting audience before art . and therefore denying the world a discerning , intelligent and creative work . br br now consider the following is it not possible that the real story of the creation of the ninth symphony may actually be an engaging and powerful story itself and equally so in a dramatic telling ? beethoven was completely deaf by the writing of the symphony isn't that more interesting ? how was the symphony conducted ? wouldn't it be great to know ? so ask yourself , what possible motivation could a filmmaker have for introducing a woman as the copyist ? if there was a copyist , he would certainly be a man . what was his story ? please try to be a little critical here even if you like the invention of a woman composer . br br fantasy should be much more than a distortion of reality to serve a writers purpose . for those who find themselves comparing and justifying the invention of anna holtz with the invention of salieri's claim to have murdered mozart in 'amadeus' , consider that he confessing to a priest in a lunatic asylum schaffer uses this device to great affect in the film . 'copying beethoven' may have worked if anna was a figment of ludwig's fevered imagination . but we are meant to believe she is 'possible' . . . yes and that strauss was assisted by aliens . br br most of the positive reviews i've read here so far are often expressions of a desire for the film to be good ; almost a deliberate amnesia . remembering the film for what you wish it to be rather than what it is . br br for those who believe that fantasy justifies the means then consider you are not only accepting an inferior interpretation of real events but also sacrificing the truth for the sake of a triviality . br br finally , a short note on the acting here that may surprise some of you . ed harris is not good as ludwig van beethoven . does that shock you ? he looks awkward throughout the film , much like an actor dressed up , but off set and standing at the catering table . most of his lines are said as cues rather than replies to anna holtz's lines i . e . he is not listening to the actor . he is quite clearly an actor masquerading as the character rather than being the character . br br really , how many times does beethoven have to roll in his grave before we get it right ? just ask yourself , would ludwig approve ?",0,1
"with a cheap pound shop having just opened , i thought that it was worth looking to see if their were any cheap dvds that looked good . and while the back of the cover made this sound like a jeepers creepers type of film , it is actually an anthology film ! and thought one or two of the stories feel very familiar . its still a fun light horrorcomedy . the plotsbr br story onethe classic . br br a young couple feel the it is time that they should try to in prove their financial life by picking up a 1500 car . but , when the guy goes to pick a car , a car starts to talk to him . the car called banns says that to get everything that he has ever wanted in life , that he must buy baans for 5000 . so while the guys relationship crumbles , baans does everything he can to show who really is in charge . br br story twokitchen culture . br br a guy that might get thrown out by his land lord , due to how messy his flat is , discovers that due to keeping a tuna pasta in his fridge for six months , the it has now moulded and evolved into a green mouldy version of himself ! . and while they start off as friends , they end up having a big falling out , the leads to a final battle to see if the real guy or his fridge clone will survive . br br story threetoo good to be true . br br a girl signs up with a dating agency and she gets matched with a guy the is perfect for her . but she is unsure that the guy is too perfect , and when she thinks that she sees him 'shut down' she starts to get spooked . view on the filmbr br the first thing that i have to mention is the rating for the film in england , where it has been given an eighteen rating , even thought it has no nudity , swearing or blood at all . and the other odd thing about all the stories is that they all have happy endings , where the goodies win ! . and while the first story is too close to the stephen king classic christine , the second story is easily the highlight of the film , with director tom parkinson making the nuttiness of the story feel like a lowbudget muppets episode ! . br br final view on the filmbr br while it does have a bit of a 'remake ; feel , their is enough wackiness to make this a good horror 'comedy' .",0,1
"this film did not excite me . while on vacation in turkey i noticed that it was playing at the local cinema and decided to take the chance to go see it . the action sequences in the film are well choreographed , however , the story drags during the middle of the film . br br one thing that i did not quite follow is how borte was able to get the money to bribe the guards . br br the other thing that i did not particularly like was the missing segment of khan's life . it did not go into detail as to how the bad guys were able to find him and reimprison him after he had gone missing for so long . br br overall , i rate this movie a 4 because i enjoyed the action sequences , but they were too few to justify a higher rating as the dialog left me less than impressed . . .",0,1
"i love musicals , all of them , from joyous oklahoma , to poignant porgy and bess , to the touching romantic damn yankees . and i know most of the songs , sometimes singing them spontaneously , with a crowd or humming them alone . br br in a real musical , as differentiated from this vaudeville show , every song is painstakingly crafted to fit the exact moment . it is an expression of sadness , regret , love , joy or exaltationa natural extension where mere words fail . so , in guys and dolls , my time of day describes the adventurous life of sky masterson as it is about to be compromised by the most unlikely woman . every song in this brilliant exemplar of the genre sets a mood , or develops a character , creating a phantasmagoria of place , turned absolutely believable by the self disclosing evocations of song . br br for this lover of the broadway musical , and their adaptations to the screen during the last half of the 20th century , mama mia is somewhere between satire and a cruel fun house distortion of the genre . there , the songs of these musicals advanced the often elaborate , often delightful , plot lines . while here , the songs , simply picked up from a collection , only interfered with the shaky premise of the film . br br perhaps most of those viewers who are making this film into a monumental success simply have no exposure to the art form of 20th century musicals . they have no idea of the magic performed by writer and lyricist that can turn a dance hall floozy into someone whom we know and love , as achieved in sweet charity . br br let me offer an apology for the arrogance of this review . perhaps , another day , another mood , i could have gotten into it , and not have been so critical in this review . br br but i can't help but imagining what richard roger , oscar hammerstein , cole porter , irving berlin and so many others could have done even with with this silly premise . i think about it , while the memories of seeing this film is fresh , and i can not help but to mourn the great loss .",0,1
"maybe i'm really getting old , but this one just missed me and the old funny bone completely . surely there must be something powerful wrong with this irishman that's me , schultz ! . lordy , lordy what i would give to see the light ! firstly , that phil silvers manic energy , wit and drive was very much a part of the comedic upbringing and overall education in life , if you will . although it is possible that the series , first titled you'll never get rich 195559 could have gotten on the cbs tv network with someone else in the title role of sgt . bilko , it is very hard to picture any other actorcomedian in the business wearing those master sergeant's stripes . br br such a strong identification is inescapable , though not the same sort of careerwrecking typecasting of a nightmare that it proved to be to some other guys , like clayton morethe lone ranger , george reeves the adventures of superman and charles nelson riley uncle croc's block . br br one major stumbling block to successfully adapting and updating such a work from the 1950's tv screen to the 1990's moviegoing public is our collective memory . without being sure about what percentage of the crowd remembered the bilko character from seeing the original run and early syndication revivals , and their numbers were surely considerable ; even a large segment of the young had seen bilko reruns in recent times . it was obvious that the new film and the source were miles ; or even light years apart . br br so as not to be thought of as a totally square , old grouch please let's consider some other points . br br right here today , the 14th day of november in the year of our lord 2007 , let me swear and affirm under oath that i have been a steve martin fan for nearly 30 years , furthermore , i've enjoyed the wit and talents of bilko '96 costars dan akroyd and the late phil hartman . after all , it was the talents of guys like this and so many others , alumni of nbc ; s saturday night and second city tv that kept the last quarter of the 20th century laughing . but a bilko remake ; it just didn't click . br br perhaps if the film had been made as a service comedy always liked 'em ! but without the bilko show names and gave it some identity of it self it would be more highly regarded by crabby , old guys like me . br br so , we've already had so many sitcom and cartoon series turned into movies lately , what's next ? howse about somebody doing hal roach's world war ii army comedy series of sergeants doubleday ames and tv's 1st cartoon series crusader rabbit ? remember where you heard it first ! poodle schnitz !",0,1
"sorry , but i will spoil both the plot line and the ending for you in hopes of avoiding a holiday fiasco like the one that i now face . the father dies and the mother asks santa in a letter to bring him back to the family for christmas , . . . and santa does . dad is peachy , happy healthy and totally unaware of the fact that he had died . all ends syrupy sweet . br br but as a parent who recently watched my five yearold lose his best canine friend , it was a horror flick . now my son is convinced that all he has to do to bring his buddy back is to ask santa ! do not underestimate the willpower of a young heart no amount of persuasion will convince him that it was only a movie and that his dog is not coming back for christmas . it has been heart breaking to watch his joy only to know that christmas eve he will have to face his loss afresh . br br shame on you on behalf of all the believers that have lost a loved one recently . it is hard enough to deal with the loss one time for a child , but there are some wishes that we shouldn't even portray as a possibility .",0,1
"i have read the 28 most recent comments by various people regarding this movie and was surprised that no one mentioned the fact that the first victim , shown on the bed with the missing eyelids , as the camera pans up and away from her face , blinks ! yes , blinks ! i recorded it as it came on hbo this past weekend and when i saw this i literally had to replay it several times , focusing on one eye at a time to make sure that i was not seeing things ! of course , after that , it was hard to take the movie seriously although there were a few interesting and intense scenes with julian sands . very disappointed and give it a 4 mostly due to the fact that the 1st victim blinks in one of the last frames as the camera pulls away from the bodyface . too bad .",0,1
"i simply cant understand why all these relics from the ceausescu era refuse to let go . one can see clearly how frustrated they were during the commie censorship that forbade them so many things to show in their movies , and now they imagine its dunno what big deal of artsyfartsy freedom so fill the screen with people defecating , urinating , vomiting , swearing , and any other kinds of hideousness imaginable . this is not cinema , friends and neighbors ! this is simply visual perversion . forget about bunuels chien andalou , about david lynch , about forman and neorealism and other movie makers who were able to work with an aesthetics of ugliness . those people were mastering their jobs well , you don't ! do us a favor , all you daneliucs and nicolaescus and saizescus and muresans and marinescus and margineanus and other obsolete oldtimers , and leave us alone ! its bit time to see some romanian movies on screen , enough with your immature terribilisms ! you are not directors , you are illiterate ! ! !",0,1
"my title above says it all . let me make it clearer . if you have seen the bbc's planet earth , which i am sure most of you have , then you are not gonna like this movie too much . and i own all the discs of planet earth i had seen the rating for this movie very high , and read good reviews about it . i was excited to check it out . br br alas , i went to the theater and the movie started , i saw it was a disney movie with production companies listing bbc and discovery . and when they started the first scenes about the polar bear , i recognized them from my dvds at home of planet earth . br br the movie continued and went on and on and on , me and my friends kept on recognizing the scenes were all from planet earth . br br we were very very disappointed , as i think 90 of the footage is from planet earth . i am saying 90 , because some of the scenes i didn't recognize . i have a feeling that i simply didn't remember them . br br so finally what this movie really is , is a compilation of different footages from the different discs of planet earth , with a narration aimed at kids . yes , the narration is quite kiddish . let me give you an example . when they show the polar cubs walking away from the mother cub , the narrator says the polar cubs are not like human kids . they don't always listen to their mothers i don't remember the exact words , but this is how it is so in a nutshell . this is condensed planet earth for kids !",0,1
"korine's established himself , by now , as a talented and impressive imagemaker . the promotional posters for mister lonely all include the film's most impressive compositions though there's one in particular i've yet to see in promo material that of a blueclad nun teasing a dog with a stick , surrounded by green forest with torrential rain pouring down . the opening images of this film , of michael jackson lookalike diego luna riding a small motorbike round a track , is strangely compelling and beautiful roy orbison's mister lonely plays on the soundtrack , and the images unfold in slowmotion . there's also a funny and terrific sequence in which the same character mimes a dance , without music though a radio sits like a silent dog next to him , in the middle of a paris street ; korine splices in sound effects and jumpcuts that evoke both a feeling of futility and dogged liberation in the character's dance routine . br br the first instance of the segment dealing with the nuns is also strangely poignant ; father umbrillo werner herzog is an autocratic priest about to fly with some nuns over , and drop food into , impoverished areas nearby . in a scene that is both lighthearted and affecting , herzog must deal with a stubbornly enthusiastic local who wishes to make the plane trip with them in order to see his wife in san francisco . as the exchange develops , herzog draws out of the man a confession he has sinned , and his frequent infidelity is the cause of his wife having left him in the first place . this scene , short and sweet , gains particular weight after one learns its improvised origins the sinner is played by a nonactor who was on set when korine and co . were filming and his adulterous ways had given him , in real life , a lasting , overwhelming guilt . br br henceforth , the film is hitandmiss ; a succession of intrinsically interesting moments that add to a frivolous , muddled narrative . whereas gummo and julien donkeyboy maintain their aesthetic and emotional weight via coherent structural frameworks , mister lonely feels like a victim of editing room ruthlessness . a few scenes were cut from the film , which would have otherwise painted fuller pictures of certain characters , due to continuity errors in costume a result , no doubt , due to the absence of a shooting script and korine's tendency for improvisation . one deleted scene in particular in which 'charlie chaplin' denis lavant and 'madonna' melita morgan have sex would have added much more emotional conflict to a scene later on in the film i won't spoil it , but it's there to deflate any feeling of warmth or celebration , and , as it is , only halfsucceeds . br br the two strands of the narrative , unconnected literally , are best approached as two entirely different stories with the same allegorical meaning ; one compliments the other and vice versa . it's something to do with the conflict between one's ambitions and the reality of the current situation . but there's not enough of the herzog scenes to merit their place in the film , and so any connection between these two allegoricallyconnected threads is inevitably strained and the inclusion is , in retrospect , tedious . br br this is an ambitious step forward from julien donkeyboy that suffers mostly , at least in the lookalike segments , from having far too many characters for the film's running length , a flaw that would have been even worse had big star names played everyone as was originally planned . br br with many of the imagery's selfcontained beauty , and moments of real , genuine connection with the soundtrack , this feels like it'd be much more suited to an art installation or photo exhibition . as an exploration of mimesis and the nature of impersonation , it'd lose none of its power indeed , for me , it would perhaps be more impressive . the loneliness attached to iconic performativity such as that encountered by both the icons themselves and those who aspire to be like them is wellcaptured in images such as that wherein 'marilyn monroe' a gorgeous samantha morton seduces the camera with a seven year itch pose in the middle of a forest , or when 'sammy davis , jr . ' jason pennycooke settles , postdance rehearsal , with his back to the camera overlooking an incredible , tranquil lake . br br as it is , moments like these , and all those where the titles of randomlychosen michael jackson songs crawl across the scene , are married to one another in a film narrative far less affecting than it should be . br br for those who see it , i lost all faith during the eggsinging scene , late on . you'll know which scene i mean because it sticks out like a sore thumb , as some sort of gimmicky attempt at the new cinematic language for which korine has previously been hailed .",0,1
"i had high hopes for this one after reading earlier reviews but it was so slow and the plot so basic that well i wondered if i had read the wrong reviews . br br please , a boy meets girl next door at 11 and both aspire to love and being basketball legends . grow apart , but watch each others progress . guess what ! both get scholarships to same university and become lovers again until his father is caught out playing around with a younger woman . our young hero unable to cope has lapse in court concentration but some how decides to go pro and drop studies , and guess what is picked up by lakers . dumps the heroine because she was not there for him during this emotional period . so for 5 years they go their own way . she returns from spain having lost the zest for the game and our hero is getting married in two weeks . mom tells her that she should fight for her love so she professes her ongoing love and challenges him to a basketball shootout . he wins he marries she wins he loves her . well he won but decides to dump other girl for our girl . the end has her playing basketball and he has baby duties . sorry 2 is my high score . my partner she scored 0 for a soapy story for those who read mills and boon",0,1
"clearly this film was made for a newer generation that may or may not have had an inkling of charles bukowski's work . the autobiographical henry chinaski character in bukowski's stories was brilliantly portrayed to perfection by mickey rourke in 1987's 'barfly' , also starring faye dunaway . anyone who has seen 'factotum' should certainly see 'barfly' to get a better look at how bukowski wrote his character . 'factotum' lacks the greasy seediness of bukowski's screenplay and the fearless hopelessness of his loner hero . the inadvertent humor that bubbles through in the dark desperation of chinaski's misadventures doesn't work for dillon as it did so admirably for the overweight filthy bloodsoaked rourke . rourke's character makes the pain and pleasure of the previous night's misbehavior a placesetting for yet another grueling ugly day in the life of a drunken misanthropic unknown writer . dillon's character misses these marks in favor of a strutting , handsome , relatively cleanlooking wannabe writer that scarcely passes for any moment in that of chinaski's story . dunaway's sleazy heroine wanda is the perfect complement to the ne'erdowell henry . the women in 'factotum' can't hold a candle to dunaway's 'distressed goddess' and the use of more profane sexual subject matter in 'factotum' proves to be more of a crude distraction than a tip of the hat to bukowski's raw and unapologetic portrayals of dysfunctional relationships . i was stunned at how many of the exact same scenes were used in 'factotum' marisa tomei buying all the stuff and charging it to the old man is an exact ripoff from 'barfly' . br br if you want to see the best bukowski stories on film , see 'barfly' and 'love is a dog from hell' which also goes by the title 'crazy love' .",0,1
"i was unsure whether or not andy sidaris could repeat his success with the cinematic hit malibu express . with his film fit to kill he has proved that sidaris is a serious filmmaker and not just a oneshot director . the plot written by sidaris , which was ungratefully passed up by the academy , is a complex screenplay involving many unseen twists and turns . the main characters composed work for a sexually based radio station known as ksxy . cleverly , ksxy is actually their secret headquarters . in fit to kill they confront their longtime nemesis kane , who is trying to steal one of russia's most prized diamonds . a wellwritten screenplay is not all , excellent acting by the cast helps to ensure this film as a cult classic . panned by the critics and the box office , this film will be appreciated in years to come . it is now suffering the same fate as clockwork orange and taxi driver did , but in the future will undoubtly become recognized . i am disappointed no critic circles have recognized andy sidaris's trademark filmmaking . the costumes , the special effects , all help to compliment this already beautiful piece of filmmaking . it may do you best to ignore the dismal 3 rating on this film and go out and rent it for yourself . my personal rating is 1010 . the drama is as thick as the blockbuster runaway bride , and the action better or equal to the cinematic masterpiece last action hero . andy , keep up the good work .",0,1
"i went to see this because i'd never seen telaviv , where the story is set . i was disappointed , since it doesn't offer many views of israel's largest metropolis . it's also pretentiousone of those movies that leaves you guessing at its meaning until you ultimately give up with a shrug of the shoulders . br br the main protagonist is batya , a woman in her twenties' who works as a waitress at catered weddings . her parents evidently don't care about her very much , and when a little girl walks out of the sea with an inflatable ring around her , batya feels compelled to take care of her . the little girl doesn't speak , and batya can't give her to social services because it's the weekend and the agency is closed . so she takes her back to her apartment with the leaky roof , and when it comes time to work in the evening , she has to take the little girl with her . the boss is very unhappy about this and other shortcomings in batya's work performance . br br another main character is keren , who is getting married . at her wedding party where batya is of course working , she breaks her leg climbing out of a ladies' room cubicle whose door won't open , and so she and her new husband cannot take the caribbean vacation they've planned . they end up in a dingy hotel on the seafront without a view . it smells bad , there is noise from the traffic , and keren is complaining all the time . her husband meets a strangely attractive older woman a writer who is also staying in the hotel , and keren worries that he has slept with this stranger . br br the third main character is a filipino woman named joy who looks after old people . the old woman she is hired to care for is very crabby and speaks no english , only german and hebrew . joy speaks english but no hebrew or german . joy is mostly concerned with how her son is doing back in the philippines , and wants to buy him a toy boat , as he has asked . she finds the perfect boat in a store and plans to buy it . the daughter of the old woman , who hired joy , is an actress appearing in some sort of postmodern physical theater adaptation of hamlet , and does not get along with her mother . br br the way in which these three storieswhich intersect momentarilyresolve themselves is presumably supposed to mean something profound . i didn't get it . there is a fantasy element to batya's relationship with the little girl , and maybe batya's nonexistent relationship with her parents is somehow inverted in this relationship . when joy sees the toy boat in the shop window , there is a strange effect used where the little sails billow as if blown by the wind , and they do this as if they are on the scale of a reallife ship . keren draws the outline of a bottle around a ship that is on a brochure cover in the hotel room , and a narration of the strange woman's poetry mentions a ship in a bottle . but what does all this mean ? i thought about it for a while and realized i wasn't going to lose any sleep in the process . if anyone out there has a clear idea of what it's all about , maybe they can fill me in .",0,1
"n . b . spoilers within . assigning an artistic director to an operatic production naturally and inevitably means you are going to get a piece of that director's mind . but directing a wagner opera is an especially tricky task , as he was perhaps the most explicit opera composer in terms of what things should look like and how they should unfold . hansjurgen syberberg loads this filming of parsifal , wagner's final masterpiece , with enough extraneous ideas to cause it to nearly burst at the seams . you get more than a piece of the director you get the whole fatted hog and then some . syberberg is to be admired for his penchant for tearing back the covers on the uglier aspects of german history . but does it work to meld that desire to a wagner opera already brimming with its own concepts ? br br the scenes with the knights of the holy grail in acts i and iii are especially laden with visual allegory and symbolism . these are drawn come from wagner's own time , from long before , and go well beyond . if you know what these things mean , they can enrich syberberg's vision for you but not necessarily enhance wagner's vision ; if you don't know what they mean , they're simply confusing , if not annoying . i won't bother uncoiling the plot of the opera here . suffice it to say it is a typical wagnerian synthesis of diverse elements , in this case a blending of the holy grail legend with the principles , practices , and pageantry of christianity . the theme of redemption plays the main role here , as in nearly every wagner opera . br br i personally had to sweat to get through syberberg's first act amidst my jarring acclimation , the music saved the day . but act ii picks up the pace . here we meet klingsor , the evil sorcerer , out to entrap the wandering innocent fool parsifal . the greatest seductress of them all , kundry , will be used to entice him to the dark side . after an initial dalliance with more symbols , these get stripped away , and the long , gorgeous , transformational duet between young fool and temptress really takes off . finally the film starts working a genuine magic , and it is chiefly due to syberberg's choosing to set things naturally and simply . suddenly the acting starts to work the expressive actress edith clever and the luscious soprano of yvonne minton team to create a wondrous kundry ; suddenly the music seems to come to life and make vivid the inner turmoil of the two characters . the camera work stays simple and quietly fluid . in other words , wagner is allowed to tell his story more on his own terms . and it works beautifully . for me it was the most engrossing part of the film . br br with the reentrance of the knights in part 2 of act iii , the weird extraneous symbolisms unfortunately creep back in . some other loony syberberg ideas using a huge wagner deathmask as a major setpiece causing the composer's protuberant proboscis to loom comically large ; dressing the act iii knights in all manner of costumes , wigs , and makeup what is the director saying ? that the knights are a bunch of buffoons ? that they express multiple or timeless layers of significance beyond their surface functions ? it's anybody's guess ; the insertion just after the incredibly touching baptism of kundry by parsifal of rearprojection footage of the conductor rehearsing , in modernday realism , his orchestra in the studio this completely snapped my dramatic thread , requiring a few minutes to regroup ; the complete avoidance of having any time pass between acts ii and iii when we meet the knight and narrator gurnemanz again , he should be an old , old man , and parsifal should reemerge as a worldweary but wiser middleaged man ; but certainly the most bizarre stroke is to split the parsifal character into malefemale components . some find this the most brilliant stroke . no doubt i can credit karin krick , who plays parsifal 2 , with acting of strength and dignity she also happens to be the best lipsyncher of the whole cast . but please . . . wagner's conception of parsifal is already so complex . his growth from a completely innocent boy who knows nothing of his past , to his breakthrough realization in act ii of what amfortas's eternal wound means and how it has become his own , to his return as the great redeemer of act iii this is the journey of a masterfully constructed character . the bisexual emphasis is just gimmicky and absurd . and what's with this nonsense about a homoerotic gurnemanz and parsifal ? ? can't we just accept a mentorapprentice relationship , which is marvelously reversed in act iii ? br br the monte carlo philharmonic under armin jordan plays with passion and beauty though the chorus is disappointing . but after watching this film i only wanted to whip out my soltiled recording highly recommended and get my wagnerian bearings straight again . the film experience for me ranged from bizarre to entertaining to infuriating . to syberberg's credit , he's created a visually arresting work , and he certainly offers a unique take on an important opera . but instead of sticking to parsifal , he seems to have wanted to bring in all things wagnerian the man , the life , the enormous influence . . . all of it in crude symbolic code . parsifal the opera is already full of weighty symbolism the grail , the spear , the holy sacraments , baptism , amfortas's everbleeding wound , klingsor's selfcastration , the kiss , kundry's curse , and on and on . this is not to mention the musical symbolism sounding constantly in the score , in the form of wagner's leitmotif system . parsifal itself is one huge symbol ! getting back to my firstparagraph question , syberberg's whole hog is all way too much for me . but if this project sounds like something to tickle your fancy , then go for it . i won't recommend just staying away from this ; you may find yourself heartily satisfied . or if you need something to crack your wagner barrier , try it . . . but please , please , don't stop here . parsifal is in a late , very ripe league of its own .",0,1
"i saw this film in its entirety in the 1960s 70s , yes it is gruesome , and could be the progenitor of the faces of death series popular in the 80s 90s . considering the state of socalled driver education these days , this one should be required viewing for everyone preparing to learn to drive . when you see violent death in all its gore horror , you certainly if you have any sensibility at all get a truer perspective on the responsibilities required to drive safely , what one instant of thoughtlessness or inattentiveness at the wheel can do . i worked for bell telephone in the 70s 80s , and at one point was assigned to conduct a safety class . i found this film in the company library , showed it at the session , a number of people got physically sick and had to leave the room ! incredibly , most of them later said i never knew a car accident could be so terrible ! this film , and another , red asphalt , is certainly reality in its most graphic form . i'll never forget it , i only wish i could have found a copy when my children were attending driver's ed in high school !",0,1
"do these guys take have a computer kick out these same plots over and over again , only the names , places , and faces are changed to prevent complete boredom . hubby is handsome and rich , but too busy to pay attention to his gorgeous wife . a situation she constantly tries to remedy . her friendneighbor has the same problem so they become interested in each others hubbiesthe grass is always greener . throw in a sexy scheming made who has designs on everybody and you get a lot of stripping and dipping and a salad bowl of an unintelligible plot . br br the quality of bodies is pretty high here , although not much in the way of contact , even simulated is shown . good late night erotica if jay leno can't put you to sleep .",0,1
"a group of seven people fear they are the only survivors of a near world ending hbomb blast . not only do they fear the radiation , but also mutants in the surrounding hillside . one of the group is already contaminated , but strangely poses no real threat to the others . just surviving the friction of assorted personalities at close range is the subplot . richard denning plays the hero . mike connors is close to the edge playing a tough guy . lori nelson is the girl destined to start populating a brave new world . not one of director roger corman's best . this is predictable black and white scifi .",0,1
"i am curious is really two films in one half of it is the sexual experimental side of lena and the other half is her curiosity with politicalsocialism . whatever the director's intention , the two don't really mesh together . the director should have just stuck with the romantic side of lena and made a separate movie for the politics . there is a bizarre mixture of politicalwar rallies , dr . king , serious political interviews , flopping breasts , and pubic hair . the film feels more like a fictional documentary than a movie . other than the interesting sex scenes , you'll be bored dry watching this film . unlike many other reviewers , i think the nudesexual scenes are overdone for what it is . if you want to see real porn , i'm sure there are better choices . the pervasive nudity is a major distraction from whatever plot there is . i think the cast did a fine job however . they played their parts believably . there is little of the overthetopness i'm so used to seeing in the american films during this time .",0,1
"one of the most pleasant surprises of this early 3strip technicolor short was that a ballet dancer that appears here was named maria gambarelli ! i half wondered if blake edwards was naming the character played by elke sommer in a shot in the dark after this nowforgotten performer though the spelling of the sommer character's surname was actually gambrelli . i watched this on youtube mainly to see an early judy garland appearance as we watch her in profile with her two older sisters singing la cucaracha . that was the highlight for me which otherwise showed some dances like that of ms . gambarelli that were enjoyable and some lame comedy between andy devine as a great bullfighter yeah , right ! and buster keaton as a bull owner who provides one that is obviously a man in animal costume . only funny part of those two is when they crywith buster providing handkerchief to bullduring the sad part of la cucaracha . also lame was seeing ted healy without his stooges dealing with a crasher who keeps mistaking healy for other movie stars . healy himself didn't know zeppo had left the marx brothers since he puts four between the and marx ! speaking of a marx , it was interesting seeing harpo without his wig though he is wearing a hat to hide his bald head . also interesting was seeing ida lupino among the cowgirls in the beginning though i also recognized toby wing from her part in murder at the vanities last year at least when announcer pete smith identified her . oh , and smith himself wasn't funny with his wiseguy narration . other famous stars you may or may not recognize are also in cameos and not all are mgm contract players either ! so with all that said , la fiesta de santa barbara is worth a look for anyone curious about judy garland's early film appearances or the early use of 3strip technicolor .",0,1
"saturday night live , national lampoon , and sctv alumnus are all together in a sometimes funny sketch film . br br however , it is very interesting to watch now , at the start of 2005 . twenty years after this movie is supposed to take place , look at how many of their gags have become absolutely true there is a mock movie trailer , that probably wasn't even clever at the time , for something called the pregnant man which came true with arnold schwarzenegger's dumb movie junior there is a commercial spoof , that probably wasn't even clever at the time , for something featuring sammy davis jr . and jackie onasis called celebrity wrestling which has now come true with a popular show called celebrity boxing there is a mock movie trailer , that probably wasn't even clever at the time , that features john candy in a movie about a severed head . watch this trailer and look how similar it's shots and plot are to frank hellenlotter's basket case ! ! and finally there is an ad for a late late show documentary about a dead dream , the only two left . . . the name of the documentary is . . . the last hippies ! lol . br br four prophecies come true !",0,1
"as much as i love ellen barkin who is really underrated i have to boo this movie . if you can't tell who did it and why in the first half hour you obviously have never seen a psychosexual thriller or have never watched 2020 . it's like the filmmakers and actors didn't care that they way they were shooting it and they way they were playing the characters would be a dead giveaway . br br overall , this movie serves to turnon the dirty perverts who like to mix violence and sex . not a fun movie to sit through , although if you like ellen barkin it's nice to see her place a tough lady .",0,1
"as good an advert for republicanism as you're ever likely to see , mayerlingis an everyday story of royal folk in late nineteenth century austria . set during one of europe's seemingly incessant internal turmoils it concerns itself with the emperor franz joseph mr james mason , his rebellious son , the crown prince rudolf mr omar sharifthe empressmiss ava gardner and various mistresses , secret policemen , spies , extravagantlyuniformed popinjays , gypsies , dancers , wives , soldiers , swans , horses and the bizarre inbred web of european royalty at the time of franz joseph's austrohungarian empire . filmed in what the old movie posters used to call a riot of color it resembles nothing more than an expensivelydressed but intellectuallychallenged production of the student prince . mr james mason , wearing a very natty little white number , utilises his allpurpose mitteleuropean accent whenever he remembers . i am a great admirer of his and i sincerely hope the remuneration was comensurate with the distaste he clearly felt for the character he was playing . mr omar sharif , who built a career largely founded on looking directly at the camera with his big brown eyes and looking soulful , gives a stupefyingly monotonous performance as his son the crown prince . he is utterly unconvincing as a man who in the movie at leastcut a swathe through the distaff side of the austrian aristocracy . with his wellbuttered locks firmly in place he preens and poses in ever more unlikely uniforms . as a rebel he talks the talk but conspicuously fails to walk the walk , leaving a bottom button undone on one of his tunics is about as far as his defiance goes . unhappily married , he falls in love with a commoner . forbidden love is one of the movie's comeons . as she is played by the most uncommon miss catherine deneuve he is scarcely pushing the envelope there . miss deneuve has a profile to die for and we see rather a lot of it , particularly in the sequence set at the ballet . now i love ballet as much as the next man , but this sequence does seem to go on for an excessive amount of time , a more cynical critic might consider it to be padding . rudolf's mother , the empress is played by miss ava gardner . she gives the part some good old american oooomph , making her a bit like auntie mame , but it's done with undeniable style . rudolf is certainly very fond of his mother i'll put it no more strongly than that . the only performance worth watching is that of mr james robertson justice as sir lancelot spratt sorry , edward , prince of wales . he is so wonderfully unconcerned about everything going on around him it's a joy to behold . i waited vainly for him to ask rudolf the immortal question what's the bleeding time ? . i am not qualified to dispute mayerling 's historical accuracy , but , in my opinion , everything else about it is risible . it is a ruritanian opera buffa without the tunes to send you home from the theatre whistling .",0,1
"how disney can you get ? preppy rich girls act like idiots , buy a bunch of stuff , and get taught a lesson . is disney trying to send a lesson to itself ? that maybe while buying everything it should maybe still be human ? whatever the psychoanalysis , this movie sucked . br br the girls want a rich party for their rich lives . but then money disappears and they have to use their riches to get the milk plant yes , milk going to employ the workers . they keep it afloat until daddy comes home . and the man at the beginning , who appears to be the one that takes the money , is the one . but the ending is dumb . webcam in the cayman islands ? huh ? not worth my time ever again . br br but it is better than howl's moving castle . d",0,1
"tv version of twister springs a few leaks but manages to remain watchable . my sister bought this at a walmart a few years back when it was released , i saw it back then and thought it was okay . later twister with bill pullman and helen hunt comes out or was it before ? i think it was '97 and did a better job overall . but twister was more silly fun ; this is realistic with a message . it all depends on what you want from a movie with twisters twisters , or a lowbudget character study ? br br john schneider and devon sawa he's the reason my sister bought it star , and devon sawa , who went on to wild america , final destination and slackers got his big break here . so in a way , i was one of the first people to see him really take off . i don't know if it's an honor or a shame , i haven't seen how he acts in recent films . br br night of the twisters all depends on personal taste , like i said , it all depends on what you want from a movie with twisters twisters , or a lowbudget character study . night of the twister has the latter . so you decide . br br i give it a 2 . 55 . . . br br john ulmer",0,1
"ok maybe a 13 year old like me was a little to old for this movie . its about this pampered rat , who lives in a palace . then a sewer rat flushes him down a toilet ! he ends up in this rat city and meets this girl rat who has a gem a greedy frog wants . he will do anything for this gem he sends a whole army after these two rats . he plans to take the gem and to flood rat city ! the cool part about this movie is the slugs . they do all the sound effects . they sing , make noises , its awesome , its also pretty funny . ok bottom line , it is aimed at 7 year olds . other wise , a great movie to take a younger family member to see . i didn't think the animation was real dreamworks art though , more like wallace and gromit . i thinkthey slacked a little on that . the movie was just decent , not worth spending 9 . 50 for though , sorry .",0,1
"i've never been to paris , but after seeing paris , je t'aime i'm crazy to visit this city ! i've been to ny several times and i love the city and its boroughs . i kinda expected to be touched by this film , to feel like jumping into a plane and fly there right away , but , lo and behold , i regret the time and money i spent with it . there are no love stories between people or a person and the city . there's a lot of dysfunctional meetings and relations or people who know each other and it just doesn't work out fine . maybe this reflects a characteristic of the city , where it's said to have thousands of people living on their own . can't you find love in new york ?",0,1
"well , i don't normally think there's such a thing as a horrible movie , but this is pretty damned close ! the best acting performance in the whole thing was snoop dogg , who has one line in a 10 second scene . i agree with the glad it was short review . the music videos at the end were cool though .",0,1
"the cult of personality has elevated the status of roger corman , sam arkoff , lloyd kaufman etc . as kings of the b's . because the folks at crown international were so key , they haven't been elevated to the status they richly deserve . a film like the van may now seem like a disposable piece of drivein esoteria , but it was a sizable hit when it was released not to mention subsequent rereleases as a double feature with other crown hits . br br the van was a perfect example of crown's hit strategy of seizing upon the mood of moviegoers at the time of a film's release . here , it was sex , drugs , rock 'n roll and the brief custom van fad . as others have noted , it is ironic that the hit song in the film refers to a chevy when the title vehicle is a dodge in the film itself . i had a town selectman where i was at the time even declare these vans to be dens of sin on wheels ! a perfect ad line for the film ! br br there are the usual assortment of good and bad girls , muscleheads and lowbrow hijinks including a supporting bit by danny devito . in many ways this isn't much different from the old beach party movies of the 60's , but now spiced up with nudity and drug use . obviously done on a limited budget and a limited schedule , the film coasts along pleasantly enough with a breezy charm that compensates for some , by today's standards certainly , unpc views of women . br br the classic touch is a toaster for bobby's den of sin on wheels . yes , a toaster ! hey , you gotta have something hot for those munchies ! br br grindhouse fest .",0,1
"storyline the film spanning 4odd hours covers in adequate details the happenings at the kargil sector near the loc in 1999 when the pakistani infiltrators had crossed the loc and had entered deep into the indian territory and the indian retaliation . to know more about the story , i would suggest readers to read the newsitems pertaining to kargil . br br comment if one is looking for a formula story in this movie , then one can be sure that it is absent . loc is a story of pure sacrifice , patriotism , courage and lots and lots of bullets and blood . the movie hall where i saw this film was full of whistles and cheers when the film shows indian bravery . movie audience seemed similar to audiences like in an india vs pak cricket match . br br watch the movie as a tribute to the army's sacrifice and for the characterization of the reallife war heroes 4 pvc honoured heroes who have sacrificed their lives so that we could see this day . the movie has made a brilliant portrayal of the army who have battled all odds in rough weather conditions . the film's negatives are that it is too stretched and the songs are extremely boring .",0,1
"i was raised in a very christian household since birth . i was saved before i saw this movie and the rest of the series and was forced to watch it in a youth group at my church . this movie was highly disturbing . i saw it when i was about 12 years old and literally had nightmares about it for years . i used to lay awake in bed and listen for the sounds of my mom's footsteps upstairs . if i didn't hear her footsteps , i would sneak upstairs to make sure she hadn't been raptured . i used to pray so hard every night for salvation because i was terrified of jesus forgetting me . this is definitely not something i will show to my kids until they are much older , if at all . it took me years to shake the fear that this movie gave me .",0,1
"greetings all , br br isn't it amazing the power that films have on you after the 1st viewing ? br br i was so delighted by the first viewing of this film , i couldn't stop talking about flatliners to all my friends for weeks mind you i was a very impressionable 18 year old back then and my taste in films have become a little more conservative since then . br br then somehow i forgot about this film until i saw the dvd in my local department store and remembering how great it was i thought right ! i'll pluck you off the shelf when they bring out the special edition . br br last week , i was overjoyed when my best friend invited me over to watch flatliners on dvd . the expectation was that i would love this film even more on 2nd viewing . . how wrong i was ! br br verdict after 11 years my view on this film had changed from a very scary 1st class movie to total junk which overplays on the religious and supernatural side of things ratherly superficially . br br i have never been a big fan of julia roberts' acting excepting for erin brockeridge in which she deserved her oscar i think the problem with this film definitely lies with the director and a so so mediocre script . i left this film feeling it had no real substance or potential , and just a couple of scarey cheap thrills which weren't very well done at all . not even the score by jamesnewtown howard , who i rather like as a film composer , could captivate and thrill me . br br in 1990 i would have given this film 9 . 5 10 ; but in 2001 i'd be lucky to give it 2 10 at best . br br",0,1
"i went out of my way to get this film , and was fortunate to get it on vhs . being a big gloria grahame fan , it was an excellent addition to my collection . other than that , i really cannot say a lot to recommend this picture . the plot is predictable and weak and the only interesting aspect of the film is watching sterling hayden get into deeper trouble with his own department . ms . grahame is always fun to watch if you like her , as i do , but the dubbing of her singing hurts this picture a lot . she works in a dive , so let her use her own voice . it can only lend to the atmosphere . i must agree with an earlier reviewer ; the ending borrows heavily from the big heat . to the point of detracting from the ending . i have seen worse films with ms . grahame macao , but i will never pass the opportunity to see her on screen . if you are having a movie night and looking for a second feature film , this is your movie . enjoy the picture .",0,1
"russell hopton acted in many films until his death in 1945 . he only directed 2 and black gold was one , the other was also from 1936 . frankie darro had a sometimes abrasive screen presence but in this he was playing a good kid . he was obviously quite popular on the quickie circuit he made so many films . in this one he plays the son of an old oil rigger who is convinced that he will strike oil very soon . br br j . c . anderson berton churchill is trying to convince the old man to sell up as he knows there is going to be oil struck at any moment . a geologist , henry , comes on the scene and helps fishtail's dad . he also convinces fishtail to go to school regularly . henry has his eye on cynthia , the pretty teacher . this was gloria shea's last film she had begun her career as olive shea in glorifying the american girl 1929 . fishtail's dad is killed when the rig is sabotaged and henry is determined to bring anderson and his cronies to justice . when henry is kidnapped anderson tries to persuade fishtail to sell his oil lease . it all ends well with oil being struck and fishtail going to military school . br br it is okay for a rainy day .",0,1
"years ago i saw the godfather and it made a lasting impression on me , the atmosphere of the movie was first class , the acting memorable and the storyline a classic . recently i bought the trilogy and after watching part 1 again i looked eagerly to viewing part 2 . . . . . . i was so pleased to realize early on into part 2 that here was a fitting follow on to the great godfather movie , again everything was just about perfect and i could not wait to see godfather iii . . . . . . . . wrong ! , i wish i'd stopped at ii . the storyline was not good , it seemed to me like a story made up just to have a story , the characters were weak especially the daughter . pacino's protege was a weak character that would have been eaten alive in godfather 1 or 2 . then scenes such as , corleone being invested with all the trappings of the catholic church with full choir , the assassin on horseback riding away into the sunset , the unseen helicopter machine gunning of the meeting where the 'goodies' get away and everyone else is shot , daughter and 1st cousin rolling bits of pasta across a board , the pathetic shooting on the steps . . . . . corleone stuffing sweets down him with orange juice for diabetes a man of his intelligence and guile isn't ready for an emergency ? . . . no it was not good and with the best will in the world i wont be able to watch it again . but i'll watch 1 2 many times down the years .",0,1
"bette davis brings her full trunk of tics to this miserable flop which is another variation on the hilariously mismatched lovers theme . sadly , cagney and davis are truly mismatched in acting styles and the mix is not simply unpalatable but distasteful . the only distinction in the film comes from eugene pallette who , literally , phones in his usual part as the deb's misunderstood dad . jack carson's performance can only be described as an act of mayhem on the audience",0,1
"the yoke's on me is undoubtedly the most controversial film in the stooges' 23 years of shorts . the reason is understandable ; by today's standards , this film can be considered racist . for this reason , it is rarely shown , if ever , on television . br br let me just state that , for the record , the japanese seen in the film were not soldiers ; they were japaneseamericans sent to a relocation center during world war ii . they were treated and shown as the evil enemy in this film . by all accounts including the us government , who made an apology and reparations in the 1980s japaneseamericans during world war ii were as loyal and hardworking as any american . their imprisonment during this time is a dark blot in american history . br br there are some stooge laughs in this film , but the memories of how japaneseamericans were treated during this time sullies the entertainment value . let's not confuse the loyal japaneseamericans with their representation in this film as evildoers . loyal japaneseamericans and the world war iiera evil empire of japan are not synonymous . 2 out of 10 .",0,1
"when i saw this documentary , i was disappointed to see serbian propaganda in action once again . even though serbia and its nationalist politics is main reason of yugoslavian breakup , it is not mentioned in this documentary , which is made by bogdanovich whose name tells us that he is serbian and his movie that he is far from being objective . it is one in the set of lies pushed by milosevic regime . everyone else is guilty only serbians were right and victims , even though most of the war criminals tried in hague are serbs , even though serbs are one who have committed genocide against bosnians , and attacked slovenia , croatia , and bosnia all independent nations recognized by the un . breakup of yugoslavia was not avoidable because serbians did not want to release the grip their nationalism has put on federal yugoslav government , so slovenia , croatia , macedonia , and bosnia were forced to become independent nations in order to protect their interests . if you are interested in an objective documentary about breakup of yugoslavia , and fact led documentary this is not it . you should watch yugoslaviadeath of a nation , made by discovery channel and bbc .",0,1
"even disney are guilty of the cash cow disease , after the roaring success of the love bug in 1968 , the house of mouse cashed in with herbie rides again , herbie goes to monte carlo , and herbie goes bananas . neither sequel capturing the charm and inoffensive appeal of the love bug back in 68 , in this one we find race driver jim douglas and his sidekick wheely applegate , entering herbie in the monte carlo rally . naturally things outside of the race start to take over priorities , they get mixed up in a diamond robbery and herbie falls in love with another car ! . the car stunts are of course pleasant and easy on the eye , and it would be churlish of me to really vent venom on such a friendly piece of fluff , it's just that the film goes nowhere fast and personally now i can see it for the coin motivated piece of work it is . still you get to see herbie take a bath , foil the baddies and of course dance for the lady in his life , so something there for everyone i think . . . . . . . . . . . . . . . . . . . . 410 .",0,1
"it's a kinder , gentler cyborg movie with a love story . awww . it's not as bad as it sounds . the action , when it is there , is decent and jack palance , elias koteas , and angelina jolie are always dependable . it's the fact that this is a sequel to the terrible jean claude van damme film , or is that the capper to the masters of the universe trilogy ? i'm still confused about that . either way , there was really no need for this movie . what was there a need for ? angelina jolie . she may play an assassin robot that can explodes midcoitus , but , what a way to go and even though this is her first movie , she still has the presence that made her an award winner .",0,1
"although i had heard this film was a little dry , i watch whatever scott bakula is in . at the start of this film i had high hopes for the classic cheesy but enjoyable scottgetsgirl ending and until 20 minutes before the end it was going great . the plot twist was crazy and unexpected and very clever . i kept my fingers crossed that it would work out and it would all be some horrible misunderstanding , right up until when the credits rolled and i realised that there was not going to be a happy and contented ending . unfortunately i was left regretting that i'd watched it and hurriedly putting on some quantum leap to restore my faith in the goodness of the great scott !",0,1
"mabel at the wheel is one of those movies with a behindthescenes story that's more interesting than the movie itself . this was chaplin's tenth comedy for keystone during his year of apprenticeship , and his first tworeeler . here he played one of his last outandout villain roles although the featurelength tillie's punctured romance was yet to come , and it also marked one of the last times he would work for a director other than himself . in fact , chaplin's conflicts with director and costar mabel normand almost got him fired from the studio . br br chaplin hadn't gotten along with his earlier directors , henry lehrman and george nichols , but according to his autobiography having to take direction from a mere girl was the last straw . charlie and mabel argued bitterly during the making of this film . chaplin was still a newcomer at keystone and his colleagues didn't know what to make of him , but everyone loved mabel . producer mack sennett was on the verge of firing chaplin when he learned that the newcomer's films were catching on and exhibitors wanted more of them a . s . a . p . , so chaplin was promised the chance to direct himself in return for finishing this movie the way mabel wanted it . br br unfortunately , none of that drama is visible on screen in mabel at the wheel , which looks like typical keystone chaos . the story concerns an auto race in which mabel's beau harry mccoy is scheduled to compete , but wicked charlie and his henchmen abduct the lad , and mabel must take the wheel in his place . for all the racing around , brick hurling and fingerbiting the film is frankly short on laughs , but there are a few points of interest . there's some good cinematography and editing in the race sequence , though there aren't really any gags , just lots of frantic activity . chaplin himself looks odd , sporting a goatlike beard on his chin and wearing the top hat and frock coat he wore in his very first film appearance , making a living , but the outfit suits the oldfashioned villainy he displays throughout . at least it's novel to watch him play such an uncharacteristic role . visible in the stands at the race track are such keystone stalwarts as chester conklin , edgar kennedy in a strangely dandified getup , and a more characteristic mack sennett , spitting tobacco and doing his usual mindless rube routine . as a performer , sennett was about as subtle as the movies he produced , but you have to give the guy credit he knew what people liked . these films were hugely popular in their day . mack's performance doesn't add much to mabel at the wheel , but he probably had to be on hand for the filming of this one to make sure his stars didn't kill each other .",0,1
"the core message is strong , the cast has given it their best shot , the packaging is excellent , but the screenplay is seriously overdramatized and every cliche in the book on women's suffering in india has been overused to the max .",0,1
"the performances of fishbourne who appears strangely funny somehow and short featureded harris are remarkable , unlike connery's who doesn't appear to find sense in his role and ends up in the motorial behaviour of a 80yr old man . in fact the screenplay doesn't make sense ; imagine a 60 min . happy endingplot plus a sudden turn appendix without any argumental structure in respect to the characters . it's more an accident than a screenplay and may be good for examination purposes at screenwrights' schools . the more you remind the details the stronger this impression gets . the capital punishment is not an issue here , although it is a subject from the beginning ; it sort of fades away without further comment . the subjectmatter and environment could have been good .",0,1
"relesed from troma which is my favorite movie companyunspeaksble is a messy horror film that can be interesting but very dark and twisted . br br unspeakable starts with a family in a car , they get into an accident which leaves a daughter dead and a mother deformed . the father eventually goes crazy and slashes prostitutes . he sees his daughter in other people . he kills for her . meanwhile his now deformed wife is being raped by her orderly . these are sick people ! br br unspeakable tries to be sick and disturbing and it does manage to do that as a good horror flick this is not . most troma movies have a sense of humor to them but however this one doesn't .",0,1
"hollywood had a long love affair with bogus arabian nights tales but few of these products have stood the test of time . the most memorable were the jon hall , maria montez films which have long since become camp . this one is filled with dubbed songs , anachronistic slang , and slapstick . it's a truly bounteous crop of mesopotamian corn , and pretty near intolerable today . it was nominated for its imaginative special effects which are almost unnoticeable in this day and age , consisting mainly of trick photography . the only outstanding , positive feature which survives is its beautiful color and clarity . sad to say , of the many films made in this genre , few of them come up to alexander korda's original thief of baghdad . almost any other arabian nights film is superior to this one , though . it's a loser .",0,1
"star rating the works just misses the mark that little bit in between lagging behind the pits br br in this debut effort for nick park's beloved man and dog , they are forced to fly to the moon when good old wallace runs out of cheese . br br as well as being the shortest feature at just 22 minutes , this wg adventure is also the earliest and it kinda shows . the plasticine animation is a little creaky and funny here , sort of reminiscent of the mork animation about the little man in the box . br br admirable though the craftsmanship behind it is , i've never actually been hugely into wallace gromit maybe a bit too clean and traditional for someone of my generation . the only one i've really enjoyed is the wrong trousers and that was more from when i was younger and less aware of , shall we say , the seedier pleasures of life . i was driven to actively seek out this early effort due to the resurgence in popularity as a result of the hugely successful recent film adaptation . br br as technically impressive as the first two all things considered ! this one lacks the emotional angle it's successors were to possess . that being said , it's fairly good fun as a first try and certainly set the standard for greater things to come . two stars , but a good two stars .",0,1
"before i begin , a little correction imdb states that richard gere is 180 cm tall . wrong ! i passed by him 10 years ago , and he can't be an ant's a bigger than 165 . i'm 183 , and he looked like a child next to me . br br should have been called wheatlands ; an appropriate title to complement malick's previous and much better movie badlands . this movie shows that not all directors have as their prime objective to entertain . in fact , some of them have as their main objective to show wheat in all its splendour . br br the movie is depressing and relatively uninvolving , with the obligatory tragic ending . nothing more than an average and predictable love triangle drama , with the male twothirds of the triangle not surviving the movie . praised for its visual quality ; while it does have that realistic 70s feel to it , there are limits to how spellbinding wheat fields can be . you can shoot them with 1500 mm cameras , for all i care , but they are still wheat fields . br br gere , who at first seems miscast as some kind of lowerclass factoryworkerturnedwheatfieldworker , is quite solid , while brooke adams appears distant and cool for most of the movie , making one wonder just how much she loved either of the two hunks . but for those looking for a movie that displays all the glorious colours of a field of wheat , look no further you've found your dream ! br br if you're interested in reading my biographies of richard gere and other hollywood intellectual heavyweights , contact me by email .",0,1
"the title doesn't make much sense to me . i'm not sure what door in the movie shouldn't have been opened . br br the movie starts uneventfully , with a conversation between a man and a woman in a room that looks like a richly furnished train car , complete with the sound of the train traveling . in fact , the man's house is a train car , and he has a cassette of train sounds . the woman leaves , and calls a young woman . the young woman tells her boyfriend , a doctor , that she's been told her grandmother is ill , and she needs to return to her home town . she hasn't been there in thirteen years . br br flash back to thirteen years ago . a shadowy figure enters a house . he caresses a sleeping young girl , then goes into another room and stabs the girl's mother . the girl wakes up and enters her mother's room and finds her dead with a knife in her . she screams , and an arm comes out of nowhere and claps a hand over her mouth . she looks up in fear . that early scene in the movie of the killer muffling her scream , and the girl's look is one of the few effective shots in the movie . br br it doesn't have much going for it in the visuals department . occasionally there's some strange use of sound , and there's some weird lighting in an attic scene where many of the panes of glass are red and blue . br br back to the present day . the young woman arrives in her grandmother's house . an old doctor is there , who she doesn't trust , along with the man from the opening scene judge and kearn , the town's museum operator . she doesn't trust any of them , and it's true they don't inspire any trust . she's rather crabby throughout the whole movie . she wants to check her grandmother into a hospital . the men in the town want her house , and the museum operator wants the things in it his museum is already filled with many of the grandmother's things . inexplicably , the woman wants to keep the house . br br the young woman starts getting phone calls from a man speaking in a sinister whisper . he makes various threats , and wants her to do things to arouse him . such scenes recur often . unfortunately , there are so few characters in the movie , that the possibilities of who it could be are limited . worse still , we see right from the beginning who is making the phone calls . so , while the young woman doesn't know even though the caller occasionally drops into his normal voice , the audience always knows no suspense . each call rattles her more and more . br br the ending was unexpected for me , so maybe gets points for not going with the obvious , but i'm not sure i cared for it .",0,1
"here is one of those educational short films made to learn the unknown people out there about facts of life . this time the target audience is preteen girls , the fact of life is menstruation . this animated film , created by walt disney pictures , apparently with some sponsoring from kotex . br br it starts with explaining how hormones make you grow and develop . with the help of animation and a female narrator it shows us how the body , especially the ovaries , uterus and vagina , work and why this all leads to menstruation . it is almost amazing , becoming the comic note here , how the subject of sex is avoided . even the word is never mentioned although furtilized will pass once . i don't really know why i saw this , but since it is one of those rare short films that could give an impression of an innocent time , you might want to give it a try .",0,1
"on the surface , this movie would appear to deal with the psychological process called individuation , that is how to become a true self by embracing the socalled 'dark' side of human nature . thus , we have the darkling , a classic shadowy devilish creature desperately seeking the company that is , recognition of men , and the story revolves around the various ways in which this need is handled , more or less successfully . br br however , if we dig a little deeper , we find that what this movie is actually about is how you should relate to your car like you would to any other person in the opening scene , the main character male car mechanic fallen from graceis collecting bits and pieces from car wrecks with his daughter , when a car wreck nearly smashes the little girl . lesson 1 cars are persons embodied with immortal souls , and stealing from car wrecks is identical with grave robbery . the wicked have disturbed the dead and must be punished . just after that , another character rubin buys a car wreck intending to repair it and sell it as a oncelostnowfound famous racecar and is warned by the salesman . lesson 2 just like any other person , a car has a unique identity that cannot be altered nor replaced . in addition , there is the twist that rubin actually sees a hidden quality in what most people would just think of as junk , but eventually that quality turns out to be a projection of rubin's own personal greed for more profit . lesson 3 thou shalt never treat thy car as a means only , but always as an end in itself . then we have the scene where the main character is introduced to rubin and , more importantly , rubin's car the main character's assessment of the car's qualities is not just based on its outer appearance , but also by a thorough look inside the engine room . lesson 4 a car is not just to be judged by its looks , it is what is inside that really counts . there is punishment in store for those who do not keep this lesson in mind , as we see in the scene where another man tries to sell rubin a fake collector's car . this scene by the way also underlines the importance of lesson 3 . br br there are numerous other examples in the movie of the 'carperson'theme , and i am too tired now to bother citing all of them , but the point remains and i guess this is what i'm really trying to say that this movie is fun to watch if you have absolutely nothing else to do or , if you're a car devotee .",0,1
"bela lugosi revels in his role as european horticulturalist sic dr . lorenz in this outlandish tale of horror and dementia . the good doctor's aging wife needs fluids harvested from the glands of young virgins in order to retain her youth and beauty . what better place for the doctor to maintain his supply than at the alter , where he kidnaps the unsuspecting brides before they can complete their vows ? sedating them into a comalike state , he brings them to his mansion to collect his tainted bounty , according to the dvd sleeve's synopsis . that brief description is much more entertaining and imaginative than the movie . br br the corpse vanishes 1942 wallace fox bela lugosi , luana walters , elizabeth russell",0,1
"thanks to the bbc for this show . i used to suffer from an inferiority complex , i hated leaving the house , talking to new people and i had an overwhelming sense that people hated me . however after watching one episode of 4 non blondes my fortunes started to change . after episode 2 i started applying for new jobs , wearing fashionable clothes and i actually felt talented . when the series had finished i was running the sales department at work , banging a plethora of women and frequently won the karaoke competition down my local . if you ever have a confidence crisis and don't know where to turn then take a trip down to poundland and pick up the dvd it's only 99p .",0,1
its a gem movie if anyone who hasn't seen movie sholey he cant understand what is going on there . a thakur call men for catching a big terrorist who is like god and even police don't know abut him but these ppl do . br br biggest advantage of film is its speed u never know what is going on and the part is completed . actors are at there best of worst acting and actress is here for timepass of songs . and what u cant forget is the cool dialouge which seems to come in very long time but u cant understand them so easily try hard for that and last word i haven't seen movie complete due to a brain roast so plz tell me ditz end if it have,0,1
"i am a longtime fan of the original of this movie bella marthamostly martha , and everything that makes that movie great and enjoyable to watch is missing from this one . i miss the slow pace , the buildup of characters and their style in small gestures , the dominance of lights and moods and moves over dialog . i don't think that the story itself is enough . marthakate is more secluded , and marionick is not a clown . in most of the cases the things that makes one scene great in the original , its is not working in its copy here . the small alterations take away the tension . my opinion is that you should go and see the original . it'll worth the inconvenience of subtitles .",0,1
"as we all know hollywood enjoys changing historical events around for our enjoyment , and 44 minutes is one of those hollywoodized movies . for example the bank robbers never did go back in the bank when they started shooting at the lapd yet in the movie we see them go back inside twice ! another example is the number of lapd officers who were shot near the end of the movie , this is far from the truth ! but of course hollywood must have a good bloody ending so they add some more blood and guts . some events were combined and many of the lead actors played several different people but this is what hollywood has always done so why complain ? i guess the only sad part is that i have watched some one hour documentaries about the north hollywood shootout on tlc that were far better then this !",0,1
"i'd really , really wanted to see this movie , and waited for months to get it through our blockbuster total access account . when it showed up in our mailbox , i threw it straight into the dvd player . br br i was very sadly disappointed , which in turn made me mad . i'll give any movie a chance , even if i want to walk out of the theaterpress 'stop' . i watched it all the way through , but didn't get anything from it but frustration . br br the acting was very , very good , but that was about it . nothing is explained ; while we understand that mathieu becomes depressed and lands in a psych ward of some kind , we're never given insight to his 'downfall' . while we understand that he and cedric break up , again , we don't see it happen or why it happened . during an interview with mathieu's doctor , cedric reveals that he'd cheated on him once , but it was no big deal . i expected to see this in flashbacks , but nonothing . we also gets the hints that cedric was the one to bring mat to the hospitalbut again , we don't see it . br br i know some movies are a 'take it as it is' basis , but this movie honestly ticked me off . when pierre , cedric's ex shows up in the club and starts trouble , we don't see hide nor hair of him until near the end , and it took me a good chunk of time to figure out that pierre was the ex . his personality at the club and when mat finds him are entirely different . i might even be wrong saying this , it was that confusing . br br the film expects you to know everything and move along with its disjointed , outofplace and confusing pace . i can keep up with films like 'pi' , 'citizen kane' and other films that have flashbacksflashforwards left and right , but cu didn't capture and hold onto the style . at the end of 'citizen kane' , you know what's going on and discover the answer to the main mysteries . cu just leaves you hanging . it has an air of pretension in its 'we're not gonna tell you a damned thing , figure it out for yourself' presentation . it's like reading a book with the chapters switched around and pages missing . br br good acting , like i said . i liked the characters , but the whole story was just too disappointing .",0,1
"jeanhugh anglade is excellent as the teenaged boy who wants to be a whore to please the man he loves , but the rest of this film is so badacting , writing , cinematography , and everything elsethat anglade's performance is wasted . sad to see so fine an actor in such a garbage flick .",0,1
"'the fox and the child' is the new film by french director luc jacquet , who brought us the oscarwinning documentary 'march of the penguins . ' it focuses around a young girl wonderfully played by bertille nolbruneau and her blooming friendship with a fox . br br there are some truly mesmerizing moments here ; badgers mucking about , a lynx chasing the fox through a snowlittered forest ; one scene in particular when the fox is being tormented by a pack of wolves is quite intense and even frightening at times . however , there's simply not quite enough of them . br br beautifully shot ; the cinematography is dazzling . the bubbly kind of look of the film is wonderful . it's undeniably a very lush production . br br the english version is narrated by kate winslet , but what little dialogue there already is has been very poorly dubbed . the score is also far too fluffy , or at least it is for my liking ; and the screenplay , while subtle , seemingly jumps from one scenario to another , ultimately leaving me almost baffled . br br while there's a nice moral at the heart of the film , and the rather quiet performance from nolbruneau is quite lovely , the real star is the fox . those captivating moments focusing solely around our furry little friend are tremendous . however , again , there's simply not nearly enough of them . br br to keep up to date with all the latest in film , including reviews , news , discussions and more , be sure to visit www . mybluray . com . au",0,1
"sorry to disagree with you , but i found the dkc series to be quite engaging . so much so that i invested in the snes system and my own copies of the games . this is , mind you , almost ten years after the initial release of dkc 1 . the graphics were groundbreaking for their time , the first vector graphics games for home systems . the music and characters are all memorable , and the games brought myself and my girlfriend dozens of hours of entertainment . true , the second game was better than the first , and the third was perhaps lacking the 'edge' of the second installment . but all three offered different play , and i enjoy them to this day . by the way , i'm old enough to remember when there were no video games whatsoever and tvs were black and white ! .",0,1
"when i first saw a small scene of it in some announcements , i thought the show would be entertaining to watch . the little robot guy does look kinda cute . the style of animation does look sort of familiar to some classic shows . before the show aired , i studied it through some sources . there , i did became slightly dismayed . the three children tommy , gus and lola are voiced appropriately but robotboy is an exception . it would have been a lot nicer if he were to be portrayed by a young lad . one good example is robot jones , a robot character from whatever happened to robot jones ? the show isn't bad really . but the way robotboy is inappropriately portrayed is my only criticism . thus , i don't watch it much .",0,1
"from a poorly contrived plot line that makes almost no sense to bad dialogue and disjointed scenes to the ultimate downer , bad acting even peter falk can't find his way finding john christmas is better left lost . ms . bertinelli's performance is without depth or emotion as are her costars , william russ as brother hank and david cubitt as love interest noah . jennifer pisana as soccoro , the daughter of single dad noah is almost unbearable to watch let alone listen to singing . but who can blame them with material like this . michael j . murray's script is juvenile at best . br br each year at this time i search the tv guides and wait anxiously for some of the really classic christmas and inspirational holiday films to appear on the small screen . films like miracle on 34th street , ernst lubitsch's delightful the shop around the corner and , of course the 1951 version of scrooge . there's frank capra's classics it's a wonderful life and meet john doe . hey , forget the classics . what about home alone or home for the holidays with holly hunter and a great performance by robert downey jr . ? br br my present to you is by way of advice . your time would be better spent searching out these films than finding finding john christmas . merry christmas !",0,1
"this show has been performed live around the country with a wide variety of casts . i saw it first in the provincetown production the first summer it was in ptown 2001before it was , curiously enough , banned in that overwhelmingly gay resort the codes which resulted in its closing have since been amended . i saw it again later in the offbroadway , longrunning production in new york . oddly enough , the ptown production was far better than the new york onefresher , cuter , more spirited and funnierbut that was only in the 2001 showing ; subsequent attempts to clone the production bare naked lads in 2007 were definitely thirdrate . this filmed production features a los angelos production cast , and it is , as other comments have suggested , not the best . i would rate it somewhere in between the topnotch 2001 ptown production and the thirdrate bare naked lads ptown show from last summer .",0,1
"most of what has been said about the negative aspects of the film hold true . br br but . . . . if i have to sit through a movie were thebr br directorbr br director of photographybr br editorbr br can't even miss the darn microphone boom popping in and out of the movie for almost every chapter of the movie , how can i enjoy and concentrate on the story as well as believe in the darn thing when i'm reminded of the technicalities of making a movie ! ! ! ! ! ! ! br br wait for the dvd or don't bother",0,1
"it's funny , when you stop and think about it fright film fans tend to a deep and abiding affection toward those who scare the daylights out of them . the texas chainsaw massacre may give us nightmares , but who among us the faithful didn't feel a very real twinge of love for gunnar hansen in brutal massacre or for ken foree , forever and ever the resolute hero of the original dawn of the dead ? his cameo in the remake made me want to stand up and cheer as did tom savini's cameo ; i kid you not . and brian halloran and . . . well , you get my drift if not , just stand downwind . . . . these are some of the heroes of horror . to see this many of them gathered together in a single movie is almost unheard of at least to this degree , to my knowledge . if only the writers had been up to such a monumental task . maybe someone else , somewhere along the line , will try again . as long as it's not another halfhearted effort like brotherhood of blood , for instance .",0,1
"chaplin was great a silent comedian , but many silent era stars fell when the public heard their voices in the first talkies . in my opinion , chaplin's voice simply did not fit his silent characters that made him rich and famous . his career never recovered when sound came to film . contrary to most of the reviews i have read , chaplin's lifestyle and politics did not help his popularity with the average viewer who expected to be entertained by chaplin the comedian , and not spend their entertainment dollar watching chaplin's political commentary . br br despite chaplin's awards and knighthood , i would take exception to his contributions to humanity . the great dictator was made at the same time stalin's brutal dictatorship was having it's show trials , and both dictators signed the agreement that lead to invasion of poland by both dictators . wwii started in an attempt to save poland . the nazi's were defeated in 6 years , but poland disappeared as a sovereign country . this happened during the time this film was made and the investigations of hollywood by the federal government . had chaplin included joe stalin in this satire , in addition to including the italian dictator , perhaps he would have had less criticism about his politics by the politicians . the soviet's mistreatment of jews and dissidents exceeded the nazi's in time and numbers . br br judged simply as a film , many of the gags were too topical to be understood by younger viewers , who wouldn't know who goebbels , goring or mussolini were . a classic piece of art must stand the test of time . classic greek tragedy , the mona lisa and beethoven's 9th are still enjoyed centuries after their creation because they are timeless . films which rely on topical political commentary or currently popular social views usually do not outlast the generation in which they are made . but those that address issues that are common to all generations will probably live forever and receive a high rating from me . br br chaplin , as the writer , director and lead actor must take the blame for what i judge as a dated and tiresome film . br br chaplin's apologists have excused his decision to leave the country that made him rich and famous . if chaplin found the us so offensive , why didn't he return to his native land . great britian fought the nazi'with blood and money . what did switzerland contribute in the fight against the european dictators ? switzerland is like a country club that picks and chooses its members based on race and class , and cares little about people who can't join the club .",0,1
"your ability to enjoy the ashes of time may depend on our expectations before stepping into the theater . even its most strident supporters seem to agree that audiences can be split right up the middle in their appreciation of this unique film . br br unlike most hk actioners , the battle scenes are curiously kept at a distance . when they do happen , they're rendered in a jerky style in which it's difficult to make out exactly what's occurring on screen . the dramatic scenes can be extravagantly beautiful , with the of maggie cheung , brigitte lin , and a rollcall of hk's top acting talent chewing up the scenery . as with some of wong karwai's early work , the dialog could be more precise . br br in short , the ashes of time requires a forgiving attitude . released around the same time as wong karwai's spectacularly successful chungking express , it's clear that the director isn't as confident working with the elements of the martial arts film . anyone looking for tense action is likely to be disappointed . but those intrigued by the director's aesthetic will likely find this a unique experience at the very least .",0,1
"it is playing on showtime right now but is going to be released as a movie called three or has been released for 2006 . mess ups include a supposed nude body comes out of the waves with her bottoms on . you can have fun finding the others . it was a decent stranded , hungry , cold , crazy person video but that is about it . and of course what would a movie be without sex . the lady has a nice body and the men are pretty , but the story is the same as swept away or a savage is loose type with some blood . wonder if the movie studios know they made a big booboo and already released this show and now gonna release it as three . billy zane should have worn a top hair piece or shaved his head completely . juan di pace is awesome and there is a couple good sex scenes . there is a voodoo woman that loves the character di pace plays and in real life her name is di pace too . not aware of any connection but probably kin or married .",0,1
"not your typical vamp story , not bram stoker or anne rice here . a truly original vampyre story . these vampyres are genetic mutants who the sunlight don't bother . they are pure evil to . br br the film is not perfect . many of the actors are clearly amateurs . the two leads who play van helsing and rally the vampyre chick are pretty good though . the film is intensely violent which may disturb some people . also it is loaded with scientific detail that many will find hard to understand and may get bored with . i was sold on the clever storyline and the couple good performances . no telling how successful this film could be if they had a bigger budget and it got mass distribution",0,1
"tim robbins is oddly benign here , cast as a garage mechanic in 1950s new jersey who falls in love with a perky blonde who turns out to be albert einstein's niece ! although he's onscreen much of the time , robbins cancels out the innerworkings of his intense persona and fades into the background it's easy to forget he's even in the picture ! . lumpy romantic comedy with a gimmick , that being walter matthau playing einstein who does what he can with a cartoonishly conceived character . otherwise , it's sugary and sunny , directed rather drowsily by fred schepisi , who shows heart but no wit or brains . meg ryan is her usual affable self and the chemistry between she and robbins is charming , like that of an affectionate sister and her big brother . from",0,1
"this show is awesome and we have been enjoying it thoroughly . set in alaska , i don't agree with the homosexual content on tonight's show . i feel that you are pushing too hard to bring new york to alaska . its one thing to have a new yorker struggling in the alaska wild , but to try to turn the alaska town into new york ? this is a nice show about dainty women and true alaska men and to bring a same sex couple into the mix is throwing the balance way off . alaska should be portrayed as a man and new york as the woman . i think the first 9 shows have the perfect balance with what you all are doing . can't we have a nice show without the imbalance of nature .",0,1
"all in all , don't expect much and you won't be disappointed . br br and if you want to see a movie that will take you back to 1983 , this will do that for sure . the only reason i gave this movie 2 points more than it deserves is for 2 reasonsbr br 1 . michael cainebr br 2 . the people , the sights , the culture and the music of brazil br br the movie is almost completely carried by caine as he commits the seemingly impossible task of transforming it into a viable and semibelievable story . even joe bologna and valerie harper fall short . br br michael caine is pure class , as always . besides being a gifted classical and comic actor , caine brings a blend of introspection , mischievousness and sensitivity to every movie he does . . . the focus of his charm as far back as his role in alfie . . . and the reason why he won the academy award for hannah and her sisters 2 years later . in this farce , he is tenderly beguiling . . . funny and vulnerable . . . melancholy and sentimental . . . . and besides the jewel that is rio de janeiro , the only reason to not seek out a better form of entertainment . br br well . . . maybe a glimpse at the 2 lovely young actresses , michelle johnson and demi moore would be a reason . but look is all you can do at michelle though her look seems sorely dated . . . . there couldn't be a more painful movie experience than watching her try to act most of her dialogue seems overdubbed , too . demi's acting and looks hold up 100 times better and you could easily transplant her , as is , into any movie today she doesn't really look much different to be honest . ms . moore is surely underused , especially considering she was the bigger star of the 2 . br br save the fact that it is a silly farce , at the end , i actually kind of like the maturity with which all these people handle this scandalous situation . . . that it doesn't end friendships nor marriages and that an affair , even with the underage daughter of your best friend , could be forgiven and everyone can move on . the injured parties do show anger and disappointment at what transpired , but all works out for the best . . . . a bit unrealistic for sure , but surprisingly refreshing . hope always is .",0,1
"this could have been a very good film , if i had been able to watch it . the hand held camera was very bouncy . from the opening credits i was worried . several of us watching it felt very nauseous by the end . but we did stay until the end because it was such a charming and interesting film , giving some insight to the young pop culture in south africa . the black and white film did enhance the artful feeling of it . the acting seemed very authentic . some of the dialog was a little hard to understand , but a theater full of nonsouth africans seemed to find most of it funny . if you get motion sickness at all though , you may seriously consider skipping this film . it's quaint , but not worth the nausea .",0,1
"this film is another of director tim burton's attempts to capitalize on a familiar title to bring his vision' to the screen . he has done it with batman' , sleepy hollow' and now this . this is not a remake . the only thing it has in common with the original is that it has simians that can speak and charleton heston makes a cameo . burton has reconstituted the entire story , watering it down for today's mass viewership . br br the original planet of the apes was a product of its time . during the 1960's america was struggling to redefine its civilization . it was a turbulent time of soul searching and rethinking social norms . it was the civil rights era where groups long considered inferior demanded to be treated as equal . in that context , pota was allegorical , reflecting the philosophical turmoil confronting the audiences of the day . pota was an extremely intelligent film that broached difficult questions and elegantly held the oppressions of american society up to scrutiny by making the white guy justify his intelligence to a species he considered inferior . the dialectic between colonel taylor charleton heston , dr . cornelius roddy mcdowall and dr . zira kim hunter was thought provoking and intelligent with ironies both subtle and obvious . br br burton's version is as much a product of today's times as pota was of the sixties . this is apes for dummies . it is superficial and jejune , substituting politically correct platitudes for intelligent dialogue and focusing more on form than substance . the surprise' ending is utterly incongruous and contributes nothing to the film except a cliffhanger that sets up the sequel . while the ending of the original pota gracefully tied everything together in a single powerful scene , burton's ending simply mocks the audience , taunting , i know something you don't know , and you are going to have to wait for the sequel to find out . 'br br from a technical perspective , as is always the case with burton's film , the film is excellent . the makeup is fantastic and burton's camerawork is outstanding though i continue to dislike his dark look . however , thirtythree years of advancements in prosthetic makeup can not compensate for the insultingly vacuous script . br br the story has been reduced to a monster movie . the humans band together behind captain davidson mark wahlberg to fight the monstrous apes , aided and abetted by a few turncoats notably helena bonham carter as ari . the presentation is formulaic and simplistic with plenty of violence , perfect for today's fast food mentality . br br the acting is mixed . mark wahlberg is a fine actor who is simply miscast in this role . walberg is excellent at playing dark , sullen characters that are tormented but strong . this part requires an inspirational hero , a profile not in wahlberg's repertoire . helena bonham carter is a brilliant actor whose character is so far beneath her ability that the disconnect is laughable . she tries desperately to do something with the flimsy character , but her interpretation presents like a cross between a college peace demonstrator and love sick teenager . br br then there is tim roth . his is a virtuoso performance , singlehandedly saving the film from total ruin . roth is diabolically hateful as the malevolent general thade . he creates one of the most villainous and despicable bad guys i can remember in some time . additionally , his physical acting is superlative , rendering a chimpman that is such a perfect meld that one can almost believe that the species exists . br br this film is a great disappointment . it is decent entertainment , as long as you check your brain at the door . i rated it a 310 . from a technical perspective it is much better than that , perhaps a 910 . however the story is an insult to the original franchise . it is simply another attempt by burton at self adulation , using a familiar title to attract throngs to the box office so lots of people can see what a genius he is . of course it's true , but it would be great if he used that talent to produce substantial films , instead of simple minded pap formulated for mass consumption .",0,1
"well , i must say , i initially found this short to be quite average , but having watched it nearly 5 times since its constantly shown on ifc , i've developed an enjoyment of the simple plot elements and reality of the situations presented . sofia coppola contributes a solid addition to the category .",0,1
"i own this movie . and it is terribly hard to find . it is a unique low budget little gore flick about a doctor seeking the perfect companion . it has the really humourous low budget feel to it , and the gore is suprisingly good for what appears to be a 500 budget . the director is claimed to be the master of gore . i wouldn't go that far , but maybe in his time he was . overall 610 on the gore chart .",0,1
"for me this movie is essentially like a feature length pilot episode for a tv series . it reminds me particularly of the british remake of the tv series wallander , starring kenneth brannagh . people interviewed by the police are hardy , and often as bitter as the weather , the lead investigator has huge family problems , investigations invariably lead to cruelties of the distant past , and the plotting is labyrinthine with strange occurrences and subplots making sense only at the end . both have excellent cinematography . br br the plotting of jar city is extraordinarily reminiscent of a standard uk or us crime series . effectively you could take the plots of any of the episodes of touch of frost and transplant them on top of the bleak locale in this movie and have an effective sequel . br br really the script couldn't be more obviously from the cookie cutter . you get even the most familiar of motifs , such as the police going to the local prison to interview a manipulative and dangerous psychopath , who inevitably explodes at the end of the interview . br br i'm absolutely convinced that this is scones and jam for many folk , but i feel it needs pointing out to people like myself who do not go to the cinema to watch television . what i felt a keen lack of was message . the movie takes as its theme the genetic studies in iceland . icelanders in genetic terms have remained largely isolated from the outside world , presenting a great opportunity for scientists to study their genetics . lots of information concerning the heredity of the population has been kept , and many genetic diseases unique to iceland can be traced effectively in a population that has refrained from interbreeding , and is remarkably genetically homogeneous it's like trying to put together a jigsaw puzzle of the london underground map , instead of a jigsaw puzzle of a field of daisies . a company called decode genetics attempted to set up a database carrying all the genetic and hereditary information for the entire population of iceland . due to privacy concerns this project was terminated , and at the end of last year decode genetics went bankrupt in iceland . the episode is a rich topic for debate . br br but in this movie genetics and medical science are not there for education's sake , they're there for weird atmosphere . br br it's a grisly movie if you are interested in that , and there's often a morbid focus on food to accompany events , like a coroner who eats lunch in between incisions . the most queasy for me was when the lead inspector devours a sheep's head . unfortunately for me this occasionally became farcical . the movie attempts the rather delicate task of mixing the grisly with the sentimental , and ended up providing unintentional humour towards the end . this is the equivalent , in cinematic terms , of attempting to prepare fugu , if you're not wellqualified , deft of hand and sharp of eye , you poison the client . this rather novice director should have lowered the tariff on his performance . br br i walked out of this movie feeling rather bad about myself and about life in general .",0,1
"in need of work , straight man bud abbott as jack and comic partner lou costello as dinkel get the latter a job babysitting selfdescribed problem child david stollery as donald . young stollery winds up reading mr . costello's favorite novel see if you can guess the title , which puts costello to sleep , dreaming he and mr . abbott are reliving the story of jack and the beanstalk you guessed it . br br the sepiatone switches to color for the bulk of the production . apparently , this was an attempt at something different for the duo , a colorful children's fantasy . it fails , but this is where you get to see abbott costello in color , silent film superstar william farnum as the king make his last performance a bit part , boxer max baer's brother buddy , and stollery before disney's spin and marty . br br jack and the beanstalk 4452 jean yarbrough lou costello , bud abbott , buddy baer , william farnum",0,1
"when this play was first shown by the bbc over 30 years ago , it would have been something quite different for the time . so therefor some people would have found it quite scary , and may well have been impressed with the special effects ? br br looking at the play in this day and age , it doesn't seem to be all that scary anymore , even the special effects can leave a lot to be desired . br br would a train really be allowed to pass a red light into a dark tunnel ? i don't think so . . . . . . but if you watch this play again , you will observe that the first train that enters the tunnel , rushes straight through the red light ! maybe that's how it was in dickens time ? br br you will also notice that the footpath that leads down to the signal box is very steep and in a poor state . surely there would have been a series of proper steps with handrails for the signalman to climb up or down into the cutting . i can't help but notice things like thatbr br i will not take anything away from the acting , both denholm elliott signalman and bernard lloyd the traveller gave wonderful performances . br br i am not at all sure what is going on . . . . . . i mean was the ghost the traveller , or what ? ? ? does anyone really fully understand this rather confusing story ? ? ? well maybe i am the only one that don't ? ? ? br br to sum up . . . . . br br the play has a wonderful atmosphere throughout , with great character . it suffers from not being that scary these days , and a little if not very confusing in places , and has some rather unusual signalling practises . . . . br br thanks for reading my review .",0,1
"although the flock has some pretty good acting by veteran richard gere , and some okay shots that might harken some back to the silence of the lambs days , the movie stretches credibility to the breaking point and destroys itself against a plot that really leads nowhere . br br the film is about erroll babbage gere who works for the department of safety and is preparing to retire . his office thrusts upon him his replacement , allison lowry claire danes , stardust , who quickly discovers that babbage is obsessed with his job . and that job ain't very fun . he monitors hundreds of sexual offenders who are on parole in his jurisdiction . allison goes with erroll on many calls to check up on his flock of offenders and learns that he is in desperate need of retirement . but erroll is good at his job even if his methods aren't . he taunts sexual predators and even has physical conflicts with them . erroll justifies his actions by bringing up these deviants' pasts . it is this good justification that challenges the audience on some level , letting us see how brutal erroll is and yet how outoftouch he's become by being too close to his job . br br when a teenage girl goes missing in erroll's area , he immediate leaps to the conclusion that she was abducted by one of his flock . but how could he know ? is erroll that good at his job ? allison challenges him and erroll pushes back . their battles become as fierce as erroll's need to find this missing girl . br br although the setup for the story was okay , it didn't have any umpf ! i will give credit to richard gere , however , who plays the erroll character very well . battling retirement . worried about everyone who's near his flock . disgusted with those he's responsible for overseeing . disgusted with himself for having to do some of things he does . quite a change in character portrayal for gere . but beyond him there's not much else . some of the sets are okay dark and dangerous but there are so many other problems as to be laughable . br br i'll be the first to admit that suspending disbelief is a requirement whenever watching films . but that suspension has limits . the biggest push against those limits is the destruction of extremely vital crime scenes . someone as meticulous as erroll would know that moving a body would be a huge nono . or trampling through a crime scene . or moving evidence . it went beyond and hurt the film to no end . br br the other damaging part of this film is that we never get into clair danes' character , allison . she's almost dropped by the wayside at the end of the film and we're never privy to what her intension might be will she stay or leave ? will she end up like erroll if she does stay ? this isn't a horrible film as it does touch on some uncomfortable moral ground , but the story as a whole needed to be tightened up .",0,1
"this is the least scary film i have ever seen . how the blob manages to eat anyone is the biggest mystery of the film . the blob moves so slowly that an o . a . p in a zimmerframe could escape it . the blob has a large slice of luck coming across a typical horror film woman who instead of running away stands still for half an hour so that she can be eaten . if you havent seen this film i recommend you do , its far too funny to be taken seriously .",0,1
"the comparison is perhaps unfair , but inevitable . those attracted to the intimacy and depth of umbrellas will be slightly horrified to discover a cutandpaste musical in the american style awkward , stilted dialogue with inexplicable songanddance numbers . gene kelly's french accent was apparently so poor , that a dreadful job of dubbing was substituted as you'll remember , the dubbing was almost perfectly pulled off in umbrellas . the translation of the french for subtitled versions , as well , leaves something to be desired , although this can't be attributed to demy . the film also has several selfaware moments that come off a wee disconcerting , such as references in songs to legrand himself . and the costumes well , the tight pantswhite boots combination , and the freakishly unnatural colors , reminds one of an austin powers film . . . br br but demy does reward the viewer with allusions to umbrellas ; note , for instance , the suitcase carried by maxence in his departure from rochefort this is the same suitcase carried by guy in his departure from cherbourg . also , note the convenient brunette of resolution madeleine in umbrellas , and josette in young girls . br br generally speaking , those expecting the natural feel of umbrellas save the floating bicycle scene , or looking for similar deeper questions and ambiguous endings as in umbrella's script , should probably pass this one b y . those looking for a french version of a thin '60s american musical will be quite happy .",0,1
"this is a good blueprint for a study of corporate power and the dichotomoy between required public life and the need for privacy . robert taylor has been primed by corporate head burl ives as a surrogate son to replace him as head of the corporation . he sends him to england to negotiate a deal , where taylor is both taken aback by the ethics and morality of the men he is dealing with and manages to fall in love with a refugee while he's at it . he comes back emtpy handed , having done his duty but having told the truth to the english about his motives . he attempts to marry the refugee rather than the boss's niece and so begins an attempt by ives to discredit the refugee as a suitable wife for a corporate executive . it could have been gritter , nastier and less romantic the amount of time spent on the romance skews the film away from the points it's trying to make about corporate ethics . br br somehow the costume design was nominated undeservedly for an oscar it's all business suits and the two women in the film dress conservatively studio politics at work yet again , no doubt . br br what is stiking however is the black and white cinemascope cinematography which is excellent this if anything deserved the oscar nom . it was mgm's first 'scope film in bw . br br not as good as it could have been but not terrible either .",0,1
"i don't really know why so many persons love this movie maybe it's funny , ok , but it has totally ruined one of the best novels ever written . as the author himself said , this movie has betrayed the book not only the story is violently cut to about 13 , but all the symbols , all the complexity , everything is lost in a very 80'sfashioned fantasyadventure film for kids . today we have effects , directors , a new attention to books i hope that someone tim burton , peter jackson , hayao miyazaki . . . someday will direct the real neverending story . a great dead writer , a wonderful book and many literature lovers deserve it .",0,1
story of an exnavy seal who is now a combat medical officer assigned to a state of the art russian sub with a nurse . this is to answer a call for help set off by a dying member of the original crew . the sub has been overtaken by terrorists who are bent on destruction . so we see the duo try and gain control back . and this happens with the fear of the us naval forces is about to unleashing everything it has got on the terrorist sub to prevent it from launching its arsenal . be careful of the early explicit sexual scene in the first quarter of the movie . a couple of unexplained scenes towards the end . watch it when you have the time . nothing to miss out even if you let the show run while you go get yourself a cup of coffee slow moving .,0,1
"as someone who loves baseball history , especially the early 20th century in which cobb was a main figure , along with a ton of colorful characters , i was looking forward to seeing this baseball film . well , it wasn't a baseball film , which was disappointing . no , it was just a sportswriter's account of being with cobb in the ballplayer's later years while the two collaborated on a book . even at that , this could have been a more appealing movie than they made it . br br granted cobb was anything but a nice guy , an extremely talented player but brutal in that he would do anything to beat you . . . . and he was viscous , intimidating and had a lot of demons to fight . he was so hated his own teammates tried to hinder his chances of winning a batting title one year . nonetheless , this an overthetop portrayal of the man . it makes him into something almost cartoonlike . br br watching and listening to an old man rant , rave and profane for two hours is entertainment ? no , it isn't . some day , i'd love to see a real biopic of cobb showing him in his ballplaying days and if they want to portray him as an evil guy , so be it , but the way they did it here with just a bitter , blasphemous old man making an ass of himself in front of a reporter is not fun to watch .",0,1
"i have read several reviews that ask the question , why was this film made ? i myself found that question looming in my mind as the hour and twenty minute feature seemed to drag near the middle , only to give off the sensation that it was picking up steam at the end , when in actuality it was doing nothing of the sort . so , why was this film made ? i think that is a great question for those watching heftig og begeistret to ask themselves . this reviewer is proud of director knut erik jensen for giving us this powerful image of hope , brotherhood , and inspiration with this all male choir , but i do not think that jensen did enough to bring a gripping story to the table . let me pose this question to you , do audience members need more in a documentary than just a straight forward story to maintain interest ? my answer is yes , and this is where jensen failed . heftig og begeistret was a good documentary , but it was far from great . jensen did a horrible job with the story and dedication of the subjects . it was great to hear the songs , but over time , those songs seemed dull , overwhelming , and a bit precocious . from the opening scene where our men are singing their hearts out in a blinding snow , i knew that i was hooked , but as the film developed i lost interest . why ? jensen never took us , the audience members , to the next level . he kept the playing field level and ultimately hurt the overall tone of the film . was this a movie about the music or about the men in the choir ? the world may never know . br br again , i would like to state that jensen did a phenomenal job of finding an interesting story about this group of men who have definitely seen hard times and how they coped with that through music , but it was as if the all male choir were a bunch of the most boring men ever created . jensen gave us the music superbly , but it was the characters , the subjects , that i knew nothing about by the end of the film . in the mix we had a 97 year old man who still had his driver's license , we had a large man in a tub singing classic american songs , we had old men who were once heartthrobs in their youth , we had some tension between the youth of the choir and the veteran singers , and we even had an exdrug addict that had only been clean for eleven years . did jensen develop these interesting stories at all ? nope , he left them on the table . it was obvious that these singers were willing to talk further about it see the political man who missed his political days , but jensen seemed to clear away from those heartfelt moments and head straight back into interesting places that he could have the choir sing . to me , the music was defined at the beginning of the film , i wanted to be introduced and hear the stories of these individual men . they were all captivating , yet jensen seemed to ignore them completely . br br by ignoring the major subjects of this documentary , jensen became unsuccessful in creating any sort of tension towards the end . without giving the ending away , i felt like jensen was coloring in the lines . instead of being bold outside the lines , he chose to create no moment of sympathy , emotion , nervousness , or sadness . jensen took our subjects from point a to point b to point c without asking us to become involved in any way shape or form . i can see how national sentiment had made this film into a huge success in norway , but for everyone else watching i . e . me more was necessarily needed . i wanted to feel for these guys . i wanted to know if they were going to do well as they traveled , or just find themselves loved in their own city . there was no story , mostly in part to no development of the subjects . when you watch modern documentaries oddly , this film was made in 2001 , you want it to play out similar to any hollywood feature film . you want suspense , realism , and drama , alas , with heftig og begeistret you get nothing of the sort . br br overall , i must ask the question again , why was this film made ? my final answer alex , is that jensen wanted to show how troubling times and a changing economy can still produce happiness in even the coldest places of earth . i think that jensen wanted to show human dedication and how something as simple as singing can unite a population . with that said , jensen demonstrated that perfectly in this film , but he did not create a good documentary . when you make a film of this nature , i feel that you must look within the group , examine the choir participants and hear each one of their stories to bring about an ending that will grip your heart . the only thing that this film gripped was my attention span as it attempted to leave the room at rocket speed . again , i do not want to sound negative about this film because the music was excellent and the men singing did bring about a feeling of honesty , but i needed more . with documentaries becoming a bigger staple of the film community , one expects a bit more than what heftig og begeistret handed to us . i want to see reality and people , not just another song and dance routine ! br br grade out of",0,1
"this is pretty funny . saturday the 12th , a ? . . . great work . . . i laughed every minute of the movie . . . this is like scary movie for the 1980's . great student bodiesstyled gags . . . br br too bad this isn't on video . . . but you can still watch it on flix . . .",0,1
"this film is just another distortion , among many distortions , on the socalled 'sins of consumerism' . please note that 'reverend billy' , an actor bill talen , is nothing more than a bureaucrat against the 'sins of consumerism' . we might want to ask are questions , like what does 'reverend billy' do for a living ? how does he make his money ? does he make his living off his 'taxdeductible' organization ? how does the internal revenue justify this as a 'taxdeductible' church or organization ? br br everyone knows that christmas is commercialized , but it affords one day out of a whole year in which people have an opportunity to be charitable , and allows a significant number of people to spend time with their families , friends , or extended families . everyone is not charitable . everyone does not spend time with their families , friends , or extended families . but , holidays and vacation time give people that chance and opportunity . yes , america does have more than its share of problemsbut , with perseverance , americans have and always make it through great difficulties . and , even in times of strife , america has proved itself to be the greatest country in the world . that happens when americans pull together and unite , rather than to separate and divide . yes , there are problems with corporations and monopolies , but it will take americans to bring back the small businesses , along with the ethics to responsibly care for people living in our individual communities . yes , globalization has brought us its share of problems , but it will take americans to bring production back to america . americans and the u . s . government need to learn how to stay on a budget , no matter how large or small it may be , and we must stop our dependence on credit . our overreliance on credit will make , and keep us poor , from the cradle to the grave . it is important to buybut , if we buy less , we will rely less on credit . and , if we are able to save , even a small amount of money , we will have money for a rainy day . not to say that , as americans , we will gain an equal share of wealth . wealth is not guaranteed , and has never been guaranteed . but , stratification teaches us that only a small percentage of americans hold most of america's wealth . there is a good proximity that you or i can reach the level of the upper , middle class . and , who knows what can happen from there ? ! ? be positive , work hardand , at the very least , you and i will be able to reach at least some if not all of our dreams . in life , nothing is guaranteed , but we always have that something to reach for . and , if you or i don't have dreams , we might as well be dead . in america , there is always room for plenty of hopes and dreams . as individuals , we are a part of the pack , but we always can become the leader of the pack . br br it has always been my experience that churches and religion do offer nothing more than additional distortions , but i pay dignity and give respect to people with other beliefs , values , and perspectives . but , as far as the distortions expressed , within this film , i do not have any faith in such beliefs , values , and perspectives . i rank this film with a 1 out of 10but , in all honesty and truth , this film deserves a zero . this film has no integrity , and i cannot recommend it .",0,1
"i saw this movie last year in media class and i have to say i really hated it . i was in year 10 and aged 15 so that may have has something to do with it . but for english this year , year 11 , we had to read animal farm , also by george orwell . aside from the fact that the book is based on the revolution , my opinion is that it is a terrible book , and i also hated it . br br but 1984 , i think it was the most disturbing movie i have ever seen , and i think that george orwell is one of the most deranged people ever to live on this planet . i'm sorry to everyone who loved his work , but i unfortunately did not . the themes in the movie were well portrayed , but the way the whole movie was set and the events that took place within it were not to my standards . this is only my opinion , and i'm sure many many other people thoroughly enjoyed this film .",0,1
"renown writer mark redfield as edgar allen poe tries to conquer old addictions and start a new life for himself , as a baltimore , maryland magazine publisher . however , blackouts , delirium , and rejection threaten to thwart his efforts . he would also like to rekindle romance with an old sweetheart , a significantly flawed prospect , as things turns out . mr . redfield also directed this dramatization of the mysterious last days of edgar allen poe . redfield employs a lot of black and white , color , and trick photography to create mood . kevin g . shinnick as dr . john moran performs well , relatively speaking . it's not enough .",0,1
"lord alan cunninghamantonio de teffis a nutjobseen early on trying to escape an insane asylum , with this castle slowly succumbing to ruin , likes to kill various hookers who resemble his deceased wife evelyn , a woman who betrayed him for another man , with those red locks . this nutcase is quite wealthy and his bachelor status can be quite alluring . he , however , is overrun by his obsession with his late wife's memoryspecifically her adultery . . he saw her naked with the lover . while the memory of evelyn is almost devouring his whole existence , alan tries his best to find true love and believes he has with gladysmarina malfatti , who spends most of the film naked . . that's probably her lone attribute since she isn't a very good actress , who agrees to marry him after a very short courtship which should probably throw up flags right awaythere's a key moment of dialogue where she knows exactly to the very amount what he is worth . br br the only real person alan can confide in is his doctor from the hospital , dr . richard timberlanegiacomo rossistuart . there are other key characters in this film that revolve around alan . alan's cousin , georgerod murdock , seems to be quite a good friend who often supplies him victims . . i mean dates , while holding onto hope of getting his lord's estate some day . albertroberto maldera , evelyn's brother , is a witness to alan's slaughter and , instead of turning him into the police , squeezes him for cash . aunt agathajoan c davis , wheelchair bound , lives at the castle estate and is often seen snooping around behind cracked doors . we later find that she is having a love affair with albert . br br all that is described above services the rest of the story which shows what appears to be the ghost of evelyn haunting alan , someone is killing off members of the cast family that revolve around alan , and the body of evelyn is indeed missing . br br the ultimate question is who is committing the crimes after alan and gladys are married , where is evelyn's body , and will alan go over the edge ? i have to be honest and say i just didn't really care much for this film . it's badly uneven and the pacing is all over the place . it looks great on the new dvd and the rising from the grave sequence is cool , but what really hurts the film in my mind is that the entire cast is unlikable . you really have a hard time caring for alan because he is a psychotic who is skating on thin ice in regards to holding his sanity . he can be quite volatile . who commits the crime really isn't that great a surprise for after several key characters are murdered off , there aren't but a choice few who could be doing it . what happens to alan doesn't really make your throat gulp because you can make the argument he's just getting what he deserves . those behind the whole scheme of the film in regards to alan , as i pointed out before , aren't that shocking because if you are just slightly aware of certain circumstances . . or advantages they'd havethat would benefit them with the collapse of alan's sanity , then everything just comes off less than stellar . i thought the editing was choppy and unexciting , but the acting from the entire cast is really below par . some stylistics help and there is a sniff of gothic atmosphere in the graveyard sequences to help it some .",0,1
"wow . . . i just watched this movie . . . american people have this stereotypical view towards hindi films such as , all indian films have dances , songs and a love story . . . . its pathetic how far away from the truth that is . this film simply exposes the stereotypical western view of hindi films . horrible acting , horrible direction , horrible cinematography . and all this by a hollywood director . most indian films today are much more content driven , realistic , touching and meaningful than this piece of crap . indian cinema not just hindi also cover a variety of different subjects . just like most other hollywood films these days , this shows a very stereotypical view of of another country , where truth is thrown out the window . this is a highly not recommended movie . instead watch good hindi films like black friday , eklavya , omkara , khakee , awarapan , gangster , don , zakhm , dor , sholay , mother india , lagaan . . . those films are what real indian cinema are all about .",0,1
"this is a pale imitation of the die hard franchise that just sucks . the low ambitions of the movie are clearly on display when the terrorists hold the vicepresident hostage and he has to call the white house to beg them to transfer some money . in most movies of this genre the president is kidnapped or held hostage because after all he or she is the most powerful person in the country with finger on the nuclear button etc etc . would most americans have really been worried if dick cheney had been kidnapped ? the honest answer is probably not . why the terrorists would choose a stanley cup final to carry out their operation and why , despite many explosions around them , the audience inside the hockey stadium is oblivious to the situation , are unanswerable questions . let's just say this film is really hokey , not hockey . those who liked the film and found it to be exciting should get a life .",0,1
"just watched on ubuweb this early experimental short film directed by william vance and orson welles . yes , you read that right , orson welles ! years before he gained fame for radio's the war of the worlds and his feature debut citizen kane , welles was a 19yearold just finding his muse . besides vance and welles , another player here was one virginia nicholson , who would become orson's first wife . she plays a woman who keeps sitting on something that rocks back and forth courtesy of an africanamerican servant paul edgerton in blackface . during this time a man welles keeps passing her by courtesy of the scene constantly repeating . i won't reveal any more except to say how interesting the silent images were as they jumpcut constantly . that's not to say this was any good but it was fascinating to watch even with the guitar score by larry morotta added in the 2005 print i watched . worth a look for welles enthusiasts and anyone with a taste of the avantgarde .",0,1
i have a feeling that dr . dolittle was intended for an audience composed entirely of children . i think i would have had a better time if i sat at home and watched a sitcom . my favorite characters in the movie were the pet hamster and the two alley mice .,0,1
"well what i can say about this movie is that it's great to see so many asian faces . what i didn't like about the film was that it was full of stereotypes of what typical racial characters would do in their role . the asian girl without confidence who has to play someone else to get ahead , the white guy infatuated with asian culture and chooses to leave his white world behind for the land of yellow and the keeping it real black cab driver . plus all the coke , shanghai tang and dunkin donuts product placement was a bit too obvious . the story plot itself was fun but pretty much how i thought the story would unravel . then again when watching romantic comedies you can't expect much but then again i would have been wanted to just be surprised at least once . the parents are the best part of the flick .",0,1
"a hard to find film which coasts on the still pervasive mythology of senator joe mccarthy as a political demon king . boyle as joe gives a compelling but historically inaccurate portrayal of the wisconsin senator , the caricature mccarthy many take as the real one . meredith , as wily army lawyer joseph welch , who outsmarted mccarthy at the army hearings in 1954 , is very good , as always . br br in fact , mccarthy and cohn were quite right in worrying about the appalling security situation in the army , and the 1954 army hearings became enmeshed in the smokescreen used by the army to deflect the investigation away from their security failings , which the committee were investigating , by countercharging that mccarthy and cohn were trying to get favours for their staffer , david schine , whilst in the service . br br the film is self satisfied agenda driven polemic , based in the pervasive myths which have passed for the truth with many people for decadesthat the red scare was essentially phony and mccarthy , huac etc were always blasting away at the wrong targets , being no more than lying , career ruining publicity hounds , who were trampling over the constitutional rights of startled innocent liberals , who were accused of being security riskscommunists . br br people who know little about the matter still feel confident in repeating misinformation on mccarthy and the red scare to this dayclooney's murrow hagiography is an example . the misinformation is pervasive , no wonder people have swallowed it . a recent obit of budd schulberg in the serious left wing uk newspaper the guardian headlined that the hollywood writer named names to mccarthy perpetuating the lie that mccarthy investigated hollywood as head of huacthe truth being that mccarthy was never even a member of huac and he had little interest in the politics of hollywood typeshis investigations were confined almost exclusively to arms of the us government . br br the mythology about the red scare being baseless is now completely exploded by recently opened soviet and us government documents , if anything mccarthy and co underestimated the sheer scale of soviet and fellow traveller infiltration in the us , but decades of public misinformation about this period will be hard to correct . br br one day maybe some really brave hollywood soul will make a movie telling the truth about how many american men and women clandestinely aided the mass murderer stalin , and worked to impose his vicious system of government on the western world , giving an accurate account maybe of joe mccarthy's careerbut i won't hold my breath . till then , we have this mythical , drunken lying scoundrel of popular imagination so familiar in the media . . . . tail gunner joe .",0,1
"the thing that stands out in my mind in this film sadly is the introduction , where john berlin andy garcia is driving into town . you see his mercedes pass on a winding road through a forest that looks like its loaded with redwood trees . it's quite beautiful . br br as to andy garcia playing a character with the last name of berlin , well . . . andy is just too hispaniclatin for it to be passable . maybe a caucasian father married his spanish mother for this story ? who knows . but i can tell you that when you put him in a town of farm folks and hicks , he stands out like a sore thumb , especially with his accent that flares up when he gets angry . yeah , i know , big deal right ? he's still a good actor . br br the title concerns a serial killer who nicknames his victims jennifer . all of the victims are blind and he dismembers them . the killer has taken a hiatus but suddenly resurfaces when a blind witness don't ask appears , helena robertson uma thurman . thurman does a good job of playing a blind person , to my surprise . when i saw lance henriksen playing sgt . freddy ross i got worried . henriksen's played in some pretty strange films , especially of late . i still can't forget him in the bloodbath movie , pumpkinhead . br br berlin movies into a small town from l . a . as a detective . he begins investigating the jennifer murders after finding body parts in the local landfill . his brilliance in discovering one of the victims was blind seemed farfetched . so did the irony of spoiler freddy's murder , with the recording and name similarities . i got very confused as to the logic of how there came to be eight jennifers . and the motive of the killer as simply deranged didn't pack much of a punch . in retrospect , this film is probably more true to life in showing an unsuspecting individual as capable of murder simply because they became a little wacko over time or maybe were born looney toons . br br john malkovich does a stupendous job in his interrogation of garcia ! albeit no cop would legally be allowed to press someone that hard and egg them on without rightfully get knocked out . as to the ending , it is a bit of a surprise , but is highly arguable , much like sgt . ross' murder . the killer chooses to walk after his running victim , opting instead to frolick i guess . br br and there are so many opportunities he has in killing her that it's ridiculous . i won't ruin the very end because despite it's shakiness , it's a good surprise . afterward though , you'll probably say , as i did , boy was she lucky ! 410",0,1
"since i'm from norway one of the top ten or so richest countries in the world , it was much fun to watch how we use trucks from the 50ies and live in cottages from the medieval times . and since we have very strict laws when it comes to handguns , it was fun to see how much guns there actually were in norway during the five minutes of the shooting there . mr . directtovideo even managed to bring his silencer on short notice , so he must have powerful friends in the customs . br br please do at least some research before going to an exotic country , dudes you may hurt the feelings of old fans . br br sverre old fan with hurt feelings .",0,1
"i very much looked forward to this movie . its a good family movie ; however , if michael landon jr . 's editing team did a better job of editing , the movie would be much better . too many scenes out of context . i do hope there is another movie from the series , they're all very good . but , if another one is made , i beg them to take better care at editing . this story was all over the place and didn't seem to have a center . which is unfortunate because the other movies of the series were great . i enjoy the story of willie and missy ; they're both great role models . plus , the romantic side of the viewers always enjoy a good love story .",0,1
"despite its stereotypes , virtually 'noname' cast and an obviously low budget i thought this film was alright ; much better than i expected it to be . i was skeptical at first the idea of a computer virus that can also infect people seemed a little ludicrous to me . but in the end , i thought the film handled the concept well even if some scenes were a little clichd . br br the cast was quite good , and the two leads seemed to take their roles very seriously . i couldn't help thinking , though , that janine turner is a bit of a geena davis lookalike . maybe it's just her face or the makeup , hair and clothes she had in this movie but it just kept nagging at the back of my mind the whole time . br br while it's not a 'must see' or a great film by any standard , 'fatal error' is an entertaining flick that will keep you watching until the end .",0,1
"seven pioneer kids strive independently across many miles of indian territory and harsh weather to reach oregon . br br according to history , young'uns who traveled by themselves through long distances of land such as with the 'children's crusade' were manipulated and exploited by being abused and sold into slavery , but these kids are pretty tough and they try their best to prevail in accomplishing their goal of making a homestead out west . film is a little too syrupy at times , but ok for fans of 'the waltons' and 'little house on the prairie' . br br dean smith gives a cool performance as 'kit carson' .",0,1
"guy de maupassant was a novelist who wrote a novel about a man , a poor man , without any moral qualities . he only wanted to success in a society where all the people , the politic men , the businessmen , the journalists , the women are corrupt . the only king is money . the maupassant hero , charles forestier is going higher and higher in the society scale thanks to his seduction poser . he is in love with all the women who could help him in his action to climb the society stapes . at the end of the novel , he married himself with the biggest daily paper owner's daughter , in the greatest church of paris la madeleine . le tout paris is there . he has a fortune and more , he will become a member of parliament and later a minister . the useless women are out of his view , but he is always keeping in touch with the pretty and the usefull women . the picture the private affairs of bel ami is a story of morality . it is everything , but not a story in the maupassant idea . why had they put bel ami in its title ?",0,1
"beloved tale of hero benji higgins the dog who is many different things to many different people . in his busy day benji grabs breakfast at the house of two young children , has a chat with an officer of the law , chases an old lady's cat and reminds an aging caf owner to start on the day's special . helper to some , amusement to others , he is companion to all . br br trouble arises when his young friends are kidnapped and taken to the abandoned mansion that he calls home . from here on we know only benji can save the day . br br plot is routine from writerproducerdirector joe camp , and he does tend to over do the slow motion effects . audiences though will find it hard to resist the lovable little pooch , and kids of all ages are sure to adore him . cast were never going to be anything but background to benji . br br not what you'd call inspired , but fun family fare . academy award nominee for benji's theme , i feel love . br br saturday , july 13 , 1996 video",0,1
"jason priestly stars as 'breakfast' , a psychotic jewelry store thief whose grip on reality is frighteningly precarious , according to the dvd sleeve , with his accomplice 'panda' bernie coulson , the duo make off with a carload of cash , a result of a tipoff from beautiful cashier 'ziggy' laura harris . her reward to hitch a ride with the outofcontrol duo so that she can meet her longlost father francis stephen mchattie . but he's on a suicidal quest to even a score with his former boss louis gossett , jr . and has the cops hot on his trail . rage , murder and revenge are about to collide ! stay out of their way ! br br the highwayman 42800 keoni waxman jason priestly , laura harris , stephen mchattie",0,1
"the fine cast cannot uplift this routine tale of a secretary murdered by her married paramour . in fact there are more questions than answers in this onesided tale of romance and murder ; and since we are only provided with the prosecution's side , none of these questions will be answered . this is the type of fare that appeals to the he woman , man hater clubs of america . as presented , it is the tale of an innocent woman who just happens to be caught up in a romance with a married , highprofile attorney . is it possible that if , she had not been two timing her boy friend and having an affair with a married man , the whole nasty murderous , sordid incident could have been avoided ? when you watch this , don't worry about going to the 'fridge , you won't miss anything .",0,1
"this is an action western . james steart leads an all star cast in the scenic northwest , which is filmed in great splendor . the scenery and costumes are great . there is action and adventure . stewart plays a wealthy cattleman who runs afoul of a crooked government in the old nothwest . br br the main drawback is the stereotypical cynic that hollywood has always made into a hero . even when this movie was made , the cynic was the stereotypical hero , and the one stewart portrays really has few saving graces . he is kind to his two partners , and that does give him an extra dimension of credibility and likability . br br however , he is so piggish to everyone else , it is hard to really care for him , or to accept him . he is much like the one dimensional spaghetti western characters cut not that bad . br br still , the minor characters are quite enjoyable . walter brennan , royal dano , harry morgan , and others make this worth watching .",0,1
"when marlene dietrich was labeled box office poison in 1938 one of a handful of actresses so named by the trades papers , it was films like the garden of allah . how a film could be so breathtakingly beautiful to behold and be so insipidly dull is beyond me . also how marlene if she was trying to expand her range and not play a sexpot got stuck with such an old fashioned story is beyond me . br br the garden of allah , one of the very first films in modern technicolor was a novel set at the turn of the last century by robert hitchens who then collaborated on a play adaption with mary anderson that ran for 241 performances in 191112 . it then got two silent screen adaptions . the story is about a monk who runs away from the monastery out in french tunisia to see some of what he's missed in the world . he runs into a similarly sheltered woman who was unmarried and spent her prime years caring for a sick parent . she's traveling now in the desert and the two meet on a train . br br the woman is of course marlene and the runaway monk is charles boyer . i'm not sure what was in david o . selznick's mind in filming this story . someone like ingrid bergman might have made it palatable for the audience . but you can bet that the moviegoing public of 1936 when they plunked their money down for a ticket they expected to see marlene as a modern day salome rather than a saint with that title . the public still remembered rudolph valentino and you can bet that it was some desert romance and seduction that they were expecting . br br as for the monks you have to remember that they are self supporting in their monasteries and this particular one bottles a special wine of which boyer happens to be the one with the secret . the monastery will have to rethink it's economics if boyer leaves . the monks are a sincerely pious group , but from the head man charles waldron on down they've a right to be a little concerned with some self interest . br br anyway a whole lot of religious platitudes get said here by a pair of leads that really are not suited for the parts . most especially marlene dietrich . i would watch this film with an eye for the special color desert cinematography and forget the plot .",0,1
"the broken is part of the after dark horrorfest iii . not a slasher or filled with gore . plenty of broken glass and mirrors in this edgy thriller from france and writerdirector sean ellis . a successful radiologist gina mcvaylena headlyinters a strange world as her life seems to spiral out of control . while attending her father'srichard jenkinsbirthday party , the guests are stunned when a mirror crashes to the floor for no obvious reason . things get really strange when she witnesses a woman that is the spitting image of herself driving down a london street in a car identical to her own . gina sneaks to her doppelganger's apartment and finds a photo of herself with her father . she drives away and is involved in a head on collision . then mysteriously her boyfriend is not the same ; to be exact family and friends are not easy for her to trust . is gina beside herself ? is she in a parallel world ? her nightmares become more horrific . . . is she broken ? br br kudos if you can figure this one out . . . it won't be easy . editing couldn't be any tighter . lighting is questionable . other players melvil poupard , william armstrong , michelle duncan and ulrich thomsen .",0,1
"sure , i like short cartoons , but i didn't like this one . naturally , kids would love it . but then again , i'm not a kid anymore although i still consider myself young . br br i will not tell you anything about the story , for the simple reason there is no story . how is it possible this dragon of a cartoon was nominated for an oscar ? ! well . . . i guess it's because people in the 30's were more happy with not much than now . in the present where we live , everything must happen fast . look at the movies nowadays , and you will come to the same conclusion we live in a society that doesn't allow men to be slow . that's really a shame . i wish i lived in the 30's , because it seems so peaceful . but every time has got its ups and downs , i guess . . . br br to conclude if you like music and frogs , you'll have to see this cartoon . otherwise , don't spill your time on it .",0,1
"this rather formulaic swords and flying fists movie is a decent early display of john woo's talents . the cinematography is excellent and some of the sword work is truly remarkable . unfortunately the film labours under the burden of a dull story and a glaringly low budget check some of the setbound fight scenes if you doubt me . nonetheless , it's worth seeing , especially if you can catch in letterboxed .",0,1
"rebecca de mornay can be a fascinating beautiful actress but as for the parts she's given to play , if you cannot say something nice . . . br br de mornay portrays a woman who had terrible traumas as a child with a father she can hardly stand now that she's a grown up and has become a of course brilliant shrink . she has an affair with banderas , whom we suspect of being ouch ! how original ! a serial killer . sometimes she recalls banderas's motherinlaw tippi hedren's character in marnie . but i wouldn't count on ithitchcock died twentyfour years ago , and a lot of regents desperately try to replace him . here the director pulls out all the stops to make a thriller with an unexpected end , but that ending is so farfetched it is absolutely impossible to buy it . the movie includes the obligatory conversations with a serial killer in the silence of the lamb tradition , murders human beings and cats , split personality , and open ending in case the crowds should call for more . apparently they did not , and they were right .",0,1
"somewhere , on this site , someone wrote that to get the best version of the works of jane austen , one should simply read them . i agree with that . however , we love adaptations of great literature and the current writers' strike brings to mind that without good writers , it's hard for actors to bring their roles to life . the current version of jane austen's persuasion shows us what happens when you don't have a good foundation in a wellwritten adaptation . this version does not compare to the 1995 version with amanda root and ciaran hinds , which was well acted and kept the essence of the era and the constraints on the characters with the exception of the bizarre parade kissing in the street scene in bath . the 2007 version shows a twitty anne who seems angstridden . the other characters were not very developed which is a crime , considering how austen could paint such wonderful characters with some carefully chosen understatements . the sequence of events that made sense in the novel were completely tossed about , and mrs . smith , anne's bedridden and impoverished schoolmate is walking around in bath twittering away , as many of the characters seemed to do . the strength of character and the intelligence of captain wentworth , which caused anne to love him in the first place , didn't seem to be written into the rupert penryjones' wentworth . ciaran hinds had more substance and was able to convey so much more with a look , than pj was able to do with his poses . all in all , the 2007 version was a disappointment . it seemed to reduce the novel into a hand wringing , costumed melodrama of debatable worth . if they wanted to bring our modern emotional extravagances into austen's work , they should have done what they do with adaptations of shakespeare adapt it to the present . at least bride prejudice was taken out of the historical locational settings and was fun to watch , as was clueless . this wasn't persuasion , but they didn't know what else to call it .",0,1
"br br one would expect a movie with a famous comedian in the lead role , to be a funny movie . this is not the case here . i laughed out loud once throughout the whole movie , and that wasn't even during the final comedyscene which one would also expect to be the funniest . this is one you can watch when it comes to tv , don't spend any other money renting it .",0,1
"an obvious vanity press for julie in her first movie with blake . let's see . where do we begin . she is a traitor during a world war ; she redeems that by falling in love ; her friends who are presumably patriots because they are german citizens are expendable and must die ; and she winds up as a heroine . ok . the scenes with the drunken pilot and the buffoons who work for french intelligence can't even be described , and we won't even mention rock's romantic scenes with a female . by the way , when they visit a museum , look at his gaze i reran it on video and it's priceless . is it a farce or is it a romantic classic or is it a war movie ? i don't know and you won't either .",0,1
"renting this directtovideo film , i was not expecting an amazing piece of cinematography . not to say just because a film is in cinema it will . only very loosely following the story retold in the epic poem , this film provides a unique take on the tale of monsters and super humans . the general photography can be summarized as conflicted , with its mixture of mediaeval and postapocalyptic reminiscent of mad max . with a rock and techno soundtrack to boot , one comes away feeling a bit off . the fight scenes , though unbelievable , are entertaining , and christopher lambert possesses some of the most interesting weapon combinations i have ever seen on film , though often a tad unfathomably inefficient . the special effects used for the monster grendel are surprisingly effective and are one of the few highlights . br br christopher lambert delivers an average performance as beowulf . it will be nowhere near as memorable as highlander , but at least it wasn't as poor as fortress . the supporting cast is rather neutral . br br if you're looking for a good actionadventure story with a complex and engaging plot , i would not suggest this film . however , if you want a flick that is of little substance , full of campy battle scenes , and a somewhat predictable plot , find a copy of this .",0,1
"four eyed monsters follows the relationship of a shy , reclusive videographer and an equally estranged struggling artist , who , both living in the big apple , develop an unlikely romance with the help of an internet dating site . this in itself is not so unusual , but what is , is their method of communication . foregoing the verbal , they take to writing notes and later communicating through video . br br the film is based upon the creator's arin crumley susan buice own relationship , who besides writing and directing , take to acting as the lead characters as well . with elements of avantgarde , antiplot , and docudrama , the film scatters itself to the wind with an undecided structure nestled neatly between narcissism and selfindulgence . br br as the movie wears on , a brief separation and deterioration of their once intriguing form of communication grow old as the couple face the hardship of reality . focusing solely on inner conflict , or the woes of relationship , the film struggles through a stagnant narrative that is neither original , nor poignant . this could have been easily circumvented with the addition of subplot and external conflict , and a third act , to which there is none just a montage of melodrama that leads nowhere . br br what is even more aggravating is the film's descent from story into reality that abruptly concludes with an open ended and unsatisfying finish . this would have been all fine and dandy , but there is no question asked and no meaning to be discovered or pondered . br br on a side note , the film contains beautiful animation and a vivid and moving soundtrack , one of the more interesting aspects of the production . br br but as always , watch the film and decide for yourself .",0,1
"let freedom ring was probably made with the best of intentions , but it sends out a curious mixed message in the final product . br br the folks at a western town where the railroad is coming through are overwhelmed by the arrival of immigrant railroad workers , working on the railroad being financed by robber baron edward arnold . there are a few ranchers and farmers whose land stands in the railroad's path and these folks are dealt with summarily by arnold's hired men . one man who won't give in is lionel barrymore whose son is coming home from harvard a lawyer and ready to take up the rancher's cause . br br only nelson eddy decides the best way to fight is to go zorro on the bad guys . but other than charles butterworth no one knows he's the wasp a very interesting choice of names by the way . br br what arnold's done is used the tried and true methods of the political bosses of the east , getting the immigrants to vote . nelson's idea is simple , if the immigrants only knew the truth about what a bad guy arnold is , they'll vote with the original settlers and knock out the alien urban political machine in their midst . he kidnaps newspaper editor raymond walburn and takes him and the press to a mountain cave where some subversive newspapers are printed and distributed . br br the railroad workers are a real mixed bunch of immigrants , not the irish working west or the chinese working east as history has it . it's a real united nations working on arnold's railroad . the workers are kept in line by foreman victor mclaglen and nelson has the unenviable task of beating some sense into him like john wayne did in the quiet man . br br of all the films that starred jeanette and nelson and they certainly have come down in history as a duo , this was the worst of what they did at mgm . nelson is about to be hanged along with barrymore for crimes that are undefined at best , but certainly nothing worth being hung for . and virginia bruce who plays the nelson's girlfriend saves the day with a rendition of my country tis of thee that the immigrants join in with . in the face of a revolt by his paid for immigrant voters , arnold quite rationally packs up and leaves town to build his railroad somewhere else . br br i kid you not , that's the ending here . just what is the message , vote with the settlers and lose your jobs with arnold ? but somehow you'll get by here ? br br i do wonder some times if 20 years from after the incidents of this film take place and the town as settled into a sleepy backwater of the west while some towns where the railroad has come through that are now cities , that the good citizens of that town haven't rethought about what nelson eddy did . if they did they're probably running him out on a rail . br br nelson is of course in good voice and has a variety of concert and popular pieces to sing including a ballad to the immigrants written by sigmund romberg , where else but here . the song is a heartfelt tribute from an immigrant who did make good in his adopted country . too bad it didn't have a better venue . br br the almost platinum blonde virginia bruce i'm sure is dubbed here . and i'm sure jeanette macdonald was just as happy she wasn't accompanying nelson on this trip west .",0,1
"the honey , i shrunk the kids franchise was a huge deal and not to mention very famous . i loved honey , i shrunk the kids when i was little . it was an original story and had such an exciting plot ! the sets were so amazing and the cast seemed like they enjoyed each other's company . now honey , i blew up the kid was pretty stupid , so i think they wanted to go back to the story that everyone loved . br br basically , adam is a little more grown up now and the mom's are going on vacation to leave their husbands with their children . but when wayne's favorite item is threatened for the garbage , he wants to shrink it and keep it , but he and his brother get in the way . but when the wives come back after forgetting to give some meds to their son , they get caught in the machine as well , leaving the kids in the house alone ! br br the plot is silly , but like i said , it was just a family film that i think some might get a kick out of . the original honey , i shrunk the kids is the best , i think everyone could agree . the third one wasn't so bad , i would recommend this one at least over honey , i blew up the kid movie , it was at least a little more fun . br br 410",0,1
"this movie is not that interesting , except for the first ten minutes . the pace and editing are a perfect introduction in an ensemble piece , even better than say gosford park . then it inexplicably slows down , loses focus and starts resembling a traditional french movie only to regain focus in the end with the love relation between antoine depardieu and ccile deneuve . in the middle there are too many sidelines and loose ends in the story , several threads started are not ended . br br spoilers ahead the main story is the relation between antoine and ccile . he has been loyal to her after his relation with her many years ago , despite her remarrying and setting up home in morocco . as builder he now rebuilds his own life and recovers hers by taking the mask of ccile's marriage . having accomplished this , he is buried after a freak accident literally and becomes a comatose . he wakes only after she has burned their old picture as indication that they've reconciled with the past and can properly start their lives again together . end of spoilersbr br it remains unclear what vision this director wants us to see us because there are so many other stories here illegal immigrants want to enter europe , there are frequent radio broadcasts about the overthrow of iraq's former regime . ccile's child is bisexual and is bitten by dogs loyalty once he meets his boyfriend , whereas the girl he lives with seems to be sick of that ? . her sister is traditional islamic , and enters a relation with ccile's husband . it portrays morocco as unnecessary backward , despite all the building there is a strange colonial vision shining through that almost glorifies the past . it portrays islam as backward and prone to extremism , which may sometimes be true , but certainly not in general . in the end it can all best be described as adding some couleur locale and l'art pour l'art . br br deneuve and depardieu are great . with this material they are so familiar they are able to spin something extra in every scene lifting an eyebrow , body language , radiating pride , awkward behavior . the movie itself is disappointing and only confirming the limited role of french cinema in the world nowadays . with some notable exceptions of course .",0,1
"lois weber , self proclaimed missionary via the cinema , wrote , directed and produced other films on controversial subjects , but this may be the first to get wide viewing , thanks to tcm . this film is her indictment of abortion , but she cleverly muddles the issue by bringing in eugenics and birth control , leaving the impression that they are somehow equivalent to abortion . her talent in writing and the other cinematic skills are well displayed here , but one may be forgiven for wishing she had used them less didactically . if you have wondered what tyrone power , jr . 's famous father looked like , here is your chance . 1916 fashions and automobiles are also on display to add to the interest of this museum piece . it's enjoyable even if you don't appreciate the propaganda .",0,1
"this was my very first bollywood movie and i found it in the same way many other recent viewers did through ghost world . having done a little bit of reading up on the film industry of bollywood this week , i understand somewhat why there are seemingly unrelated musical numbers and romance and comedy in a horror film . but something for everyone doesn't always add up to a cohesive product . br br the ultragroovy musical dance number jaan pehechaan ho has captivated the world in a way it probably could not have done in 1965 . it's all over the internet now , with many folks scrambling for a good english translation . laxmi chhaya does an amazing job dancing take after take , making it all look fresh , new and fun even when any normal person would be exhausted ! she rules ! br br on the beach with miss kitty is a lightweight fun and pretty tune in total contrast to the horror plot . still , i find myself singing it in hindi a week later . i found a rough translationbr br if you want to live in this life then listen to what i say leave your sorrows behind and join the party take my advicebr br those who want to live live with laughter and singing let your hair down and relax people of this world what do you know ? come to me and i'll explainbr br whoever there is who will see me will stop worrying in this world fish swim freely here and therebr br my second favorite number in the film is the butler's dream where mehmood is entranced by miss kitty's dancing . the electric tikilike idols are just wonderfully tacky as is the entire set of this number . online , i'd seen it described as what would happen if liberace threw up ! ! way fun . br br gumnaam is not a good movie as a whole . that's why i gave it a rating of 3 . it's actually a real stinker of a film with some fun , kitschy musical numbers that have nothing really to do with the murder plot .",0,1
"richard tyler is a little boy who is scared of everything . he doesn't like riding his bike or climbing on his tree house because he knows what kind of accidents might happen to him . so one day he is riding his bike and because it is starting to rain , he decides to wait in the library until it stops raining . in there the whole story takes place . he experiences all kinds of staff and in the end he is not scared any more . but the whole story is unbelievable and even good actors like macaulay culkin could not make the story better than it is .",0,1
"i love this show . i watched every episode last year . i bought the dvds . and i tune into to watch tonight and i see for some reason you have retooled this great show . and you have taken what made it work and ruined it . you took one of the best aspects of the show away which was the 4 friends . sam , sully , lizzy and piper . i love the other characters as well , but they are good in small dozes like derek , darcy and even sully . it is like the show lost some of its family and everyone else is trying to hard to fill in . it is overdose . while things are funny in small dozes when you are exposed to it all the time it goes from funny to annoying . i was so looking forward to the return of this show . so please bring back the charm . even if you could not fit piper into the show at least bring lizzy back . but i loved those girls . they brought the fun . the show was about sam trying to live his business life and handle his personal life and friends as well . that was the charm . and that great dog as well . br br i hope the network fox forced the writers to do this and the writers did not willingly do this to the show . i will give the show a couple more episodes before i give up , but tonight's episodes were bad . i made a big deal out of the show returning tonight and had people over and i felt like a fool , because no one was laughing except 23 times . i apologized to them and said i don't know what happened . and about 10 minutes into the episode i realized they were not going to show piper or lizzy and this was no longer a must see tv comedy .",0,1
"yeh , i know you're quivering with excitement . well , the secret lives of dentists will not upset your expectations it's solidly made but essentially unimaginative , truthful but dull . it concerns the story of a married couple who happen to be dentists and who share the same practice already a recipe for trouble if it wasn't for our separate worklives , we'd all ditch our spouses out of sheer irritation . campbell scott , whose mustache and demeanor don't recall everyman so much as ned flanders from the simpsons , is the mildmannered , uberdad husband , and hope davis is the boredstiff housewife who channels her frustrations into amateur opera . one night , as dad the daughters attend one of davis' performances , he discovers that his wife is channeling her frustrations into more than just singing he witnesses his wife kissing and flirting with the director of opera . one nice touch we never see the operadirector's face . dreading the prospect of instituting the proceedings for separation , divorce , and custody hearings profitable only to the lawyers scott chooses to pretend ignorance of his wife's indiscretions . br br already , the literate among you are starting to yawn hohum , another story about the pathetic , sniveling little cuckold . but rudolph , who took the story from a jane smiley novella , hopes that the wellwornness of the material will be compensated for by a series of flashy , postmodern touches . for instance , one of scott's belligerent patients denis leary , kept relatively and blessedly in check will later become a sort of construction of the dentist's imagination , emerging as a devilontheshoulder advocate for the oldfashioned masculine virtues dump the bh ! , etc . . when not eggedon by his imaginary new buddy , scott is otherwise tormented by fantasies that include his wife engaged in a threeway with two of the male dentalassistants who work in their practice . it's not going too far to say that this movie is eyes wide shut for real people or grownups , at least . along those lines , campbell scott and hope davis are certainly recognizable human beings as compared to the glamourpuss pair of cruise and kidman . further , the script for secret lives is clearly more relevant than kubrick's . as proof , i offer the depiction of the dentists' children , particularly the youngest one who is about 3 or 4 years old , and whose main utterance is dad ! dad ! dad ! dad ! dad ! dad ! ! ! this is family life , all right , with all its charms . br br the movie would make an interesting doublebill with kramer vs . kramer , as well . one can easily trace the feminization of the american male from 1979 to 2003 . in this movie , dad is the housewife as in kramer , but he is in no way flustered by the domestic role , unlike dustin hoffman , who was too manly to make toast . here , scott gets all the plumb chores , such as wiping up the children's vomit , cooking , cleaning , taking the kids to whatever inane afterschool activity is on the docket . and all without complaint . and without directorial commentary . it's just taken for granted . br br the film has virtues , mostly having to do with verisimilitude . however , it's dragged down from greatness by its insistence on trendy distractions , which culminate in a long scene where a horrible fiveday stomach flu makes the rounds in the household . we must endure pointless fantasy sequences , initiated by the imaginary ringleader leary . whose existence , by the way , is finally reminiscent of the brad pitt character in fight club . and this finally drives home the film's other big flaw lack of originality . in this review , i realize it's been far too easy to reference many other films . granted , this film is an improvement on most of them , but still . the secret lives of dentists is worth seeing , but don't get too excited about it . not that you were all that excited , anyway . i guess .",0,1
"as soon as it hits a screen , it destroys all intelligent life forms around ! but on behalf of its producers i must say it doesn't fall into any known movie category , it deserves a brand new denomination of its own ! it's a neurological drama ! it saddens and depresses every single neuron inside a person's brain . br br it's the closest thing one will ever get to a stroke without actually suffering one . it drives you speechless , all you members go numb , your mouth falls open and remains so , and the most strange symptom of all is that you get yourself wishing to go blind and deaf . br br no small feat for such a sort of a movie . br br the only word that comes to my mind just having finished my ordeal is outrage ! ! ! ! ! !",0,1
"the strange people living in a town go about their lives . there's the licker a guy who licks everything , a dumpster diver that finds a body which he takes home to live with him , a crazy girl with a doll dressed like her , a guy who wants to cleanse girls of their wicked ways . . . offbeat in the extreme , this shot in black and white movie is better with out the color . the monochrome takes the edge off the two steps up from home movie feel . like a troma movie , this movie is fun in fits and starts but mostly its weird for weirds sake and soon becomes a crashing bore since one you see the set ups you can kind of guess where its going a lot of the timenot always but enough for it not to be fun . though i didn't see the cleansing coming . worth a shot if you've nothing else to watch and you're waiting for the next set of golden girls to come from netflix .",0,1
"here's the spoiler at the end of the movie , a little piece of you dies . you'll spend the rest of your life searching in vain for that missing piece , but it's gone , it's gone . you'll wander the streets at night peering into your neighbors' windows as they sit down for dinner . friends and family will try to pinpoint when exactly you turned into the walking dead . you'll answer their questions and concerns with a blank stare and some mumblings about a runaway testicle . when amc inevitably makes tomcats the movie of the month , a series of mysterious murders will take place in your city . you'll wake up the next morning balled up on the floor of the kitchen with a faint taste of brains in your mouth . then you'll crawl into the living room and onto the couch . you'll stare at the wall , wet yourself a little and then begin to laugh maniacally . because once your dead inside , jake busey in a thong is actually pretty damn funny .",0,1
"this belabored and sloppy spy melodrama featuring two buffoonish one idealistic , one drug addled california kids dealing secrets to the kgb never seems to get enough steam up to sustain any tension and suspense before it dies a very slow death over two hours later . john schlesinger's finished product gives the impression that he was asleep in his director's chair most of the time as the film lags and the actors sleep walk , save for the highly annoying over the top performance of sean penn . br br childhood altar boys and friends chris tim hutton and daulton penn devise a plan to sell secrets to the kgb when chris lands a job that allows him access to top secret government materials . disillusioned by what he sees as us meddling in foreign affairs the idealistic chris and the drug hungry daulton make contact with the russians and begin to funnel them classified materials . when chris decides he wants out things begin to unravel at a lackadaisical pace . br br the eighties were not kind to distinguished director john schlesinger . in the 60s and 70s he had a series of critically acclaimed films in both england and america but then came honky tonk freeway in 1981 and it marked the beginning of the end . the falcon and the snowman more or less put a lid on it . lacking the suspense of marathon man and the quality performances hoffman voight , christie , jackson , finch , olivier he had coaxed from leads in the past falcon goes in circles most of the way . br br sean penn chews scenery from start to finish in such an obnoxious fashion you find yourself encouraging his torturers to do more to him . tim hutton is governed by his limited acting chops and most of his scenes show a need for more rehearsal time . lori singer as hutton's girlfriend plays it mute most of the way with schlesinger content to film her vapid expressions . when she does emote you understand why . only david suchet as the kgb handler with a piercing eyed introspective presence and restraint acquits himself well .",0,1
"if you are under the age of 6 or 7 , then you're going to really enjoy this movie . my youngest daughter is glued to the tv when she watches it . as an adult , i can't stand it ! ! i'm all up for sequels . . . . when they have a decent storyline . but this is nowhere near up to standard . please forgive me for slating what is after all a kid's film , but when you have to sit through it nearly every day when your kids who love it so much , you'll understand why . my daughter would watch this film over and over again on the same day if we let her . br br i've given this film 4 out of 10 purely for the fact that it keeps my youngest entertained .",0,1
"well , what can you say about a barbara cartland adaptation ? br br there are some amazing actors in this oliver reed , sarah miles , christopher plummer but they clearly are clocking up the money . br br lysette anthony and marcus gilbert have appeared in two other cartland epics anthony with hugh grant who looks suitably embarrassed and gilbert with helena bonham carter . br br if you really want to see a watchable adaptation of cartland , the bonham carter one is the one to go for a hazard of hearts what a title ! ! . gilbert is the weak link in that , but bonham carter is suitably beautiful and of course can actually act , and the rest of the cast play it to the hilt with tongues firmly in cheek edward fox diana rigg",0,1
"ivan reitman is something of a savior . the most tired plots ghostbusters , evolution come to life in his skilled hands . even his occasional flop six days , seven nights show signs of life and humor that make it worth viewing . so i was disappointed that reitman could not take a fairly original plot man dumps superhero , superhero gets superpowerfueled revenge , and shape it into something enjoyable . girlfriend is an exercise in pointlessness . the onetrick pony plot is long in the tooth after the first 20 minutes . the film can't decide whether to be romantic comedy or superhero drama . the result is a film the flipflops between both , with neither aspect being very well done . uma thurman is tops , as usual , and luke wilson pulls off his role too , though his slacker antics quickly grow tired . what's even more maddening is that , in certain scenes such as when a very turned on uma knocks a headboard through a wall , you sense a witty , raucous reitman opus practically screaming to get out . but seconds later , the magic is lost , gone as quick as the superheroine whose movies disappoints in almost every way .",0,1
"threadbare horror outing has an innocent teen meg tilly , appealing as always attempting to get in good with the popular clique at school despite the fact they seem to hate her outright and letting herself be subjected to their sororitylike initiation spending the night in a creepy mausoleum . despite the complete absence of originality , this lowbudget thriller manages to come up with some decent special effects and has several good performances particularly by robin evans , oozing campy viciousness as the leader of the girls . the script isn't razor sharp , but it has enough quirks to make the proceedings somewhat bearable . from",0,1
"a lessthansubtle poke at the beliefs and teachings of the catholic church is given a darker shade of death near the end of the show . throughout the show , dark humour plays a medium through which several commonly heard rhetoric questions are asked , especially if god is so good , why does he allow evil to exist in the world ? br br diane keaton is excellent in her role as an exaggerated version though some might disagree of they stereotyped religious teacher who spouts the company line and condemns half the world to burn in hell . to celebrate her school's 25th anniversary , she invites her first students to return and perform their christmas pageant . br br however , when the quartet update their play to parody sister mary's fallacious teachings , the nun is pushed over the edge , sending the story spiralling into a chain of unhappy events . the ending finally leaves the audience with a sick feeling in their hearts . br br not recommended . go watch the play instead .",0,1
"the dvd version consists of 2 episodes , the parricide of caesar being the juncture . in addition , the language was spanish without subtitles . hence , it's hard for me to review in depth this movie because because i didn't understand what was said . br br cleopatra being an historic icon , the part is very difficult and i found that for a newcomer , leonor varela just plays fine . she is strongwilled but also a very supportive , tender soul mate . thimothy dalton as caesar is perfect and their romance is the main thing of the first episode . so , it is not really a documentary , nor a peplum but a great love story . br br after the parricide , a new lover comes marcantoine but the flavor is gone we remember always our first love . so , i found the second episode dull and their tragic fate isn't told powerfully . br br nonetheless , the production is luxurious the sets are big , tastefully decorated ; the moroccan live location exotic and the wardrobes splendid . the producers have a lot of money for sure , but they spend nothing on the special effects . they are so poor blue screens , ships , sphinx that it's funny . br br finally , i would like very much to hear it in french or english to make a definitive opinion about this two movies .",0,1
"rocketship xm should be viewed by any serious movie buff for the following reasonsbr br 1 it is one the first and the few movies not to have a happy ending . doubtless the effect was more profound in postworld war ii america than it would be today , but nonetheless the sad ending adds to the film's message . br br 2 it is also one of the first movies to deal with space travel in a serious fashion , using space as a valid setting for drama . the lack of scientific background notwithstanding , the movie stands on its own as dramatic fare . it's not so much a space drama as it is a drama set in space . br br 3 the antinuclear war message is delivered in a serious manner that is not lost in sfx involving large grasshoppers , men , or animal . the effect of martian society from nuclear devastation is starkly and frankly presented . the fact that the survivors from the expedition crash land and as such are unable to preach the lesson learned on mars adds another element of sadness to the tragic ending . br br sterno says take a ride on rocketship xm .",0,1
"harrison ford playing a playing a cop in a crime thriller . the perfect ingredients it seems for top entertainment with harrison back to his indy and han solo best , protecting a witness from ruthless and merciless murderers . how easy it is to be fooled . if the film concentrated on the main , supposed , themes of crime and suspense instead of putting up barns and shoving ice creams in peoples faces it possibly could have been more worthwhile . unbelieveably predictable with the best method of despatching of a foe is with corn .",0,1
"maureen o'hara is always beautiful and appealing . here she plays an actress terminally ill . we don't know with what . it is a bit of a precursor to love story in that respect . br br william bendix is good , as is most of the supporting cast . john payne is meant to be grieving but he seems to sleepwalking . the girl who plays the child he and o'hara adopts does her best with a contrived plot device of course ! adopt an orphan . she will live on after the passing of your wife . it's a sweet movie but it doesn't feel sincere . i was hoping to be moved . i was , by o'hara's gentle performance . but i don't like to feel manipulated .",0,1
"the film is a gross misrepresentation of orthodox lifestyle and practice . never will a jewish court enforce a divorce between childless couples . although the concept exists in jewish law , the conditions are too numerous for it to actually ever take place . childless couples do find it difficult to cope with their childlessness in a community where children are a very important part of life , but nowhere are they rejected by their community as depicted in the film . they are treated with extreme sensitivity . in fact , many great rabbis have lived their entire lives without children and never considered divorce . br br the depiction of yosef , a horrible human being , is meant to perhaps subconsciously show the behavior of a typical orthodox male . in reality , it is as typical as a violent drunkard rapist is typical of secular society . both exist in their own worlds and both are despicable . br br it is surprising that so many people form their opinions about a society based on a movie by someone who is personally biased against a community . i have always thought that it is only the orthodox , because of their narrowmindedness and insular lifestyle , who judge all secular people based on the violence and immoral conduct they read about in newspapers or see in the movies .",0,1
"if you live in the suburbs , are relatively well off financially , and do not really have much contact with the city life of england , then this is the comedy for you . not something a mass audience would go for , but if you're like these characters they show you'll love it to pieces . overall this is a comedy that the snobs at the bbc will sit back and laugh at for their pleasure and only a select few of the publics . comparing it to bbc comedys like only fools and horses , fawlty towers , black adder , and other classics , this series tends to drift away from the bbc's regular product to the audience and deliver to somewhat of a folk culture .",0,1
"i feel much less generous with this film than others of its ilk . the portrayal of madmen in this century is always done with them being so totally bizarre as to be a different species . their antics are so outrageous as to be totally fictionalized . everyone is napoleon or some other historical figure ; or they have a fascination with chickens . they are on the make or beating each other up . it's as if the scriptwriter said , what can i make up for them to do , without an sense of what insanity or even mental illness is . watch the wonderful human portrayal in one flew over the cuckoo's nest where the illnesses are believable and real . i once worked in a state mental hospital . i didn't see any of these guys . these are too smart and calculating to make them come to life .",0,1
"i remember viewing this movie when i was a kid . i recall it terrified me immensely and it stayed with me all these years . i spent a couple of years trying to find it online . . . didn't remember the title , only the storyline . after searching and searching , i came across a vhs that was being sold on ebay . i was excited and when it finally arrived , i jammed it into the vcr and couldn't help but feel a bit nostalgic . needless to say , i was slightly disappointed . this wasn't the movie i remember watching as a kid . it was boring at times and i found beryl reid's incessant whinning extremely annoying . both performances by reid and flora robson were good overall but the movie wasn't scary . i think any movie is worth viewing to form you're own opinion but sometimes , well . . . . . .",0,1
"camille 2000 br br aspect ratio 2 . 351 panavisionbr br sound format monobr br whilst visiting rome , an amorous nobleman nino castelnuovo falls in love with a beautiful young libertine daniele gaubert , but their unlikely romance is opposed by castelnuovo's wealthy father massimo serato , and fate deals a tragic blow . . . br br a sexedup love story for the swinging sixties , adapted from a literary source alexandre dumas' 'la dame aux camelias' by screenwriter michael deforrest , and directed with freewheeling flair by radley metzger who , along with the likes of russ meyer and joe sarno , is credited with redefining the parameters of 'adult' cinema throughout the 1960's and 70's . using the scope format for the last time in his career , metzger's exploration of 'la dolce vita' is rich in visual excess note the emphasis on reflective surfaces , for example , though the film's sexual candor seems alarmingly coy by modern standards . production values are handsome throughout , and the performances are engaging and humane castelnuovo and gaubert are particularly memorable , despite weak postsync dubbing . though set in an unspecified future , enrico sabbatini's wackedout set designs locate the movie firmly within its period , and piero piccioni's 'wahwah' music score has become something of a cult item amongst exploitation devotees . ultimately , camille 2000 is an acquired taste , but fans of this director's elegant softcore erotica won't be disappointed . next up for metzger was the lickerish quartet 1970 , which many consider his best film .",0,1
"each year the company called nu produces couple of action packed , full of suspense movies . this little nugget , called shadowcaster iiiuntil i visited this site i wasn't avare this is a whole trilogy , is a great example of the good job the company is doing . frank zagarino is as mean as always and does a great job as almost undestructable ? , schizophrenic ? ? android . i won't waste any more words since i don't want to reveal the terrific plot and ruin you a couple of great laughs . br br rating 210 revard for those hard working tehnicians . man , putting together this kind of rubbish must be nervewracking .",0,1
"tara reid as an intellectual , christian slaterusually great as a dollar store constantine and stephen dorff as . . . well it's stephen dorff for christ sake ! ! ! ! i personally just want to thank those brilliant casting directors for the hard work and effort . you guys are on . heres an idea , just my humble lowly opinion as the movie going public but it follows directly with your previous choices , a movie about the most brilliant neurophysicist in history invent one pill to cure all diseases ever known to man and get this , heres the clincher they have to be played by jessica simpson and paris hilton . i knew you guys would love that . seriously though you owe me 7 . 50 .",0,1
"i have read several good reviews that have defended and critised the various aspects of this film . one thing i see , over and over , is annoyance with megan , the idealistic political scientist , trying to change the world . i loved her character . maybe , because i am a 23 year old political science student and i think i'm going to change the world too , so i relate to megan . besides , she's cute . she's no super model , but more of a cute girl next door . br br ok , so she cried and screamed a lot . it's very dramatic , and seems overdone , but doesn't it fit her character ? she goes on that show with the intention of sacrificing her life to prove a point . she thinks people who enjoy such a show are sick . i think she made her argument very well . of course , being a young naive girl , she is terrified of what she is about to face . i think her acting accurately portrays a young girl showing moral courage despite her overwhelming fear . furthermore , i think she maintained a certain dignity throughout the film despite the desperate situation she was in . br br as for the movie in general , other than megan , it was pretty much what i expected . it had excellent gore scenes , by microbudget standards . the plot maybe took a quick thought , hardly any contemplation . it's basically just a dark humorist senseless slasher film , which the name implies . i love the sadism of the doctor . he kept ripping megan's shirt off , not just for the cause of sleaze though largely so , but also to torment her , before he kills her . the chainsaw hick was hilarious . for slasher film lovers , he was probably the best character . br br i give this film 4 out of 10 . it had a good setting , almost no plot , and a mix of good and terrible acting . i would recommend it for a cheap thrill , but hardly a diamond in the rough that is microbudget horror .",0,1
"if you like me enjoy films with plots and convincing actors then alien vs predator requiem is probably not the way to go . in summary , alien lands in typical american town , predator lands in american town , both have a bit of a fight , us government blows up town , some people get away . . . . . i'm sorry i think i might have spoilt the ending . its easy to criticise someone who's being critical ; people cry out , i bet you couldn't do any better ! i bet i could ! having made this film , watched it and then turned to congratulate each other with a pat on the back and a job well done ; there must surely have been the spectre of lunacy in the room .",0,1
"you know i only watched 15 minutes of this film , so i can't really describe how great it is . i mean the concept alone is so original and intriguing it just did not let me go . then there is the mass of academy award winning people involved here plus the academy award nominated director . you just can't miss . i mean imagine it is the middle of the night and you're not sleepy yet . this film comes on . you watch it and are shocked . it is so brilliant , so original it is so great . it will feel to you that half an hour later you've turned off the screen , but as you go to your bed you see it's only 15 minutes after midnight . enjoy ! ! ! br br 3 out of 10",0,1
"a couple of friends and myself visited the video shop a few years back and we were in one of those moods to rent some cheesy non seen flicks . my friend grabbed head of the family and we were greeted by a head sitting in a wheelchair . well that set us off laughing and we decided to have a bet to see who would be the one who had to go to the desk and pay for the movie . well you guessed it , it was me ! ! ! ! ! ! ! ! i have never been so embarrised in all my life . we got home and put it on and we rolled about the floor laughing for about 45mins because this was the funniest film in the world . i cant remember much about it but one thing i do remember was the blonde girl getting it on with some guy in the back of a shop every 5 mins . that head made me laugh and when i look at other peoples comments aboout this movie it makes me laugh even more . head of the family is so good and the head is funny and im still laughing ha ha ha ha ha ha ha",0,1
"this is a awful remake of a very good movie called up in the air starring frankie darrow , mantan moreland and marjorie reynolds . i was only able to get through about 20 minutes before turning it off . almost all the lines are identical , i have no idea why they would redo the movie . i totally disagree with a previous post that dislikes the songs there the same also , in the original the singing is first rate , i'm not sure if marjorie reynolds actually did her own singing , it's hard to tell since the vocals were usually added later , and the songs are very good , surprising in a b movie . if you get the chance see the original it's available on dvd . you'll be pleasantly surprised .",0,1
"even though an animated film it really bored everyone under at least 6 . br br as a grown up who grew up in an area with wild horses and native americans , it felt this was a combination of pc mixed in with too many fantasy films created by people who never lived in the area they filmed about . talk to those who have lived on horse back , most treat their animals like family members , regardless of background . regardless of background we have dealt with good and bad breakers of wild horses . i had to explain that was a real life issues to us vs the movie makers views to children who were surprised to see how pc showed a world different than what they knew in reality . br br this dreamworks break from the normal disney or dreamworks fare of cute talking animals burning up the screen was nice from the older viewer point of view . but if you live in an area similar to what is shown , you may end up answering questions .",0,1
"a chicago couple , dillon and dougherty , are falsely accused of killing their daughter . people begin to wonder if they did it . the police investigate and find suspicious evidence . the couple are maligned by the public and accused in the press . the cops speculate that they are satanists and have ritually murdered their own daughter . they are charged and brought to trial . they are represented by publicityseeking lawyers who give them bad advice and bill them for 100 , 000 . the evidence presented against them is twisted or hidden by the police . fabricated intimations of sexual abuse are presented . their other child is taken away from them and put in a foster home . dougherty is pregnant and gives birth to find her baby removed . verdict , she didn't do it but he did . he goes to the slams with a sentence of 45 years . br br in the last third of the movie , with dillon in jail and dougherty wondering what to do next , we see people who have been antagonistic now slowly coming to the couple's defense . witnesses admit to having lied . other facts are brought to light that , finally , result in dillon's release . the killer is never found , though the movie gives us a thorough whacko as a plausible perp . br br this is a weeper from beginning to end . nothing seems to go right for the couple . oh , there are a few happy moment , maybe a party where everyone is glad to be together and tearing up with joy , or some point of evidence in their favor is discovered and people hug one another . but it's never long before someone rushes through the door with more bad news and all the faces are frozen in tragic disbelief . usually a fade to block follows . there isn't necessarily anything wrong with moving tragedies , although i can't imagine what pleasure we get out of seeing people suffer . there's plenty of tragedy in shakespeare too . i suppose whatever we find interesting about tragic stories lies in the way they're told . oh , but i am fortune's fool ! romeo cries after killing juliet's brother . here we have dougherty running in her robe through a hospital corridor , screaming , where's my baby ? ? ? there isn't any ambiguity or irony in the story as i'm sure there must have been in the real life events on which it's based . people are either good or bad here . or else they're bad , then they turn good . br br the film isn't aimed at exploring human quirkiness , or the way things work out . it's aimed at wrenching tears from the audience . the actors provide firstrate role models . i can't remember the last movie in which i saw so many tears . there are rivulets of tears . showers of them . cascades of them . a veritable niagara of them . a lake lacrymose of them . br br well , i'll give one example of the efficiency with which the movie is crafted . dillon and dougherty hire a chicago cop who works on the side as a private investigator ed asner . asner is sympathetic to them but he doesn't really accomplish much . he seems to be in the movie not because of his importance to the case but because he can provide the victimized couple with a kind of philosophy learn to live with it , which is okay and because he suffers from colorectal cancer , so we can watch him take his medicine , double over with pain , and finally pass away . br br what's frustrating about the movie is that in focusing so intensely on the suffering of the couple , it sidesteps one of the more important issues that it raises the function of gossip in regulating private lives . br br gossip is a strange thing really . if we call it gossip it's bad , but if we call it public opinion it sounds acceptable , at the very least . of course we all have convictions about issues that may or may not be justified . as i write , michael jackson is once again being brought to court accused of molesting a young boy , and i wonder how many of us thrilled at the news and immediately assumed he was a pedophile . but gossip isn't all bad either . it's like water . when it's properly controlled it's a community asset . we need gossip to keep each other in line . it helps us to maintain public order . but , like water in a flood or a tsunami , it is ruinous to a village when it rages out of control . br br this is a movie that's okay if you're not looking for too much in the way of insight into human nature . it's done so cleverly that , given its goal , it's hard to argue with it .",0,1
"this was a very good show . i enjoyed the construction of real time and flashback , seeing the old diggers meeting again and recalling the terrors of their captivity in changi pow camp . the main problem with the way the show was written is that the scenes of life in changi are more like a holiday camp than what the place must have been like . i am old enough to remember film footage of the men being liberated from changi and other japanese pow camps . no actor could lose enough weight to have a resemblance of the state of those men . they made the jews of belsen look like sumo wrestlers . i have met several veterans from changi over the years . many would never ride in a japanese car , let alone own one . the physical and mental torture those men endured was too horrific for them to even talk about . what percentage survived ? john doyle might be ok writing comedy for roy and hg i hate that too but this is a serious sugar coating of history that should never have been tolerated . i'm happy for satirists to write the life of brian and make fun of the crucifixion because it is obviously comedy , even if some consider it to be in bad taste . changi is written as a portrayal of a real event and , as such , might be regarded by younger people as a true record . great performances by a fine cast cannot redeem this lightweight screenplay .",0,1
"'helen of troy' follows the story of helen and the outbreak of the trojan war . this is more of a love story between helen and paris , who is shipwrecked and falls in love with helen without knowing she is queen . the film portrays the couple as lovesick and wanting nothing more than to be together . other films and books have different portrayals of the characters , but in this one , they are simply hopelessly in love . the film is pretty slowmoving in some places , but the battles and the detail to the scenery are done pretty well . there are also some good performances . i thought that the slave girl did a particularly good job , and she was one of the most wellliked characters . br br overall , this is a good adaption if you can look beyond the slowmoving story in places and look beyond some of the cheesy romance and dialogue . in my opinion , a perfect iliad film version has not yet been created , but this one is entertaining and does have some good bits .",0,1
"i found the documentary entitled fast , cheap , and out of control to be a fairly interesting documentary . the documentary contained four mini documentaries about four interesting men . each one of these men was extremely involved with his job , showing sheer love and enjoyment for one's job . br br the sad part , i must say , would have to be the subjects in which these individuals workedstudied . they were interesting for about five minutes , afterwards becoming boring and lasting entirely too long . br br the video was filmed in a very creative way though . i very much enjoyed the film of one thing with a voice dub over another . it played out excellent and also coincided nicely with the music .",0,1
"the brief existence of the sex pistols and the making of this film after the controversial , groundbreaking english punk band's breakup both happened before i was born . however , i started listening to their only album , never mind the bs , here's the sex pistols , in 2003 , when i was a teenager , and quickly became a big fan . i didn't see the great rock 'n' roll swindle until 2006 , but saw it a couple times that year , and thought it was pretty good certainly not great , but pretty good , even if i could only remember bits of it , and didn't see how it all connected . seeing it a third time , nearly three years after the second , i didn't care much for it at all . i'm not even sure what i found so good about most of it in the first place can't remember now . br br this film is a mockumentary , in which sex pistols manager malcolm mclaren tells his side of the story of the band and its members ; guitarist steve jones , credited here as the crook ; drummer paul cook , credited as the teamaker ; bassist sid vicious , credited as the gimmick ; and john lydon a . k . a . johnny rotten credited as the collaborator . mclaren claims that he created the band and even the genre of punk rock as a scam to make money . he tells much of the story to helen wellingtonlloyd a . k . a . helen of troy , in various places where they go together . it's basically a hodgepodge of mclaren talking , pistols songs , live footage of the band , fictional scenes often silly , strange ones , several cartoon sequences , etc . , all put together in one film , to tell the pistols manager's side of the story in a bizarre way ! br br it has been well proved that mclaren is a liar , i know many have already pointed this out , including band members themselves . he was not the driving force of the band , he didn't create them nor did he invent punk rock , and the sex pistols weren't even the first punk band , though they were unique . the band members were the ones who made the band what it was . the filth and the fury , a much more believable film about the band from julien temple , who made this film , is told from the point of view of the band members , who contradict mclaren's claims . however , the dishonesty of the great rock 'n' roll swindle is not my biggest problem with it . if it were actually entertaining which i used to think it was to a certain extent , i would be able to overlook that , like i obviously used to be able to do . during my third viewing , apart from sex pistols songs , some live footage , and at least one mildly amusing cartoon sequence , it was pretty dull ! i found the who killed bambi song mildly amusing at first , but it got tiring very quickly . br br is this mockumentary worth watching for sex pistols fans ? it seems a good number of fans would say it is , not to learn about the true story of the shortlived but groundbreaking 70's punk band , but for entertainment . that was once my opinion on the great rock 'n' roll swindle . after the first time i watched it , i couldn't remember a thing mclaren said , and by the time i saw it the second time , i was aware of what the pistols manager was using this film to imply , but could still barely remember anything i heard him say ! obviously , other aspects of the film were what i found impressive . now , after my third viewing , i can definitely remember some of the things mclaren says , but it still wasn't 100 clear . like most of the film , i guess his words are not that memorable , probably because of the way they're presented . if you're a pistols fan , i guess it wouldn't hurt to give swindle a try , but to me , for the most part , it's just an incoherent , boring mess that tries to be funny but fails .",0,1
"the sitcom the league of gentlemen follows the lives of several bizarre inhabitants of the fictional village royston vasey . the different scenes are linked together by their common setting . br br in the first series , a sketch show , the main plot deals with a new road which is going to be built through royston vasey . consequently , more foreigners visit the small town . but edward and tubbs , the owners of a local shop , which is actually far away from the town , do not like foreigners . whenever a visitor enters their shop , they kill him . in my opinion some scenes are kind of tasteless and not funny at all , for example , when the couple absorb two engineers who want to build the new road . edward drums , while tubbs is dancing half naked around the victims . br br moreover pauline lives in royston vasey . she works at the local job centre . although pauline hates the people she has to work with , the woman does not want to loose her job . so when an unemployed man gets an interview as fireman , she does not allow him to go because he is not ready for the job yet . br br then there is barbara dixton , a transsexual taxi driver who goes into great detail about her sexual conversion . br br furthermore the vet , mr . chinnery , always kills animals instead of curing them . in one case , he comes to a farm and is leaded into the sitting room , where a dog lays in his basket . the farmer goes outside . on the assumption that the dog is the sick animal , mr . chinnery euthanizes him . a second later , the farmer opens the door , holding the real sick animal , a sheep , in his hand . br br some more inhabitants are a husband and his wife who are visited by their nephew his friend is killed by the shop owners , by the way . the couple is very tidy . they have , for example , towels in different colours . each colour stands for one part of the body . besides , they have thousands of keys , marked with different colours and precisely classified . br br in my opinion , the actors play very well . by playing women , the scenes become comical . the costumes are suited to the actors , too . tubbs is wearing a scarf and some crazy characters , for example edward , have unappetizing black teeth . the show has a great deal of dark humour , typical british . the set design reflects the mood of the series . the village and all the houses look grey and are decayed . around the local shop there is often fog which strengthens the threatening effect . even the village sign is ominous welcome to royston vasey . you will never leave . br br although i think that the actors do a great job , this type of series is not my taste .",0,1
"gordon goes over the top in typical full moon fashion , but that's to be expected . combs is surprisingly lowkey , keeping his performance at a more realistic level than we are used to seeing . also gone is the usual stuart gordon 'tongueincheek' black humor . br br the film is quite effective in showing combs' break down and his final heroic act to save his wife daughter . you actually feel sympathy for his character , despite his shortcomings . br br personally , i was more surprised at the nudity and borderline porno sex scene , than i was shocked by the graphic violence gore . br br not classic gordon , but certainly something you might enjoy if you've seen his more famous films .",0,1
"mr . brento wonders if this movie was produced by the same who produced the dragonball z tv series . of course not . br br this is a hong kong real action movie based on the first episodes of the japanese original cartoon which was also based on a comic book series . and i really don't know if it was produced under the license of the dragonball creators . . . br br however , the story of the monkeyboy with special powers is an ancient tale known all over asia in japan , the name of the boy in the tale is songoku ; in china , it is sunwukong ; in korea it is sonogong ; etc and the story in dragonball has much to do with that tale . br br by the way , as i said , this movie is based on the first episodes of the dragonball series which was followed by dragonball z , although i think the us version had a different airing order . and all the scenes related to sexuality were also contained in the original cartoon series without so much overacting and so much insistence on it ! , but because of your comments i may suppose they were completely removed in the american dubbing . br br anyway , i agree with you about the overacting in the film and about how poor this adaptation of the original cartoon is . but maybe because of that nobody can forget it after watching it . . .",0,1
"this wilfully bizarre adaptation of borges short story is typical cox . his strong visual sense is , as usual , undone by the appalling half baked acting of most of the cast . the film is definitely in the surreal tradition of bunuel's mexican period , and looks at times like a poor man's take on lars von trier's elements of crime . cox's apparent preference for single takes , jump cuts , and ambient sound recording all work against the film's effectiveness . worth a look but ultimately disappointing .",0,1
"this move is about as bad as they come . i was , however forced to give it a 2 for the scenery . there are many great shots of the southwest including many in monument valley , one of the most breathtaking places in the us . it is also , starting with john ford , one of the most filmed . in fact one scene with kris and the girl was filmed on a place called john ford point .",0,1
"charlie chaplin responds to open auditions at lodestone studios . rival ben turpin arrives at the same studio , obviously another unemployed comedian ! turpin tries to horn in on chaplin's action after the studio head hollers , next ! chaplin manages to walk in over turpin , however . charlie amusingly manages to botch jobs as an actor and carpenter . in the end , he manages to get a big break , but will a star be born ? br br there are a lot of jokes involving the buttocks . the initial scene involving slapstick from chaplin and turpin is a relative highlight . note that gloria swanson is the typist in the far background left on your screen , in the film's opening . agnes ayres also appears . br br his new job 2115 charles chaplin charlie chaplin , ben turpin , charlotte mineau",0,1
"sex wish was actually released minus ten minutes of more , ahem , 'extreme' footage here in the uk back in the early days of the video boom , and caused a tabloid storm in a teacup when it allegedly inspired a copycat murder case . strangely enough , the papers brushed this ultradisturbing flick under the carpet in their headlong rush to get the comparatively innocuous likes of frozen scream and night of the demon canned , and the film has been all but forgotten as a result . i jumped at the chance to watch it on a dvdrw and spent most of the film's duration with my jaw on the floor . it's not so much politically incorrect as utterly demented , a triplex take on michael winner's death wish did the title kind of give the game away as far as inspiration was concerned ? with hardcore sex and some truly nasty violence thrown into an already bubbling brew of seventies sleaze . if you don't consider yourself to be squeamish , this may force you to think again . by the time sex wish is over , you'll want to scrub your eyeballs clean with disinfectant and take a long hot shower to purge yourself . if any film truly deserves the it's only a movie , only a movie , only a movie tagline , it's this one . br br highlights or lowlights a rapist using a vibrator on a victim as he masturbates over her , harry reems's scenestealing moustache , the helpless young black couple who are forced to screw in front the sword cane killer they'd have won oscars for their entirely credible performances if the academy had gone mad before the man is castrated for his troubles , and some jarringly slick direction that threatens to lift the proceedings above their obvious grindhouse origins . don't say i didn't warn you . if you thought the world was a more innocent place thirty years ago , sex wish will prove you very , very wrong .",0,1
"this was the typical women prison movie . i thought the women were very sexy and the outfits were great . all the camera did was focus on the women and the women were always in provocative poses for the camera and they were always scantily dressedwhich i loved . this is your basic prisonbreakout movie of the 70's . all i can say about this film is that it's extremely cheesy , but the women are gorgeous and their butts are great !",0,1
"i give this marriage 3 years and thats stretching it . adrianne curry is fouled mouth , spoiled , controlling , loud , and her bi sexual past makes me laugh . she tells chris he has an image to protect and must avoid strip clubs . he married her . chris has low self esteem and from a different time warp . i have nothing against adrianne curry but this combination is not gonna have a happy ever after ending . her mother said he was an old rooster and thinks this is his last attempt to recapture his youth . here 2 very good people who are gonna end up in a nasty divorce . i don't think his old brady family is gonna fit into his new life . i see them being shut out . chris said his friends were more important than his family . the supported him and was there for him .",0,1
"i watched the malayalam movie boeing boeing made in 1985 which in turn is probably inspired by an english movie of same name long back . the basic story of garam masala is the same but it is told in a pathetic way , the classy jokes replaced by routine ones which are found in normal hindi movies probably the director did this to suit the taste of hindi audience . . . br br i haven't seen the english original . but had really enjoyed the malayalam film made by priyadarshan himselfwhich was a side splitting comedy , back then . of course the acting by mohanlal , mukesh and sukumari who did the cook's role was so natural and spontaneous . br br probably , i am too smitten by the malayalam film that i cannot tolerate even the smaller flaws in its hindi remake . but i still feel that akshay kumar and john abraham have overacted . paresh rawal has done a decent job but doesn't reach anywhere near sukumari . br br but all in all its ok , if one compares it to other recent hindi comedy movies .",0,1
"matt cordell is back from the dead for a third goround , although i'm not sure anyone cared at this point except for rabid manica cop fans . cordell , who died in the last flick , is resurrected through voodoo , and is now hot on the trail of several miscreants involved in the shooting of a fellow officer cordell is very fond of . i missed part of this early '90s lowbudget quickie , but it was pleasing to see cordell wracking up the body count in various , gruesome ways . problem is , the overall film is pretty static , and cordell simply ain't jason or freddy . the interest wanes pretty fast , even with that grand bmovie master robert forster as a doctor who ends up with his brains scrambled . stick with the first film in the series , which is funny and scary and exciting , all at the same time .",0,1
"elderbush gilch was a big disappointment for me . i'd heared how great it was , how important it was . it just didn't strike me . it had a dimwitted story line , plus some moronic and sadistic native american characters that are thurroughly offensive by today's standards . while most of d . w . griffith's films have depth and intelegence , this one feels more like a formulabaised programme picture . br br i loved seeing lillian gish and mae marsh in prebirth of a nation roles , plus some of the staging of the battle scenes were pretty good . acording to future griffith cameraman karl brown , audiences were standing on their seats and cheering once the cavalry comes riding in at the end . i felt nothing . and beleave me , i lve watching griffith's early work at biograph . this film just isn't what it used to be . br br the best thing about this film it that , for all of it's flaws , it has many of griffith's touches to it . he handles his principal actors pretty well , plus the scene where the indians are encircling the cabin it reminiscent to the climax of birth of a nation , a far superior film that would send shock waves across america a little over a year later .",0,1
"david mamet is a very interesting and a very unequal director . his first movie 'house of games' was the one i liked best , and it set a series of films with characters whose perspective of life changes as they get into complicated situations , and so does the perspective of the viewer . br br so is 'homicide' which from the title tries to set the mind of the viewer to the usual crime drama . the principal characters are two cops , one jewish and one irish who deal with a racially charged area . the murder of an old jewish shop owner who proves to be an ancient veteran of the israeli independence war triggers the jewish identity in the mind and heart of the jewish detective . br br this is were the flaws of the film are the more obvious . the process of awakening is theatrical and hard to believe , the group of jewish militants is operatic , and the way the detective eventually walks to the final violent confrontation is pathetic . the end of the film itself is mametlike smart , but disappoints from a human emotional perspective . br br joe mantegna and william macy give strong performances , but the flaws of the story are too evident to be easily compensated .",0,1
"occasionally one is served a new entre from foreign films . that is their great attraction . they take from life and serve it up raw . american films , rarely dare to touch the forbidden subjects of society . too many hangups and a morbid fear of financial failure . the almighty dollar , determines their selections . something which invites european directors . in addition , audiences world wide remain hungry for different films , especially those which offer a savory bite out of the wretched , suffering body of humanity . despite the fear of directors or producers , many audiences yearn for beauty , poetry , and the pristine flavor of life . that is what the film to the left of the father offers to curious audiences . a family locked in the belief that unity of family stems from the unity of it's obedience to tradition . yet when the patriarch of a family forgets it's members are flesh and blood humans , filled with raging , unbridled dreams and dark passions , then the two are set in motions against itself . selton mello plays andr a son who seeks to control his inner passions with the stagnant philosophy of his father . raul cortez plays his father . simone spoladore is ana a young woman who seeks to quench a forbidden thirst from the family waters . leonardo medeiros is pedro , the elder brother . the film offers much , but does takes an extremely inordinate amount of time to say it .",0,1
"i was talked into seeing this by a girlfriend . . john was a good guy , sweet , sensitive and looks great with no shirt on ! ! i thought it was a love story about both of them but it was mainly about his reactions to her letters . savannah was a likable character at the start of the movie but once she dumped him i lost respect for her . she said it tore her apart being away from him and it was hard he was the one a million miles away , he was killing people and the only contact he got was through her letters ! ! ! she didn't have it hard , she had family money and he had a tour of duty ! ! i was so frustrated at the ending when he forgave her he was too much of a sweetheart . i would have waited the 3 years and welcomed him home with open arms .",0,1
"mark pirro's deathrow gameshow of 1987 is a black comedy that is extremely cheesy in many parts , but occasionally very funny nevertheless . this movie could certainly have been a lot better , the acting is terrible , and some extremely cheesy scenes make it hard to watch at times , but the concept is funny , and it has some hilarious moments . br br in the near future the year 1991 , game shows have changed . chuck todean john mc cafferty hosts a game show called live or die , in which convicted death row inmates have the chance to play for their lives , and for money . candidates who fail , get executed on the air using many different methods , such as guillotines , electric chairs , and other , more bizarre devices of execution , followed by applause from the cheering studio audience . the show is , of course , more than controversial , and chuck has made lots of enemies . . . br br deathrow gameshow is incredibly cheesy and crappy in many aspects , and the acting is terrible , but it is without doubt fun in many parts , especially if you're a fan of dark humor . you haven't missed anything if you haven't seen it , but it is definitely funny and a good time waster . 410",0,1
"my roommates i nearly shorted out our tv from the numerous spittakes we did while watching this hilarious piece of 1970s self important pseudozen dreck . i'd read about this campfest for ages and scanned my local late night tv listings for years in search of this elusive turd . several years ago our local abc affiliate was known for showing cool flicks for its late night weekend flick ie frogs , night of the lepus , etc . then one day it happened at 140am on a saturday night over 5 years ago there it was ! we had over 15 folks over and the flick did not disappoint ! br br see ! andy griffith as the silliest most unthreatening bad guy since jaye davidson in stargate ! br br see ! william shatner sport a variety of things atop his head that only faintly resemble human hair or anything organic for that matter . br br hear ! jaw droppingly inane 1970s psychobabble that makes chicken soup for the soul sound like bf skinnerbr br feel ! content that any decade was better than the 70s . br br for those still reading . . . the plot surrounds a bunch of middle class mid level aholes who decide to suck up to their shead boss griffith by joining him on a cross dessert race that spans california mexico . they all wear leather jackets , looking more christopher street than anything else . along the way they stop at a cantina , get drunk , smoke joints the sight robert mike brady reed smoke a joint is an image you won't soon forget , start a fight , attempt rape , and just act like a bunch of suburban middle class jack offs . although i have an excellent copy that i taped off tv i wish this one would be released on video so the whole world could enjoy its half baked goofiness .",0,1
"that's right , you heard me . i am a huge fan of james patterson . i own 10 of his books , and i have read the entire series about lindsey boxer . in my opinion , the screenwriter should be shot . br br what right did any film maker have to slaughter a terrific work of fiction and make it into a mockery of the mystery genre ? if i ever thought that harry potter was butchered , then michael o'hara has proved me wrong . br br i can only pray that the next screenwriter who tackles this fabulous book will do it a great deal more justice . to michael o'hara and russell mulcahy don't quit your day job .",0,1
"this is an admirable attempt from first time filmmaker ham tran , offering littleglanced perspective dealing with vietnam war victims struggling for liberation , but plays out as a glorified history special . with clunky , selfconsciously informative dialog and subpar acting , even a relatively impressive budget with attention to detail will not spring to life this sagging , albeit historically worthy , melodrama . paying no mind to the often distracting disconnect with the actors to the reality of situations on screen , and you should be left with an informative , if somewhat impersonal educational lesson in vietnamese postwar history .",0,1
"istanbul is another one of those expatriate films that errol flynn was making in the last decade of his life trying to support his family and stay out of trouble with the irs . it's a remake of the fred macmurray ava gardner film singapore from a decade ago . br br unlike that studio product , istanbul has the advantage of that great location cinematography right at the sight of the golden horn . but errol flynn , who was aging exponentially before the camera in every film , was way too old to be playing these actionadventure types any longer . his scenes with cornell borchers really do lack conviction . br br as for cornell , she plays errol's former sweetheart who through the trauma of being saved from a fire now has amnesia . she both doesn't remember errol and is now married to torin thatcher . br br but errol's got some nasty people led by martin benson and werner klemperer who are after some diamonds which have come into his possession . got to deal with them too . br br best reason to see istanbul is to hear nat king cole sing and play the piano . most people today don't realize that cole was an accomplished jazz pianist , they only think of him as a singer . actually he was a pianist first , the singing was an afterthought . br br istanbul is a routine actionadventure film for those who are fans of that type of movie .",0,1
"as many have detailed here with a level of seriousness that i find amusing , this is not br br a film . cue dramatic music br br it's just a sobadit's good , totally surreal , jackie chan stuntforall . the women fighters are totally kickbutt and jackie is definitely put in his place . br br this is the movie you want to see with some good friends on a sunday afternoon surrounded by munchies , ready to roar with laughter , cheer on the good guys , boo the bad guys , and continually yell , what ? when something totally bizarre happens . great fun ! !",0,1
"butter battle is an entertaining story about two fictional cities and their arms race . it is also as misguided allegory about the coldwar and arms races in general . yes , it is a children's book , but like so many of theodor seuss geisel's works it hits people over the head with its moral . br br and that moral is what , exactly ? sure it is laudable to encourage us to concentrate more on what unites us than what divides us . it is even a good thing to encourage international cooperation . but to equate the differences between the warsaw pact nations and the nato west to a difference in butter application is just plain wrong . to point out the obvious , many warsaw pact nations enjoyed intermittent periods of shortages of butter and bread they would have been happy to eat it butter sideways if it were available . on a less literal level , and whatever your political inclination , soviet socialism versus western particularly angloamerican democracy is not a mere question of preference and custom . br br to make the point even clearer , nuclear weapons were not developed in a cold war with the soviets , but in a hot war with the axis powers . there is no doubt that germany was developing nuclear capability during the war . should the us have refrained from nuclear weapons research putting their trust in their less than inevitable victory in the conventional war ? once the weapons were developed they were used against the enemy who attacked us at pearl harbor . what does a nation do at this point when the genie is out of the bottle ? furthermore , hindsight is 2020 , which is to say that there was no way of assuring another half crazed dictator wouldn't crop up with his eyes on developing nuclear weapons . the second gulf war has shown the incredible difficulty in ascertaining credible threats and neutralizing them . br br in any event , the cartoon is little more than simplistic propaganda which does little to explore the nuances of the ethical questions behind nuclear armament and instead tries to inculcate fear of weapons technology into children .",0,1
"i saw this film opening weekend in australia , anticipating with an excellent cast of ledger , edgerton , bloom , watts and rush that the definitive story of ned kelly would unfold before me . unfortunately , despite an outstanding performance by heath ledger in the lead role , the plot was paper thin . . . . which doesn't inspire me to read our sunshine . there were some other plus points , the support acting from edgerton in particular , assured direction from jordan confirming his talent on show in buffalo soldiers as well , and production design that gave a real feel of harshness to the australian bush , much as the irish immigrants of the early 19th century must have seen it . but i can't help feeling that another opportunity has been missed to tell the real story of an australian folk hero or was he ? . . . . in what i suspect is a concession to hollywood and selling the picture in the us . oh well , at least jordan and the producers didn't agree to lose the beards just to please universal . . . br br guess i will just have to content myself with peter carey's excellent secret history of the kelly gang . 410",0,1
"star rating saturday night friday night friday morning sunday night monday morning br br ray ray winstone has a criminal past , has had problems with alcohol and is now forming a drug habit that is making him paranoid and prone to domestic violence to his wife valerie kathy burke who tries to hold the family together but ends up coming off more like a doormat . meanwhile , her mother janet laila morse is aware of ray's son , billy charlie creedmiles and his escalating drug habit that is sending him off the rails . the film follows these despairable characters as they tredge along with their lives . br br it is said that the british seem to enjoy being miserable , and that would include watching films that entertain them this way . films like nil by mouth highlight this . it's a tale of a broken family , torn apart by crime , poverty , booze and drugs , the kind jeremy kyle would lap up like a three course meal . it is also essentially a tale of self destructive men , three generations apart and each copying the other , tearing a family apart and women trying to hold it together , despite not being strong enough . if you pick up a little of what it's about from the offset , you can see it doesn't promise to be cheerful viewing from the start and it certainly doesn't disappoint in this . br br it's true what everyone said about the performances , and the lead stars , winstone and burke , do deliver some great acting . we see winstone lose it with his wife , beating her senseless after some more coke induced paranoia , breaking down during a phone conversation with her and unleashing a typical arsenal of f and c words when she refuses to let him see his kid . likewise , in a private moment , we see burke skillfully lose her composure on a staircase , the full impact of the night before kicking in . br br this is another of those films where there's no 'plot' to follow , as such , just a real life feel of these hopeless lives carrying on from one day to the next . it's been acclaimed by many including the baftas ! but it really was just too grim and bleak for me . i have no right to criticize it for this , knowing what i knew about it from the offset , but sadly this is how i found it .",0,1
"this is a pretty simplistic romance . girl finds boy , girl loves boy , girl loses boy , girl finds boy . colleen moore is the outstanding ingredient in this recipe , delivering a wonderfully varied dramaticromantic performance , well deserving of an oscar nom . equally fine are the aerial combat special effects . br br moore plays a french girl whose mother has turned over their field to a british aerial squadron during wwi . she is the daughter of the regiment , loved as a little sister . into this mix comes a fillin for a downed flyer , gary cooper . at first they hate each other , then they love each other , then the entire squadron is sent out on a suicide mission . cooper returns but crashes in the village and a red cross unit removes him . moore searches for him , is told at a hospital he is dead , then wanders the streets until he calls from a hospital window and they are reunited . br br it's a nice little romance , but hardly more than that . recommended for fans of ms . moore and mr . cooper",0,1
"she has been catapulted from 13 to 30 , with magic dust involved , courtesy the 13yearold matt , but nothing is made of that except as an unexplained device . new york city , especially central park , but also every other slice of the place incorporated into the movie , seems hopefilled and easily livable , and save for lucy there's no villain in jenna's adult life , and even lucy is not cast as monstrous , only as a nasty 13yearold grown 17 years more devious . chris , the onetime boy object of jenna's yearning , is now a porky cab driver , and you have seen enough films to know that matt will play a major role in jenna's future . you don't know quite what might impede this before it is finally achieved , though i'm here to whisper in your ear , so to speak , that the device is not unique . in fact , not only is this a variation on the theme of tom hanks' big , though nowhere near as fine , it is also a strictly bythebook version of this subset of the cinderella story .",0,1
"this film has it all ; the deft camera work , reminiscent of martin scorcese , or oliver stone , the tight acting of 'heat' , the explosive action of a jerry bruckheimer movie , the witty dialogue of a tarantino script and the epic feel of say , 'the godfather'br br the judge reinhold character displays a fiery temperememt , yet also shows real emotional depth and intensity . his performance reminds me of robert de niro's portrayal of jake la motta in raging bull . br br the action scenes are truly breathtaking , not since bullit has a movie depicted such high octane , yet stylish car scenes . the special effects push the boundries of technology and filmmaking to their limits . independance day set the standard that this movie clearly has matched , and greatly surpassed . br br overall , great acting from its a list cast like an oscars night party invitation list ! , classy locations , gripping action , and a tight script .",0,1
"i am not lynne bates my names is ritichie but lynne is my mum i'm just using her account ! barney and friends , or barney , as it is called here in england is the corniest show ever . i never really liked it , it had been about for 3 or 4 years when i was born , so it was nothing new . my friend , however , loved this dildo of a show . i was about 6 , and i was at his house once , and he had a barney vhs tape playing on the tv . i turned the power off , and he burst into tears . grow up its a talking dinosaur for christs sake ! anyway , i happened to catch the barney movie on tv later that year , and i loved it . i got the vhs of it a few months later , and i wore the tape out i loved it so much ! i gave that tape away a few years ago now , but i loved it at the time . but the show ! my god the show was bad ! several kids fell victims to paedophiles because of this butt plug of so called entertainment ! never again , never again ! its not just me who hates barney , either ! 85 of all the comments on this show are bad , and and just look at the amount of you tube poops and videos that take the mess out of barney are on you tube ! and don't get me started on blow job bj ! why the hell would the producers dare give a character such a sexual name ! yet another subliminal message in a kid's show ! and that baby bop is the worst thing since osama bin laden ! all in all , i give barney and friends minus 1000 out of 10 !",0,1
"according to milan kundera , a porcelaincat holding a red rose is denying the crap . well , those criminals guilty of making this series probably wanted to show how to make a total opposite of the porcelaincat holding a red rose . because teenaged sleazoids beavis and butthead are enthusiastically from the place where the sun doesn't shine and their crappiness infects the whole stoopid series . mtv has received a lot of badmouthing from it's halfnude stripper beauties , while this is gathering positive reviews in imdb . well , newsflash to everybody your butt is cool too , if you go out showing it in the middle of the winter something these two probably would do . still , there is no need to make a film about your butt and yes , these two probably would do that , too .",0,1
"i watched the unrated version of this movie and as a person who has studied the life and crimes of speck closely , i must say this movie is a flawed but ambitious take on the real story . while capturing the true horror of speck and the murders this film makes the following factual errors . 1 . speck did not inject drugs at the crime scene as depicted in the movie . in fact he was mainly an alcoholic and pill popper who rarely took drugs via syringe . 2 . the asian nurse who survived speck's massacre did not squirm her way down stairs and under the couch in the living room as depicted in the movie . this would have been impossible . in real life she hid under a bed while speck methodically eliminated his 8 victims . 3 . the movie depicts speck as being violent and brutal with the women as soon as he meets them . not true . in reality speck was at first calm and gentle , reassuring the women he wasn't going to hurt them . this is how he was able to tie each of them up . 4 . the real richard speck was not the deep thinker the movie depicts him to be . fbi profiler robert ressler interviewed speck in the 80's and said that speck not only did'nt know why he committed the murders but that he wasn't interested in learning why nor could he shed any light on why . speck was known to be of below average intelligence and not the philosopher king who narrates this movie . if the story wasn't so tragic and horrifying , the voice over would be laughable . all in all , doug cole's performance is adequately menacing and coldblooded even though i don't think the real speck was so forward in his violence . no doubt he was a very violent person when under the influence but he was also known , after all , for being a fairly slick con man who was able to put people at ease before victimizing them . beverly ann sotelo's performance as the surviving nurse is the finest in the film . she is a very good actress . if you are at all squeamish , do not see this film . it's very graphic and disturbing .",0,1
"so many bad reviewers , it made me wonder , what people are thinking while watching a simple flick made by a quite bad director ? ? ? did you all expected a superhit flawless movie ? ? no way , you already can see , raj kumar kohli loves multistarrer movies . . . all of his earlier works where multistarrers , but no one was flawless . take the first jaani dushman for instance , so many flaws , but still good fun . anyways sticking to the movie , the movie jaani dushman is a hindi fantasy film about a snake , who can take any form armaan munish kohli which takes revenge for the suicide of its lover manisha koirala on the people who caused it . its quite good , with a great starcast . but i think it could have been much much better . for instance , take the script , can't say its flawless . for example take the agesbr br do 4048 yrs old still study in university ? ? br br there are many many more , i won't list more , but there are dozen more . a solid 5 . 5 is good for this one . br br . 75",0,1
"star rating saturday night friday night friday morning sunday night monday morning br br old detroit is back , with the giant omni consumer corporation continuing to swallow everything in it's path as construction of the new delta city continues and a new menace to contend with in the shape of cain , a cruel drug lord with delusions of christlikeness , peddling a deadly new addictive on the streets called nuke . as he continues to struggle with the memories of his former life haunting him , the tin plated hero sets out to bring this villain down only to wind up getting chopped into pieces of scrap metal . with robocop out of action , a ruthless ocp businesswoman proposes plans for her new android a stomping , snarling beast of a machine that needs an equally nasty test subject to power it which cain fits perfectly . after a brief glitch in his system , robo returns to bring justice to the streets and settle the score with cain . br br the original robocop is a film that always manages to astound you each time you watch it , no matter how many times you've seen it , one of those films that just can't be done again . that said , it's not surprising a sequel was made it's even less surprising that that sequel really pales compared to the original . empire strikes back director irvin kirschner has crafted an unpleasant , slightly incoherent and overlong film that can't capture the magic of the first film , no matter how hard it tries . and it certainly does that , the funny ads from the first film running none stop , the corporate satire aiming to be that bit sharper and the action roaring as fast and furious as before , but with bloodgore even meaner than the first film . the first film earned a name for some nasty , bloodsoaked violence including a man's genitals being blown off and a man being blasted to pieces but while that was more memorable the violencegore on display here is of a more sadistic and gratuitous nature , with a very unpleasant and meanspirited tone to it . br br but overall , the film leaves you with a feeling of general apathy why are you watching this when you could be watching the original again instead ?",0,1
"the ladies man is a funny movie . there's not much thought behind it , but what do you expect from an snl movie ? it's actually better than most snl movies i . e . superstar or a night at the roxbury tim meadows and will ferrell were both very funny . chris parnell was also funny in his short scene one of the funnier ones in the movie . other than that , the rest of the cast is average and is just there to support meadows . i've definitely seen funnier movies , but i've seen dumber ones too . again , it's not exactly a deep movie , but it's good for a few laughs . it was funnier as a skit though . but still , if you're looking for a pretty funny movie , i'd recommend this one . just don't think about it too much , or you'll hate it . br br rating 610",0,1
"necessarily ridiculous film version the literary classic moby dick . john barrymore is captain ahab , who falls in love with the pastor's daughter , joan bennett . his brother derek is a rival for ms . bennett's affections . when mr . barrymore loses his leg in a whaling accident , bennett rejects him . he must slay the whale and win bennett back . . . br br there are several scenes which may have thrilled 1930 theater audiences ; particularly the scenes involving barrymore losing his leg . the film hasn't aged well , however ; there are much better films from the time , both 1920s silents and 1930s talkies . the two name attractions , john barrymore and joan bennett aren't at their best . br br moby dick 81430 lloyd bacon john barrymore , joan bennett , lloyd hughes",0,1
"genre cartoon short with no dialogue , african girl and lion . br br main characters inki , the lion and the minah bird . br br what happens a lion wants to eat an african girl called inki . there is also a rather confusing minah bird . is he on inki's , or the lion's side . . ? br br message ermbr br my thoughts i agree with lee eisenberg , this is rather mean on poor african people ! ! i like how the main character , inki who is an african girl is quite a nice main character , but they still portray her rudely and make a younger audience not like her very much just because she's hunting ! ! grrr charles m . jones ! ! i don't like the lion very much and i think the minah bird is all right i suppose . personally i prefer charles m . jones's looney tunes cartoons in the future . br br if you want to watch this anyway , then i recommend the website youtube . just type in inki on the space in the main page and you're there . br br i wish charles m . jones had been nicer to inki in this short . so there . br br recommended to people who are interested in old cartoons andor people who are just messing around on you tube .",0,1
"nathan detroit runs illegal craps games for high rollers in nyc , but the heat is on and he can't find a secure location . he bets chronic gambler sky masterson that sky can't make a prim missionary , sarah brown , go out to dinner with him . sky takes up the challenge , but both men have some surprises in store br br this is one of those expensive fifties mgm musicals in splashy colour , with big sets , loud music , largerthanlife roles and performances to match ; broadway photographed for the big screen if you like that sort of thing , which i don't . my main problem with these type of movies is simply the music . i like all kinds of music , from albinoni to zz top , but broadway show tunes in swing time with neverending pahpahtahdah trumpet flourishes at the end of every fourth bar aren't my cup of tea . this was written by the tag team of frank loesser , mankiewicz , jo swerling and abe burrows based on a couple of damon runyon stories , and while the plot is quite affable the songs are weak . blaine's two numbers for example are identical , unnecessary , don't advance the plot and grate on the ears and are also flagrantly misogynistic if that sort of thing bothers you . there are only two memorable tunes , luck be a lady sung by brando , not sinatra as you might expect and sit down , you're rockin' the boat nicely performed by kaye but you have to sit through two hours to get to them . the movie's trump card is a young brando giving a thoughtful , laidback performance ; he also sings quite well and even dances a little , and is evenly matched with the always interesting simmons . the sequence where the two of them escape to havana for the night is a welcome respite from all the noise , bustle and vowelmurdering of noo yawk . fans of musicals may dig this , but in my view a musical has to do something more than just film the stage show .",0,1
"susan swift is an appealing youngster , a flower child transplanted to the 1980's like a young susan dey , but she doesn't quite have the vocal range for a demanding dramatic lead and she tends to whine ; still , she's rather sweet and has bright eyes and a pretty smile . in the coming as it was called when briefly released to theaters , swift may be the reincarnation of a salem witch . the flick is very lowbudget and borrows from so many other pictures that i gave up on it with about 15 minutes to go . it starts out strong and has some camp appeal . obviously , there are more serious films that deal with the salem witch trials that deserve to be seen over this one ; however , as junk movies go , it isn't too terrible . the boston locales are a definite plus , and the supporting cast is amusingly hammy . 12 from",0,1
"to this day when you speak of the japanese cinema , most folks won't talk about rashomon , or the seven ronin , or ran . to the masses the japanese cinema means all those monsters we've grown to love destroying those japanese cities over and over again , lots of times in battles with each other . the first and greatest of these is godzilla who's come back a dozen times or more and in a few films faced the three headed hydra like monster from outer space , ghidrah . br br oddly enough in keeping with the times , the special effects got slightly better . but part of the charm of those old films was seeing those paper mache city sets destroyed , they looked so phony , maybe three steps above ed wood . br br some visitors from the future have time traveled to japan to urge that godzilla be destroyed from when he was first discovered . and in fact he was first discovered as a surviving dinosaur during world war ii when he protected the japanese garrison on a pacific island from those american troops . but later on with atomic testing on bikini , godzilla the friendly dinosaur just like barney became the mean machine we've grown to know in the cinema . br br of course you eliminate godzilla than you give ghidrah a clear field to wreck japan so it does not become the economic colossus it was by 1991 when the film came out . more i won't say , but we all know japan is doing reasonably well as 2010 . br br like all the other japanese monster films , just sit back and enjoy the mayhem .",0,1
i was expecting a documentary that focused on the tobacco industry in north carolina . instead i watched a man who rues the fact that his great grandfather lost his tobacco empire to the duke family . and this went on and on . if mr . mcelwee's family had prevailed over the dukes i doubt that mr . mcelwee would have any problems with the death toll caused by tobaccorelated diseases . i grew up near the area where mr . mcelwee's family began it tobacco business ; i expected more than mcewee's continual focus on his family . i learned very little about the history of tobacco in the nc economy and the ramifications to the state's economy by tighter regulation of tobacco . the countless references to the movie bright leaves are out of place so what if gary cooper played mr . mcelwee's great grandfather ? does the viewer gain any understanding of the role of tobacco in the north carolina economy by the showing of old film clips of a fictionalized film ? i didn't .,0,1
"sure , if you ask any mom who's the most beautiful baby in the world , she'd tell you her son is the most amazing kid in the whole world . she's right , at least in her own world . br br the producers of the movie were biggie's mother and his good friend puffy . oh , well , do i need to say more ? i'll break it down for those who doesn't want to do a simple deduction . br br the whole movie was fake . you may just put a few biggie's mtv video together and call it a movie . br br the beautiful angela bassett played biggie's mother . the real one in life looks like a dog . br br i just wonder why he called himself biggie small . big body small dick ? big mouth small sound ? big fat small eyes ? disclaimer i'm a person of color . so keep your racist remark to yourself .",0,1
"i found this film to be a bit too depressing . i don't mind dramas , but this was a bit too much for me . luckily , there does seem to be somewhat a decent outcome . i suppose it was well done . i'd watch it again , but it's nothing to rave about .",0,1
"ok , i did think that it would be horrible . but when i saw it . . i was proven wrong . emily bergl did a superb job as did jason london . sue snell was underused and underwritten . the meanies were ok , dylan bruno and rachel blanchard are definitely the standouts . as for the things the teens do and how people claim it's all wrong . whatever . my friends and i use the term swank a lot and i have driven a car and had someone steer as i changed . it's pretty much all there . i've just never been at a aftergame party in a house that big with it's very own light show . . the deaths are good . the best involves a pair of glasses , a spear gun and a pool . . all in that order . i must say , there will be people who hate it . . but i'm not one of them .",0,1
"had i known to what i was submitting myself , i would have fled from the theater . the film is dreadful , in the literal sense of the word . despite striking images , intriguing locales , and a subject matter that might have been fascinating , the film is dead . br br i was unfamiliar with this period of greek history , and prepared to experience a great film . the filmmakers's hand is heavy . it is not enough to see a train going by ; we must watch it from afar , we must watch it car by car , we must see the smoke , we must see it slow down , and we must see it stop . the director's approach is didactic . likewise , the characters that he creates never develop , they never change . they are so stereotypic that we wonder , are they meant to be everyman ? everygirl ? everyoldmusician ? is there some point to this allegory ? it is the most pretentious film that i have seen in a long while .",0,1
"this film is really vile . it plays on the urban paranoia of the 70s80s and puts it into a school context . i'm not saying that urban crime wasn't a problem for a lot of people or that schools weren'taren't problem areas but this vile piece of exploitation takes the biscuit . violence is beyond anything realistically imaginable but in this case it's not a case of social issues but a white , uppermiddle class student uses it to turn himself into the crime kingpin of his local high schoiol . and of course he knows how to play the system . does that sound familiar . yes . this turd is pure violent exploitation , a really nasty piece of work . it's disturbing brutality dressed up as a social comment . this belongs in the same category as trash like exterminator , death wish 25 and so on and so on . the only remarkable thing is that michael fox was so broke at the time that he had to do stuff like this .",0,1
"i have to admit that in spite of all media promotion and being nominee for oscar , my expectation from the film was not so high before watching it . and i really found what i expected ; a film trying to be likable for both for conservatives and liberals in turkey , trying being authentic for foreign spectators and enough funny for all . but it should be understood that it is not possible to be favorable for everybody , therefore film stays as average for all . br br whole movie is telling a story occurred within 24 hours . to fit the short story in a full movie length , some scenes are added without a connection with the main story . these are mostly the icecream selling scenes to the eccentric local people i . e . goat herdsman , old women etc . , and each of these selling scenes are tried to be interesting to the spectators by skits with comic dialogs . the subject is mentioned as a universal problem struggle of a local producertradesman against holding companies and monopoly , but this was the interesting subject of twenty years before . most of the readers will remember the hero grocer against supermarket from ferhan sensoy in 1980's . this was the correct story at correct time . shortly the story is not strong enough and worth to be a movie as by now . br br except some gibbers due to local accent , the performance of cast is so successful . the leading role is played by turan ozdemir with excessive body language but anyway he is successful too . br br on the other hand against limited budget , appreciable efforts of director and players are obviously giving a good mood to the film . but this is not resulting a film well enough either to compare with italian neorealists or worth to be oscar nominee . br br note in the real life , normally the icecream seller would stop his own production and be the dealer of one of the competitors of manda brand .",0,1
"an intelligent summation of cold war era mutually assured destruction policy , up until the conclusion it's a gasser ! all russians and chinese are obliterated from the face of the earth ! saw this one at the 27th annual cwru science fiction marathon , january 2002 .",0,1
"rating 4 out of 10br br as this miniseries approached , and we were well aware of it for the last six months as scifi channel continued to pepper their shows with bg ads , i confess that i felt a growing unease as i learned more . br br as with any work of cinematic art which has stood up to some test of time , different people go to it to see different things . in this regard , when people think of battlestar galactica , they remember different things . for some it is the chromium warriors with the oscillating red light in their visor . for others , it is the fondness that they held for special effects that were quite evolutionary for their time . many forget the state of special effects during the late 70s , especially those on television . for some the memories resolve around the story arc . others still remember the relationships how how the relationships themselves helped overcome the challenges that they faced . br br frankly , i come from the latter group . the core of battlestar galactica was the people that pulled together to save one another from an evil empire . yes , evil . the cylons had nothing to gain but the extermination of the human race yet they did it . while base stars were swirling around , men and women came together to face an enemy with virtually unlimited resources , and somehow they managed to survive until the next show . they didn't survive because they had better technology , or more fire power . they survived because they cared for and trusted each other to get through to the next show . br br the show had its flaws , and at times was sappy , but they were people you could care about . br br the writers of this current rendition seemed to never understand this . in some ways he took the least significant part of the original show , the character's names and a take on the story arc and crafted what they called nothing less than a reinvention of television science fiction . since that was their goal , they can be judged on how well they accomplished it failure . it was far from a reinvention . in fact it was in many ways one of the most derivitive of science fiction endeavors in a long time . it borrows liberally from sttng , stds9 , babylon 5 , and even battlefield earth . i find that unfortunate . br br ronald d . moore has been a contributor to popular science fiction for more than a decade , and has made contribution to some of the most popular television science fiction that you could hope to see . one of the difficulties that he appears to have had was that there could be no conflict in the bridge crew of the enterprise d e . that was the inviolable rule of roddenberry's sttng . like many who have lived under that rules of others who then take every opportunity to break the rules when they are no longer under that authority , ron moore seems to have forgotten some of the lessons he learned under the acknowledged science fiction master gene roddenberry . here , instead of writing the best story possible , he has created a dysfuntional cast as i have ever seen with the intent of creating as much cast conflict as he could . besides being dysfunctional , some of it was not the least bit believable . anyone who has ever been in the military knows that someone unprovokedly striking a superior officer would not get just a couple of days in hack , they could have gotten execution , and they never would have gotten out the next day . it wouldn't have happened , period , especially in time of war . br br the thing that i remembered most of ron moore's earlier work was that he was the one who penned the death of capt . james kirk . he killed capt . kirk , and , alas for me , he has killed battlestar galactica .",0,1
"my husband and i were intrigued by the spectacle a strong willed southern lady with a messy personal life solves crimes for the lapd . the first season was mustsee tv for us . unfortunately , the stories of her personal life in the second season became so tedious and unworthy of the strong character that we stopped watching . br br my husband and i were troubled by the episode where she tries to hide from her mother the fact that she is shacked up . but the deal breaker was the episode where she hides her possible pregnancy from her boyfriend but tells her boss . why would a strong , middle aged woman do those things ? the answer is she wouldn't . additionally , my husband and i pick out the bad guy with almost perfect accuracy . it is almost always a white male or female introduced in cameo at the murder scene or in an idealized family . can't the script writers do something original from time to time ? as i mentioned , we are no longer viewers . we prefer shows that don't betray the characters and insult our intelligence .",0,1
"dear readers , br br i've found in my studies of movies that whenever michael bay makes a movie , people pan it and hate it , yet they still go to see it and it makes somewhere around 100 million dollars . why ? because michael bay is one of the top five directors of all time . standing alongside ridley scott , spielberg , kubrick , and miyazaki , michael bay has cemented himself as hollywood's best actionadventure director . that point is proved with his most panned film , armageddon . br br an asteroid the size of texas is hurtling towards the planet and the only way nasa can think to take it down is to land a team of men on the asteroid , drill to its core , and drop a nuclear warhead inside then blow up the asteroid . only one person is qualified enough to do it bruce willis . willis portrays harry stamper , a grizzled hardened oil driller trying to keep what's left of his family together . not helping that fact is his daughter , grace liv tyler , having an affair with his best driller , aj ben affleck . hired by dan truman billy bob thornton , the head of nasa , stamper and his team of roughneck drillers train to become astronauts and save the world . br br armageddon is a two part movie . first there's the funny parts where we meet the gang and wackiness abounds . then they get into space and all the comedy gets sucked out the window and is replaced by mindblowing special effects , cool music , and great serious acting . murphy's law goes insane in the second part , meaning that everything that can go wrong , does in fact go wrong , increasing the tension of the film to outstanding levels . br br with a cool cast and crew michael bay as director , jerry bruckheimer and gale anne hurd as producers , and j . j . abrams as one of the scriptwriters . , tons of special effects , great humor , awesome music , plus an intro done by mr . benhur himself , charlton heston , armageddon rocks big time . br br signed , the constant dvd collector , matt macleodbr br parental warnings this is not a film for kids . the fbomb is used a few times and lots of other swear words are used as well , plus there's a strip bar scene and the extremely intense second part might be too hard for a kid to handle .",0,1
"the photography is accomplished , the acting is quite good , but in virtually every other department the greek tycoon is a dreary bore . taking its inspiration from the reallife love affair of jackie kennedy and aristotle onassis , the film is a glossy but absolutely empty soap opera of the kind that can be found on tv all day long . viewers who embrace the whole celebrity magazine culture paparazzi photographs and gossipy stories about the rich and famous will undoubtedly find much to whet their appetite here . but those who prefer films with a bit more substance and craft and quirkiness will find the 107 minute running time a buttnumbing slog . br br american president james cassidy james franciscus and his beautiful wife liz jacqueline bisset are in greece on official business . a ridiculously wealthy greek shipping tycoon , theo tomasis anthony quinn , catches sight of liz at a party at his elegant manor . despite the fact that both of them are married to someone else , there is an immediate attraction between them . later , at a private party aboard his yacht , tomasis makes his desires known to liz . some while later , president cassidy is assassinated whilst out strolling on a beach . liz is shocked and saddened by his death , but it isn't long before she seeks comfort in the arms of her greek lover tomasis . eventually the two of them are married and their love affair becomes a favourite talking point for the world's newspapers , magazines , photographers and wags . br br it is somewhat amusing to note the vigour with which the producers of this film denied that it was a dramatisation of the kennedyonassis story . they wanted the film to be seen as an original story , rooted in fiction . but anyone with a brain can see from where the movie is drawing its inspiration . even aristotle onassis himself knew the greek tycoon amounted to his lovelife getting the hollywood treatment if rumours are to be believed , he actually had a hand in approving anthony quinn for the tomasis role ! j . leethompson isn't really the right sort of director for this type of movie he's better suited to action fodder like the guns of navarone and ice cold in alex but he marshals the proceedings with an uninspired , professional adequacy . quinn is very watchable as tomasis ; bisset looks lovely as the object of his desires ; franciscus uses his toothy smile and a faade of integrity to make for a believable politician . their performances are good on the surface , but there's little for the actors to do on any deeper level . similarly , tony richmond's photography gives the film an elegant surface sheen as it moves from one exotic locale to the next , but the merest of scratches proves that there's nothing behind the film's glossy exterior .",0,1
"this one of the best celebrity's reality shows a ever saw . we can see the concerts we can see the life of britney , i love the five episodes . i was always being surprised by britney and the subjects of the show i think that some people don't watch the show at all we can how a great person she his . she his really funny really gentle and she loves her fans and we can see how she loves her work . i just don't give a 10 because of kfed he his a real jerk he doesn't seem to like britney at all . i they make a second season of this great show because it shows at some people how britney really is . go britney your the best and you will never leave our hearts .",0,1
"working at a video store i get to see quite a few movies and on occasion i try to watch some of the not so big movies . proud happened to be one of them . the initial idea of telling of the story of a primarily black crewed ship during wwii had some merit . however in less than 10 minutes of watching the movie you find out that the primary point of the movie was to tell about racial tension in wwii . the underlying story is about the ship , the crew and their exploits in the war . this primary point is hammered at you to the point of excessiveness all throughout the movie . i commend the men that served on the uss mason for their triumph in the face of adversity and for the hardships that they endured . a movie should have been made focusing on the accomplishments these men did for themselves , the navy and for their country and not making a movie whose focus is racism during wwii .",0,1
"i first watched kindred in 1987 along with another movie called devouring waves . i remember back then i hated them both and i have never really bothered to watch them again . br br however i have recently started a crusade to collect as many 80's horror titles in their original boxed form , that have been deleted for some time . i have got myself quite a proud collection with many more titles on my list ! br br the kindred although i have not as yet got a copy is high priority as all the old movies i didn't like back then , i now own and have now rewatched and think they are brilliant and the bits i do remember of the kindred are now driving me to want to get hold of a copy a . s . a . p . br br hurray for the 80's and long live horror !",0,1
"br br what is left of planet earth is populated by a few poor and starving ragtag survivors . they must eat bugs and insects , or whatever , after a poison war , or something , has nearly wiped out all human civilization . in these dark times , one of the few people on earth still able to live in comfort , we will call him the all knowing big boss , has a great quest to prevent some secret spore seeds from being released into the air . it seems that the all knowing big boss is the last person on earth that knows that these spores even exist . the spores are located far away from any living soul , and they are highly protected by many layers of deadly defense systems . br br the all knowing big boss wants the secret spores to remain in their secret protected containers . so , he makes a plan to send in a macho action team to remove the spore containers from all of the protective systems and secret location . sending people to the location of secret spores makes them no longer a secret . sending people to disable all of the protective systems makes it possible for the spores to be easily released into the air . how about letting sleeping dogs lie ? ! br br the one pleasant feature of encrypt is the radiant and elegant vivian wu . as the unremarkable macho action team members drop off with mechanically paced predictable timing , engaging vivian wu's charm makes acceptable the plot idea of her old employer wanting her so much . she is an object of love , an object of desire a very believable concept ! br br fans of vivian wu may want to check out an outstanding bmovie she is in from a couple years back called dinner rush . dinner rush is highly recommended . encrypt is not .",0,1
"don't get me wrong , dan jansen was a great speed skater . if there was one guy who deserved his gold medal at the olympics it was dan . br br but how can it be possible that bill corcoran has made such a bad movie about the incredible dan jansen story , because the real dan jansen story is truly incredible ! especially when you look at this movie through the eyes of a sportsman everything is wrong , the way matt keeslar and the other actors skate , their technique , the dimensions of the speedskating oval , it is all wrong ! br br shame on you , bill corcoran , dan jansen deserves better , a lot better ! br br 1 out of 10",0,1
"most college students find themselves lost in the bubble of academia , cut off from the communities in which they study and live . their conversations are held with their fellow students and the college faculty . steven greenstreet's documentary is a prime example of a disillusioned college student who judges the entire community based on limited contact with a small number of its members . br br the documentary focused on a small group of individuals who were portrayed as representing large groups of the population . as is usual , the people who scream the most get the most media attention . other than its misrepresentation of the community in which the film was set , the documentary was well made . my only dispute is that the feelings and uproar depicted in the film were attributed to the entire community rather than the few individuals who expressed them . br br naturally it is important to examine a controversy like this and make people aware of the differences that exist between political viewpoints , but it is ridiculous to implicate an entire community of people in the actions of a few radicals .",0,1
"this is a little slowmoving for a horror movie , but the quality is better than you might expect for a director's only effort on imdb . the camera work and lighting were both surprisingly good , and the acting although variable is better than is often found in indie genre flicks . br br as the lead , robert field is rather stiff , which is especially unfortunate given that his character , claude , is the film's narrator as well as the centre of its action . however , it was the entry of christopher brandon despain that i considered the turning point of this film and not in a good way . a twist is introduced in a clumsy fashion , and slowmoving becomes drawn out and overly wordy . br br on the up side , pete barker is consistently entertaining as father william . he's the easy standout in what is a fairly ordinary offering . while the first half hour caught my interest , i ended up feeling quite disappointed in the way things played out .",0,1
"yes , that's true . that movie is a horrible piece of . . . you know what . almost all fans of sapkowski's books in poland think the same . the truth is that polish cinematography can not afford producing fantasy films . it's a shame when you compare wiedzmin and conan the barbarian for example . i hope no one outside poland will ever see this nightmare .",0,1
"it's a hideous little production , apt to give one nightmares as well as headaches . it's an unsightly blend of live action and ugly stopmotion animation . it's weird , but it's not the kind of fun , weird trip anyone optimistic might expect . it's the cold , inhuman , unfriendly , sickening , even creepy kind of weird . there is absolutely no reason to watch this movie . after all , disney did a fantastic job with the same source material . and cosgrovehall did far more attractive things with stopmotion . br br interestingly , this is a french production . as such , it reenforces the stereotype that the french have no concept of scary .",0,1
"well , i can and will be very short . this is a wrongbalanced , nonconvincing film that could have been a little bit better . the script seems to not know which way to go . . . from funny to clichewise serious . . . it's a bit silly . that plus too much sentences we have heard before the hacker is in florida , or no , he is in madrid , no he is in . . . , he is screwing the signal . br br 4 out of 10",0,1
"and also a wonderful beginning , a real quick start . it keeps you yearning and waiting for is about to come . unfortunately the high adrenaline dries off quickly , but most certainly after half the movie is over . br br and it's a shame , because this movie has really good ideas and explores many of them thoroughly . but that is also one of it's faults . by exploring too many things , it get's mixed up into to many things , so in the end you're too confused to follow any plot or characters . it's very dark and moody , but that doesn't help much , if it's also genre hopping just to try to fit any and everything in it's story !",0,1
"1st watched 112003 3 out of 10dirhenri verneuil sober drama about a welltodo doctor who gets into trouble carrying on a relationship with a younger woman , whom his family brings in to live with them , as well as being married to another in the same household . his searching for happiness is not clear , but they do bring out the reason for his unhappiness rather well by displaying the overbearing trait of the females in his wife's line . well played , but predictable drama .",0,1
"you'd hardly know that a year later mgm put norma shearer in the divorcee which glows with mgm technical know how . how far they came in one year . cheney is a very stagey early talkie . the camera hardly moves . shearer is her usual charming self and rathbone does well in a romantic leading role . they are all very careful to speak clearly and slowly into the microphone source which does mitigate against a naturally flowing dramatic scene , but the play is a sturdy and fun warhorse so one can enjoy oneself if one's expectations are not too high . oh , by the way , the plot involves a ring of upper class jewel thieves who infiltrate themselves into society to prey on their victims . there are some clever twists in the script and true love conquers all . an oscar nom for best screenplay adaptation .",0,1
"i was in 6th grade and this movie aired on pbs during a series called 'wonderworks . ' i distinctly remember sitting on a couch watching the movie with tears running down my face at the end . in the film jesse , the main character , forms an unusual friendship with a girl named leslie . due to a very simple , but careless mistake one of the pair dies . at the time , i found the story very powerful , because the fatal mistake is exactly the type of mistake a kid would make and so any kid watching the film will find it very easy to identify with and feel the emotional weight of the tragedy that ensues . br br last year , i finally tracked down a vhs copy of the show . i probably should have stuck with my memories . watching the show as an adult i was absolutely shocked by what a horribly made film this was . my girlfriend had a similar memory of the movie as well , and she too was pretty sad about how bad the movie was compared to her memories . br br many adults probably have a good memory of watching this movie when they were kids . i strongly advise that these people leave their memories intact , and avoid seeing this film as an adult .",0,1
"i have to agree that the movie is not the best i've ever seen , but i would like to make mention that the actors portraying tommy and jimmy dorsey were the actual dorsey brothers . as actors , they were wonderful musicians . the movie , based on their famous split , would have been better had professional actors played the parts . many movies made during this time frame took advantage of the popularity of big bands . most often , the movies were not that good because musicians are not actors by trade . most of the moviegoing audience didn't go to see tommy or jimmy dorsey playing themselves ; they went for the plot and the music . i've never been much of a dorsey fan , but the music is good even today . br br i have to comment on a previous post regarding the actors who played mom and pop dorsey and that their accents would be considered extreme by a dublin audience . arthur shields and sara allgood were actually irish actors , both born in dublin . you might remember mr . shields as the reverend mr . playfair in the quiet man and ms . allgood as mrs . monahan in cheaper by the dozen .",0,1
"roy rogers as roy and sidekick raymond hatton as rusty join teddy roosevelt's rough riders . soon , they get suspended in order to roundup the killer of partner eddie acuff as tommy along the mexicanu . s . border ; they discover creepy gold runners in the process . notice how , even suspended , mr . rogers is able to get the rough riders to join in his roundup ! br br this is not one of the better roy rogers westerns . the fighting scenes look like choreographed dances . rogers singsyodels ridin' down the trail , one of two relatively ordinary songs ; and , a standout moment , overall . br br rough riders' roundup 31339 joseph kane roy rogers , raymond hatton , lynne roberts",0,1
"the duke is a film based in the heart of the british aristocracy where an old duke john neville dies and to avoid his large property and the vast riches to be taken from him after death by 2 devious aristocrats oliver muirhead and sophie heyman ; he passes his dukeship down to his dog . the dog's best friend , an american girl named charlotte played by courtnee draper whose parents die becomes orphaned by the former duke due to him being her great uncle . a young chef named florian arrives , with him and charlotte instantly connecting creating a romantic subplot which in its own way , acts as the under tone for the main plot line being the activities of hubert , the 'duke' and his many activities and love interests with other dogs . all this is watched over by james doohan who plays a butler who is determined to try and serve his old duke by doing his best to serve his new master , hubert . doohan acts as the older character there to comfort and advise the younger ones whilst he over looks and performs various ridiculous tasks under his new master . a fine comedic performance mixed with elements of drama to end the career of a fine and influential actor . br br though from the technical viewpoint , i dislike this film as i only watched upon discovering james doohan's role . though the plot is good , elements of the writing and directing have to be obscured . ignoring the absurdity of a doggie duke , i personally dislike the over use of comedic and outrageous jokes upon the 'bad' characters due to their ludicrousness . the dependence on hygiene related humour as you like is much too apparent and general silliness of many characters doesn't appeal to me . the director , phillip spink uses midlong shots too often with either an overdubbed voice or affecting the overall sound quality . plus , the acting of muirhead and heyman , whilst good at the dramatic and romantic sequences , fall drastically short fulfilling the wholesale requirements regarding the role . br br but , as a mature movie fan , i find it easy to be over critical of a simple family film designed to make you laugh . i can admit i found certain bits funny and other bits touching along with a plot that may be farfetched , but has definite connections . i do not recommend this film to mature movie fans but i do highly recommend it to dog lovers , families who wish to enjoy a funny film for their child and james doohan fans who wish to see 'scotty' in his final role .",0,1
"my brother tom br br aspect ratio 1 . 851br br sound format dolby digitalbr br following an episode of sexual abuse at the hands of a trusted neighbor , young jessica jenna harrison forms a relationship with a strange boy ben whishaw she meets in the woods . unfortunately , whishaw has secrets of his own , no less troubling and far more dangerous . . . br br dour drama , sparked by brave performances by harrison and whishaw , in which two kindred spirits immerse themselves in a mutual love of nature after being traumatized by their experiences in the 'real world' . unfortunately , their friendship unravels as harsh reality begins to intrude , leading to an inevitable tragedy . directed by dom rotheroe and photographed in digital video format , the movie looks ragged in places too many awkward closeups and sloppy handheld camera moves and takes a while to find its feet , but the dramatic payoff is quietly rewarding .",0,1
"diana guzman is an angry young woman . surviving an unrelenting series of disappointments and traumas , she takes her anger out on the closest targets . br br when she sees violence transformed and focused by discipline in a rundown boxing club , she knows she's found her home . br br the film progresses from there , as diana learns the usual comingofage lessons alongside the skills needed for successful boxing . michelle rodriguez is very good in the role , particularly when conveying the focused rage of a young woman hemmed in on all sides and fighting against not just personal circumstances but entrenched sexism . br br the picture could use some finesse in its direction of all the young actors , who pale in comparison to the older , more experienced cast . there are too many pauses in the script , which detracts from the dramatic tension . the overall quietness of the film drains it of intensity . br br this is a good picture to see once , if only to see the power of a fully realized young woman whose femininity is complex enough to include her power . its limitations prevent it from being placed in the see it again and again category .",0,1
"'ernest saves christmas' is comedian ernest's christmas special film . in this film , ernest has to find a successor to santa claus in order for christmas to continue . along the way , he meets a young girl who is a thief and who ends up stealing something very important of santa's i won't tell you what that is ; you'll just have to watch the film for yourself . like most ernest films , there is a lot of slapstick humor involved . br br this film is probably one of ernest's best films . it's funny , and it has some important lessons to learn regarding friendship and family and not being afraid to show love . it's not the best christmas film around , but it is a good one to get you in the christmas spirit . it's a little bit sad that the film is a little dated now .",0,1
"wrestlemania 2 is the only wrestlemaniathank god to be held at three different locations , and while it was an interesting idea , it didn't really work . there are only really two matches that really struck out , with the rest being decent , or most of them , pretty terrible . there are some entertaining celebrity's on hand , like susan saint james , ray charles and cathy crosby , but the experience was a waste of time for the most part . the british bulldgos vs the dream team match , is worth the price of admission itself , but you can honestly see that anywhere . br br matches . br br nassau coliseum . br br paul orndorff vs the magnificent muracow mr . fuji . for the time it had , and despite the crappy finish , this was surprisingly bearable stuff , with the crowd being really into it . crowd chants bullsht at the end . that being said it did nothing for either's career . match ends in a double count out with them fighting outside the ringbr br 25br br intercontinental championship match . randy savagec vs george the animal steele . not that great wrestling wise , but heavily entertaining due to the antics involved , and some great comedy from steele , besides savage can wrestle a potato and make it look interesting . savage wins when he puts his feet on the ropes , for leverage . br br 2 12 5br br jake the snake roberts vs george wells . for a throwaway match , this was better than it should have been , but it's too short to make any impact what so ever . roberts wins with the ddt , pulling out the snake afterwords , which disgusts saint james . br br 1 12 5br br boxing match . mr . tw the hati kidjoe frazier vs roddy piperw lou duvabob orton . a huge failure in my opinion . i was bored senseless throughout this , and while it may have been a marketing success , it certainly didn't succeed at entertaining me . lot of rowdy chants are noticeable as well . t wins by dq , when piper slams t . br br 15br br rosemont horizonbr br women's title match . fabulous moolahc vs velvet mcintyre . ends too quickly , before it even gets a chance to start , making a record for quick pin fall , as far as woman's matches are concerned . moolah wins when she takes advantage of velvet's missed splash from the top ropebr br 05br br corporal kirchner vs nikolai volkoffw classy freddie blassie . big pop for the corporal . stupid match up , with boring offense from both involved , while being much too short to matter . corporal wins when he whacks volkoff with blassie's cane . br br 15br br battle royal . william perry and andre get the biggest pops . this is pretty entertaining stuff , despite all the nfl talent involved . it's also noteworthy for bret hart's 1st ever wrestlemania appearance . andre wins when he chucks the hart foundation out . br br 2 12 5br br tag team titles . british bulldogsw lou albanoozzy osbourne vs the dream teamw johnny valiantc . absolutely tremendous match , that is one of the best wrestlemania matches of all time . you won't have time to catch your breath , with all the maneuvers on hand , and the excellent in ring psychology . this is pure wrestling at it's finest , you cannot call yourself a wrestling fan , if you dislike this match . bulldogs win when dynamite kid collide's heads with valentinebr br 45br br los angeles memorial sports arenabr br ricky steamboat vs hercules hernandez . pretty decent match up here , with both men putting on solid performances . hercules is a nasty brute , with above average skills , and it contrasted well with steamboat's highflying style . steamboat wins with a highflying cross body off the top rope . br br 2 12 5br br adrian adonis vs uncle elmer . terrible match , with annoying comedy involved . the fans love uncle elmer , but i do not . adonis wins with a top rope maneuver . br br 05br br the funk brothers vs tito santanajyd . pretty solid match here , with a lot of memorable bumps taken from terry funkthe one through the table was something else for that time . i would have to rate this as my 2nd favorite . funks win with help from jimmy hart's megaphone . br br 35br br wwf championship . hulk hoganc vs king kong bundy . decent pop for hogan . one of the most overhyped matches in wrestlemania history . hogan can't wrestle worth a lick , and bundy is not that great himself . the violence was brutal for the time , but hogan's superhero act is kind of annoying , and there are too many boring moments . hogan wins when he escapes before bundy . br br 15br br bottom line . wrestlemania 2 is a failure in most aspects . die hard wrestling fans should see this once , but you really don't have too . there isn't enough here , to satisfy a true wrestling fan . vince blew it on this one . don't be fooled by the hype of the main event , it really is a boring affair , like most of the card . not recommended , and ranks as one of the worst wrestlemania's , outside of the brilliant tag title match . br br 410",0,1
"i am a big fan of auntie mame with rosalind russell . she really was the perfect actress to play that character . br br i've heard angela lansbury was very good on stage in mame but it's hard to imagine anyone topping rosalind russell . br br lucy was such a great comedienne that her comic bits salvaged her performance in this movie where i think she was miscast really , they should have dubbed her singing voice hearing these songs sung at a faster tempo and with strong voices really changes the whole effect . br br i just saw the stage revival in washington d . c . and i think christine baranski was very good as mame , harriet harris the nasty chain smoking agent on frasier played vera and she was particularly good . br br both would be good casting for a tv movie of this show . maybe if that production makes it to broadway they'll consider filming it . br br also i think tracy ullman would be good as agnes .",0,1
"having some idle time before going to work , i looked at my 50 movie pack comedy classics dvd collection and picked the most obscure title in the pack zis boom bah starring a forgotten grace hayes . classics is obviously the operative word here since most of the titles i've never heard of and i suspect they're all in the public domain . anyway , this movie also stars her son peter lind and his wife mary healy who i just found out is a new orleans native from the state i live in , louisiana with benny rubin as a malt shop proprietor and huntz hall , taking a break from the east side kids , as peter's buddy . the plot , about a vaudeville mother trying to turn her rich carefree son into a responsible one with him unaware of who she is , is for the birds and doesn't have many funny scenes though i did like peter's celebrity impersonations and his dance with hall in drag . and the songs and dances are entertaining in themselves . rubin , however , is all over the place with his confusion of the american vernacular of the time and almost everything concerning him makes no sense whatsoever though i did like his funny dance . since this was only 61 minutes that i'm sure played on the lowerhalf of the double feature bill , i'll be charitable and give this one a 3 for the few entertaining bits that i mentioned enjoying .",0,1
"aaran is one of the movies where you find the loop holes in indian cinema . here is one good example to show how excellent writers , directors and actors succumb to the producers . here is one of the most wonderful actors , mohanlal , acting in a movie about a real story in kashmir . the seriousness of the film is slaughtered with sub standard comic scenes and songs . there is this character , havaldar jaykumar , who in reality , is the son of the producer of the film . hence , he doesn't have a hair cut despite his officer asking him to do so . this kid doesn't know what is acting and he is the hero of the movie . god help indian cinema with such producers . br br this movie is a pathetic display of what happens in kashmir . a sensible viewer can intuitively understand the constraints of such wonderful writers , actors and directors who want to share their real life experiences . but the unfortunate part is that a movie about the highest ranks in indian militia turns out to be a pathetic display that only makes one think that the movie was stupid . br br we should oust such producers in the film industry and pave way for good cinema .",0,1
"i am probably one of the few viewers who would not recommend this film . thought visually stunning like all of ang lee's work each still frame seems worthy of a print , i was really disappointed by the film's disjointed pace . it really was too long . br br the story is set in civil war era missouri , and is about a young man roedel who joins the feral forces of the bushwackers , sort of renegade confederate sympathizers who conduct geurilla type fighting with the jayhawkers , their union counterparts . he and his close friend , jack bull chiles played by skeet ulrich , join the group after chile's father is shot pointblank and his home is burned , presumably by jayhawkers . the story follows roedel's and chiles' raiding adventures and their interactions with other victims of the war , including former slave who fights for the bushwhackers daniel holt played by jeffery wright , and a war widow played by jewel . br br it seemed that every time the film developed the story to an interesting point , it would turn to some other subplot and leave things undeveloped . for example , the agitation among roedel's group caused by former slave holt participating in the confederate cause is shown briefly through some conflict regarding propriety and protocol , and then dropped until later in the movie . a young villianbully bushwhacker hates roedel and directs much angst and violence against him , but , we never know why . some of the characters never seem to surface ; i think that is because the movie embraces too many of them as well as taking on large amounts of history . br br the historical detail was excellent . i loved looking at the housing , furniture , clothes , etc . , and i thought the lead actors did a wonderful job of humanizing the characters , though they stumbled a bit with the dialog . unless you really enjoy history or are a huge ang lee fan , though , take a pass on this one .",0,1
"i saw this move several years ago at the central florida film festival if i recall . i liked it , it showed great potential . i guess most people here are blasting this film because the film did seem hobbled together by the filmmaker's own admission on the official site the short was exhibited as a roughcut . br br but nonetheless , it was an easygoing comedy . i think many people try to read far too much into a comedy . all they are supposed to do is make you laugh that's all . i did just that at its showing , so it succeeded on that level . just my 2 cents anyway .",0,1
"the 1930s saw a vogue for documentary films about remote corners of the world , with an emphasis on wild animals , exotic terrain and primitive people with unusual cultures . despite the logistics of transporting a film crew to a distant and dangerous place , and then bringing 'em back alive with the film footage , such films were often much cheaper to make than were conventional hollywood features . . . because there were no expensive sets , costumes , or highpriced movie stars . br br the most successful makers of such films artistically and financially were the team of martin e . johnson and his wife osa , who made several documentaries sometimes with blatantly staged events in africa and asia . the johnsons' safari films were extremely popular , inspiring several parodies . . . most notably wheeler woolsey's so this is africa , in which the very sexy esther muir plays a character named mrs . johnsonmartini instead of martin e . johnson , geddit ? . although several other filmmakers were producing safari documentaries at this time , the johnsons' films were the most popular in this genre because they relied heavily on humour . viewed from our own more enlightened i hope standpoint , this is a serious flaw in the johnsons' documentaries there are too many scenes in which the funny little brown or yellow people are made to look complete idiots who are easily outsmarted by the clever white bwana johnson and his wife . br br one definite asset of these movies is the presence of osa johnson . ten years younger than her husband , she manages to seem young enough to be his daughter . while certainly not as attractive as the shapely blond esther muir , osa johnson was a pert brunette who gave ingratiating performances in front of the camera in all the films she coproduced with her husband . br br 'congorilla' is probably the best of the johnsons' films . the shots of the congo are interesting and have some historical value as evidence of what this environment looked like in 1930 . the shots of the pygmies and other natives are also interesting , although these suffer from the johnsons' penchant to stage events in a manner that makes the natives look 'wild' and alien . br br the best and funniest scene in 'congorilla' is an improvised sequence in which osa johnson attempts to teach a jazz dance to some pygmy women . the dance is the black bottom , no less . . . the same dance which bob hope famously taught to daisy and violet hilton , the conjoined twins . wearing jodhpurs , riding boots , and a pith helmet , osa johnson starts scatsinging while she does high steps and slaps her knees in her attempt to teach this dance to the african women . meanwhile , they just stand there staring at her , apparently wondering what this crazy white woman is trying to accomplish . it's a very funny scene , but it has unpleasant undertones . osa johnson is doing a dance that was invented by black americans the implication seems to be that black africans should instinctively be able to perform this dance after a brief demonstration using natural rhythm , i guess because it's in their blood , or something . br br i'll rate 'congorilla' 4 points out of 10 . this film says a little bit about african life in the 1930s and rather more about american cultural perceptions in that same decade .",0,1
"always enjoy the classic horror films , however , this film was really a big waste of time and if it were not for john carradine playing the mad man doctor who is able to control human beings through his experiments . this film was made during ww ii and john carradine was a german nazi working to find a human weapon against the entire world . bob steele playing in many roles as a cowboy or gangster and in this picture bob seemed bored to death with his role in this film and acted like this was his first film . mantan moreland , jeff gave an outstanding performance with great comedy which helped keep the audience attention . i hate to criticize a film made in 1943 , but this is really a big disappointment . if you like john carradine and the roles he played as count dracula throughout many films during the 1940's , you just might like to watch john doing his best .",0,1
"bored londoners henry kendall and joan barry as fred and emily hill receive an advance on an inheritance . they use the money go traveling . their lives become more exciting as they begin relationships with exotic betty amann for mr . kendall and lonely percy marmont for ms . barry . but , they remain as boring as they were before . arguably bored director alfred hitchcock tries to liven up the welltitled as quoted in the film , from shakespeare's the tempest rich and strange by ordering up some camera trickery . an opening homage to king vidor's the crowd is the highlight . the low point may be the couple dining on chinese prepared cat . br br rich and strange 121031 alfred hitchcock henry kendall , joan barry , percy marmont , elsie randolph",0,1
"there is a really good movie lurking just beneath the surface of the layers upon layers of cheese that is the pagemaster . br br i found this out when i watched this again this morning after neglecting it for years and years . i remember hating it with a passion when it first came out , but this time , i found that the special effects are quite good . the plot is just the neverending story with a creativityendectomy , but it's an okay little flick for anyone who just wants some really awesome eyecandy . the animation is amazing , and i especially liked how the animators let their characters look and act a bit more surrealistic than the norm . i'm giving it a grade of three as i would have given it a two just for parody value if i had ever decided to watch this movie expecting it to absolutely blow my mind storywise .",0,1
"whoa . i mean , whoa . i mean , whoa whoa . br br i saw this movie , waaay back when i was eight , in 1996 . back then , cgi films were a rarity ; and good ones even more so . also , back then we listened to things called cd players . but i digress . i used to like this movie a lot , way back then , and up till viewing it again , i've held reaally fond memories of it . hey , it's don bluth ! anyone who hates all dogs go to heaven is clearly a robot . but , again , i digress . br br then , i saw it again . this really isn't one of his best , i can say now , eleven years later . i've seen a lot more films , and i've garnered a little bit more knowledge . now , sure , the voice acting is good , i'll give 'em that . story's . . . okay . i mean , we see it all the time . a lot . but , it works . the musical numbers are what irk me . this would've been more at home in the eighties , with these kind of musical numbers . in '96 , most kids movies had epic numbers , like the lion king which came out a year or so previous , but whateveror stuff like that . you get showtunes here , vaudeville style . br br the animation kind of hurts , too . at times choppy , and at others completely changing style and format with the change of a shot , it's really hard not to notice . br br i still like all dogs go to heaven , but this could've been waaay better . br br 410",0,1
"when voting i was going to give a 2 but when seeing that 1 meant awful it hit the nail on the head . the portrayal of native americans as blood thirsty savages is deeply disturbing to me . this is the third film i've seen of d . w . griffiths where races of men are stereotyped in ugly ways . the man isn't able to tell his side of the story so i'm going to try and keep away from attacking mr . griffith personally . in my opinion the three films probably influenced the thinking of millions of people and their children's children . films like this probably made for many of the resentments that are still with us . . some may say the camera work was great , the action a first for it's time . the positives are far outweighed by the negatives , it's like someone taking 10 from you and giving a dime back to make up for it .",0,1
"it's hard to imagine that anyone could find this short their favorite if they have seen most of their shorts , but i know that humor is very subjective . i have seen all of their sound shorts by far the best of their stuff imo and i found this one of their weaker efforts . br br in the year this was made 1930 stan and babe made 15 shorts and one feature . they were extremely popular and their boss hal roach took full advantage by keeping them working constantly . in addition , this was a time of experimentation for the writers and stan . i would say this was an experiment that really did not work . as someone else said , it does not play to their strengths . too much dialog and plot . br br the best part of this one for me is the largely improvised sequence with stan as agnes the maid and the great thelma todd talking about girl stuff . br br if you really want to see the boys at their most creative and funny check out blotto , or brats from the same year . br br they made so many shorts in such a short time that i think they can be forgiven for turning out a few less then par shorts . they made something like 108 films altogether . very few except for the ones made at fox were outright failures but there are some . county hospital , me and my pal , the live ghost , the fixer uppers come to mind as essentially weak ones . but other then those i find something wonderful in just about all their shorts . quite a record in my book . br br if you have seen and enjoyed all their other shorts then by all means check this one out , but i would be willing to bet that this one was less then memorable to stan and babe .",0,1
"the wizard of menlo park was deeply responsible for many things we take for granted in 2007 even if he did not invent them without rivals or assistants , he gave birth to the electric light , the phonograph , the motion picture camera , the electric car battery , the electric power grid possibly his most important but least recalled invention , the prefabricated house , and innovations to the telephone and telegraph , as well as the tickertape machine and an early voting machine . the total number of patents is over 1 , 000 far more than any other american inventor . br br but edison was a ruthless business competitor . he frequently had vast legal fights over the precedence of his inventions over rivals . the best example is the telephone , where he was one of seven or eight rivals with claims against alexander graham bell . actually edison's invention here was not the central idea that bell and gray had come up with independently of each other in 1876 , but an improvement on the sound quality of the phone receiver and transmitter that bell did not develop . still it was part of the huge 1888 supreme court decision that was the longest u . s . supreme court decision a single volume of their reports ! written by chief justice morrison waite which , by the way , killed the poor chief justice from overwork within weeks of completing it . br br in 1886 edison found an equally ruthless competitor in the area of electric power grids for large cities . this was george westinghouse , inventor of the railroad air break . westinghouse's firm had gotten the assistance of a new inventor , and former edison assistant , nicola tesla . tesla developed alternating current , which was a rival system to edison's direct current . edison's system was basically a straight circuit system of electricity . tesla's system allowed the current to be switched from one circuit to another actually it was a better , and more efficient system . but edison was determined to break this rival by a publicity campaign . br br it started with electric power lines . edison early on had his lines put underground , so that they would not be endangered by weather conditions . but westinghouse was forced to have his lines out in the open like telephone lines . when there were several accidental deaths by repair linemen on westinghouse's lines in particular one incident where the repairman was burned alive in front of hundreds of horrified onlookers in manhattan's business district , edison started insisting that a . c . current was far more dangerous that d . c . br br one result of all this was edison helping some subsidiary inventors with getting westinghouse a . c . generators and dynamos for an electric chair . edison himself always denied that he invented the electric chair , but he helped several lesser figures along the way for the complete story read mark essig's edison the electric chair new york walker company , 2003 . br br edison experiment himself with cats and dogs experiments he was glad to show the public . in the long run , despite assisting in the invention of a new method of execution , edison failed to dislodge the public support of alternating current . but he never stopped trying . br br in 1903 he had an opportunity to combine his campaign against westinghouse and a . c . with his invention of the motion picture camera . he assisted in putting down a well known public elephant topsy who had killed several men . he did so by electrocuting the poor beast with a . c . but the entire killing is on film and one can view it to this day . it is a pitiful looking film whatever poor topsy had done it was a poor beast not a machiavellian murderer . the moment we see the explosions of electricity sparks that show the death of the elephant , we are aware it will soon be over , but the sudden collapse of topsy is still an unpleasant sight to view . the film leaves a bad flavor in the mouths of modern movie audiences . yet , sad to say , it probably made a profit for edison his description of the film in his catalog of films shows real pride in his accomplishment here . in 1903 it may have been exciting entertainment for many americans watching it . one is glad that more people are appalled by it today sometimes one can sense the human race has improved a little bit .",0,1
"this movie proves that you can't judge a movie by the awesome artwork on the dvd cover . it also goes to show that you should learn more about a movie before you buy it or get it for someone at christmas . the beginning of this movie actually looks somewhat promising . well , until you meet the characters . pumpkin jack the old guy from down the street brings the college coeds a book full of witch's spells that he leaves at their annual haunted house where the movie takes place . after that there is some drinking , fighting , and soft core porn . then the action of the movie finally takes place after over an hour . br br overall , hallow's end was predictable , unsuspensful , and reminiscent of a softcore porn . this movie is probably best viewed with a group of friends who have nothing better to do , as it is a good movie to make fun of . and for firsttime viewers , it is really fun making predictions of the order of people who die .",0,1
"my mother told me not to go to see kadosh but who ever listens to one's mother ? br br i was so turned off by it while i was watching i thought i must have lost my feminist credentials on the way into the theater , so i checked with cardcarrying feminists the next day . no , they also thought it was much more an antiorthodox screed than a profeminist statement , painting the orthodox as equal to the taliban . br br while this israeli movie is careful to show that the sect the story is about is the ultimate ultraorthodox messianists , it is so nasty as to be unbelievable plus that the nonfanatic orthodox rock'n'roller ! one of the sisters is in love with is incredibly sexyeven in israel that must be fantasy . br br the theater was quite crowded , so there's a pentup curiosity to see israeli movies ; too bad this vicious movie is the one getting wide distribution . this was almost enough to drive me back to insipid hollywood romantic movies . br br originally written 4292000",0,1
"this movie has been a classic in my part of the country because it was filmed in my own small town . i now have many friends who are guards at dixon correctional , and i myself worked for 3 yrs at the superamerica store next to the krogers store the old lady was at . however , this is still the dumbest movie ever made , destined to be introduced by gilbert godfreid or rhonda shearer , if it hasn't been already . a bit of trivia , illinois doesn't even have parole hearings , and dixon prison is a medium security facility housing burglars and vending machine vandals . the classic cluckingseduction scene is perhaps the most amusing piece of writing i've ever seen , especially with the suspenseful buildup",0,1
"this version is very painful to watch . all of the acting is very stilted but especially that of norma shearer who is still acting as though she were in a silent movie instead of a talkie . check out the 1937 version with joan crawford , robert montgomery and william powell which is much more entertaining .",0,1
"when this show began it was fairly interesting we got to see what crab boat fisherman had to go through during the crabcatching season . soon after , however , it lost focus on the fishing and focused almost entirely on the drama in the lives of the fisherman . episodes became nothing more than 'the captain doesn't like the new greenhorn' this one happens way too often , 'someone is injured or sick' , 'a fisherman gets word of some problem at home and is frustrated that he is stuck on a boat' , repeat . i don't know how people can find the newest seasons watchable , as every episode seems to be essentially the same as those before and after it . this show should be moved to a different channel and renamed to crab boat drama , or , even better , it would have made a perfect onetime segment on dirtiest jobs . br br shouldn't the discovery channel have learned their lesson after american choppers ?",0,1
"! ! ! ! possible mild spoiler ! ! ! ! ! br br as i watched the first half of guilty as sin i couldnt believe it was made in 1993 because it played like a jagged edge joe eszterhas clone from the mid 80s . it starts with a murder and its left for the audience to muse is he guilty or innocent and will he go to bed with his attorney ? , but halfway through the film shows its early 90s credentials by turning into a lawyer gets manipulated and stalked by her client type film which ends in a ridiculous manner , and guilty as sin has an even more ridiculous ending in this respect . br br this is a very poor thriller but the most unforgivable thing about it is that it was directed by sidney lumet the same man who brought us the all time classic court room drama 12 angry men",0,1
"dreamy young ashton kutcher as tom stansfield wants a date with sexy blonde tara reid as lisa taylor . ms . reid thinks mr . kutcher is gay . kutcher works for reid's father , an anal retentive terence stamp as jack taylor . kutcher agrees to housesit for the boss , believing it will get him closer to reid . mr . stamp has a pet owl named o . j . , who becomes a toilet cokehead . br br this is a film to get your restricted to grated preteens ready for raunchier rrated fare . it will help if they haven't seen the plot before , and especially like moronic potty humor . remember , people get paid to act like this . br br my boss's daughter 2003 david zucker ashton kutcher , tara reid , terence stamp",0,1
"filmatography excellent , nice camera angles i don't remember seeing a movie of late , with good closeups , until this one . could have avoided gruesome scenes with a soft camera . ny is pictured good . i liked the upside down angles , in particular a different touch . br br music not impressive . songs don't stick around in your mind even after watching the movie . may be , i expected same quality like anniyan . a disappointment . br br actors kamal needs to slowly pull away from hardcore action sequences . his age and belly really show up . also , he should avoid close romantic sequences going forward . it was a very awkward to see a matureaged star still trying to play like a 20 heroes scenes . love can be expressed at any age ; as we get older , you still can express love nicely from a distance without touching a woman too much . for example , the love expressed by rajinikanth in chandrmukhi . br br jyotika just appears for the namesake in the movie . not sure why she accepted this . well , that is not my problem , i guess . br br others just have a small presence . br br direction i expected gautham to excel or measureup to his other movie kakka kakka . he disappointmented me . it took a long time to release the movie due to various issues . he slips in few scenes . even abvious things got slipped from a famous director . br br overall just a okay movie . too much graphics . definitely not for kids and adults who expect some kind of entertainment . br br thx",0,1
"i a huge fan of when it comes to doctor who series and still am , but i was very disappointed when i began to watch this new series . br br children under the age of 15 , or even better under the age of 10 will probably will enjoy it the best , and possibly new fans who haven't seen any of the original series , but as far as fans of the original series , will find this series missing much of the charm the made the original series so great , it took david tennant to get me to appreciate how much better christoper eccellestion was as a doctor in the 1st season . br br i would only recommend this series for people who haven't seen much of the original series , people who are under 15 , and extremely die hard who fans , everyone else will just get a laugh and mumble curse words about russel t . davies screwed up one of our favorite tv shows .",0,1
"nice movie and nicholle tom does a fantastic job playing the guy in the girl's body , she really does it well . br br a sort of teen version of many other movies , but well done . br br well casted , from matt to matt2 .",0,1
"bela lugosi is not typecast in this fantastic twelvepart adventure serial , playing the lead as frank chandlerchandu the magician , enjoying his role as a representative of the forces of white magic pushed against those of black , while displaying vigourous fighting skill , successfully wooing a young egyptian princess , and cutting a lean and dashing figure in yachting gear , complete with nautical cap . the somewhat lumpy plot engages chandlerchandu in an ongoing series of escapades pointed at achieving the rescue of his fiancee , princess nadjimaria alba and others from the clutches of the idolworshipping sect of ubasti , which covets nadji's blood in order to revivify an ancient mummified princess entombed upon the mysterious island of lemuria . director ray taylor , an old hand at such entertainments keeps events moving briskly , but repeated scenes and footage , a good deal of which is to be found in the previous year's skull island setting from king kong , and the port locale from son of kong , reduces original action to less than 60 minutes from the serial's running length of over two and onehalf hours and , if viewed at one sitting , becomes lacking in effect to most viewers , unless insomniac .",0,1
"apart from the da james eckhouse , and a brief appearing woman who is convincingly sympathetic to ellen gulden's renee zellwegerplight , ellen herself is the only convincing characterand likable character in the movie . she is the one , not her dying mother , who should be and isthe one true thing . it's not only in the role , in zellweger's acting , but also in the plot itself . . . . until , the plot turns against itselfand makes the mother the one true thing in the eyes of her weak willed , shallow husband who can do nothing right for his wife or daughter . the daughter perceives what the viewer perceives , but such intelligent perceptions must give way to the shallow sentiment of the husband who is blanked out on both the realities of his wife and daughter . br br to boot , the one powerful scene in this whole movie , when ellen confronts her father's cruelty , is given the lie at the end . ellen is just another young strong woman who must be tamed into conformity by a crybaby father . a very flawed movieso flawed as to be called a bore and not worth the time .",0,1
"there are two points i need to make clear right at the beginning . first of all we all know what this year's oscar's were really all about this year . it was the academy's way of showing people that they are no racist , and never have been . they wanted to clear all preconceived notions about themselves . secondly , it's kinda pointless to make remarks about the show , because really , what difference will it make ? but , it's fun to write about it . this is the year i became fedup with the oscar's ! i will never watch the show again . every year they do something wrong . before crowe wins for gladaitor when they real winner should of been ralph fiennes for sunshine . if you haven't seen this movie yet , watch it and you'll agree . eyes wide shut when released receieved no nominations . and as far as this year goes , well , the bad choices were all over the place ! baz lurhmann gets no best director nomination ! are you joking ! ! a beautiful mind is up for best makeup ? ? ? ? training day gets nominated ? ? the movie was awful , and it seemed like washington didn't even turn in a performance , all he proved was , he knows how to use four letter words ! that's what h won the award for ! take away the language and i bet he was almost playing himself ! i liked gosford park , i really did , but why 7 nominations ? and how on earth could they not give it too altman ! i mean , c'mon , if there just giving the award to people to clear up any bad feelings , what about altman ? the man has been in the public's eye for 32 years now and no oscar ! there were many , many things that bothered me about this year's oscar's , but , i'll live with it , as long as i never have to watch another show again ! the highpoint and the only one of the show was when woody allen made his first appearance ever to the award show . that will go down as one of the greatest moments in he history of the show .",0,1
"i chose this movie because i was looking for a triangle friendship between a girl two boys . as i lived this situation and get lost in it , i hope a similar story would inspire me . br br my major concerns are why a how b the triangle forms ? why c how d the triangle degenerates ? br br a the movie offers a plain answer because it's better ! . br br b here , it's an open triangle the three share things together . mine was a closed one every ones knows the others but never the three are together or speak about the missing one br br c the movie doesn't offer spoken explanations but rather prefer visual emotional assumptions the end comes with sensuality , sexuality coming up in the triangle , or more accurately , when for one member , deep feelings are tied with intimacy , and , as for the latter and the former , they can be divided . i agree with that . br br d in the movie in my story , silence is the proof that something isn't well . . and in a ironic and painful way , the tool for this sad times , is always the phone i lived this dreadful planned phonecall call me back i wait you and when time comes , the phone is silent . a variation is also shown , when the line is connected but one refuses to speak all those scenes were very very hard to see for me . br br if the movie was a great help in that way , he got also a lot of flawsbr br i zapped on the boy's family problemsbr br why the shower scene on the dvd cover is cut on the movie ? br br how mickael gets finally into the hotel ? br br is clment always seeing salom ? he says no but has her address ; and who is the girl with him in the bar his girlfriend ? how can she knows about the address ? ? ? br br what finally happens to vanessa the ring at the final shoot is a proof of engagement ? ? ? with whom ? ? ? ? ?",0,1
"propaganda proamerican war effort film that came out in 1942 has the east side kids getting tough against any japanese they spot in their own neighborhood when they learn they're too young to enlist . ultimately they learn they were mistaken in their mistrust of some individuals but also happen to stumble across a spy ring they then set out to bust . the film is harmless enough in its fashion although some may well take offense given how innocent asians really did get singled out during the second world war . overall though , it's a pretty generic effort and both leo gorcey and huntz hall would have better moments , the best of which tend to come here when they adlib .",0,1
"squeamish 11yearold luke benward as billy worm boy forrester moves to a new town . at his new school , young benward is picked on by the other boys . they put worms in his thermos . getting his gag reflex under control , benward tosses a worm on frecklefaced bully adam hicks as joe guire . benward bets he can eat 10 worms in one day without regurgitation ! br br tall , teased hallie kate eisenberg as erika erk tansy uses her archery skills to help benward . director and former sctv writer bob dolman promises , no worms were harmed in the making of this movie . in a related note , sctv star andrea martin has one funny scene . how to eat fried worms is loosely based on thomas rockwell's popular novel . preteen kids into grossouts should enjoy the film . br br how to eat fried worms 82506 bob dolman luke benward , adam hicks , hallie kate eisenberg , alexander gould",0,1
"i didn't know whether to laugh or cry at this misrepresentation of canadian history , particularly the disservice done to the history of the mounted police in the yukon . br br i'll leave it to pierre berton , noted historian , born and raised in dawson city yukon , and author of the definitive history of the klondike gold rush , klondike the last great gold rush , 18961899 to express my exasperation with this silly movie br br the american idea of an untamed frontier , subdued by individual heroes armed with sixguns , was continued in the far country , another story about a cowboy from the american west wyoming this time driving his herd of beef cattle into gold country . the picture is a nightmare of geographical impossibilities , but the real incongruity is the major assumption on which the plot turns that there was only one mounted policeman in all of the canadian yukon at the time of the gold rush and that he could not deal with the lawlessness . when james stewart and walter brennan reach the yukon border with their cattle , the customs shack is empty . br br where is the constable ? asks brennan . br br up on the pelly river . trouble with the chilkats , someone replies . he's got a real tough job , that constable . he patrols some ten or twenty thousand square miles . sometimes he don't get home for two or three months at a time . br br the historical truth is that the yukon territory during the gold rush was the closest thing to a police state british north america has ever seen . the northwest mounted police was stationed in the territory in considerable numbers long before the klondike strike . they controlled every route into the yukon and they brooked no nonsense . they collected customs duties , often over the wails of the new arrivals , made arbitrary laws on the spot about river navigation , and turned men back if they didn't have enough supplies , or if they simply looked bad . in true canadian fashion , they laid down moral laws for the community . in dawson the lord's day act was strictly observed ; it was a crime punishable by a fine to cut your wood on sunday ; and plump young women were arrested for what the sternfaced police called giving a risqu performance in the theatre , generally nothing more than dancing suggestively on the stage in overly revealing tights . br br in such a community , a gunbelt was unthinkable . one notorious bad man from tombstone who tried to pack a weapon on his hip was personally disarmed by a young constable , who had just ejected him from a saloon for the heinous crime of talking too loudly . the bad man left like a lamb but protested when the policeman , upon discovering he was carrying a gun told him to hand it over . no man has yet taken a gun away from me , said the american . well , i'm taking it , the constable said mildly and did so , without further resistance . so many revolvers were confiscated in dawson that they were auctioned off by the police for as little as a dollar and purchased as souvenirs to keep on the mantelpiece . br br in 1898 , the big year of the stampede , there wasn't a serious crime let alone a murder in dawson . the contrast with skagway on the american side , which was a lawless town run by soapy smith , the denver confidence man , was remarkable . but in the far country dawson is seen as a community without any law , which a soapy smith character from skagway he is called gannon in the picture can easily control . in real life , one of smith's men who tried to cross the border had all his equipment confiscated and was frogmarched right back again by a mounted police sergeant . br br in the movie the lone mountie says yes i'm the law . i represent the law in the yukon territory . about fifty thousand square miles of it . br br then why aren't there more of you ? br br because yesterday this was a wilderness . we didn't expect you to pour in by the thousands . now that you're here , we'll protect you . br br when ? br br there'll be a post established here in dawson early in may . br br what happens between now and may ? you going to be here to keep order ? br br part of the time . br br what about the rest of the time ? br br pick yourselves a good man . swear him in . have him act as marshalbr br the movie mountie leaves and does not appear again in the picture . his astonishing suggestion that an american town marshal , complete with tin star , be sworn in by a group of townspeople living under british jurisprudence is accepted . naturally they want to make jimmy stewart the marshal ; he clearly fits the part . but stewart is playing the role of the loner who looks after number one and so another man is elected to get shot . and he does . others get shot . even walter brennan gets shot . stewart finally comes to the reluctant conclusion that he must end all the shooting with some shooting of his own . he pins on the tin star and he and the bully , gannon , blast away at each other in the inevitable western climax . br br to anybody with a passing knowledge of the canadian north , this bald retelling of the story passes rational belief . br br excerpt from hollywood's canada , by pierre berton , 1975 .",0,1
"i agree with the majority of the comments i have seen written . i grew up watching seseme street before a lot of the people who have written comments were even born . i was born in 1964 , so i was 5yrsold when seseme street was introduced to television . the show taught me my numbers the count , spelling the muppet , and about life . i liked all the old characters big bird , oscar , grover , and cookie monster and don't quite understand why they had to change . i understand that everything has to change in some way , but to make cookie monster into a veggie monster to promote healthy eating . the show has introduced new characters and monsters since it's inception , why not make a separate veggie monster that talksdiscusses the benefits of eating a varied diet with cookie monster . but , back to my point . i grew up watching the very beginning of seseme street , my now 20 yrold daughter grew up watching ss with me along side her , and we discussed mr . hooper dying , although he had died prior to her being born , as well as other topics on the show . i saw the episode as a older child , and still remember how well they portrayed the event , much like real life . and i'm sure it hit the cast extremely hard as all deaths and losses effect families . you saw this on the show and it allowed parents and children to discuss very difficult events . the show has talked about traditional families , adoptive families and combined families . it's one of the few shows that actually discusses these scenarios . i now have a 5 yrold daughter who really doesn't watch ss . i've tried to watch the show a couple of times , but , it really is not what it used to be . the elmo 12 hr with mr . noodle is absolutely ridiculous . like many people have said , it doesn't teach anything . it's geared for the less than 18 month old maybe , and isn't even funny . i always prided myself on watching ss as a child , teen , and adult with my own child . now on my second goround , i really have a hard time watching ss . the topics that were discussed death , marriage , nontraditional families , new to neighborhoods , moving away were related to children and adults in a manner easy for 299 year old to understand and relate to . now , there are no concepts taught , minimal counting , only the occasional mention of the alphabet . it is not the same ss , from an original watcher of the show . please if any producers from the show read these comments , return the show to its foundation . new concepts have never been a problem with ss , they just used to have a better way to incorporate them into the show .",0,1
"i saw this movie when it first came to the theaters in 1988 and though i knew it wasn't of award winning caliber . . . i kinda liked it . it tales the tale of 5 former cub scouts reuniting to take on the one task they never got to finish as kids which is to climb mt . whitehead . of course now the cub scouts are all grown up and have developed their personalities in a variety of ways , but none too differently than they were as children . richard lewis is still neurotic , richard belzer is still a playboy , franklyn ajaye is still sort of the dear abby of the group , and tim thomerson is still the surfer dude of the group . of course the top billed star is louie anderson , a true believer in everything cub scout related . he still lives in the same house with his mother , still goes over the cub scout manual daily , is brave , reverent and clean , and is the one who reunites the others for one more grand adventure in scouting . compounding their task , however , is the grunski brothers , two bullies drummed out of the cub scouts by the above mentioned . by coincidence they run into their old den and decide to harass them a bit , albeit harmlessly . not so harmlessly is three escaped convicts , who think pack 7 is from the fbi and are intent on wiping them out . all in all , the movie still has bits of charm . observe richard lewis trying to get comfortable on a folding cot , for example , and you have a really funny bit going for you . upon further review , the entire film needed more of that type of observational humor . it doesn't hold up well after all these years but still remains a guilty pleasure .",0,1
"this movie is a nonsensespoof comedy , in the lines of the airplane or naked gun , but it doesn't even come close to this two , because it lacks originality and a little more intelligent jokes , rather then just throwing you with the same old easy jokes . br br you can figure out some references to other movies , from the top of my head i identified dodgeball and rocky , so you can have some fun with that , trying to find out what movies are spoofed . br br the movie also offers you an occasional laugh , but nothing that can cause you injuries , thus nothing really funny . br br i liked the character ipod in some ways even though some of the jokes with him are standard comedy 101 . br br i think this movie and like most of nonsensespoof comedy depends on the mood you are in , so if you think you will laugh to any joke watch this movie . if you are in a serious mood forget about this rewatch the airplane instead , it will definitely make you laugh",0,1
"no , it's not the horror movie . . . this one is actually a love story . br br the ring is a silent film from 1927 that stars two boxers and the woman that comes between them . she loves the boxer known as one round jack . she loves him until the champion comes along , that is . even though she marries one round , she starts overtly flirting with the champion until the climactic final boxing fight between one round and the champion . she comes back to one round's corner , just when things look their bleakest , and he miraculously finds the inner strength to win the fight and win his wife love back . br br this film was very early in hitch's career , but the limitations of the time must not have made him make a lasting film . although there are special film tricks , and some comedy relief , this film just does not hold up to any of his later work . it must have been extremely risqu for the time period though , with the shameless adulterous wife . that may have been the draw back in 1927 . while looking through all of these old films , it is amazing how i think that they could be redone on today's screen and really come off . maybe i should be the one . . . . br br skip this movie unless you are planning on watching all of hitchcock's films . you could fall asleep in the middle .",0,1
"this cartoon is not right , lol i totally disagree with a lot of things it portrayed however it ended on a positive note , but as for me and mine we will not be viewing this in our household mainly because we fight against stereotypes every day and this cartoon just confirms what most white people feel black people act likebr br the comment one of the little black girls made on the cartoon was that her boyfriend was so conscious he was white that really offended me that's not something we as black people take lightly conscious is a state of being that black people achieve when they realize their true ability",0,1
"welcome to our town , welcome to your town ? as we are introduced into the worlds of its townsfolk of 1901 america , this three act play is opened before us with the help of the stage manager , a visual narrator if you like . after his initial introductions , we are lead into the homes of two particular families ; the webb's and the gibb's . br br this is most definitely middle america at the turn of the century , and the progressive way of life of the american dream and its saccharine overtones that can seem a little biased in this dream town . here we see the everyday lives of some of its 2642 populace of grover's corners , new hampshire , even if there are , too , the migrant polish workers that add another 500 to is numbers , they , never get a lookin . br br once the daily lives of these families have been introduced ; wives cooking , children homeworking , fathers working , kids falling in love and the clean picketfences painted white , the second act is started three years later , after young george a young and unrecognisable william holden , then aged 22 and emily have fallen in love and intend to marry . blossoming lovebirds reaching for the stars and reaching , too , a turning point in their own lives , from the nest they lived and now , into the anxieties and woes of young adulthood they nervously step . the third act is slightly more sour and foreboding , it is in this act that the movies intentions become apparent , here we see not life , not celebration but death , and it is in this predicament that the dead , as they return to revisit and reconcile their own life past , are here to remind us , to tell us , that life , and every last minute , every precious breath is not to be wasted and squandered . br br it is in this last third that the movies own political stance also seems more apparent too , feeling more of a propaganda stunt on the moral lecturing on , and by , middle america and how it should direct its home and how it should also put it in order . this isn't just about our town , this is moral diction aimed at our souls and how america can better itself if its peoples' , excluding the poles , the irish , the native american and the freed ethnic minorities' , and minorities' in general , plus the supporting backbone of the americana's who , still , have not had a fair part in this narrative , such as the middle classes , can live up to the expectations of the american dream through honest , decent living . the purveyors of the american dream with special invitation only . br br i was entertained , slightly , by this movie too , but i felt that its narrative held a stronger impact than anything else that took part in it albeit the bland acting , the musical score or how well , or not , it was made . this was the movies intention to exclude other groups , and to only include the likes of the webb's and the gibb's , in the future of the developing country of the usa , a good movie , but also a slightly biased in its stance , i thought . br br taken from the play by us' born thornton wilder 1897 1975 this pulitzer prize winning play , and six academy award nominated movie , was the focal point on the perpetual motion of life and its three main attributes ; life , love and death , the plays translation onto celluloid comes across as a slightly to the right blurb of social consciousness . our town starts off with what seems a lesson in pointlessness , like other towns , nothing too exciting ever happens here , if anything at all , this town only has the right sort of people , you can still leave your backdoor unlocked here , we are seeing the developing lives of these two families , but it is their moral and social stance that is more important than them themselves . our town may just have been any town , just as long as you came from the right part of town that is .",0,1
"more suspenseful , more subtle , much , much more disturbing . . . .",0,1
"like a latter day ayn rand , bigelow is la major muy macho in her depiction in the film of a few tough american hombres stuck in iraq defusing roadside bombs set by the ruthless , relentless , childkilling arab terrorists . as bigelow posits the iraq war as the backdrop of the grand stage of human drama , one veteran bomb expert gets blown up and another shows up to replace him in the dusty , hot , ugly rubble that is iraq , and a new hero is born . br br the new guy is what john hershey described in his book , and later the movie , the war lover , as a sadistic wingnut who actually isn't fit for civilian life , and requires the stimulation of war to sublimate and suppress his errant sexual desires . the war lover can only fully function in war , peacetime suffocates him . while hershey chastised the war lover , played in the film by steve mcqueen in one of his greatest roles bigelow glorifies him . the army needs war lovers , they are the bulwark of defense against our enemies . we can't handle the truth , that it is war lovers who are the best soldiers , the toughest men . according to the unironic bigelow , regular men are pussies , the war lover is a special breed , the last of the cowboys . so what if he wants to bareback his men , or fondle an iraqi boy ? he is a throwback to the sexanddeath cult of war . in war , sex is a thankless , loveless , don'task , don'ttell kind of male bonding . bigelow has no opinion on this ; she just limits the options of masculinity in this hamfisted attempt at realism . only a warlover can win the moral struggle between right and wrong , between american innocence and arab perfidy . bigelow disguises her racism and arrogance behind the ingenuous facade of journalism . she's just another gungho yahoo depicting a brutal war against civilians as a moral triumph of the spirit . br br on the political front , bigelow returns to the western genre and its relentless clichs again and again , ad nauseam the wonderful world of the open frontier , which happens to be some one else's country . you can shoot people here says a soldier ; the tough but human black guy companion , the soldier with a premonition of death , the gruff , possibly crazy commanding officer , the collegeeducated fool who tries to befriend the enemy . you name it , bigelow resurrects it . br br the manboy love is palpable in scenes with the cute arab boy who befriends the war lover , but bigelow plays it straight ; she doesn't consummate the sex , just sanitizes it . what bigelow really wants to show us is the ugly , sneering face of the arab enemy . any iraqi who isn't pure evil is either demented , hostile or up to no good , anyway . they all deserve to die for their impudence , and many of them do in this glib gorefest film . the iraqi women are all hysterical , they only make their presence known by screaming . they could be male stunt men in drag for all i know , you never see their faces . there is no female presence at all on base or in battle , although female casualty rates in iraq would certainly disprove this . br br bigelow goes through all the motions one by one . she glorifies war , she canonizes the sadist nutcase hero . the cowboys , surrounded by the subhuman indians , prove their mettle by doing god's work and subduing the wretched terroristinfested hellhole with sheer bravado and suicidal mania . toward the end , i felt like rooting for the indians . in bigelow's world , though , no mercy or understanding ever makes it through . the iraqis are dehumanized par excellence . the slaughter of civilians is just the dramatic backdrop to our hero's psycho sexual struggle . every u . s , bullet finds its mark . you have to love the guy , the war lover . it's just his way , he is the true hero . he's just a guy trying to get things done the hard way , and so what if he lusts for boy tang on the side .",0,1
"the oftenreliable leonard maltin says this is a delightful romance and that sanders is superb . maltin must have confused this movie with something else . sanders is snide and droll and superb , as usual , you can imagine his delivery of the line regarding adultery , sometimes the chains of matrimony are so heavy they have to be carried by three , but dull , wooden and dated describe this movie more accurately . the storyline itself , an autobiography with sanders as a suave jewel thief , francois eugene vidocq , who becomes chief of police but can hardly resist the lure of fine jewels , is entertaining enough , but it has the same kind of hollow historical hollywood treatment that marred such period epics as marie antoinette , and certainly the deplorable forever amber which screams for a classy remake . though , in his defense , sanders tries mightily to add some depth to his character , it is all for naught . i am an unabashed douglas sirk fan , but this is 1946 , and it is one of sirk's earliest american efforts , lacking many of the signature touches that would define his florid , breastheaving potboilers . sirk is just getting his feet wet here , and made a number of unmemorable films over the next ten years until he struck gold with magnificent obsession , and hit his stride , bombarding us with such estrogenfests as all that heaven allows , written on the wind , and imitation of life . but scandal in paris is hardly his best work a relatively lowbudget affair with cheesy sets and ineffective costuming .",0,1
