text,true,pred
"despite being a huge fan of fred astaire and ginger rogers' movies , it wasn't until about 6 years ago that i first saw 'follow the fleet' . i knew all the songs from an old astairerogers record yes , vinyl but knew nothing of the plot . br br unfortunately , while the songs are catchy and ginger rogers' character is sweet and funny , you just can't like 'bake baker' . while trying to make up to his longtime partner , he continually sabotages her career . his character doesn't have the usual humour and elan of the other films' astaire characters . br br worth watching for the songs and a great solo tap routine by ginger rogers .",0,1
"i know that full moon , or any other film studio for that matter , could never recapture the fun and cheesy scifi feeling that was the original trancers . ' and with the last two entries in the series having jack deth in medieval times instead of futuristic los angeles , it became quite obvious that there really was little hope in reviving the trancers series . breathing new life into a film is one thing , but taking our main character out of his element and putting him into the past , well , it didn't work ! so now with trancers 6 , full moon has breathed so much new life into the series that we don't even deal with jack deth any more . we now deal with his daughter , jo . jack is in her body and must go into the past and fight the trancers one more time . br br minor spoiler first scene of the film revealedbr br to prove how bad this movie is , you only need watch the first two minutes of the film when the original jack deth appears on the screen . but it's not actually tim thomerson . it's clips of him and sound bytes strung together trust me , you can tell they're strung together horribly to provide the viewer the last of the true jack deth humor . and from this point on , things only go down hill . having this girl , jo deth , as our main character while jack deth is supposed to be in her body , is the worst idea in the world . having this cute young woman act as a rough and tough man isn't the right track at all ! it doesn't work and it really comes off as foolish . br br i'm not going to go into the aspects of special effects and makeup because most reading this know what full moon has become a really , really , low budget enterprise . i don't know what to say about this movie , except i really wish full moon could be like it was in the days of demonic toys , puppet master , and trancers 1 . back then , while the special effects weren't great , the story telling was . they made serious bmovies for serious b movie and horror fans , and that just doesn't take place today with the new full moon studios . i yearn for the good ol' days , and truly hope , that full moon can pull itself out of this horrible slump that they're in right now . br br trancers 6 gets a 2 out of 10 .",0,1
"ok , let me again admit that i haven't seen any other merchant ivory the distributor films . nor have i seen more celebrated works by the director , so my capacity to discuss before the rains outside of analysis of the film itself is mitigated . with that admittance , let me begin . br br before the rains is a different kind of movie that doesn't know which genre it wants to be . at first , it pretends to be a romance . in most romances , the protagonist falls in love with a supporting character , is separated from the supporting character , and is sometimes united with his or her partner . this movie's hero has already won the heart of his lover but cannot be with her . his name is henry moores and her name is sajani , and they reside in southern india during the waning days of the raj british imperial rule . henry has been away from london for a long time and has fallen in love with his married indian maid , despite his legal marriage and child overseas . what could be better than that ? they often sneak away for intimate afternoons until some children notice them . word spreads to sajani's husband who questions her involvement with moores . she denies any contact with him , but moores asks her to leave the area . sajani refuses because of her devotion to him and commits suicide . please take note that these events occur in the opening third of the film . the film changes tone and becomes a crimedrama in its final portions . br br sajani's body is discovered right as moores' family comes to visit . the alleged perpetrator is moores's englisheducated assistant t . k . t . k . knows of his master's affair but keeps silent until his life becomes threatened . once he is declared innocent , he attempts to regain his honor by killing moores . t . k . is too squeamish and leaves him in a dirt path as the rains fall . br br i want to warn you , this isn't a romance film . the dvd cover and theatrical posters show an indian woman and caucasian man embracing in an idealized tropic setting . this image is captured directly from the film's opening , but quickly disappears . then it's over . it seems like an effort to capitalize on western fixation on forbidden love . it isn't effective , at all . not only is the movie not a romance , but its characters lack any personality . they are bundles of walking clichs . moores is an arrogant white man who doesn't recognize his indian friend , t . k . 's intelligence . t . k . is torn between his own heritage and his educative background . sajani is a woman incapable of having a choice in her romantic life . oh , and , of course , moores' family is inquisitive into sajani's death but still slightly racist to indians . if the tone wasn't so serious , i would be willing to overlook these problems , but it isn't . the film is presented with a didactic overtone which highlights its poor character development . br br no , this film isn't terrible . other than the laughable screenplay , it isn't poor . the actors are all experienced and perform well here . nandita das , who plays sajani , was part of wonderful indian drama water . even director sivan has an impressive resume . he recently oversaw the terrorist , which is part of roger ebert's great movies collection . what happened here ? why is this movie so bad ? well , sivan mentioned how he was inspired to direct this film because of a short he viewed in israel called red roofs . apparently , the story was timeless , and sivan sought to create a similar experience set in 1930's india . i don't have any problem with that approach , but i think sivan may have been too motivated this time . the actors , cinematography , and set design are acceptable but unless you share sivan's aura , you'll probably not enjoy it . my recommendation is that you presume you aren't in accordance with him and watch something else . final consensus and out of",0,1
"i was excited to hear that someone had made a documentary on what it was like to be puerto rican . when i heard it was rosie perez , i wondered . . could she possibly know what it is really like to be puerto rican . as far as i knew . . . . she was a nuyorican . well anyway , i anxiously sat with my popcorn to watch . i realized 10 min into it that my initial apprehension was right . rosie perez has little knowledge about what it is like to be puerto rican . this documentary is more a 1st hand , very very personal account on what it is like to be a nuyorican . . and all of what that entails . she like most of the nuyoricans i know have a watered down , partial and sometimes twisted sense of history . how could they not . . they live here . yes , all of them are proud . as they should be ! but a lot don't know the ins and outs of the real culture , history and political background or language for the most part . it all became very very apparent with her participation in the vieques issue . regardless of my personal take is on this issue . . at least i know what the hell the fight is for . there is she is getting arrested for something she knew little about . . and only participated in because it was a puerto rican cause i really don't understand how she is not embarrassed to admit to it . for those of you that are not puerto rican , please view this as a partial account of a woman's journey of self discovery and acceptance . do not take this as gospel . . . a lot of it isn't even true . please consider the source . rosie is an actress ; not a historian . this movie is not and should never be , for other nuyoricans , the base for their information . instead , just a step towards finding more info , learning and debating what the reality is . not just the one coming from this woman's eyes .",0,1
"using tons of stock footage , not only from trader horn but also the first two films in the series for example the alligator fight was used last time out this is one of the weakest films in the mgm series . its a huge let down after the classic tarzan and his mate which is possibly the best film in the series . br br the plot has jane's cousins coming into the jungle to tell her that she has inherited a fortune if she'll come back to claim it . they are kind of in the bind since the relative that left her the money cut them out of the will . hiring a great white hunter , who secretly wishes to capture tarzan and sell him , the pair heads into the jungle where they run into the usual jungle troubles more so because of the stock footage . after lots of talk jane decides to go back to civilization and we get long sequences of tarzan and jame making kissy face . finally into the last half hour the plot to capture tarzan is put in motion and things at last become interesting as plans go awry and things look very grim for all concerned . . br br painfully dull film is clear evidence of a troubled production . the film seems to have been assembled from several different films with the first half hour playing as an almost exact repeats of the previous film . the middle third shows signs of having to stretch things out and having plot lines that ultimately went nowhere . the last third where tarzan is captured and the party is put into peril is the point that the film finally comes to life it also shows signs of the graphic violence that caused much of the need to reshoot the film . to me its a great wonder how the series managed to continue on from here since this film isn't very good except at the end . i would be hard pressed to explain it except i would have to say that it was the relationship between weissmuller and o'sullivan as tarzan and jane which kept people coming back . its a beautifully acted pairing and really is one of the screens great couples . br br i should probably also mention that this is the point that the film became less real and more fantastical with the appearance of the tarzan tree house . i really dislike the first hour or so of this film a great deal and find it a great waste of time and energy . if you can come in towards the end i would recommend giving the film a try . otherwise i would just skip the whole film and move on to the next film in the series .",0,1
"black vengeance is an alternate title for ying hung ho hon aka tragic hero 1987 . i have just seen this on vhs , together with the first part of the story , gong woo ching rich and famous , also 1987 . the poster and 2 stills featured on the page are for a 4dvd set of movies starring rod perry the black gestapo , fred williamson black cobra 2 , richard lawson black fist . the fourth movie is called the black six . strangely , while the characters retain their original names in rich and famous , in black vengeance chow yunfat's character is named eddie shaw , alex man man tze leung is harry , and andy lau is called johnny . also confusing is the fact that 1994 is given as the copyright dates on both films . perhaps that was the year they were americandubbed . according to the release dates given on imdb tragic hero was released before rich and famous . was there any reason for releasing the sequel first ? despite some users' comments , i enjoyed these films , although they aren't among cyf's best such as the killer and hardboiled which are truly astonishing . however , if one day i come across a 2dvd set of rich and famous and tragic hero i won't hesitate to buy it . hopefully , these comments about black vengeance clear up , which was also for me , a mystery as to where it belonged in chow yunfat's filmography .",0,1
"a fabulous book about a fox and his family who does what foxs do . that being stealing from farms and killing prey . until a trio of farmers decide they've had enough of this fox and try in various ways to have the problem solved . they are of course out foxed at every turn and while the trio are camped out at the fox hole the family perform raids against the three farmers land . br br thefilm version , and i use the term film very loosely , is more of a god awful pastiche of american heist movies particularly the oceans movies . they they even have george clooney as mr fox to to add to the insult and manage to miss the point of the story quite completely . so kudos to them . they'll make lots of money and destroy another classic roald dahl children book .",0,1
"i saw this movie in 1956 and again on cable a few days ago . the movie hasn't improved with age . quite the opposite . it's a true spaghetti epic . br br the trojans are heroic and likable ; the greeks are nasty , petty and sneaky . br br so what if paris ran off with the king's wife ? hey . . . love is love .",0,1
"in the muslim country of khalid fictional , its benevolent leaderdictator , reed hadley as amir , is dying of cancer . amir dies and a desperate plot unfolds . his body is wrapped in aluminum foil and taken in a clandestine operation the population does not know of his death consisting of his doctor nigserian and mohammed , out of the country to perform a risky brain transplant . the surgery is being performed by the disgraced dr . kent taylor , who believes there is no chance of failure and has two assistants . one of them is about 3 feet high master blaster did indeed run barter town and the other is a mutilated traumatized 7 foot giant named gor . what could possibly go wrong ? ? br br did i forget to mention amir's deathbed american , blondebarbie wife , tracy or that dr . kent has a dungeon with female slave test subjects delusions of grandeur ? how about a brain transplant that didn't take ? there is a lot of doubledealing throughout this and people are killed , but i'm not going to lie to you anymore mission accomplished . the ends justify the means . if you can accept that then you will not have to waste 80 minutes . i hope that is warning enough . don't say i didn't warn you . if you must watch , then don't watch alone and have plenty of medicine standing by . br br celluloid rehab",0,1
"this appears to be two movies spliced into one . in the first , zasu pitts is a renegade in a small town . she wants to help the romantic life of marjorie woodworth . ok i'd never heard of her before either . but she and pitts are in both parts of this concoction . br br before we know it , pitts is no longer miss polly . she is emmie . i had to rewind to see if i'd fallen asleep somewhere . i hadn't . she no longer in a small town but on her way to the title honeymoon destination . br br the movie has some cute moments . the first part is better , with roles for what seems to be every thirdrate character actress working in hollywood at the time . br br and what of ms . woolworth ? she sounds a little like betty hutton . she sounds a little like marie wilson . she's pretty , certainly . but she's no comedienne . br br pitts often was used in very small roles . here she has the largest role . she's always fun , though this movie made me wonder if a little of her doesn't go quite a long way . as a comic . when she was a tragic actress in von stroheim silents the wedding march and greed are the two i have seen she was brilliant .",0,1
"now i have seen two movies by the director chen kaige , a very good one farewell my concubine , and this bad one , the assassin . both movies depict crucial events in chinese history , fmc in the 20th century and ta the first unification of the whole chinese nation in the 3rd century bc . fmc succeds with memorable characters , gorgeous cinematography , convincing sets , good acting and an interesting story . the assassin fails on nearly every level okay , the sets are great , the cinematography is good , and the few battle scenes are quite exciting . but . . . the pathos . call me a cynic , but too much is too much . if you felt that saving private ryan was too pathetic , be aware , this here will make you sick . the dialogue is lifeless , many lines seem like political statements , subtle or entertaining is this pic not . the film is overpowered by its own pompousness . i am really surprised that the assassin gets such high votes here on imdb . 410",0,1
"for anyone who cares to know something about the real diane arbus , or who values psychological veracity , this film is abysmal . arbus was a brilliant , talented , restless , and troubled person , but this film depicts her as completely selfinvolved , and truly bizarre in her taste and judgment . kidman portrays her as wan and vague , whereas she was someone who knocked people over with her charisma . the totally fictional relationship that is central to the film is quite unbelievable , and robert downey is truly annoying in his smirking portrayal of someone who seems to think he's superior to the rest of the world simply because of his affliction . the film depicts this encounter as being the source of arbus's interest in freaks , which is a truly banal explanation for the inspiration behind some of the greatest photographs of the 20th century . the mystery to me is why people of some talent and intelligence chose to be involved with this film in any way .",0,1
"there's a lot the matter with helen and none of it's good . shelley winters and debbie reynolds play mothers of a pair of leopold loeb like killers who move from the midwest to hollywood to escape their past . reynolds , a starstruck jean harlow wannabe , opens a dance studio for children and winters is her piano player . soon winters as helen begins to crack up . it's all very slow going and although there are moments of real creepiness nasty phone calls , a visit from wino timothy carey , the movie is devoid of any real horror . nevertheless , it's still worthy entertainment . the acting divas are fine and the production values are terrific . a music score by david raskin , cinematography by lucien ballard and oscarnominated costumes contribute mightily . with this , a place in the sun and lolita to her credit , does anyone do crazy as well as winters ? directed by curtis harrington , a master at this type of not quite amovie exploitation . in addition to carey , the oddball supporting cast includes dennis weaver , agnes moorehead as a very aimee semple mcpherson like evangelist , yvette vickers and michel macliammir the irish orson welles as hamilton starr , aptly nicknamed hammy .",0,1
"so after the initial disappointment of the first final fantasy movie , which seemed to bare next to no resemblance to the final fantasy series , final fantasy advent children has released itself to a warm reception and , now , a dedicated fanbase . and the reason for the films success is understandable as it has lush graphics , fast moving fight sequences and some cool as hell characters . however , if you haven't played ff7 then it is likely that you will not enjoy this film as it's storyline carries on from the game without previous explanation and your likely to get lost from the plot even if you have played the game . secondly , there is no character development , without previous knowledge from the game your opinions on the characters are limited to 'cool' and 'not cool' . of course , for ff7 fans the film is almost guaranteed to entertain , at least for nostalgic reasons , and it's cool seeing all the characters you grew to love from the game rendered in some pretty amazing computer animation . one last complaint , the film , at least in my opinion , attempted to cram too much into less than two hours and therefore the last half hour or so seems horribly rushed . if you played and enjoyed ff7 than it is a worthwhile watch , though nothing too special . if you have not played ff7 then it is best that you play it first before watching this film .",0,1
"it is not obvious from viewing this film so i recommend viewers research the people who present their case in it but this presentation on the realities of islam , and its encouragement of violence and intolerance against all nonmuslims is lacking objectiveness , and also completely fails to factor in the human condition . it is one thing to document that the koran says many things about how a devout muslim is required to interact with nonmuslims , but any realist is able to realize that not every human who feels himself or herself to be a follower of islam , will agree with and comply with all tenets of that faith and system . there is reason to call much about the presenters into question , such that viewers need to see the presentation with a healthy skepticism ; don't swallow it all , hook , line , and sinker , without some thinking of your own . br br one specific , for instance , is researching the person walid shoebat ; who claims to be a former muslim who perpetrated an act of terrorism in bethlehem . there are many wise people in the world who believe neither of these assertions . i am not nor have i ever been a muslim . i have never read the koran . i am not a christian , nor a member of any faith . but i am an intelligent and discerning human . while the film is quite disturbing , in its presentation of how some muslims view their obligation to islam ; i remind you that there is more to islam than the views of the fundamentalists . just as their are fundamentalists and evangelical christians , so , too , there are variations in the intensity of belief and obligation among jews and muslims . br br when you watch this film , you need to have the salt shaker on hand . one grain will not be enough , you'll need more . please use your own mind and think for yourself , research what is presented , and evaluate the state of the world and how islam fits within it based on more than what is said in 98 minutes of video . there is a common thread of political affiliation among those who put this film together , indicating a definite bias . be your own brain .",0,1
"this film doesn't have a very clear picture of what it is or wants to be . there are some good bits when stewart is on screen and they give him some lines to work with . it works best early on as romantic comedy , but the story keeps heading for more dramatic territory and gets itself lost in the process . by the last fifteen minutes or so , the plot twists are just a series dramatic clichs . br br the part with the airplane feels like some leftover footage from another film spliced in . br br the main reason i can think of to watch it is if you want be able to say you've seen all of jimmy stewart's films .",0,1
"people call a 976 party line to talk dirty to strangers , and perhaps meet up for a sexual liason . a deranged , somewhat incestuous sister and occasional transvestite brother use the line to find people to kill , usually married men , but they don't discriminate ! a pair of sixteen year old girls also call the line for fun , pretending to be older , of course . one of them works as a babysitter for a married man who's hot for her or anyone . br br meanwhile , a vice cop is borrowed by homicide when he's the first to discover one of the siblings' victims . he's teamed with a female assistant of the district attorney . br br nothing too special here . richard roundtree has little more than a cameo as the police chief . one of the dirtytalking sixteen year olds is played by an actress who also voiced peanuts character peppermint patty ! according to the imdb , the other died quite young , just several years after this movie sad .",0,1
"only the glandular secretions and please don't ask for any more details of young virgins can keep the rapidly deteriorating body and mind of the crazed old amateur horticulturalist's wife fresh and youthful . since , like most people except those taking part in medical trials , virgins seldom give up their secretions willingly , dr . lorenz bela lugosi arranges for them to be abducted and preserved . he'll do the extracting himself . br br what a great cheese ball of a premise for a low budget horror movie . if the corpse vanishes turns out not to be the havarti of horror , as a plain limburger it leaves an interesting aftertaste . br br sure , the acting is almost awful except for the actors fortunate enough to be playing the crazed dwarf angelo rossitto , who later played the master in mad max beyond thunderdome ; his crazed brute of a brother , angel frank moran , who grunts a lot and has a fetish for the virgins' hair ; the crazed mother of the two minerva urecal ; the crazed wife elizabeth russell , who sleeps in a plush coffin and , of course , the crazed doctor lugosi . br br an enterprising young reporter , patricia hunter luana walters tracks down the doctor because of a strange orchid with a peculiarly sweet odor that had been worn by the victims . when the doctor and his wife invite pat to stay the night , a raging storm immediately breaks out . that clue tells us some raging violence is about to erupt inside . since it's well known that in hollywood at this time all unmarried young women were virgins , pat may have some unpleasant surprises to deal with . they include dark passages , a crusty laboratory where a near dead virgin is stored , a basement mausoleum and , later , a direct threat to patricia's own glandular secretions . if she survives , what a story she'll have to give her editor . br br if you sample this moist slice of moldy velveeta and why not ? don't be superior , don't judge bela lugosi by the company he keeps here . he had a huge impact in dracula 1931 , but my favorite movie of his is the black cat 1934 . as dr . vitas werdegast he's a sad , ironic man protective of his two young friends . when he finally takes a scalpel to hjalmar poelzig boris karloff and begins to flay the man alive , ah , well , it's a great scene .",0,1
"back in the 70's , when i had first seen this , i was in high school . it was cool then . now as an adult i look back at it and i say to myself . . yeah right . what was so funny ? it has it's moments but they are few and far between . it is so dated that the jokes no longer stand up . show this to a younger crowd and they will be totally lost . if you like this type of humor you may want to stick with kentucky fried movie or amazon women from the moon . tunnel vision as well as groove tube are too dated for today's viewing .",0,1
"i really like kinski he is a great actor . i've seen this movie because i've heard that there are autobiographic aspects in this movie . br br the film is full of symbols like a piano sinking in a river or strange shadowpictures at the walls . then the narrator always says abstract sentences like a kid sells fortune , but her box is empty now . this is really disturbing and wasn't really necessary , because everyone understands what this movie is all about . the movie shows how kinski's character treated woman , and how he kept them under control . if there are really some aspects of kinski's life in this story then he really was an swine . so there is no need to watch this movie , unless if you want to see kinski naked or if you like sick trash movies to laugh about .",0,1
"life in some future fascist or near fascist state which severely restricts personal freedoms is a recurrent theme both in modern literature and for film makers . such works post us warnings about undesirable trends in our society to watch out for ; but to be effective they must also be entertaining . unfortunately most of the books are probably more effective in posting the warnings than in entertaining us enough to become really widely read ; whilst with the films the problem is usually the other way round . the first such work to become really widely known was probably george orwell's 1984 first published in 1948 , and this is still readily available both in the form of a book and as a film . br br watch or read it and then , when you are feeling a little depressed by man's inhumanity to man , reach for cinderella 2000 . this is a feather light low budget film comedy based on the same theme which provides effortless but unrewarding viewing ; and as with 1984 the calendar has now passed beyond its erstwhile period . most of the comedy is laid on with a trowel although there are just a few genuinely funny moments . to exercise your mind in the long intervals between these you can focus it on the question of whether this film will gain a new extension of life by being released as a dvd or whether it will finally disappear into oblivion as existing tape copies deteriorate past redemption . there are many worse films appearing as dvd's these days , and frankly i do not care much what happens either way . br br so far the best of the films of this genre has probably been the handmaiden's tale , but i would very happily swap them all for a well made film of jack london's towering novel the iron heel . ambitious as this would be , it still seems incredible that no modern film maker has yet dared to attempt it imdb only lists a bw silent version made in russia in 1919 .",0,1
"since the characters begin with unknown identities , they not identified by name , so you start with handsome james caviezel waking up in a warehouse . he finds out the place is locked up tight . don't ask the windows are made with security glass , and it's impossible to get out . four other awakening men make it a quintet mr . caviezel in his jean jacket , barry pepper in a ranger shirt , greg kinnear with a broken nose , joe pantoliano as a chair bound man , and jeremy sisto shot and handcuffed man . oh , man br br these five men have collective amnesia . they think that three of them are kidnappers , and two are victims but , they don't know who is which or which is who . the forgetfulness is due to a pipe leak . don't ask it happens . meanwhile , on the outside , lead lawman david selby as parker sends his cops to solve the kidnapping while one of the men's wives , bridget moynahan as eliza coles , frantically waits . but , criminal element's gang leader , peter stormare in snakeskin boots , is also on his way to the scene . br br like the dvd synopsis says , as secrets are revealed and clues unraveled , the five men must race against time to figure out who is good and who is evil in order to stay alive . this story reads a lot better than it looks on film , unfortunately . when the secrets are finally revealed , and memories become clear , there is no longer much interest in what has happened . simply , director simon brand has a great premise with matthew waynee's idea , but they encumber light investment in the characters holding the short end of the stick . br br unknown 11106 simon brand james caviezel , barry pepper , greg kinnear , david selby",0,1
"was this movie stupid ? yup . did this movie depth ? nope . character development ? nope . plot twists ? nope . this was simply a movie about a highlyfictionalized springer show . it shows the lengths that some people will go to get their mugs on tv . molly hagan did a great job as jaime pressly's mom . jaime is . . . . well . . . gorgeous ! this flick wasn't so much made to be a breakthrough movie , rather , it was intended to life in a trailer park i live in a trailer park and ours is nothing like the one in this movie where everyone sleeps with everyone else , all the girls get pregnant by different guys , and all the guys drive rustedout '66 ford pickups exaggeration , of course , but that's the picture everyone sees when you mention trailer park . some people overanalyze movies caseinpoint star trek freaks . i watch movies purely for the entertainment value ; not to point out that the girl is wearing a different shirt in a different scene read the goofs bit about connie's shirt . could it have been better ? sure . but it was funny as hell .",0,1
"sorry , folks , but all of you that say this is a great documentary . . . and that award it won at sundance . . . well , you've all been duped . i've heard for a few years how i had to see this documentary and i finally watched it . maybe in 1999 , when it came out , and reality tv didn't have such a dominant presence in the industry , this movie would have seemed entertaining . but mike and mark are so obviously playing themselves , mike and mark . at times they are funny and some of the lines seem off the cuff , but mostly they do not ring true . they are the reality version of jay and silent bob . yes the people are real , they are not actors , but it's put on , it's exaggeration of themselves , and it's so obvious that it's hard to believe so many people think it's the real deal . i wasn't fooled so it was actually a tad boring . mildly amusing , but not missing much if you miss it .",0,1
"this movie and several other movies from the 1950s with a religious overtone , such as the robe , quo vadis , and samson and delilah , unfortunately depict all pagans or anybody who isn't a jew or christian as morally depraved and decadent . the focus is only on biblicalrelated stories that ignore the world outside the bible . as far as they are concerned , nothing good came from pagan egypt , greece or rome . br br any movie that preaches about the one true god gives a short shift to freedom of religion . the movies ignore the fact that ancient judea's lack of religious freedom made it a fertile ground for religious extremism . most 1950s religious movies also overlook the loss of freedom the occurred after christians assumed political power in the 4th century .",0,1
"an update of the skits and jokes you would have seen on a burlesque stage in the first half of the 20th century . it's a string of several jokes acted out . some of them you could tell your grandmother , some of them not , but it's a fairly safe bet she's heard them all before . for what it tries to be , it's not too bad . before you rent it , remember that it's an older style of entertainment and has more value as history than as comedy or titillation . robin williams has a couple of bits , but he's interchangeable with the other players .",0,1
"okay , now i know where all those boring cophomicide tv shows came from . i do believe they can be traced back to this movie . scene of the crime feels more like a tv episode , or an episode of a serial . complete with stock characters and situations the hotshot cop who clashes with his superiors . . . the aging cop who doesn't want a desk job , despite failing eyesight . . . the reckless rookie . . . the doublecrossing dame , etc . br br i like many of the actors here , and they do a good job , but overall i found this movie dull as i'm not a fan of the genre . i kept tuning out when they were discussing the case . . . something about bookies and informers . and oh yeah , there was a stripper , played by the previously wholesome gloria dehaven . what i want to know is why did she keep calling van johnson uncle wiggly ? wasn't uncle wiggly a rabbit ? a character from a children's book ? what the heck does that have to do with anything ? i guess i just don't get toughguy film noirish kinda jargon . br br in fact , much of the dialogue made me mutter nobody talks like that ! however , i could relate to one scene where the cop's wife arlene dahl , who worries every time he goes to work , realizes that maybe she shouldn't have made her husband the center of her life . yeah , i know that feeling of loving someone so much , being so dependent on them , that there's a constant fear for their safety . so there are moments of truth in this film , underneath the stylized dialogue and atmosphere which is trying so selfconsciously to be gritty and real , that it actually seems unreal to me . br br a little background this movie was made when dore schary took over mgm from louis b . mayer , and began to put an end to the wholesome musicals that made mgm so great . dore schary was determined to bring more realism to movies . i kinda hate dore schary . maybe we can blame him for all the pretentious , bleak movies being made today , wallowing in the ugly truths about life , focusing on and , in my opinion , helping to perpetuate the worst of humanity rather than the best . no longer uplifting us the way classic movies were designed to do providing a necessary distraction during the great depression and world war ii . br br well , damn it , we still need that kind of distraction today ! there's still plenty of depression and plenty of war . and what are people turning to nowadays when they want to escape ? trashy , braindeadening reality tv . thanks a lot , dore !",0,1
"following the success of paris , je t'aime , a group of directors decided to get together and make a similar anthology style film based in new york . unlike the original film , the stories in this film seem to sometimes come and go too quicklyby the time you think are getting into a story , it's over in too many cases . and , the often start up and stop and then begin againwith the stories woven together . as a result , there is no title to indicate that a story is complete and it is less formal in structure . br br sadly , however , while paris , je t'aime was hit or miss mostly hit , most of new york , i love you was miss . the stories tended to be much more sexual in nature but also far less sweetand often quite terrible . it was an amazingly dull and uninteresting film with only a few exceptional storiesand perhaps the often depressing music made it seem more so . now understand , it was good quality music but its somber tone really , really made me feel like cutting my wrists ! among the better ones was the story about the young man who took a girl in a wheelchair to prom , the couple talking about cheating outside a restaurant though this was also in the first film and the crotchety old couple . this is all so sad because i had loved the first film so muchand i really wanted to love this film . i respected what they tried but simply didn't like it very much . br br by the way , and this is not really a complaint , but i was amazed how many people were smoking in the film . for a recent film , that was unusual in our more antismoking culture . br br also , if you get the dvd , there are two segments included as extras that were not included in the film . one consists of kevin bacon wearing a cool fedora eating a hotdog . . . . and absolutely nothing more for almost ten minutes . the other features a teen who spends the film videotaping the worldincluding a very unhappy couple .",0,1
"it's unlikely that anyone except those who adore silent films will appreciate any of the lyrical camerawork and busy but scratchy background score that accompanies this 1933 release . although sound came into general use in 1928 , there are no more than fifty words spoken to tell the story of a woman , unhappily married , who deserts her husband for a younger man after a romantic interlude in the woods . br br the most vividly photographed scene has the jealous husband giving a lift to the young man for a ride into town , proceeding to drive normally until he realizes the man is his wife's lover . in a frenzy of jealousy , he drives at top speed toward a railroad crossing but changes his mind at the last moment , losing his nerve . it's probably the most tensionfilled scene in the otherwise decidedly slowmoving and obviously contrived story . br br hedy lamarr is given the sort of closeup treatment lavished on marlene dietrich by her discoverer , but her beauty had not yet been refined by the cosmeticians as they were when she was transported to hollywood . her performance consists mostly of looking sad and morose while mourning the loss of her marriage with only brief glimpses of a smile when she finds her true love aribert mog , the handsome young stud who retrieves her clothes after a nude swim . br br the swimming scene is very brief , discreetly photographed , and not worth all the heat it apparently generated . the lovemaking scene , later on , is also artfully photographed with the sort of lyrical photography evident throughout most of the filmartfully so . more is left to the imagination with the use of symbolismand this is the sort of thing that has others proclaiming the film is some kind of lyrical masterpiece . br br not so . it's disappointing , primitively crude in its sound portions including the laborious symphonic music in the background and certainly miss lamarr is fortunate that louis b . mayer saw the film and on the basis of it , gave her a career in hollywood . he must have seen something in her work that i didn't . br br it's apparent that this was conceived as a silent film with the camera doing all the work . the jarring workers scene at the conclusion goes on for too long and is a jarring intrusion where none is needed . it fails to end the film on the proper note .",0,1
"honestly this short film sucks . the dummy used in the necro scene is pretty well made but still phony enough looking to ruin the viewing experience . the unearthed dvd is crisp and clear and i haven't made up my mind if this helps or hinders it . if the film was a little grainy it might have added some creepiness factor to what was going on . i have no idea why this film has so much hype surrounding it other than the subject matter but to be honest the necrophilia scenes in films like nekromantik and visitor q among others , are more shocking than in aftermath . all this talk about the film being about loneliness and all other manner of deep philosophy is bull . this is an expensive , beautifully filmed turd . it's not that shocking , it's not that disgusting . if you insist on viewing it rent it . i give it a 3 for the fact that not many people make explicit movies about necrophilia there should definitely be a bigger selection for us sickos ; the filming is good and it does have some gore if watching a rubbery looking doll get cut open is considered gore . . . but other than that absolutely nothing going for this overhyped mess . on the other hand genesis cerda's sequel to aftermath now available as a double feature released by unearthed films is an absolute masterpiece of a short film , really showing what a good director cerda really is when given the right material . although i don't care for aftermath at all , genesis is so well made that i will forgive cerda and definitely keep an eye out for him in the future . . .",0,1
"gold raiders 1951br br a dull westerncomedy feature with the three stooges including shemp howard at this point , who i've always enjoyed as the third stooge doing their usual schtick , and directed by the normally dependable edward bernds , who also did some of their funniest classic shorts so one has to wonder , just what went wrong this time ? the most probable answer is that what worked pretty good as a 15minute tworeeler comes up as too much for a 55minute feature film . unlike so many of their classic short subjects , gold raiders is not worth revisiting . br br 12 of",0,1
"although the director triedthe filming was made in tynisia and morocco , this attempt to transport the new testament in the screen failed . the script has serious inaccuracies and fantasies , while the duration is very long . but the most tragic is the protagonist chris sarandon , who doesn't seem to understand the demands of his role .",0,1
"i jumped at the chance to view this movie uncut and uninterrupted , remembering rahs and raves for it . but wherever it seemed about to slip into being truly scary , it backed off and went somewhere else . the dripping water throughout the house , the black rain , the prophetic dreams , taking the wrong turn in raw sewage were dropped before they could work up to a scream . br br what a disappointment . chamberlain's nearly expressionless mask of a face offered little but confused disbelief , something i found myself mirroring as the film wore on . what could have been eerie aboriginal chanting and instruments in the background were instead a cacophony seemingly designed to beat terror into one's head . the ideas that modern people can embody ancient gods , that the aboriginal peoples believe redhaired white men were the first priests , and many other possibilities are passed along more like a shopping list than a hint at another dimension the dream time . br br spoiler in the final scene , it wasn't clear to me what the director was trying to tell . is there a big wave ? so what ? how big ? a tsunami ? yeah , okay . that's devastating but not apocalyptic . is it the end of the world ? from a wave ? the last wave ? that'd have to be a pretty darn big wave . why ? was the world that bad a place ? it didn't seem so awful in this movie . actually i didn't think the wave came off , since the shadow left burton's face that had been cast by the wave . was it only burton's apocalypse ? heck , that happens every day to people who lose it . it wasn't of any interest if it was only him . br br the most frightening scene , and the one that gives the best indication of weir's potential , was in charlie's apartment where burton has gone to confront the old man for scaring burton's wife . charlie keeps asking him who are you ? and it becomes truly disturbing after a while . unfortunately , the movie never followed suit .",0,1
"this is a sad movie about this woman who thought her ex who she loved so much was probably dead , but really his scientist dad had just put a spell on him to turn him into this really cute sharkguy . kind of like in beauty and the beast . it could probably use a ballroom dance scene and maybe some singing candlesticks , but there are some pretty gross plants instead . they make this one girl really itchy , so she lets herself get eaten by the sharkguy instead of scratching through the whole movie . the scientist guy is a good dad who tries to reunite his fishy shark son with the woman he was engaged to , he even arranges for them to have private time for sex , but the woman in this is a really shallow snob and thinks the sharkguy is an ugly , icky monster and wants nothing to do with him . she gave up on love ! just because he was a shark ! i thought it was pretty sad how all she had to do was kiss him and he'd turn back to normal and they'd live happily ever after , but it's not that kind of movie .",0,1
"several things become apparent after the first few minutes of this film . first , the scenery and special effects are incredible the best , and if everything else worked as well , its austere presence might have made it a great film . br br but as soon as the actors open their mouths , you suddenly realize that you are sitting in your den watching a movie . the story itself is full of clech and melodrama , and the dialogue is some of the worst i've ever seen . and as if that weren't bad enough , they made a fool out of the protagonist , and in my experience , you don't want to do that unless the film is a comedy . br br bottom line i had a hard time getting into it , and i wouldn't recommend it .",0,1
"back again in scotland , lassie is again on trial for her life . because the faithful dog sleeps on her master's grave , she must be put to death , according to law . oddly , it is also explained that lassie had no legal owner , which is , apparently , also against an old scottish law . if , after three days , no owner is located , dogs must be destroyed . edmund gwenn as john traill pleads lassie's case , which leads to an extended flashback , showing lassie's adoption by donald crisp as john jock gray . br br although it's based on an interesting , original story greyfriars bobby , challenge to lassie revisits several earlier lassie situations ; and , it does not improve upon them . comparatively speaking , this one is sloppy and unexciting ; and , it's a disappointing followup to the sun comes up 1949 . geraldine brooks as susan brown and several of the other performers may be charming , but can't elevate this one . little jimmy hawkins from it's a wonderful life is among the notable children supporting lassie ; much later , he will grow up to marry dark shadows' bewitching angelique lara parker .",0,1
"that's a weird , weird movie and doesn't deserve a better mark than david lynch's one ! the special effects are badly made , the actors are majorly bad actors and in this movie it's not about a race which is the minority of a planet and tries to fight against the dominators , but it seems to be a crazy movie , which pays homage to sect kind of organisations . that's surely not the will of frank herbert , the author of the six part epic ! check out david lynch's one , that's the perfect tribute to the novels !",0,1
"i must admit , ashamed though i am , that as an impressionable young teenager this below par horrorchiller was one of my favourite all time films . nine years after first viewing stephen king's frightening story however i have now come to my senses , and am able to assess fritz kiersch's work more reasonably . br br indeed king's tale of a small nebraskan farming community that is turned upside down by a young demonic preacher boy and his sadistic sidekick is truly disturbing on paper , but it makes for a cheap , average horror show on celluloid . a lot of this outcome can be attributed to the fact that kiersch almost allows the beginning of the film to become a hackerslasher show , and then turns the finale into a hocuspocus special effects nightmare . br br the cast are reasonable , but they can only portray as much credibility as this rather incredible , over the top movie will allow them , and the soundtrack by jonathan elias is spookier than the pictures . br br a real shame that george goldsmith's screenplay turned stephen king's haunting short story into a shocking horror . isaac , malachai and all the other children of the corn aren't really all that scary . br br sunday , august 7 , 1994 video",0,1
"i was expecting a documentary covering the 1950 to 1965 era of scifi and received a big ol' commercial laced with leftist political innuendo by james cameron and movie mogul baby boomer's pushing the own works . 'watch the skies' has in the past referred to the 'giant bug' and 'space exploration' movies from the 1950's including such favorites as earth vs . the flying saucers , thing from another world and forbidden planet as well as them , deadly mantis and tarantula . there are lower budget examples that rarely get mentioned like space monster , 12 to the moon and cosmic man . br br this would have been a much better documentary had the few remaining actors , directors , stunt men and collectors plus the nonhollywood 'boomer's from the era been interviewed . i only wish there was a 0 rating available since a 1 is much to generous .",0,1
"i'm a boorman fan , but this is arguably his least successful film . comedy has never been his strong suit , and here his attempts at screwball farce are clumsily done . still , it's almost worth seeing for boorman's eye for talent this is one of uma thurman's first starring roles , and as always she is ravishing to watch . on a sad side note , boorman wrote the script with his daughter , telsche , who died a couple years ago .",0,1
"while this isn't an all time classic comedy it is a pretty good little movie to watch if you catch it on a rainy saturday morning with not a lot else going on right then . br br harold lloyd plays ezekiel cobb , an american coming home after growing up in china where his dad was a missionary . he has come home from china to find an american wife and plans to return to china to continue his father's work . cobb unwittingly is recruited to run for mayor of his corrupt home town when the existing political machine that controls the town realizes that he would make a perfect patsy to run against the current mayor who also is the head of the town's underworld . they figure the bumbling , stumbling cobb has no chance to win and therefore the current mayor continues to run the town and run his schemes which makes them all rich . br br lloyd isn't doing the physical comedy here like he did in his silent films . he does a convincing portrayal of cobb with a reserved understated dignity . the acting was good from all involved and the story and script were also quite good . br br being made in 1934 the film does have some rather racist language when talking about the chinese and it also has a typical black character from that era but these stereotypes aren't nearly as mean as i've seen from other films from that time . br br although not close to being lloyd's best film , this movie does entertain and lloyd is very good as cobb . you won't be blown away by this film but it may be enough to peak your interest in lloyd and make you want to see more of his work .",0,1
"yes , this bizarre feature was written by john sayles . shot in toronto , it's yet another '80s era feature about the dangers of the urban jungle , where the police fear to go and the homeless and the criminal classes are the only inhabitants . into this mix comes the myth of wild thing , a feral young man raised by a bag lady after his parents were murdered by a dirty cop on the take maury chaykin and chopper , the local crime lord robert davi . stir in the local dogooders priest sean hewitt and clueless social worker kathleen quinlan , and you have a recipe for some rather unexciting action sequences . davi is the standout amongst the cast , and cinematographer rene verzier does a pretty good job . otherwise this is a rather lumpen action pic that won't satisfy action fans and will leaves sayles' admirers slackjawed .",0,1
"this film captures the short moments between a mother and son in rural russia , as she lays dying . br br i am so torn between being nice to the film or declaring it a test of patience . on one hand , the film is beautiful , with the sparse dialog capturing the essence of their feelings . there is really nothing to say , because everything that needs to be said is conveyed beyond words . the son shows so much care , love and patience towards his mother , that i think it is a celebration of unconditional love towards one's family . it also cruelly reminds me that i could be in a situation like this , stuck in a joyless place , having to take care of a very ill person . mat i syn is cruel reality . br br on the other hand , mat i syn moves really too slowly . do i really need to watch a train passing by the horizon for over 1 minute ? with my previous experience of telets and aleksandra , i am so tempted to put mat i syn among them as a total bore . br br i guess one has to be in the right state of mind to appreciate this film . i surely see the beauty of it , but maybe i am not in the right state of mind .",0,1
"except for the appearance of talented austin powers impersonator richard halpern , this pic was your run of the mill movie spoof . dated movie references will not help audiences that may come across this endeavor in future . watch for groovy austin powers in the hot tub . it's a hoot and a half . br br poor special effects are overcome by the appearance of numerous starlets in skimpy outfits , so at least that should keep one entertained if that's what thrills you . br br for my money , i would rent the dvd of classic spoofs such as airplane or lobster man from mars .",0,1
"first of all this is one of the worst softcore straight to cable erotic thriller i've ever seen in my life . of course , like all erotic thrillers are want to do , it's about a brothel madam and is set in a brothel . this , of course , makes the softcore simulated sex that pops up every other 10 minutes seem in context . whatever . br br forget for one moment that this was never meant to win any awards . the actors are terrible and their line reading made me cringe . the woman who plays the female cop is so bad it's beyond description . she must be a really really good friend of the guys who put up the movie for this terrible adventure , if you know what i mean . br br the production values are only slightly higher than porn . other than that ? i suppose if you're really drunk and you need something to laugh at , this would be a perfect film . and if that's the case , i recommend fast forwarding to all the scenes with the female cop . what's that accent , brooklyn ? hilarious !",0,1
"this film is about a gap that exists between the real world and the world of the dead . there's a lot of mumbojumbo about the internet i . e . , if you install a program on the computer , you see dead folksmuch like if you play a videotape you'll die in ringu . frankly , most of this seemed rather silly and lost me . what i did find interesting is the idea that the dead live within their own separate existencebeing totally alone for eternity . this was sobering and fascinating . br br i love japanese films and have seen a huge number compared to most americans . however , one genre that has become popular in recent years that i just can't relate to very well are these horror films . i know they are super popularespecially since they seem to be remade so often in the states . i've seen both ringu as well as the ring , juon and the grudge and was rather ambivalent despite their popularity . about the only recent horror film i really liked from japan was seancea reworking of the great british film , seance on a wet afternoon . and what , do i think , made seance different ? well , unlike the other films as well as kairo , gobs and gobs of money weren't spent on special effects or trying to scare the audienceinstead , the emphasis was on the story . the bottom line is that these other films are a lot like american films like halloween or friday 13thwith scary things jumping out just to scare the audience and plot is purely secondary at best . for me , i want storynot cheap thrills or ghosts as the primary focus of the film . br br with a relatively high rating , i know i am in the minority , but i just don't find this a very satisfying film . all too often , minor things occur that might startle someone slightlybut the characters begin screaming and crying and acting as if to say this is the scariest film ever made so you'd better start shaking . well , i think it just tries too hard and i wish it had focused more on the afterlife seen at the end of the film and plot progressionnot scare tactics .",0,1
"the prior comments are way to generous . this movie is a waste of electricity and plastic . on the other hand , i have had a great deal of fun giving it to friends to watch and describing it beforehand as beyond belief ! no words can express how i feel about this this movie will move you as expected , the friends took these nondescript comments as enthusiastic endorsements . they were wrong . the sadistic pleasure i had foisting this on people was well worth the 5 i paid for the movie . on the other hand , one former friend says i owe him 90 minutes of his life back . i particularly enjoyed the gun's eye view of parts of the movie . truly awesome in it's absurdity .",0,1
"i agree with the comments regarding the downward spin . the last view shows have been a little better , but surely the writers need some more direction . i think the characters are still interesting , although sometimes they spin into the white trash things a little too much . subtlety and nuance goes a long way on shows like office . i would think the target audience is somewhat similar being they are both on the same night and lineup . one would think that karma and the whole eastern religion thing is a big enough topic to bring some different and interesting shows , but they only scratch the surface of the subject . in my opinion it shows the contempt that many people have in hollywood about the level of intelligence of the masses . we can handle more heady content . it has been proved before in many other shows .",0,1
"this movie was in a scifi 50pack a friend of mine got me for christmas . it is very similar to the first gozilla movie , and like that movie , has scenes with american actors inserted for no real reason . one interesting thing about the inserted scenes is that there's a cold war tension portrayed between america and russia . like in godzilla , gamera is awakened by an atomic explosion and rampages across the world , paying close attention to tokyo because no big monster movie is complete unless tokyo bites it . all in all , this is an okay movie . some of the scenes involving gamera , particularly the scenes in toly , are quite spectacular and have special effects that were pretty decent at the time . if you like japanese giant monster movies , you'll really get a kick out of this one . i give it a 4 out of 10 . had this been the unedited japanese version that i watched , it probably would've gotten a 5 .",0,1
"this film with fine production values features secrets and how friends use each other . henry may long is a very wellacted , dimly lit , depressing turnofthecentury period piece about a friendship between a fatally ill man and a melancholy , indebted junkie . talky drawing room dramas are not my cup of tea , and all the crying wears thin . recommended if you like independent , slyly intellectual , slowpaced merchant ivorytype features . br br i suspected that the main characters were in love , but their connection was so intimated , it didn't really have the emotional impact of 'brokeback mountain . ' it features some good writing with a scene discussing how to disappear in life , but it is truly a dark and depressing film .",0,1
"dorothy provine does the opposite here she keeps growing and growing . i didn't detect any subtext , though . the incredible shrinking man and other movies of its ilk during the period were parables about radiation , nuclear war , and other horrors . provine's growth is the result of an inept computerrobot . br br and who operates this computer but lou costello ! i like some of his movies with bud abbott . but , though this is a pretty bad movie , he does fine without him . and gale green is an excellent foil . br br green plays the pompous town big shot . he is provine's father . he is intent on being elected mayor . so when his beloved daughter starts having issues , he dumps her . he doesn't exactly dump her but gives up his battle against her longtime admirer costello . br br this is pretty implausible costello is the local garbage collector . br br the special effects are minimal . and the subplot involving the military is lame in the extreme .",0,1
"as americans , we have come to expect crapiness as par for the course when it comes to horror and unknown directors directing unknown actors acting for unknown writers . we truly expect this to suck when they don't suck , it becomes an over night success . br br this is not an over night success , nor is it an over the weekend or over the month success . this blows from start to finish and my only recommendation is this go into this knowing it sucks , enjoy it for what it is , for what it isn't if you have something better to do , keep this on the back way back burner . it's entertaining in the way watching the elderly cross a busy street during rush hour , but don't expect muchthey almost never get hit by an actual car , its just a lot of hoopla .",0,1
"though the title includes the word zombies , this film is not what you'd expect from a movie made today , though for 1936 the concept is played out about as well as would probably be expected . dean jagger portrays armand louque , an officer in the french army of world war i , who has stumbled upon an ancient tale of soldiers turned into automatons , or zombies , who are impervious in battle and may hold the key to victory in the war , though on whose side is not certain . at first he has trouble convincing his superiors of this phenomenon , but eventually french general duval george cleveland orders a non military expedition into the ancient cambodian city of angkor to find the secret of the zombies and destroy it . br br the story is played out against the backdrop of a love triangle involving louque , duval's daughter claire dorothy stone , and clifford grayson robert noland , all a part of the expedition . when louque laments over his lack of forcefulness and resolve , grayson offers him advice to go after what he wants in life with all his power . that advice begins to transform louque , particularly after he's successful in obtaining a stone tablet resembling a photo from the ancient city . having followed a temple priest into a swamp , louque now appears to hold the secret he had been seeking , though it's not made clear how he has instantaneously been able to command the power of zombiefication . all it takes is placing his right fist to the forehead simulating a third eye , and casting his thoughts out to those he wishes to control . this comes in handy for winning back his girl , and taking grayson's early advice as he comments to his servant , buna , we're learning to be ruthless . br br fans of early b horror flicks will recognize the use of bela lugosi's signature eye stare , plucked from the 1932 film white zombie , also from director victor halperin . of the two movies , white zombie is preferably superior , both in story content and in it's depiction of the undead , where the zombies have a more sinister appearance and are more threatening . in revolt , the zombies are enemy soldiers with a glazed over look that merely react to their mentor's commands . in fact , the actual revolt of the title occurs only when louque releases the soldiers from his mental command in deference to his love for claire ; they overrun his compound and kill him in the process . br br not to be too harsh on the film , it plays out decently within the parameters of it's story outline , but if you're thinking zombies ! ! ! within the traditional context , you'll probably be disappointed . if you want to sample an early treatment of the subject , the aforementioned white zombie with bela lugosi is the way to go .",0,1
"following the world war ii japanese attack on u . s . forces at pearl harbor , the eastside kids leo gorcey as muggs , bobby jordan as danny connors , huntz hall as glimpy , david gorcey as peewee , ernest morrison as scruno , and bobby stone as skinny want to serve their country . but , both the u . s . army and navy reject them as too young . still wanting to knock off about a million japs , the boys attack an asian clerk , who turns out to be chinese . the unfortunate incident does , however , lead the gang to help uncover some really nasty japanese and german people . br br if too young is defined as under twentyone , only mr . jordan and mr . stone would be rejected for military service . but , it's possible recruiters were turned off by the office manners displayed by mr . gorcey and mr . hall . let's get tough ! was made during what the script accurately describes as open season on japs for this and other reasons , it hasn't aged well . it's a wasted effort , but the regulars performs ably , with tom brown moving the storyline along , as jordan's spy brother . br br let's get tough ! 52942 wallace fox leo gorcey , bobby jordan , tom brown",0,1
although the story is good and portrayals what i expected of sam elliot my dvd copy contained almost unbearable synchronization problems . the dialogue was almost 3 seconds behind the lip movement throughout the whole film . br br i would therefore be very careful in purchasing any dvd of the film without checking for the problem . br br i would also follow the recommended censors classifications particularly in relation to language and drug usage . br br this film could become a silent classic cop movie and with the above cautionary notes i can recommend it to prospective viewers,0,1
"this was a horrible film ! i gave it 2 points , one for angelina jolie and a second one for the beautiful porsche in the beginning . . . other than that the story just plain sucked and cars racing through cities wasn't so new in 1970 . the happyend was probably what annoyed me the most , seldomly seen anything so constructed !",0,1
"lauren bacall and charles boyer do not provide the right chemistry here in this 1945 film . br br there is a good story here about the axis trying to obtain coal to use for the upcoming war . unfortunately , this part of the story is not emphasized . instead , we deal with a supposedly bungling boyer . by the way , bacall is as british as vladimir putin . br br the real acting kudos goes to veteran oscar winner katina paxinou . as was the case with her memorable pilar in the 1943 oscar winner , for whom the bell tolls , paxinou again plays a spanish revolutionary but this time she is a doublecrossing counterspy for the profranco group . she is quite a vicious character here ; especially , when she throws a 14 year old child out the window . she believed that boyer had given the child important material to hide .",0,1
"there aren't enough gaythemed movies and there aren't enough coming out' movies . every one is a welcome addition to the genre . although the production values are highthe movie looks' good , matthias freihof philipp looks real good in a pair of jeans this is a bad one . it is a period piece gay life under an oppressive regimeeast berlin , 1989 a life that seems 40 years behind the west . in a way we're seeing our own history ; what it might have been like for gays in the 40's and 50's hereit often reminded me of last exit to brooklyn the book not the film . but it is unremittingly depressing and slow in a contrived way that evoked an old sctv send up of ingmar bergman . it is so sloppily edited i wonder if the director just didn't hack at random . yes , it is a miracle that this was filmed and released before the wall came down and yes , life behind the curtain' was hard for gay people . a good director could have shown all that without stupefying the audience . a good director would have had me mark this one as one of the great comingout movies and not one of the misses .",0,1
"this movie had some andrenaline kickers , but it's an old story that simply could never happen . navy protocols could never break down that much that a crew much less an xo could ever go that far against the captain . i'll take dr . strangelove any day if i wish to see this plot . sidenotethe us navy did not support this film .",0,1
"the key scene in rodrigo garcia's nine lives comes when sissy spacek , hidden away in a hotel room where she is carrying on an affair with aiden quinn , find a nature documentary on television , at which point quinn notes the contrivance of such thingsdisparate footage is edited into one scene , predators and preys are thrown together in order to capture the momentall to force connections where none actually exist . characters in the nine shorts that make up this film occasionally spill over into each others stories , but none of them ever seem to really connect . a woman preparing for a violent confrontation with her abusive father is later seen working in a hospital room where another woman is preparing for a mastectomy . a man who runs into an old girlfriend in a supermarket and sees how his life should have been later hosts , with his current wife , a dinner party for an unhappy couple . garcia arranges some of his characters in front of each other , but none of the subsequent stories ever really build on what came before . br br garcia's first film , the wonderful , overlooked things you can tell just by looking at her , also had a shortstory structure and overlapping characters , but there were fewer of them and they had a lot more room to breathe and grow . the gimmicky premise of nine lives , that each of its nine stories is told in a single , unbroken take in real time , never allows the film to build up any real dramatic tension or momentum . it's also a fairly visually ugly movie . interior shots are often murky and hard to watch , while other scenesparticularly one where a girl walks back and forth between rooms to talk to her uncommunicative parentsare rendered annoying by the camerawork . given that this is garcia's third film and that he has a respectable history of directing for television , the direction in this film is rather surprisingly amateurish . like fellow filmmakerchildofagreatwriter rebecca miller , garcia son of gabriel garcia marquez is focused on the writing and character aspects of his films often to the detriment of the filmmaking ones . br br individual scenes are touching and even affecting . i did like jason issacs kissing robin wright penn's pregnant belly . and joe mantegna whispering lovingly to his wife as she slips into presurgery sedation . and sissy spacek stealing a few happy moments away from her life with aiden quinn before brought back to it with a phone call from her daughter . but the film unlike things you can tell just by looking at her feels more like an exercise than actual drama . we are just watching people act .",0,1
"after seeing shootfighter 1 , and the buckets of blood they shed , i was ready for another rousing jaunt of open handed heart massage , and chiropractics in a cage . but nooooooo , this was like the barney version of the first movie , with that lamer from the karate kid . at least bolo yeung still kicks booty , although he needs to do more movies like bloodsport and caddyshack .",0,1
"oh , well , this movie starts off well . it's kinda funny and seems like it could be a fun movie . then it becomes a bit serious and goes off the rails . it sort of wants to be 'boogie nights' but it can't achieve it . if only it stayed with the tone of the first quarter of the film . . .",0,1
"cynthia rothrock , china o'brien , manhattan chase , 2000 , made this film enjoyable to watch and of course , e this cute petite gal burned up the screen with her artistic abilities and hot sexy body . china o'brien gets upset as a police officer and decides to call it quits and go back home to her hometown and get back to her roots and her dad , who is the local sheriff . her dad is getting older and the town has changed , gangsters have taken over the town and started to get the local women to start turning tricks and the city people were getting sick and tired of their town going to hell . well , you almost can guess what happens , and you are right , china o'brien fights back after great tragedy strikes her life . bad acting through out the picture , but cynthia rothrock brings this film to a wonderful conclusion .",0,1
"the lady in cement is a veritable course on social anthropology of the late 60's . the writing , not the acting , is at center stage . did i say pure camp ! prepare to be offended if you are female or gay . broad and dame are standard terms and gay baiting and bashing are represented for what they were in the day camp wise . most of the lines are tossed off although there are wonderful performances by a very few outstanding character actors . the action scenes are mundane but it is fun to see dan blocker play a tough guy who likes bashing toughs . and lanie kazan and racquel welsh are at the voluptuous peak of their careers . amazing to note they were both 28 years old and mr . sinatra was 53 . the musical score , wait . . . was there a score ? well , you get the point . watch it with friends who want a good laugh . it's full of them .",0,1
"i watched this movie also , and altho it is very well done , i found it a heartbreaker and would not recommend this to women who have small children . . the terror on this mother's face when she sees her child about to be run over by a train is truly heartbreaking . and the sad thing isinternally she dies . eventually she goes back to the applacian mountains . all the money in the world which she makes from making dolls does not conceal the grief she has . i remember her desperate face as she pulls money out of her clothes to try to have her child healed . i'm surprised this movie takes place in detroit , because when i watched it i thought for sure the people had come to cincinnati , ohio . this also was a route for the poor from the mountains .",0,1
"ashley judd , in an early role and i think her first starring role , shows her reallife rebellious nature in this slowmoving feminist soap opera . wow , is this a vehicle for political correctness and extreme liberalism or what ? br br being a staunch feminist in real life , she must have cherished this script . no wonder left wing critic roger ebert loved this movie ; it's right up his political alley , too . br br unlike the reviewers here , i am glad judd elevated herself from this moronic fluff to better roles in movies that entertained , not preached the heavyhanded liberal agenda .",0,1
"when i finally had the opportunity to watch zombie 3zombie flesheaters 2 in europeon an import region 2 japanese dvd , i was blown away by just how entertaining this zombie epic is . the transfer is just about immaculate , as good as it's ever going to look unless anchor bay gets a hold of it . the gore truly stands out like it should and you can really appreciate the excellent makeup and gore fx . the sound is also terrific . it's only 2 channel dolby but if you have a receiver with dolby prologic 2 , you can really appreciate the cheesy musicactually a very good score , and the effective although cheap sound effects . it never sounded so good , and the excellent transfer adds to the overall enjoyment . br br i never realized just how much blood flows in this film , it's extremely brutal with exploding head shots , exploding puss filled mega pimples , a cleaver to a zombies throat , a woman's burned off extremitieshow come it did'nt burn the guy also , intestinal munching , zombie babies and so much more i lost track . br br this is no doubt for hardcore zombie action fans , especially of the italian kind . there is some excellent set pieces and cinematography to be found , i think people don't give it enough credit , if you see a clean print , and not some horrendous pirate copy , it's a whole other experience entirely . br br this film never lets up for a second , and i realize it's inconsistent plotwise , the dubbing is horrible , the acting is stiff , and it's sense of irreverence is celebrated in grand fashion , but that's part of it's charm . br br to me this is one of the best horror films ever made , you can't make a film this bad , so good , on purpose . it's accidental genius of the highest order . if they played it for laughs it would have been a disaster , but they played it straight as an arrow and the result is a terrific cult classic that thumbs it's nose at any and all traditional moviemaking standards . br br tons of action sequences , exotic locales , excellent set design , good , sometimes great cinematography , wonderfully cheesy acting , and inconsistent but still interesting plot , great makeup effects , beautiful women who can kick butt , excellent music , and sometimes hilarious , sometimes creepy , but always entertaining zombies . how can you go wrong with this film , it has it all , a cult classic that stands the test of time .",0,1
"this movie is told through the eyes of a young teacher at a catholic school , watching as the rawandan genocide unfurls around him . br br the movie starts off with a brief explanation about the past history and rivalry of rawanda . then it jumps to the story as told through the eyes of a young idealistic newcomer a young teacher who doesn't take life or the situation too seriously . as he and the driver approach a roadblock he plays around with his drivers i . d . not realizing that this is a serious moment and that if the driver can't identify himself as being of the right tribe to the soldiers they'll be killed . and thats how he treats the unfolding story of chaos and unfolding around him . suddenly realizes that every rawandan including his driver is involved and that the europeans soldiers and tourists cannot and will not help . the media cameras cannot stop machete's , and there's too many machete wielding militiamen too shoot . the title comes from the armies captain saying he's going to shoot the dogs eating the deadbodies around his compound , but won't shoot the militiamen that are killing people around the compound . mainly because they haven't fired at the soldiers yet . finally he realizes the hopelessness of the situation and the guy who tells the evacuation team that he wants to give up his seat for one of the intended victims , flees with his tail inbetween his legs , rather than face immanent death with the school kids he's promised not to leave behind . br br it's more of character study , and a come to jesus moment for one character , than a story about the genocide in rawanda . this movie didn't have to take place in rawanda , it could have taken place any one of the genocidal hell holes going around this world at any given time .",0,1
"not that i want to be mean but this movie really surprised me a lot . during the whole film , i was like . . . erm . . . what is this movie all about ? i don't get the animations at all . probably this movie will only be suitable for those who belongs to the 1980s . during the film , there is a group of people walked out . after the movie , many people said , that's it ? frankly speaking , i cannot believe that this movie was awarded the best children film award . if you are thinking of watching this film , i strongly recommend you not to . you will regret it . i'm not joking . you will find that you are just wasting both your time and money of you go and watch it .",0,1
"cast to die for in a movie that is considerably less . vanessa redgrave is dying but before she goes she begins to tell her daughters the story of her life and of her secret love . . . br br this is one of those movies which has the look and expectations of being a great film simply because they have so many great actors and actresses in it so it seems to be about something other than the potboiler that it really is . not bad as such but with redgrave , toni collette , glenn close , meryl streep , clare danes , natasha richardson , eileen atkins , patrick wilson , hugh darcy and others all giving fine performances you expect more than a weepy story thats a bit more than a harlequin romance . br br wait for cable .",0,1
"tonight's film course film was the legend of the suram fortress and during its 87 minute running time it managed to quickly jump into my top five most difficult films of all time . that's difficult to watch ; films so different to everything else that you're seeing something totally alien . a brief synopsis would be a group of georgians are trying to build a fortress to defend themselves from invaders , but every time they are about to put on the finishing touches , for no readily apparent reasons it collapses . so they go and see a fortune teller who advises them that if they want to get the fortress to stay standing , they need to find a youth , a tall blonde blue eyed boy to be buried into one of the walls during the construction and his presence will ensure that the construction job will be completed smoothly . and sure enough in those closing moments there he is gladly being smeared in cement and eggs , giggling as he's buried alive , with only his mother to grieve . br br it actually a fairly simple story . but the director , sergo paradjanov , working in soviet georgia in 1984 , not too long after leaving a fifteen year jail term , doesn't follow any of the film making rules we are used to . there are very few close ups . very often the action we need to be following is hidden in the bottom left hand corner of a landscape shot , extraordinarily easy to miss . there are very few close ups and at times its hard to tell whose doing what to whom and why . every now and then the film goes off on digressions which have no relevance to the main plot and generally serve to confuse the viewer . the music is utterly mad , with found sounds , on screen instruments and church organ dropped in seemingly at random . at times when nothing seems to be happening , someone will break into a jig , almost playing time until the next scene comes along . but infuriatingly there is an obvious cinematic voice behind it all so you're compelled to try and understand the message whatever it is . one of those times when your eyes are glued to the screen simply because you can't believe what you're seeing .",0,1
"congratulations to christina ricci for making this movie and putting her mojo behind this important subject and trying to make a great film . ricci is my favorite actress she is so gifted , so natural , her reactions are perfect and so is the energy she constantly radiates , which gives credence to the often misapplied term star . br br the film misses its mark for lots of various reasons , but perhaps most notably for the story's seeming unadaptability to the screen in making it a compelling narrative . . . more on that later . the cast at first glance is excellent , but come to think of it , jessica lang as the jewish mother is too protestant and not exactly right , ann hetch doesn't come close to showing the compassion and dedication of the psychiatrist from the book , and when your making a movie , how can you justify saying no to anne heche and jessica lange ? but the real problems are in the film's construction first in the failure to elicit any kind of lasting sympathy for the elizabeth wurtzle character , and second to say anything meaningful regarding the all too common and horrible situation that this poor girl finds herself in . br br unfortunately do to the flashback construction , lizzy merely comes off as certainly more affected teenager than most , but not nearly as devastatingly ill as she comes off in the book . this is a major problem . this story had to be told from beginning to end and from the therapist's couch . she is only eight or nine when her depression starts due to devastating social factors , both society and the home , and this is a crucial point in not only eliciting the proper sympathy for her but also of the gravitas of her case . she is so talented , and such a vulnerable and disaffected spirit so early on , that one's heart can't help but reach out to her due to her victimization . this is missed on the film . br br ultimately one has to come to terms with what the film is trying to say it is a biopic of one severely affected girl , but also it is a film about a nation who can't get its act together ; that is very clear in the book but interestingly not in the film where the chosen at harvard are even more messed up than the average college enrollee . the film finally isn't able to get either of these messages across compellingly , and that's too bad . is prozac a good thing or is it a bad thing , or a mixed blessing or a seeming necessity in a country in which so many people can't function without a chemical crutch ? these are tough and challenging concepts to work with and the writing does not really attempt to address any of them in a more or less engaging way . the challenger disaster is an interesting image to symbolize a dysfunctional america , but that doesn't have the effect it's suppose to have due to the crosscutting and insufficient earlier development of controlling themes . br br ricci's performance is tight and heartfelt , and one of the best of her acting career . br br michele williams is also superb in her role .",0,1
"it is very possible that i simply didn't give the movie a fair enough chance because it was so immediately unappealing to me something similar happened with triplets of belleville , but i really should have caught on when i put the film on and my roommate , an exchange student from japan , immediately started laughing at the movie , saying that it sounded dumb . now , i don't agree that it is dumb , the animation is very simple but clearly very skilled . it's like classic animation with added layers that add another element of realism to them while remaining strictly in the realm of the surreal at the same time . br br but the subject matter is entirely unappealing to me . it has an interesting message about stinginess and greed , but it is wrapped in such an unpleasant package that it is almost not worth learning , especially because you already knew it anyway . the sound effects while the man is loudly gobbling cherries and cherry pits , for example , are indeed repulsive . br br there was a clever scene of animation as we kept diving endlessly into the hole that the man finds in his head when he pulls the sapling out of his scalp , but it goes on for so long that it seems to overshadow everything else . there is so much stock put into that one sequence that it is almost like the whole movie is about it . br br as i said about triplets of belleville , this would have been a great thing for a late night tv program like adult swim , or its japanese counterpart , but an academy award nominated film ? it gives me the impression that there is not generally a long list of animated short films for the academy to choose from .",0,1
"i don't know how to describe this movie . it's definitely one of the weirdest movies i've seen in a long time . it is very unsettling at times but also boring in other places . the scenes of dental torture are very elaborate and may attract anyone who's into gore splatter . i found myself holding my teeth during some of the aforementioned scenes . the clever thing about the movie is that it plays with our fears and the dentist is therefore quite unsettling . br br the humor of the film is somehow hidden and may not be recognized by everyone . but if you're a fan of weird and strange entertainment and teeth getting drilled to dust this is just the film you were looking for . br br if you read the comment and feel somehow attracted by this kind of entertainment , give it a try ! br br my rating 410 maybe a little too weird for my taste",0,1
"i just finished watching el otro . i have always taken my hat off to julio chavez's performances , as he is a great actor , but this movie is really depressing and slow . i guess that it would have been even worse if it wasn't for julio . anyways , this is definitely a film that you will never understand if you are not from argentina , and even if you are , i would advise you not to rent this movie in order to have a nice time with your girlfriend , boyfriend , family or friends . . . it is really depressing and incredibly slow , and the plot does not make a lot of sense neither . probably the director wanted to show the fragility of the human life , but what he does is bore and impress the audience with scenes that shock you a little bit . it gives you something to think about , but not in a good way . overall , i definitely didn't like this movie .",0,1
"changi is an australian comedydrama set in the world war 2 japanese prisoner of war camp of that name . the story cuts between past events , and the present day , when the aged veterans plan a reunion . this is a much publicised and controversial miniseries , here in australia . the budget ran over 6 . 5 million aust . dollars ; historians and veterans criticised it's authenticity ; and critics pilloried the uneasy mix of comedy and drama shades of pearl harbor . series writer john doyle half of the successful roy h . g . comedy team , has tried to defend himself with comments about the characters are composites of actual people ; the troops used comedy to cope with the situation ; it's only based on actual events ; one of our actors was actually there etc . i don't have a problem with any of these points . many superb fictional and factual dramas have come out of the japanese p . o . w . camp experience king rat , tenko , merry christmas mr . lawrence , bridge on the river kwai , paradise road , empire of the sun , blood oath , and a town like alice . black comedy has often been used successfully in p . o . w dramas life is beautiful , the great escape , seven beauties , stalag 17 , the colditz story , and even hogan's heroes . so why is changi a monumental failure ? the acting in changi is uniformly excellent , the music and cinematography is good it is the writing and direction that have let it down . every scene seemed to give me waves of deja vu . when anthony hayes is made to stand in the blazing sun , i thought didn't i see alec guinness do this in bridge on the river kwai ? . the sudden flashes into surreal song dance brought back dennis potter's singing detective , but without the finesse . this borrowing happened so often , it smacked of lazy writing by cut and paste , rather than homage . the constant intercutting between the past and present stories left me unable to concentrate on either . flash forward and flash back can be a useful tool here it left me distanced from characters , where intensity was called for . the ausiness is overdone every conversation seemed to include stone the bloody crows such , that i was saying i get the point , i know they're aussies . cultural stereotyping extended to the british and japanese too sadistic young japanese officer ; uptight british officer ; wiser japanese commandant ; funloving , rascally aussies etc . i thought i was watching hogan's heroes on the river kwai . after 3 episodes i'm tuning out .",0,1
"i can't believe this is on dvd . even less it was available at my local video store . br br some argue this is a good movie if you take in consideration it had only a 4000 budget . i find this funny . i would find it very bad whichever the budget . br br still more funny , i read the following in another review dramatics aside , if you love horror and you love something along the lines of duel 1971 updated with a little more story and some pretty girls thrown in , you'll love this movie . br br what ? ! ? this is a shame comparing those two movies . br br i give a 1 , since i can't give a 0 . i just don't see any way this movie could be entertaining .",0,1
"having read the comments on the site i feel compelled to write in for the first time . it seems this movie is like marmite and has split the audience . i have to say that while i agree films don't have to make sense to be enjoyable see mulholland drive they still have to engage you with the characters . now while i was totally absorbed by the murderous lesbian affair in lynch's opus , i have to say i couldn't give a turd about mr green or the other cardboard gangsters that inhabited this dayglo world . br br also , while so many people seem to try and say you didn't enjoy because you didn't get it i would have to disagree i didn't enjoy because i was bored . i wanted the film to end and constantly listening to those quotes over and over again did not help . call it clever if you will i think it's repetitious . br br however , my main reason for writing is to ask all the other reviewers a question there were no end credits on the print of the film i saw . just music over black . did i watch a dud print or is this evidence of gr's pretentiousness ? or , did everyone involved in the movie watch the rough cut and have their name removed ? ? ?",0,1
"miscasting happens . susannah yorke is a luminous young jane eyre , and her performance is impeccable . however , edward rochester is supposed to be 35 . whitehaired george c . scott looks and behaves like an arthritic 80 . jane's deceased uncle is in better shape ! he creaks and snarls , obnoxious and grim . he looks like an axmurderer who has sent his ax out to be sharpened ; we're not surprised he keeps a wife caged in the attic ! the great love story looks like a sadomasochistic nightmare . there is enough darkness in the novel , but bronte's rochester is relatively young , athletic , powerful , and charming when he chooses to be . he has a fine speaking and singing voice , a good mind , and a conscience that he unsuccessfully attempts to stifle .",0,1
"there seems to be a spectrum of cinema . on the left , there are movies made mostly for entertainment andor commercial purposes . in the middle , there are movies that are both entertaining and artistic . on the right are movies that are not as commercial , but are focused more on cinema as art than cinema as product . br br i'm not here to say any one part of the spectrum is better than any other , but that when a movie goes too far to either end , it's rarely good . such is the case with naqoyqatsi . br br i had no idea what to expect when i saw it advertised . a few friends were going and asked if i wanted to come along . none of us knew what to expect , and by the end , none of us were pleased . br br yes , there are breathtaking images . yes , i'm amazed at the lengths the filmmakers went to in searching through archival footage . yes , the soundtrack is enjoyable to listen to , and probably the best part of the experience . the thing is , this goes so far to the right side of the spectrum i mentioned that i can't say anything nice about the movie as a whole . br br it's preachy . it's a jumble of symbolism and obvious morality . it's not saying anything new or forcing the viewer to examine life in a new way . it's just telling us things we already know that is , if we can even figure out what it's saying . br br this movie is simply art for art's sake . an attempt to say look at how deep and thoughtprovoking we can be by using montage ! when a film becomes more about how clever or intelligent its creators are than about its subject , it ceases to be a film and simply becomes celluloid selfgratification .",0,1
"a man in blackface lands in a spaceship and meets a girl who lives in some sort of shack with a monkey . he hooks her up with a telephone , and she teaches him how to charleston . then they fly off in the spaceship , leaving the monkey behind . cringeinducing blackface aside , this short film makes no sense . i think that's the plot , but i'm not sure by a long shot . you can't tell that this is renoir at work , despite his characteristic humanism . good use of slowmotion , though . can be found on the ny film annex's series of experimental film videos , no . 18 , i believe .",0,1
"i think that you can not imagine how these people really work . . . ! ! before i came to the studios to watch the guys work there , i actually thought quite the same as you do . but since i saw and did the work the guys on that tvshow have to do , i have to say that they really do deserve respect for what they are doing all day long . that really is no easy work . and also the actors , which in your eyes may be terribly bad , are really great people and a lot of them really can act ! i don't think that the material given to them can really show that , as i think this material isn't very good . but they are truly good ! so i don't think that you , before you haven't seen these guys doing there work , can judge over them ! and i shouldn't have judged over them as well before i met them , but i did and am now terribly ashamed of it . so please , do not allow yourself to judge over these great people unless you haven't seen them doing there job .",0,1
"mann photographs the alberta rocky mountains in a superb fashion , and jimmy stewart and walter brennan give enjoyable performances as they always seem to do . br br but come on hollywood a mountie telling the people of dawson city , yukon to elect themselves a marshal yes a marshal ! and to enforce the law themselves , then gunfighters battling it out on the streets for control of the town ? br br nothing even remotely resembling that happened on the canadian side of the border during the klondike gold rush . mr . mann and company appear to have mistaken dawson city for deadwood , the canadian north for the american wild west . br br canadian viewers be prepared for a reefer madness type of enjoyable howl with this ludicrous plot , or , to shake your head in disgust .",0,1
"shintar katsu gained tons of fame playing the wonderful character , zatoichi . the zatoichi films had a weird and unbelievable concepta blind guy is the greatest swordsman in japan and spends each movie righting wrongs and exacting retribution on evil doers . he's a heck of a nice guy and the films are exciting and addictive i've actually seen every movie . it is because of this i saw this final installment of the hanzo the razor series , as i assumed it would be very similar . . . . and boy was i wrong ! it turns out that the hanzo films are extremely sexual in nature and they also promote the rape of women who deserve it . you see , hanzo is a policeman from the meiji period and he regularly takes evil women into custody and interrogates them by violently raping them with his penis of steel . how he made his member so strong is something you have to see to believe , but it certainly is not for the squeamish . br br overall , i just can't recommend anyone sees these violent and misogynistic films . however , from looking at the other reviews , i can see that they are still very popular . . . and that is pretty scary . despite some decent acting and amazing fight scenes , the films just are like brain pollutionand i'd hate to imagine how the films might have contributed to violence towards women .",0,1
"when i attended college in the early 70s , it was a simpler time . except for a brief occurrence in 1994 , i've been totally free of the influence of illegal substances ever since and i've never regretted it . . . until now . dbtbte has got to be , handsdown , the best movie to watch when stoned . the odd , dreamlike state it creates is very strange when you're not smoking anything , but i'm sure that it would seem completely normal after a big doobie . not that i'm recommending this , you understand . the soothing narration , provided , as it usually is in quality cinema , by a tb victim trapped in a painting , would be ideal to help the stoned viewer to follow along as things get complicated . plus , everything in the film is pretty organic . . . from oldfashioned natural breasts to the bucket of fried chicken . br br now , there's also no question that the young man with the ahem hand problem is absolutely sailing away in the film . at one point , you just know that he's going to say , hey ! when i move my hand , it leaves trails ! ! trust me . . . you'll know when you get to that point . br br the only other thing we have to address is this how good can a film be when at least half the budget was spent on moving a huge bed frame around for interior and exterior shots ? br br definitely a mustsee for horror aficionados , but suitable for the general audiences under the right conditions if you know what i mean , and i think that you do . it only earns four stars because i can't actually say that it took any talent to make .",0,1
"watching truth about love is this a double entendre about the star ? is like plugging in white noise or manufactured water sounds to help you sleep you put it in the dvd slot because there is nothing else left on the store shelves and you are in need of distraction after a hectic day . and it works for that for that purpose being a british romantic comedy it is a bit more . br br the story is a rather simple one about a wife alice jennifer love hewitt married to an increasingly distant husband sam jimi mistry who has put their love life on hold due to the burdens of his busy law practice . his partner archie dougray scott is fond of both sam and alice , but has a longtime attraction to alice that goes beyond friendship . alice pals with her sister felicity kate miles , a free love advocate , who encourages alice to have affairs . on valentine's day , after a drinking binge with her sister , alice mails a card to sam signed 'anonymous' as a test to see if sam responds , testing his fidelity . at the same time archie mails a radish seed packet to alice on which he has inscribed a suggestive love not . both have ex post facto regrets . sam in fact is spending time with a lover katya branka katic and is indeed cheating on alice . alice arranges assignations with sam via email and phone calls and plans to meet sam in disguise as 'anonymous' to test his fidelity . the entire cast of characters gets caught up in the silly charade and the ending proves that real love must be based on truth and how that results in the various pairings is the surprise of sorts of the fluffy script . br br british comedies work because of the quality of writing and the tight quality of acting . perhaps had director john hay elected to cast a british actress as alice instead of pasting a phony accent on jennifer love hewitt the result may have been improved . but in the end this story by peter bloore bounces between mildly humorous and pathetic in its messages . one terrible distraction is a musical score that is consistently so loud that it covers all the dialogue and is intrusive . there are some nice scenes of london and a few moments of passable humor , but in the end this little film is truly best utilized as background musicwhite noise . grady harp",0,1
"a chilling and gory tale of a couple inheriting a 150 room italian castle while still grieving the loss of their young son . the couples marriage seems to be on the rocks due to the car accident that took the life of their son and left their daughter blind . upon taking inventory of the castle for a future sale a hideous , tortured and misshapen creature breaks lose from the bowels of the 12th century castle . pretty gory with great horror atmosphere and some sexual overtones . starring jeffrey combs , barbara crampton , jessica dollarhide and elisabeth kaza .",0,1
this is one of those so bad it is good films that you always hear about but never see ! unlike troma films which are deliberately bad and campy and i am not amused this one is 100 pure serious . br br however with features such as a supposedly superlethal killer robot that prances about like one of the solid gold dancers on an acid trip and a magical first mate that calls down lightning and transforms into the good witch of the east the fact that it takes itself seriously pushes it so far over the edge of bad that makes it full circle around back to entertaining . br br watcheable enough because of that .,0,1
"i have recently gone to the movie theatres to see the new 2007 version of bridge to teribithia . after , i went to the library to rent the older version to see it again without paying again . i must say that i was extremely disappointed ! i found the older version to have horrible acting as well as corny lines including jessie saying , i know daddy , but i hurt so much inside after leslie dies . it was quite horribly done and the casting was not much better in my opinion . i watched in amazement all the while saying no wonder they remade it . the story is great but trust me spend the money and see the new version , if you just see the old one you may never experience the true magic of teribithia .",0,1
"when i first watch this series , the impression i got was that the characters were charming and funny , lorelai and rory in particular were witty and intelligent conversationalist albeit a bit too talkative . after watching it for some time , however , my opinion changed . br br the main characters slowly revealed themselves to be selfcentered selfobsessed narcissists , who treated tiny wounds to their pride as the worst insults in their existence . for example , rory wouldn't speak to her mother for months when lorelai didn't consult her on her impulsive marriage , while lorelai dumped luke for simply wanting a little time to adjust to his new life circumstances . these people are shallow , see themselves as the center of the universe where everyone else should behave exactly according to how their own rigid rules , and if they don't , they will hold grudges against them for an eternity . they don't want to see other people's problems and treat the smallest slight as the gravest offence . most of the characters appear to lack the ability to behave in a grownup way . they think they should do whatever that they wanted and everyone else be damned . br br the series is characterbased , so when the main characters became so unlikeable the show also became impossible to watch . i still have the rest of the series , but i doubt if i will ever finish watching them . i will also hold anyone who think highly of the show and its awful characters with the greatest suspicion they must just as horrid as lorelai et al .",0,1
"it seems there's a bit of a curse out there when it comes to gay cinema . namely , happy endings aren't very common . beautiful thing excluded , gay films tend to end in broken relationships or untimely death . and some , like come undone , just end . . . period . br br the creators of this horrid piece of nonsense have a thing or two to learn about plot , direction , and timelines . within the first ten minutes of this film , i found myself a bit confused , and even more so after the first glimpse of jeremie elkaim's character having a little psych session . it seems this film was randomly pieced together without the slightest attempt at continuity or consistency . there's no real way to tell when you're viewing the present or some sort of ethereal flashback . i could only take so much before it became truly unappealing . br br stephen holden of the new york times called this film . . . shimmeringly beautiful and utterly real . well , it seems that stephen invested in beer goggles prior to viewing , as this is truly far from beautiful . due to all the praise this film received , i expected something worth watching . sadly , the film lived down to its title . and by the end of the movie which provided no resolution whatsoever , i might add it's plain to see that the writers , the director and the film have all come undone .",0,1
"the plot four people are caught in an elevator . one is a business man , the annoying kind who is aggressive and complains about everything and everyone and is a walkingtalking sample of distilled stress and hostility . then there's his colleague , a woman who is much more pleasant in her character . a teenage rebel who just broke into a coke machine and by his mere presence drives the businessman mad , and an older guy who just stole 100 , 000dm make up the rest of the cast . . . br br the movie is all about how they cope with their problem , as time goes on and on without any success in reaching the outside world , as the lights go out , and as the cables begin to snap one after the other . . . . br br and yet , it isn't too exciting . the characters are stereotypes . the story is stupid and unlikely how could so many things go so wrong in just one elevator ? . you don't like the characters very much , you just hate one of them . and all the twists and turns in the plot are not contributing to the excitement , they are just stupid excuses for filling yet another few minutes with dialogue as the screenwriters keep running out of inspiration and ink on a fulllength movie set in an elevator . br br let's just hope phone booth will be a better effort . . .",0,1
"this movie is a good example of how to ruin a book in 109 minutes . except for the names of the characters the movie bears very little resemblance to the book . a book full of strong latino characters and they are represent , for the most part , by nonlatinos . there is no character development in the movie and we have no reason to love or hate the characters . and to delete a complete generation is inexcusable . isabel allende has written a powerful book and the book is what should be read !",0,1
may contain spoilers sadly lou costellos' last film has the distinction of being slightly better than abbott costello's last movie together dance with me henry . this movie isn't all in all outright terrible it is an amusing career misfire . dorothy provine is nice to look at and makes the movie somewhat bearable . you can't blame lou costello for this because a major studio released it which meant somebody had to give it the green light . in my opinion lou costello was getting over problems of his own losing his son a few years earlier and the unwarranted attacks from the irs . if you look at the last 34 abbott costello movies you can notice the magic was gone . check out dance with me henry now that's a painful movie to watch .,0,1
"it's like hard to like describe just how like exciting it is like to make a relationship like drama like with all the like pornographic scenes thrown like in for like good measure like , and to stir up like contro like versy and make us more like money and like stuff . ellen , the lost quote . br br kissing , like , on the , like , mouth and stuff is like the best like artistic endeavor like ever made . watching like ellen's hairy arms and like chris masturbating was like the height of my yearslong movieviewing experience and stuff . but before i like begin like breaking new u . s . 20somethingairhead records with the my likes , let me like just briefly list like the high like lights of this visual like feast br br 1 . chris doing the deed with his genitals . and not just that the way the camera guided so elegantly by ellen and patrick rewards the viewer with a fullscreen shot of chris's fat whitetrash stomach after he finishes the uncatholic deed that was truly thrilling . i can in all honesty say that i've never seen such grace . chris , you should do more such scenes in your next movies , because that is exactly what we needed as a continuation of what that brilliant , brilliant man , lars von trier and his idiots 95 , started . a quick w and then a hairy , fat , white belly what more can any moviegoer ask for ? ! needless to say , i can sit all day and watch chris ejaculate in spite of the fact that i'm straight . . . such poetry in motion . such elegance , such style . no less than total , divine inspiration went into filming that sequence plus a solid amount of zen philosophy . even barbra streisand could not get any more spiritual than this . br br 2 . ellen's hairy , thick arms . the wobblycamera closeups , so skillfully photographed by our two directors of photography i can't emphasize this enough , ellen and patrick , often caused confusion regarding the proper identification of the sex in question . there were several scenes when we would see a part of a body a leg , arm or foot , yet it was often a guessing game does that bodypart belong to a man or a woman ? naturally , chris and his fellow artists , ellen , patrick and whatsername , cast themselves on purpose , because their bodies were ideal for creating this genderbased confusion . it was at times hard to guess whether one is seeing a female or male leg . patrick is so very thin and effeminate in his movements , so hairless and pristine , whereas ellen and the other girl are so very butch , what with their thick legs and arms . brilliant . br br 3 . brilliant especially the way that neatly ties in with the theme of role reversal between the sexes so utterly original and mindblowing . ellen behaves like a man , wants sex all the time , while her ex patrick wants to talk like a girl . spiffing . br br 4 . ellen's search for a leftist mate . he must love 'the simpsons' , which is quite leftist . i am glad that the makers of this movie decided to break the long tradition of offering us intelligent leftists . ellen is such a refreshing and realistic change . the number of likes that she and her liberal friends manage to utter in less than 80 minutes is truly phenomenal 3 , 849 , to be exact . they have managed to realistically transfer their reallife ineptness onto the big screen with a minimum of effort , and i applaud them for that . br br 5 . the closeups of toes . plenty of stuff here for footfetishists , which i think is a very liberal , highly commendable way of reaching out to sexual minorities . after all , shoe and foot fetishists are offered so little in modern cinema , so it's nice to see that someone out there cares . br br kotm , or rather , klotlmas , offers more than meets the eye . it is not just a modest little film about shallow people engaging in hollow relationships while indulging in meaningless conversations . no , it's much more than that . it's about the light that guides all silly creatures ; the guiding light that dominates the futile lives of various pseudoartistic wannabes who just dropped out of film school , and plan to assault our senses with dimwitted drivel that will hopefully play well at pretentious festivals like sundance and cannes , enabling them to gain the necessary exposure hence some real cash for a change , with which they will later hire the likes of sean penn and george clooney in promoting the saving of this planet and the resolving of all political problems this world faces . what better way to do that than by making porn at the very start ? br br if chris and ellen did the camera here , as is clearly stated in the endcredits , then who held the camera while the two of them were in front of it ? they probably hired some passersby and shoved the camera into their hands . . . br br go to httprateyourmusic . comfedor8 , and check out my tv cinema 150 worst cases of nepotism list .",0,1
"fine performances and art direction do not a good movie make . this movie is so grim and depressing , i could feel absolutely no joy at the happy ending involving the union strike . the attempts at humor involving lake's pregnancy are absolutely disastrous , and any movie involving a baldwin brother already has a strike against it . on a positive note , lang is still one of america's great underrated actors , he alone almost makes this worth keeping in the vcr . i give this a 4 .",0,1
"this film stinks more than limburger cheese ! if you find this at a garage sale , leave it there ! i love sandra bullock and yet hate this movie . . . although ashamed , i do own a copy , and the studio has changed the cover to play on the fact that sandra bullock is in this at all . they play it up to be a sandra bullock movie . she only has a small part in the whole movie and she does her best with that , but she is young and had not learned her talent yet . well everyone has to start somewhere . . .",0,1
"no one is going to mistake the squall for a good movie , but it sure is a memorable one . once you've taken in myrna loy's performance as nubi the hotblooded gypsy girl you're not likely to forget the experience . when this film was made the exotically beautiful miss loy was still being cast as foreign vixens , often asian and usually sinister . she's certainly an eyeful here . it appears that her skin was darkened and her hair was curled . in most scenes she's barefoot and wearing little more than a skirt and a loosefitting peasant blouse , while in one scene she wears nothing but a patterned towel . i suppose i'm focusing on miss loy's appearance because she is by far the best if not the only reason to tune in to this creaky antique and to keep watching . you sure won't be attracted by the dialogue , which is hopeless . in one typical passage , nubi gazes out the window at the departing caravan and waxes poetic always the gypsies , they sing . weird and sad . when the big sun have breath of fire that burn , and when the pale moon look from behind cloud and breathe air cold as death , they sing . poetic , or what ? lovers of purple prose will have a field day . i can't help but wonder , though , if in her later years miss loy preferred not to recall her involvement with this project . br br like so many early talkies this one was an adaptation of a recent broadway success . the stage version opened at the 48th street theatre in november of 1926 and ran for over a year . the play provoked a famous episode involving the humorist and theater critic robert benchley , who was known to have an aversion to characters who spoke in thick dialect or pidgin english . according to a muchrepeated anecdote mr . benchley squirmed uncomfortably through the opening portion of this show . the spanish village setting moved to a village in hungary for the movie , for some reason gave the actors leeway to practice their accents with varying degrees of success , but benchley's patience reached its limit when , during a family dinner sequence , a door burst open and an actress dressed as a gypsy girl dashed into the room shouting help ! help ! he keel me ! she then threw herself at the feet of the mistress of the household and exclaimed me nubi ! me good girl ! me stay here ! at that point mr . benchley rose and announced to his companion me bobby . me bad boy . me go now , and left the theater . br br the film version offers numerous examples of unintended humor but never comes close to benchley's level of wit . the melodramatic plot concerns the lajos family father josef , mother maria , and son paul , a student at the nearby college . we would consider this prosperous family uppermiddle class as they are landowners with servants and all the comforts of life , but their comfortable existence is abruptly thrown into turmoil when a gypsy caravan arrives in the village and their home is invaded by , yes , nubi the nubile gypsy girl . she arrives at their door during the storm of the title symbolizing stormy emotions , i daresay . the girl is fleeing an abusive relationship and begs for sanctuary . after considering the matter the lajos family agrees to hide her from her angry lover , who shows up shortly afterward but is turned away . nubi becomes a servant in the household . kindness motivates the family's decision to take her in , but soon enough that conniving little goodfornothing nubi has paid them back by seducing every ablebodied male in the vicinity , starting with the lajos' servant peter , then working her way up to son paul . nubi breaks up paul's relationship with his fianc irma played by loretta young , still a teenager , causes him to flunk out of school , and then prompts him to buy her jewelry by stealing the savings of the family's maid lena zasu pitts . lena , for her part , is still mourning the loss of her own fianc peter , seduced and tossed aside by nubi when she turned her attentions to paul . ultimately nubi sets her sights on the pater familias josef , and i suppose if the running time had been longer she also would've gone after uncle dani , maria , the village priest and god knows who else . br br i guess it goes without saying that a scenario like this one easily lends itself to parody , but during its first half the squall nonetheless exerts the undeniable fascination of a daytime soap we watch , hypnotized , as the bad girl works her spell on the menfolk and wreaks havoc like an irresistible force of nature almost like a storm ! ahhaa , another metaphor ! . but as the plot machinations grind on the campy fun fades . during the later scenes nubi is deemphasized and the focus switches to the dysfunctional dynamics of the lajos family , and after awhile these people get to be a real drag . the son in particular behaves like an absolute heel , yet the parents never acknowledge this or face up to their own shortcomings ; everything , we're told , is the fault of nubi , that nogood tramp . br br the men of the cast are dull . aside from miss loy the only actress who can handle performing in talkies is zasu pitts , terrific as usual . the mother of the lajos household is played by alice joyce , a longtime silent star who was out of her element with speaking roles , and who retired soon after this . loretta young's fresh prettiness provides a nice contrast to nubi's dusky allure , but her line readings are so awkward it's kind of endearing . no , there's only one reason to watch this flick , and that's nubi herself . i can't think of another actress who could've played this silly role and managed to come off half as well . i'm not an objective observer , however . i have a desperate crush on myrna loy and will watch her in anything , even the squall .",0,1
"this swedish splatter movie tries to parodyimitate american horror films such as the evil dead , gremlins and others . writerdirectoractorcinematographer anders jacobsson and writerproduceractormakeup effects supervisor gran lundstrm did i miss something ? were obviously inspired by sam raimi . but the camera work is a bad copy of what can be seen in the evil dead and elsewhere . some other users have written that they enjoyed the humor of this film but i didn't . br br the film rather disturbed than entertained me . it tries to combine suspense and comedy and the final product just left me with a feeling of oppressiveness although it wasn't scary or shocking at all . the combination of different genre elements made this film very strange . i was never sure if it was meant to be scary or funny . br br the story is quite inventive except for the showdown at the hospital but i didn't like the way it was staged for the reasons mentioned above . the gore make up effects are considerably good and at least the loose limbs sequences were quite entertaining because in these scenes the filmmakers didn't try to mix scares and jokes . br br all in all a strange film that you will either hate or love . rest in pieces , evil ed . br br my rating 310 made me stick to american productions",0,1
"it is a frank zappa axiom that music journalism is people who can't write interviewing people who can't talk for people who can't read . if you ever needed proof that musicians can't talk , this is the film for you . repeated attempts at profundity stumble over themselves to end up in monosyllabic comments delivered in awestruck voices wow . thank you , idris muhammed . this film is pretentious but , while much of the pontificating from youssou n'dour and his gang of merry men and one token woman grates , the music saves the day . br br the main idea behind the film what i take to be the main idea , dredged out of the inarticulate commentary is interesting . to gather a group of musicians from america and europe and take them on a journey through the different styles of music that grew up in and out of slavery , back to their roots in the music of west africa , and a concert in the old slave fort of gore off the coast of senegal . we are treated to gospel , blues , jazz and variations of these , including some fantastic drumming both in new orleans and senegal . there's also a good deal of n'dour's own compositions . br br sadly , that's another weakness . it's never entirely clear what n'dour himself wants to achieve . to some degree , the film appears to be an exercise in selfpromotion on n'dour's part . he wants to play his own music , jazzed up to some degree and performed in the company of a bunch of musicians he admires . he's clearly a little embarrassed by this and early in the film obtains the blessings of the curator of the gore museum . br br the clash between the different agendas shows through in several other places . for example , somebody obviously felt that it was not possible to tell the story of black music without involving a gospel choir , but n'dour and most of his mates are moslems a point made repeatedly throughout the film . the whole early sequence involving the black christians is uncomfortable and then they disappear from the story until the close harmony group the only black christians who can hold a tone ? turn up in dakar at the end of the film . to be fair , they turn up triumphantly and perform the best piece in the film . if the story of black music needs to nod in the direction of gospel , why not also in the direction of latin america ? where are the black musical influences from the caribbean and brazil ? samba ? reggae ? then there's europe . here the black diaspora doesn't seem to have produced any musicians of calibre , since n'dour chooses to draft in austrian guitarist and a trumpet player from luxemburg . are they in the team just because n'dour has played with him before ? what i personally found most irritating , though , was the long sequence which tried to recreate a kind of 60s beatnikblack powernation of islam cultural happening in the new york home of amir baraka a . k . a . leroi jones . hearing people talk about the importance of knowing your history , and then in the next breath perpetuating ignorance . why do so many africanamericans believe that taking an arabic name is an assertion of their african roots ? and why do they think arabic islam is so much more admirable than european christianity ? who do they think established the trade in african slaves in the first place ? the film doesn't have much to say about the situation in west africa today beyond the platitude that present conditions are a consequence of all the brightest and best having been shipped away for 300 years . the senegalese appear to be a poor but happy , musical gifted folk , friendly and welcoming , respectful of their elders and not above fleecing the visiting americans in the fish market . is this ethnic stereotyping or just my imagination ? there is no comment on the armed guard that n'dour and the camera crew seem to need in the opening sequence as they walk through the streets of dakar . br br there is also a strong implication in the film that the slaves who were taken from dakar came from dakar . the similarity between the folk drumming style of new orleans and the folk drumming style of senegal is cited in evidence . the last thing the slaves heard before they were shipped away was the drumming of their homeland , bidding them farewell . except , of course , that by and large , the slaves shipped from dakar did not come from dakar . they were captured or traded from the interior by the coastal senegalese and sold to merchants of whichever european power currently held the gore slave fort . the people of dakar are not the descendents of africans who escaped the slave trade , they are just as likely more likely to be descendents of the people who sold their black brethren into slavery and exile . br br the two agenda's clash again in the final part of the film . there are two separate endings . on the one hand , the concert which n'dour and co have been rehearsing and preparing along the way and which they deliver in the courtyard of the gore slave fort . the other end comes when the harmony harmoneers sing the spiritual return to glory , in the seaward doorway of the slave fort . this is deeply moving , even if it is hard to believe the performance is quite as spontaneous as it appears . br br this is a film that is flawed . unclear of the story it is trying to tell and tugged in different directions . irritating , confusing , beautiful and emotional by turns . watch it listen to it for the music and the feeling , but don't expect enlightenment or intellectual rigour .",0,1
"the movie razor blade smile has an interesting title as well as leading role . now most may not like this movie for the plot and acting was a little cheap , but that is the appeal of a movie like razor blade smile . in a way it was suppose to be bad movie . br br however , if you watch this movie all the way through the end you'll see it is as i said a cheap vampire flick with a little humor . also how they manipulated colours in a few scenes is very interesting . br br so in conclusion this movie is a type you rent and laugh at with your friends and enjoy it for what it is . for no movie is throughly bad . br br as lilith silver says humans just don't smile enough . . .",0,1
"i do not know which one was first released earlier in 1970 . cannon for cordoba is an europen western it was made in spain . this means this is fairly inferior to sergio leone's socalled western spaghetti and to the real american masterpieces of john ford , sam peckinpah , howard hugues , john sturges and anthony mann , in my order of merit . this order is not to be interpreted as all john ford westerns are better than all by sam peckipahn's . i think imdb's 100 sort them out all pretty well . br br the worse about this firm is the casting . george peppard is fit for a sergeant's role , raff valone for a maffia capo and giovanna ralli to a puttana in piazza vennezia in the sixty's in rome .",0,1
"three young college women , simona iva krajnc , alja tanja potocnik , and zana pia zemljic , go on an adventure canoing down the river kolpa , dividing their slovenia from neighboring croatia , in this 2002 slovenian film by maya weiss . what could have been an eastern european version of the wellknown and exciting 1972 deliverance turned out , for me , to be utterly uninspiring with flat character portrayals that denied sympathetic identification with the characters . br br alja and zana are not convincing as students at all , though alja expresses a desire to be a writer , and both use what seemed to me to be excessive bad language . alja is bored with her boyfriend and seems to just be drifting along in life . zana , even less scholarly , is a selfabsorbed adventure seeker with an attraction to other women . i had some sympathy with relatively innocent simona , conservative and starry eyed . the very idea of these three traveling together just doesn't work for me . the disdain that zana and alja show toward simona makes no sense why would they choose her as a travel companion to start with as surely they must know her demeanor and attitudes ? br br the three begin a carefree journey down the river on two canoes , undeterred by a news story of a woman's disappearance along the river . things become more somber with the mysterious appearance , sometimes real and sometimes possibly hallucinatory , of a rabidly conservative fisherman politician jonas znidarsic . br br i did enjoy the scenes along the river and of small villages the trio visit . it may be because of a lack of cultural understanding , but the film didn't move me otherwise . i was surprised to see that the film has won some awards .",0,1
"i guess i was attracted to this film both because of the sound of the story and the leading actor , so i gave it a chance , from director gregor jordan buffalo soldiers . basically ned kelly heath ledger is set up by the police , especially superintendent francis hare geoffrey rush , he is forced to go on the run forming a gang and go against them to clear his own and his family's names . that's really all i can say about the story , as i wasn't paying the fullest attention to be honest . also starring orlando bloom as joseph byrne , naomi watts as julia cook , laurence kinlan as dan kelly , philip barantini as steve hart , joel edgerton as aaron sherritt , kiri paramore as constable fitzpatrick , kerry condon as kate kelly , emily browning as grace kelly and rachel griffiths as susan scott . ledger makes a pretty good performance , for what it's worth , and the film does have it's eyecatching moments , particularly with a gun battle towards the end , but i can't say i enjoyed it as i didn't look at it all . okay !",0,1
"basically what we have here is little more than a remake of the hilarious 1970's classic kitsch horror 'death line' which ironically was like this cobblers , also partly filmed at the disused aldwych underground station . br br making good use of the now disused jubilee line platforms at charing cross as well as the aforementioned aldwych , this film contains basically the same plot dodgy murdering mad zombie in the tunnels preying on the lost passengers who have missed the last train originality is not this film's strong point . br br indeed strong points are sadly lacking . the gore ranges from the poor to the unnecessarily over gory whilst the subgollum nutter is never really fully explained as seems little more than an under developed plot device . br br franke polente has little to do with a thin script than run down a lot of tunnels and scream every so often , indeed she was like pretty much everyone else in this film , outacted by a small dog and a pack of tame rats . br br if creepy films set on the london underground are your bag , or you just want to play 'spot the tube location' them pick this up on dvd when it hits a bargain bin . if you are looking for classic horror , go and dig up a copy of death line aka raw meat . br br if you are looking for a quality well written and acted film , you will need to change trains . . . . .",0,1
"the forgotten aka don't look in the basement is a very cheaply made and very old looking horror movie . br br the story is very slow and never really reaches anything worth getting excited about . br br the patients at the asylum are embarrassingly funny especially sam and the old woman who always quotes an old saying to everyone . look out for the bit when she gets close to the camera , tell me you can watch without laughing ! . br br now the gore is very poor looking , with the blood looking pink in many scenes so it doesn't really deserve its place on the video nasties list ! . br br overall if you aren't looking for a fantastic horror film and have some time to spare then it's worth a watch .",0,1
"director kinji fukasaku is perhaps best known , in his homeland at least , for his japanese gangster films , a series with which this movie shares a number of characteristics . violence and political intrigue are themes throughout both shogun's samurai and battles without honor and humanity , and both feature a lead character who finds his loyalties challenged by betrayals . both films also feature a large number of characters who seem to have little purpose but to die , and since so little is done to develop them , their deaths have little impact when they do come . this film has other flaws as well . the makeup , costumes and sound design are distractingly poor , and the battle scenes were substandard as well , inferior to other samurai films of earlier years seven samurai comes to mind . br br sonny chiba plays the sonny chiba character in shogun's samurai , the nononsense master swordsman who strides through the film , scowling menacingly . what a guy ; he even gets to wear an eye patch . if you were expecting to see the legendary toshiro mifune , you may be disappointed ; his appearance amounts to little more than a cameo , and just when it appears that his character might do something interesting , he disappears for good . br br overall , the strengths of the film are its story , which is infinitely more comprehensible than those gangster films , and the challenges posed to traditional concepts of good and evil . two brothers are challenging for the throne of their recently departed father , who may have had some help on his way out . early on , it looks as if we will be faced with a couple of characters who couldn't be more clearly good and evil ; after all , the older brother stammers and has a birthmark , the sure sign of a villain . eventually , however , it becomes clear that in a winnertakesall struggle for power , there are no heroes and villains , only winners and losers .",0,1
"sending the critters to space does seem like an entertaining idea , but was there really any need for a third film much less this fourth one ? a film with brad dourif can't be all bad , can it ? well , maybe in this case . this cheap scifi effort stars returning lovable klutz charliethe reliable don keith opper who is about to eradicate the last two remaining eggs of the critters' species when ughterrence manntells him that he's about to break some sort of transgalactic endangered species law . so at ugh's request , charlie places the two eggs in special holders inside a space pod . unfortunately for charlie , the damn thing takes off for space and he's trapped inside . the smoke under his feet places him into hibernation stasis and he awakes 53 years later inside a decrepitbr br space station as captain rick , with fat cigar , rude alcoholic malevolence , and greedy to the core is blasting open the space pod trying to see what possible novelties are inside for possible sale or trade . rick , unbeknownest to him , lets out the two critters who feast on his flesh . you see rick and his crew found the space pod drifting and had intense dollar signs flashing in their eyes so they dock it . ugh reports to themnow in a fine , prominent position as counselorthat money can be made if they dock at a space station under the terracor organization . once the crew dock , they find that this station is in ruin with many corridors in bad condition , but what's worse is the station computer angela . angela is a real thorn in the side to the crew because she has been left unrepaired without proper maintenance for some time . it takes some little tricks to get doors to open and close not to mention the elevators and computers . brad dourif is al bert , pretty much the impresario of computer functions . . and is pretty much the real leader of the group for he is the most levelheaded and intelligent . he seems to be a fatherfigure to ethanpaul witthornewho just wants to make it to earth to find his father . . this story though doesn't necessarily reach it's zenith . bernieeric dareis primarily in the film to be a druggie victim for the critters to munch on . in the film , charlie , after one critter enters rick's mouth and eats away at his throatyuk , becomes the crew's guide in understanding what they are fighting against . the film has some elements i found rather confusingor for a better word , ridiculous . . the two critters grow in size quickly , are somehow able to coordinate a ship for earth , not to mention grow themselves to massive size in this laboratory in the space station . the crew are able to tap into a log from a dr . mccormickanne ramsay , whose badge is found in a coat thrown to the side for which ethan discovers her access cardwhich shows signs that terracor was looking into creating a species to exterminate worlds and people . knowing this bothers al bert who wishes to leave angela and her bleeding station for greener pastures . things don't work out that way because wellmeaning charliethanks in part to al bert's ancient colt . 45kills a critter which had got on board , but in firing several bullets hits major guidance systems in the ship . so many repairs on in order , but they halt them when ugh and his storm troopers dock at angela and prove they are not what charlie thought they'd be . ugh is a changed man and charlie realizes that he is completely evil and his mission is to preserve the crites for purposes of a cruel naturerepresentation of corrupt corporate governmental types ? . this betrayal is what changes charlie . . he has perhaps grown up a bita wee bitand now understands that some people just change for the worse . charlie and ugh will come to a faceoff over those critters . . will the crew be able to escape a space station which has set autodestruct ? this film really doesn't exploit the critters as much as the other three films . i believe we can clearly see this as the true end to the franchise . the first film was a hoot . . a really entertaining romp . but , by the time this sequel cam around , the critters just wore out their welcome . the cast , however , do give the film a boost . the critters do get to feed a bit , but their plans of global domination is underdeveloped . their role in the film isn't established to the greatest heights . i said to myself , you have this enormous space station with unfortunates trapped on board . . could you not take this idea and run with it ? sadly , they don't .",0,1
"formulaic to the max . neither title reflects the serial's actual content , fighting nazis in morocco , actually , the iverson ranch . the plot is just to fill in the lulls between fistfights . the packaging claims over 40 'fistic encounters' in 15 chapters . that's at least three a chapter ! aside from seeing duncan renaldo cast as a spanish accented frenchman , watching how much furniture is overturned , smashed , thrown , burned or blown up is what this serial is really all about . when the protagonists start fighting , you can bet that everything in the room will be in it , too . so , kudos to the fight choreographer , who is the real star of this serial ! br br two positive notes the characters do sometimes lose their hats during the fights , and best of all , we have the girl side kick often a journalist , as she is here actually participating in the mayhem , mostly by shooting and killing the bad guys . yet to come is linda stirling killing the main villain in manhunt of mystery island 1945 . on the negative side , there are just too many jump out of the way escapes before the slab falls , before the car goes over the cliff , before the speedboat explodes , before the building explodes , before the truck hits you , etc . etc . br br it is claimed that this serial partially 'inspired' george lucas to make the first indiana jones film , but that is more by implied concept than because of the actual story or the serial's development . br br rod cameron 'shines' as a moving rock , a role he played in all his films . other than watching all the furniture getting smashed , there's nothing really going on here , compared to other serials that have fewer fights , more story , better actors and more developed characters . br br i give it a 3 for all the furniture smashing .",0,1
"the movie was a pleasure to watch if you are a fan of the stooges . the story is told from the point of view of moe howard and his relationships with his brothers shemp and jerome curly howard , also the life long friendship with larry fine . the movie deals mostly with the off camera high points and pit falls of the stooges multi decade career . the casting director and makeup artist did a fair job of finding actors who resembled the famous ensemble . the actor who plays curly howard did a fine job of portraying the on camera antics of the most beloved stooge . a must see for any fan of three stooges shorts .",0,1
"it is enjoyable and fastpaced . br br there is no way on earth that the actor playing mat could be eighteen . however , the main thing is that he does act eighteen very convincingly . it must be a credit to his audition that he convinced them to cast him . i quite soon accepted him as being a naive young country boy . br br while his was the best performance , most of the others were also very engaging . in particular , the interplay between the policemen was natural and wellbalanced , and worked very well . br br it is only about 45 minutes long , so the plot is not complex . more key is the style of the whole thing . it is very slick and vibrant , and the backdrops are atmospheric , especially from the fact that all the colours are extremely rich . the gangland is identifiable to foreign audiences , but still manages to be distinctly australian .",0,1
"a young doctor and his wife are suddenly expecting a child . both are disturbed about a two hour memory lapse on the night of conception . interesting twist on an hackneyed story . very good fx and interesting editing . jillian mcwhirter is outstanding in a cast that features arnold vosloo , wilford brimley and brad dourif . brimley brings normalcy to the outlandish . kudos to director brian yuzna .",0,1
"if fassbinder has made a worse film , i sure don't want to see it ! anyone who complains that his films are too talky and claustrophobic should be forced to view this , to learn to appreciate the more spare style he opted for in excellent films like the bitter tears of petra von kant . this film bogs down with so much arty , quasisymbolic images it looks like a parody of an artfilm . the scene in the slaughterhouse and the scene where elvira's prostitute friend channelsurfs for what seems like ten minutes are just two of the most glaring examples of what makes this film a real test of the viewer's endurance . but what really angers me about it are the few scenes which feature just elvira and her exwife andor her daughter . these are the only moments that display any real human emotion , and prove that at the core of this horrible film , there was an excellent film struggling to free itself . what a waste .",0,1
"i enjoyed the first reviewer's comment far more than i did the film when i saw it at a secondrun theatre in the early '80's . i was impressed then by the care taken to create costumes modelled so closely after the tenniel drawings . but to me , the cast was largely squandered , their personalities muffled by the masks , while the direction i think of as being unusually static , and the photography murky . the rating jotted down at the time was a nought , which means not worth sitting through even once . br br still , i too would jump at a chance to have a second look .",0,1
"one your screen will be filled with beautiful effects and colours . these do nothing for the story , but they will keep your lazy eyes occupied for some 50 minutes . a good example is the eternal use of a computer screen that shows each fingerprint from the database as that print is compared with the one they want to find out about . yeah , right . br br two these guys being like real professional pros , they will engage each other in intriguing pro talk look , grissom , these are what we call fingerprints . everybody has them , and they are different on each person . so , with these fingerprints we can actually find . . . . br br yup ! exactly like real pros would talk to each other if there wasn't a completely uninformed and stupid audience around . br br however , not everything about this show is bad . some stories work to some degree , and the colours are really beautiful . they use red , blue , green , yellow . . . all of them colours i've loved since kindergarten .",0,1
"i fully agree with the previous reviewer . there's no chemistry between spencer tracy and hedy lamarr , and the focus of the film is on their relationship . hedy lamarr isn't at her best , and spencer tracy appears to be naive , simple and overlyhopeful both in love and life ; an idealist role that played out best in 'boys town' . if you can make it through the ridiculous crowd scene by the train station . . . whoa . . . it's rather slapstick and not worthy of any actor in the cast . not the best acting on anybody's part . miscast and mismatched . story is empty and various and disenfranchised input is apparent . hedy lamarr is her absolutely stunning herself , which is truly the best part of the film . spencer tracy can't match the sophistication of her beauty and wardrobe , and the film doesn't come off as believable for at least that reason .",0,1
"this film failed to explore the humanity of the animals which left me with an empty feeling inside . spoiler ahead i was not convinced that dr . d really had a compelling reason to forego the big buyout deal to help his furry friends . whereas babe the original bucked the trend of bigbudget hits by focusing on the human virtues of the animals vs . their humans counterparts , all the animals in this film were nothing more than comical caricatures which one would gladly stuff in the meatgrinder even more so if one could understand their pointless babble . without eddie murphy's zany behavior , this film would be a flop .",0,1
"before i start to tear apart this movie , mark youi love the scarlet pimpernel . that story is one of the best romantic adventures ever written . the movie staring jane grey is very good and the musical on broadway is the hottest thing there . so , i thought when i heard that this film was coming out that it would be great since it was a bbc film . br br to my surprise , it was a weak , totally stupid story that utterly failed in capturing the gorgeous tale . br br there were no exciting escapes with daring disguises . there was no deep love that made your heart flutter as percy left the room and marguerite sighed as her husband was leaving her again . br br all it had was a confusing plot and a lot of outoftheblue sex and violence . br br sink me ! what a horrible movie ! br br",0,1
"today , i visited an athenean cinema with my two kids 6 8 years old , payed 3 x 12 euros about 45 us total not to mention gas , popcorn soda , was asked to return my 3d special glasses after leaving the theater and was forced to watch what could have been a great 3d movie masterpiece but only proved to be a sick cold war like propaganda movie , like none i have seen during the last 20 years . . . and this is supposed to be a movie for children . . . in heaven's name ! br br ps 1 the average working greek makes no more than 850 euros a month approxiamtely 1050 us br br ps 2 my kids liked it . . . but then again they are no more than babies in greek mora , morons like the one who wrote the script the others who made this 3d disgrace happen . br br ps 3 3d animation is fantastic but who gives a . . . . !",0,1
"the movie gets a score of 3 because it dared to be so very different . it features a cast acting while you can hear their thoughts and desires ! this is truly a weird film and an experience i won't forget . the only problem is that the experiment , though in some ways interesting , is generally quite dull and unengaging . in fact , it's amazing that a norma shearer and clark gable film could be this dull ! the film is based on a eugene o'neill play and it really does seem quite stagy . in fact , it would have been best just to keep it as a stage productionit just didn't translate at all to the big screen . br br so this movie is only recommended to diehard cinemaniacs and those who love gable films so much they just have to see all his films !",0,1
"sean bean is great , as are the photography , locations and costumes . however , the plot is somewhat muddled , and the conclusion flat . the plot has been substantially altered from cornwell's novel , and not to the better . unfortunately , this adventure is much better read than watched . sharpe was too narrowly drawn here , in contrast with his literary alter ego , who seems more intelligent and determined despite his apprehension in his new role as an officer promoted from the ranks . i really enjoyed the brief scene in which sharpe is tripped by a real officer , and after a quick pause and piercing stare , pushes the surprised and cowed officer right back . it sets the tone for his later trials as a commanding officer . br br rating 4 of 10 .",0,1
"this series doesn't present the british view of the revolutionary war , so much as an antiamerican view of it . the underlying theme of the series is that a silent majority of colonists enjoyed british rule ; that the founding fathers were manipulative schemers whose only goal was to draw britain into a violent civil war ; that the american supporters of the revolution and the militia were racist , violent louts , duped into the struggle . clearly , the intent of the author , richard holmes , is for the viewer to extrapolate these characteristics , in a straight line , from the american population of 1775 to today . br br for example , in the episode the shot heard around the world holmes dredges up an obscure print of the boston massacre , in which he claims the skin of crispus attucks , a black man and the first man killed in the revolution , was purposely whited out . holmes claims that portraying attucks as a black man would have been bad propaganda for the revolutionary cause . holmes never reveals how he knows this . and there's more . holmes goes to some length to work in a single , unsubstantiated , atrocity the desecration of the body of a british soldier . he compares the american militia to the viet cong and the mujahadeen without mentioning any differences in the goals of these groups . the list goes on . br br supposedly , this series was made in response to mel gibson's the patriot . it says a lot when an academic feels the need to respond to mel gibson on any topic . instead of presenting the british view , it seems holmes really wanted to give a sensationalistic , antiamerican view , and , in the process , he's made himself the roger corman of historians strictly thirdrate schlock .",0,1
"little quentin seems to have mastered the art of having the cake and eating it . br br as usual , the pure sadistic display can be explained as a clever thoughtprovoking way of sending violence back into the audience's face . br br sure , mr tarantino . violence is baaad . sadism is baaad . it is well worth wading in it to make that point . how very brilliant . br br the juvenile part of the audience may well not be clever enough to follow all the smart references to higher levels of consciousness though , but i'm confident they'll see the light one day . br br thanks for making this little world of ours a little better . you deserve a medal .",0,1
"i found the film a bit predictable and boring but i am 14 . br br i was really annoyed with my little cousin as she was very hyper that day so i saw a film on the disney channel and put it on and told her to watch it . br br she is 6 and she loved the film , some bits she didn't get like the ending but i didn't get that either y was eddie the star of the video shoot i thought it was jordan's video ? ! but she did enjoy it . br br i noticed the mistakes such as at the end jordan was not actually playing the guitar , but she never . br br it is definitely a film for if you are seriously bored or 10 and under . br br it calmed my cousin down well . br br although all she did was sing for the rest of the day then .",0,1
"history and experience over the past couple of decades has shown us that intellectuals talking about sex is about the unsexiest and unintellectual thing anyone can do , but this wasn't quite as obvious back in 1986 . basically , the idea in this film is that these characters insatiable drive to find comfort , security , and pleasure in sexual acts is actually the unhealthy motive that makes them so unbearable to themselveswhich they hide from themselves with more sex . this drive is linked to the decline of the american empire , as expressed in an early interview within the movie . br br so the idea is that relatively detestable people talk about sex , and that that talk is supposed to reveal how detestable they are as people . arcand at least keeps giving it drive and momentum by doing interesting things with the camera such as isolating most of the characters in single frames , revealing their ultimate loneliness , and cutting rapidly between them , showing how they are more at war with each other than they are at agreement . and to give arcand credit , this is pretty much what intellectual life is , a constant struggle with other intellectuals to stand out , even when everyone knows that standing out means standing alone . br br but yeah , the characters and action are unsexy and kind of pathetic . i think this film is much more an aspect of its time than it is something meant to last , which makes it kind of dated . it's also the exact type of mental buffing in dialog and references to people like susan sontag that makes arthouse films so unpopular around the populist entertainment moviegoers . in all , i'll take it anywayit has its place basically among the exact type of people the characters areit's just that it's not really interesting or important to anyone who isn't those characters . br br polarisdib",0,1
"if you are one of the people who finds according to jim great television comedy , this is going to rock your world . and might i add , kudos for proving that good talent , good writing and a charismatic star are all you really need on any network other than abc , which prefers to air crap like jim belushi's show year after year . br br k911 is a big , steaming , brown , german shepherdsized thank you for all of the geniuses who loved the first movie . it's exactly what fans of that film and the lesser belushi deserve . jim's comedic chops and choice in projects are never far behind his ability to butcher a blues standard . look for him to try to showcase all of his diverse lacks of talent into every project he hurls at the public like a surly zoo chimpanzee . br br if you enjoy jim's work , this movie is your reward .",0,1
"this was a better than average movie i thought , for it being on cable . i had expected something along the lines of cheesy melodrama and bad special effects seen in such classics as christmas rush or first daughtertargetshot , etc . br br the cast was well chosen . . . i especially liked ron livingston as the hard pressed swat commander . it's good to see him revisiting the same material he had so much fortune with in band of brothers . the producers and designers had done their homework because all the scenes and shots looked like they did on that day back in 1997 . br br so , if you get a chance to see this film , and i am sure you will since fx reruns everything 50 times . . . take 2 hours and enjoy it .",0,1
"love life explores a very culturally relevant scenario of a marriage of convenience between a lesbian and a gay man . i found the subject matter compelling , even if the conflict was a bit forced and too easily resolved . for example , thomas falls for joe a little too quickly and conveniently for the plot . there are many continuity errors one other user commented on different cars in the garage , joe's glasses . . . the one that got to me the most was the fact joe's facial hair configuration seemed to change from scene to scene . in the end , i found myself more turnedon by this movie than moved . stephan d . gill has a pretty nice body and shows it all quite a few times with pornstar skill and exuberance , and alltoooften acting chops to match . many times , the movie seems like it is going to go fullon porn . stephanie kirchen does a fine job , but her moment of enlightenment at the end was sullied a bit for me , since i was in the mood for a good romp in the shower by the end of this movie .",0,1
"i watched this film on the hallmark channel recently . in my opinion , the film started out decent enough , but eventually got sour . br br the story a u . s . soldier in afghanistan receives one of the christmas cards that a woman back in the u . s . has sent out to troops for christmas . he becomes so inspired by the christmas card that he feels it has given him a ray of hope and happiness in his life , a motivation to continue on . when he is given leave , he goes to the very town that the woman lives in . he comes across and spunky young woman and eventually finds out that she is the one that sent the christmas card . he meets the family and after saving her dad a vietnam war veteran from getting hit by a car whilst crossing the street , the family decides to take him in for a while . we learn that he doesn't have a family back home . the soldier agrees to help out the family during the christmas season by working with them at their logging company . the family comes to love him and viceversa . the soldier also becomes in love with the family's daughter the woman that sent the christmas card . there's only one problem . she already has a serious relationship with a man that she's in love with . it's also a long distance relationship . the boyfriend is very different from the soldier . he prefers wine and trips to france over hard labor and the great outdoors . the woman prefers the latter . throughout the rest of the film , there is a love triangle as the woman's boyfriend is back in town visiting her for the season . everyone in the family seems to want the daughter to be with the soldier and the mom basically wants what's best for her daughter . spoiler alert the woman comes to like the soldier more and more , as they have a lot in common . they happen to spend a lot of time together . she gradually becomes attracted to his persona . then one day he kisses her and and she kisses him back . now she's so confused ! she's in love with her boyfriend and wants to marry him someday , but she's become so fond of the soldier . soon enough , the boyfriend who doesn't know about the kiss , but is very protective of the woman and thinks the soldier has been trying to move in on her decides to propose to the woman and she accepts . his plans for their marriage , however , are not plans that she wants . she wants to be at home , have kids and be close to her family . he wants to travel the world , go to exotic places and if they have kids he wants to take them along . this doesn't sound too thrilling for the woman . however , the soldier feels bad about what he's done and doesn't want to make things worse . so , he decides to leave town , despite the dad's urging him to stay and be with his daughter . it all comes to a head when , at the christmas eve service with church , we find out that the soldier hasn't left yet . the boyfriend and the woman speak to each other outside and he , brokenhearted , basically decides to let her go and breaks up with her . the film ends with the woman and the soldier getting together . br br things i like i like the soldier throughout much of the film . he's basically nice and polite , with a strong sense of doing good for others ; there are moments in which the family is going with church and participating in charitable causes ; the family hold hands and pray during an evening meal at the table ; the dad and mom have a longlasting and evidently healthy marriage ; the soldier tries to do the right thing in a situation after he did something very wrong br br things i don't like there is a very typical love triangle story in this film ; the soldier turns sour as he slowly and subtly moves in on the woman and then eventually kisses her when she already has a boyfriend ; most of the family practically applauds this behavior the family goes with church and participates in services , yet this is how they act ; there is some bad language br br conclusion i became disappointed as the film ran on , and it got worse and worse . i ended up fast forwarding the very end of the film because i had enough . so , the film started out decent with some few gem moments , but ended up ruining itself . therefore , i don't recommend this film to anyone .",0,1
"i was so excited and hyped up about watching this film when the promos first came out in november ! it looked awesome and the songs ! i was quite disappointed when i went to watch it ! this is a film which weaves 6 couples together . it has a multi cast of 12 people ! a huge amount of stars have worked on this film . i think the director , nikhil advani , has not managed the situation well and should not have had many people in this movie as this would of made it easier for him . compared to nikhil's directorial debut 'kal ho naa ho' , 'salaameishq' falls quite behind . i think nikhil should have a smaller star cast . i think the best factors of this film is the songs ! the songs are excellent and i think that all of the songs are awesome , shankarehsaanloy done an excellent job and have done an excellent jobs over the years . i think the ratings of this movie may go up because of the excellent songs ! one thing i was disappointed with , is that the director should not have included nudity in this film which is done by sohail khan and isha koppikar . i found this extremely rude watching this with family ! although , some may find this nude as comedy , it is not something you would want to watch with parents ! i think the best acting was performed by salman and priyanka overall , i think its an alright movie !",0,1
"i will admit that i have seen maybe five minutes of jerry springer . i don't consider myself a snob , but i really think that i am above watching what's on his show . you should try to elevate yourself above that too . br br i saw this movie as part of a social studies event i was conducting . i was told that this movie really had little to do with springer himself , rather it centered on the lives of those who would appear on springer . handled better , this movie might have actually been a fascinating look at how pathetic these people's lives actually are . i will admit , i felt a twinge of empathy for connie molly hagan . this is all she has in life . how sad that she feels she must go on jerry's show in order to resolve this . br br i really feel sorry for molly hagan appearing in this . have you noticed that after this movie , she has mainly been relegated to b roles on tv ? i will say this about hagan . she is an extremely beautiful and intelligent woman . i have no doubt that she is very earnest in her acting and she tries to play her roles with a lot of empathy . the problem is that hagan can't carry a scene on her own . she just doesn't have what it takes to do a lead role . her best work will always be angel on herman's head a show that was not great , but its heart was in the right place and when she guested on seinfeld as sister roberta .",0,1
"this should have rocked . vh1 moved away from the traditional divas whitney houston , celine dion , etc . that had made the 2003 show so stale . sadly the move backfired . the show had no mc keeping the show together . queen latifah did a fantastic show at the 2003 divas . the show kicked of with a horrific rendition of lady marmalade featuring patti labelle , cyndi lauper , and jessica simpson . okay in the studio with some control they can all sound great . br br however , when they are competing with each other why ? it just sounds torturous ! jessica simpson has the most bizarre facial expressions when she sings that i've ever witnessed ! cyndi lauper also performed girl just wanna have fun . that wasn't as bad but it was hardly impressive . the worst was yet to come ! cyndi and patti labelle teamed up to perform cyndi's hit 'time after time' . it was acoustic , and didn't fit in with the rest of the show . still it could've been okay if they both hadn't insisted on squealing like mamed animals . it was just dire . br br debbie harry from blondie is always cool . she has a style of her own and although maybe she can't compete vocally with a many of the divas although she certainly can sing very well . debbie came out and performed blondie's 1 hit 'rapture' . with some lovely vocals . she really hit the notes perfectly . she looked stunning . rapper eve provided a new , but sadly inferior rap . it was good . debbie's next performance was a teamup with newcomer joss stone . they performed the blondie hit 'one way or another' . i think joss misunderstood the style of the song and just shouted over debbie . a rather sad bit was when debbie tried and failed to match her shouty style which spoiled it a bit . she should've just let joss get on with her totally inappropriate warballing . the whole of blondie performed this track . the final track debbie performed was blondie's massive hit 'call me' . it was pretty poor . not debbie's fault because you just couldn't hear her . the sound was atrocious all the way through the show . br br joss stone also performed a few songs on her own . they were quite well done . ashanti also showed up to perform two inexplicable cover versions . firstly she did diana ross' 'i'm coming out' , and then chaka khan's 'ain't nobody' . she is not a diva ! she can sing to an extent but she has no presence whatsoever . why not just get the real singers in . chaka was even interviewed on the show . . . . br br gladys knight showed up and did a medley . it was very good . she was probably the best bit of the show . i don't know much about her other than she is a seasoned performer in las vegas and her experience and class really shone through . patti labelle fitted in another performance this time her 80's hit 'new attitude' . it was the finale and it was okay but it was too little to late . this was one big dud . better luck next time vh1 . br br the version i saw was a heavily edited 55min version which was shown on vh1 in the uk . if these were the best bits . . . . .",0,1
"like i'm sure other people have said this guy isn't a very worthwhile subject . sure , our society has a morbid fascination with death , and it's funny hearing him talk about how much he smokes and how much coffee he drinks , but he's into giving himself an unworthy mystique . anyway , the bottom line is that he's a moron racist using feeble methods to try to disprove the mountain of evidence of the holocaust , and as such he should be forgotten by time . but morris is in love with any kind of curiosities , which normally i wouldn't fault him for .",0,1
"growing up with the beast wars transformers , i wasn't very familiar with the original transformers , and now that i have seen the awesome movie , and now that i have seen the older cartoon on which it's based , i have to say i like the original cartoon and the live action movie more than beast wars . br br not that i don't like the bw characters , i just think that characters like optimus prime are better than optimus primal . br br i mean , autobots transform and roll out ! sounds a lot better than maximals maximize ! the voice of the original optimus prime still makes me a strong believer that he's a real commander , more so than optimus primal . br br besides , powermaster optimus prime is a lot more powerful than optimal optimus . just look on the web ! br br megatron in the bw character seemed more like a humorous version of the more evil version of him in the original series . br br besides what's cooler , robots changing into animals or robots changing into vehicles and spaceships ? gimme the original transformers any day over beast wars !",0,1
"this was a movie i could not wait to see ! so i finally got it and i was pretty disappointed . for starters , the movie has so little said about new york , just a bunch of confusing shots of buildings , streets , bridges and cafes . it really doesn't stay focused on the new york magic . another thing that changed my mind was the french movie set inside this movie . i know that it is a remake , but it is not a french style remake ! anyway , here you will notice elements that remind you of french movies , such as long and messy scenes , no or little talking and of course everyone is smoking french style ! the story follows many lives too many for my taste and they somehow seem connected in the end . i feel like there was no dedication to the characters as much as there was on the stories . the movie was too short to cover every single destiny everyone's happy ending . so we can see about 30 people for about 5 minutes each . and there you have your 120 minutes ! if you like active scenes dialogues and stuff this is not the movie for you ! i give it 4 just because i love new york and i loved the cast !",0,1
"this is the slowest film noir film i've ever seen . very weak script only provides opportunity for jack palance and rod steiger to deliver exceptionally well , lines that were made for an acting audition . palance and steiger both affirm they are indeed serious actors who can portray their respective roles with power , emotion and drama . the story itself moves at an incredibly slow pace , mostly taking place in a living room . the director obviously moved the actors around in a rythmatic circles as they delivered exhaustingly long lines , to keep the slow pace from becoming noticeable to the audience . the action doesn't pick up until the last ten minutes of the film . if you're one who's looking for more depth in a crime drama , this one's not for you !",0,1
"this film sold for onedollar at walmart on a dvd and so i do not feel like i lost anything for watching this film , except my time . enjoyed the acting of tom hanks , robbie wheeling , who was very young looking and gave an outstanding performance considering it was a horrible script . the story is about college students who decided to play the game mazes monsters , only in a very realistic setting . robbie wheeling has had problems in the past playing this game at other colleges and is advised by his parents to leave the game alone and get good grades . robbie meets a very nice gal and has a romantic fling with her and once he starts playing the game , he stops making love to her and acts like a monk . there are some scenes in the film which are taken running around the former world trade center and also in the observation floor and roof area . it is rather sad viewing this part of the film where so many human beings died because of evil in the world . this is not a very good film , except for tom hanks trying to keep the film above the sinking level of entertainment .",0,1
"too much of something borrowed grade bbr br super bowl sunday is one of the slowest days at movie theaters every year . because of this , movie studios tend to avoid releasing bigger budgeted films that weekend . every few years a studio releases a counterprogramming female skewing movie 2001's the wedding planner to compete with the big game . this super bowl weekend similarly titled the wedding date will try to find success and attract viewers not watching the game . br br sick of people feeling sorry for her , singlewoman , kat ellis debra messing , tv's will and grace hires male escort nick dermot mulrony , about schmidt to pose as her boyfriend for her sister's wedding in london . her family has been giving her a hard time about her not being married , and her ex fianc of seven years , who dumped her without a reason , is the best man . to make him jealous kat parades nick around her ex to make him see what he is missing . but ultimately nick helps kat realize that she can open up , and let someone love her . br br the film borrows too much from similar wedding movies . it is almost a carbon copy of 1999's picture perfect and mixes in scenes similar to the wedding planner and my best friends wedding . the movie also has a reverse pretty women theme going for it , and knowing her audience , the director makes clever references to that and other films . br br the wedding date has all the clichd elements of a typical wedding movie , there is the stereotypical overbearing mother holland taylor , legally blonde , and practically plagiarized wedding speeches by the family and friends at the wedding and rehearsal dinner . the twist at the ending has been done before , but it was something that wasn't completely expected . the real reason why kat was dumped comes as a surprise and changes the direction of the film for the last half hour . br br even though the wedding date is predictable , it is able to stand on its own . debra messing , in her first lead role , proves she can be charming and funny . dermot mulrony has great chemistry with debra messing , but most of his dialogue was too corny and unrealistic . he is able to make best of what he is given , and be able to salvage the character . br br by the use of many clever puns often sexual , the film is actually funny . although primarily a chickflick the film has components everyone can enjoy . the feel good story , and humor make it the best date movie released in a long time .",0,1
"this movie is bad . br br this movie is really bad . br br this movie is might as well be half a minute long and shown 200 times in a row , because you'd get the same effect . br br the phone rings . man a answers the phone and gets annoyed by man b . man a curses off man b , and then hangs up the phone . repeat . br br this is the entire movie . br br do not watch this movie . trust me .",0,1
"the war in the east , as the germans referred to the ww2 sovietnazi conflict , was a war of annihilation on the part of the germany . 90 of the german army were in the soviet union fighting . their ultimate aim was to wipe out the so called sub human untermensch russian population and colonize the mainly empty country with german settlers after they had won . br br read hitler's willing executioners . br br here we have the german army presented as innocent victims and not as nazi mass murderers . when are modern german film makers going to be honest and face up to the past ? br br better see the russian film come and see instead !",0,1
"well it's not often that we in the uk have a film made about inner city life from the perspective of the afro caribbean community , the last example that i can remember was the underrated babylon way back in 1980 . so i had high expectations when i heard about bullet boy , a film that has been touted as the british version of la haine ! well la haine it is not ! i agree that the use of dialogue and environment gives this film an authenticity that has been missed in other british films of late , but my concern is that this film predictably ends sadly . br br the film intelligently deals with the escalating problem of black on black violence that is sadly all to common in london , but i'm concerned that film makers now use typecasting in plot as opposed to characters which is equally as damaging . saul dibb had a great opportunity to make a film that could be both entertaining and inspirational to us all , but sadly missed and created a film that only reinforces the idea that to be a young black male in london the only future is violence tragedy",0,1
"i am at a distinct disadvantage here . i have not seen the first two movies in this series , although i have seen a lot of larry cohen films . fans of the series seem to think this is a good film . judging it on it's own , it was pretty boring . br br you never get a real good look at the maniac cop's robert z'dar face , but what i did see was pretty grim . the death scenes seem to be staged to eat up the most film , not to give any thrills . maybe if i saw the nc17 director's cut , i may be more impressed . br br the ending with the car chase with z'dar , caitlin dulany , and robert davi was pretty intense . best part of the movie .",0,1
"what ever happened to shows with united parental figures ? the parents in this show are nearly as irresponsible as the children . instead of punishing the youngest child for being manipulative , they let her get away with murder . they can't ever agree on a course of action when it comes to dealing with the children , and instead they do nothing . yeah , great plan . just ignore their behavior because they're cute . this show tells the already manipulative preteens that watch it that the divide and conquer technique is the best way to get their parents to cave . the oldest children are constantly running amok and getting themselves into all sorts of impossible situations , but there are no consequences for their actions . yeah , great television all right .",0,1
"dryly irreverent , but sadly unfunny satire of detective movies , with stonyfaced michael caine playing a british author of trashy crime stories traveling to the mediterraean to assist in writing the memoirs of a wouldbe gangster ; soon , he realizes he's being followed and his life is in danger . caine narrates the proceedings with considerable sly wit and lowkeyed sarcasm , but his actual performance is bereft of energy caine's shrill bursts of anger or frustration seem to come out of nowhere , and he connects with nobody on the screen . other cast members particularly mickey rooney , a silverhaired lionel stander , and lizabeth scott do very well in colorfully outr roles , though al lettieri has an insulting part as an apparent crossdressing homosexual lettieri gets insulted without being able to defend himself , an unenviable position . writerdirector mike hodges has the germ of a good idea satirize the detective movies of the 1940s without compromising the hardboiled talk and milieu , but he hasn't a very sharp sense of humor . when a bogart lookalikeasking a question about a falconis the best joke , what follows is anemic indeed . from",0,1
"ghost of dragstrip hollow was one of the many '50s movies about hotrodding teens encountering the supernatural . in this case , the teens can't pay the rent for their hangout and get evicted . with nowhere else to go , they decide on an apparently haunted house . as you may have guessed , once they arrive , some weird things start happening . and there's a twist at the end . br br there's nothing in this movie that you haven't seen in other movies , but it's nice entertainment nonetheless . my favorite character was the foulmouthed parrot . well , let me rephrase that he didn't talk like a character in a quentin tarantino movie , but he said things that we don't expect out of a bird . the movie's pure hokum , but harmless .",0,1
"hard up , no proper jobs going down at the pit , why not rent your kids ! diy pimp story without the gratuitous sex scenes , either hard core or soft core , therefore reads like a public information film from the fifties , give this a wide miss , use a barge pole if you can .",0,1
"i was so disappointed in this movie . i don't know much about the true story , so i was eager to see it play out on film and educate myself about a little slice of history . with such a powerful true story and great actors it seemed like a surefire combination . well , somewhere the screenplay failed them . it was so scattered is this movie about his childhood ? his love life ? his own disability ? his speaking ability ? his passion for the disabled ? i'm sure there is a way to incorporate all of those things into a good story , but this movie wasn't it . i was left cold watching characters that were unlikable not because of their disabilities , but because of their personalities . other small gripes 1 . the heavyhanded soundtrack . it's the seventies we get it already ! 2 . if he's such a phenomenal public speaker , why weren't we treated to more than a snippet here and there and even then mostly in montages ?",0,1
"this is peter falk's film . period . br br i was 10 years old when this film came out ; i was already a film maven at the time . of course neither my parents nor i saw this film when it came out , but i was in love with the typeface of its ads the aura that this was an important film . okay , 34 years later i've finally seen the filmhaving never seen any cassavetesdirected film previously . he's a hack , overall . zero sense of timing , editing . gena's performance reminds me too much of dustin hoffman's stint in rain man technically on par but entirely onenote . as tom cruise stole rain man , falk takes the cake for this film . br br i was annoyed with gena's performance , really throughoutit seemed better suited for awakenings blecch ! . it's not all her fault she's a basket case from first scene to last . we never find out why ? ? but falk's character seems real is performed wonderfully by falk as a seriously flawed man . br br shave off at least an hour an editor needed ! , and this would have been an arresting portrait not of a woman under the influence but of a simple , cromagnon , man coming to grips with a wife who doesn't work yet cannot deal with her three kids her husband's long hours of work . br br i'd rather remember cassavetes for the dirty dozen or rosemary's baby . he would have been a better director had he snipped his own tendency for excessas he amply demonstrates with this film . br br bob",0,1
"this is the only movie i have ever seen that has prompted me to write a critique on any internet site , and that is a significant statement from someone who likes the attack of the monolith monsters . this movie is perfect for anyone who wants an inoffensive movie . it is devoid of sex and violence , for example . i believe that this movie is safe for children of all ages . this movie is perfect for anyone who does not want to be entertained , challenged , or stimulated in any way . adults could easily catch up on their sleep in front of the tv while the kids watch this movie . don't be surprise , however , if you wakeup to find the kids have turned the tv off and started a board game . as an adult who enjoys being entertained , who enjoys everything from the mundane to the fantastic in realism , drama , comedy , and action , all of those adult things that reflect real life on earth andor stimulate the imagination , this movie has nothing to offer .",0,1
"actually , this is a lie , shrek 3d was actually the first 3d animated movie . i bought it on dvd about 3 years ago . didn't bug's life also do that ? i think it was at disneyworld in that tree , so i'm saying before they go and use that as there logo . also , shrek 3d was a motion simulator at universal studios . they should still consider it as a movie , because it appeared in a theater and you could buy it for dvd . the movie was cute , at least the little flyes were . i liked iq . i agree with animaster , they did a god job out of making a movie out of something that is just a outandback adventure . i recommend it to families and kids .",0,1
"i never saw the original 1954 version with judy garland , so have no means of comparison . also , it's been some years , but i found this tale neither gripping nor its romance captivating . the movie tells the story of two lovers whose musical careers are headed in opposite directions . john norman howard is a worn out , disillusioned rock star on the decline , embarking upon a romance with a fresh , talented new singing sensation , esther hoffman . her dramatic success only serves to emphasize his decline . br br the lead actors , kris kristofferson and barbra streisand , are adequate in their roles , but neither their chemistry nor the plot left much of a mark with me . the film is noteworthy to me for only one aspect , streisand's beautiful rendition of the oscar winning song 'evergreen' . she truly has a powerful and magnificent voice .",0,1
"i saw this at my inlaws' house one night when it popped up on tv and my motherinlaw said it was one of her favorite movies . well , she can have it . br br look , i can enjoy a chick flick now and then , as long as it's good . but this one's extrasappy , unrealistic , and just plain predictable , despite some decent performances from rock hudson and jane wyman . it's uncanny how quickly a woman can accept having her eyesight taken away from her . oh well , they say love is blind . . . br br the neat and tidy happy little ending nearly made me gag , too . and how often did we need otto kruger repeating the title ? it happened not once , not twice , but three times !",0,1
"i love the music of the clash and i love the music of joe strummer and the mescaleros . i went to this movie hoping to learn about the man behind most of that . but i came out of the theatre not knowing much more about joe than i already did after reading the entry on wikipedia . the movie never really gets through to the person , his thoughts and feelings . what they did was to collect the little material that they had , shaky blurry videos and to interview some people about joe strummer at a camp fire . it turns out that most of these people knew him very little or not at all , and that the director just wanted them in the movie in order to have some more celebrities say , oh , he was such an inspiration to all of us . like bono or johnny depp whom they seemingly asked to keep his pirate costume on to benefit from his current success in pirates of the caribbean . it seems that the director could not even wait until the body was cold before he jumped in to sell his version of the greatest punk rocker and hippie at heart that ever lived , sanctifying the person without really knowing enough about him . br br sure , being a fan i enjoyed seeing the images of the band , hearing the anecdotes behind the songs and such , but in the end i felt like what remained as the portrait of joe strummer could have easily been told in 6090 minutes . br br go see the movie if you are a fan , otherwise better listen to some music of the clash or even better the undeservedly unknown mescaleros , where joe strummer reached the peak of his musical development before his death , melting all his rich influences together to one amazing sound .",0,1
"daddy's girls florence lawrence and dorothy west receive some terrific news at the local post office , unaware they are being stalked by burglar charles inslee . meanwhile , father david miles receives a message from young robert harron which necessitates daddy leaving home ; so , when the young women return , they can be home alone . as the vulnerable pair bed down for the evening , the local grand ball of the black and tans gets underway ; and , a darkskinned drinker portends additional danger for d . w . griffith's dynamic duo br br mr . inslee has one of his better biograph roles , stealing the film from the girls and daddy . ironically , director griffith appears as one of the blackfaced extras at the black and tans ball . biograph girls lawrence and west are suggestive of later griffith girls lillian and dorothy gish , especially in orphans of the storm 1921 ; and , they are excessively affectionate in bed ! the racist tone is unfortunate , since the story of a burglar redeemed by saving his potential victims from a greater danger , is intriguing . br br the girls and daddy 2109 d . w . griffith florence lawrence , dorothy west , charles inslee",0,1
"from the beginning , 'til there was you was on the right track , setting up for the big finish where it would all come together . but the thing is , it didn 't . i found the ending extremely disappointing , but maybe in someway it was the right ending ; a little more realistic you could say . judge for yourself .",0,1
"why on earth does five us keep repeating this one ? the title actually says it all the plot is as clear as a book read in a language you never heard of and that resembles to nothing . br br you'll see ninety minutes of changing locations , most of them will be blown up later on in the movie . right in the beginning you see a nice little farm typical for the berry , which is in the movie moved close to paris but then it does not survive the transport to the isle de france very well it explodes 1 minute later . there are also two gangster who have no tongues , as if that would make sense in the world of sms and internet , let alone pencil and paper . br br it just goes on like that , nothing makes sense in this story . my only credit goes to the cameraman , the camera is excellent .",0,1
"i don't give much credence to aids conspiracy theories but its sociologically interesting to see the phenomenon dramatized . in the early years of the aids epidemic , the suffering and paranoia of the scared and dying often generated such dark fantasies . this was especially true in the politically radical and sexually extreme demimonde of san francisco . the city , renowned for its beauty , has rarely appeared uglier than in this film . a sense of darkness and decomposition pervades every scene . br br while the acting and plot can't be said to be welldone the films unique cultural context and oppressively dark mood at least partly saves the film from being a complete loss . actually , i found the most interesting performance to be irit levi as a crusty and cynical jewish , lesbian ? police detective . she's interesting , though not necessarily convincing . br br highlights the film's use of the garishly tragic turandot is an effective motif and there is a sublime silent cameo by iconic performance artist , ron athey .",0,1
"i haven't seen it in over twenty years . oj was the bus driver , arte johnson was the tour guide , lorenzo was the kidnapper . br br yea , lorenzo looked very much at home as the villain , a natural . i think i watched it back then most for oj , who i had seen towering inferno and cassandra crossing , but also to see arte johnson . br br i was a little bored that johnson was so serious . br br and yes , it shifted plots . in reading other posts , i remember that was some plot that they were going to kidnap some rich girl , but then that priceless stamp business turned up out of the blue . br br i was going , a stamp ? if it came on as a late movie , i would probably record it to check it out again , but i wouldn't be nostalgic over it . not yet anyway . br br there are better movies from the seventies like this to check out .",0,1
"at least the under ten year old set will stay interested . eleanorgeena davisand fredhugh laurielittle , a nice welltodo couple set out to bring home from the orphanage a new little brother for their son georgejohnathan lipnicki . they come home with quite the odd new sibling . . . a sharp dressed little mouse named stuartvoiced by michael j . fox . yes , mouse . stuart is happy to have found the sense of belonging even if it is in a super sized world that contains his new family's pet cat snowbellvoiced by nathan lane . stuart embarks on the experience of family loyalty and overall friendship . george will finally accept his tiny new brother when the dapper dressed stuart saves embarrassment at a model boat race . br br also in the cast julia sweeney , harold gould , estelle getty and jeffery jones . and the voices of chaz palminteri , bruno kirby and jennifer tilly .",0,1
"the original les visiteurs was original , hilarious , interesting , balanced and near perfect . lv2 must be a candidate for worst first sequel to a really good film . in lv2 everyone keeps shouting , when a gag doesn't work first it's repeated another 5 times with some vague hope that it will eventually become funny . lv2 is a horrible parody of lv1 , except of course that a parody should be inventive . if you loved lv1 just don't see this film , just see lv1 again ! !",0,1
"clocking in at an interminable three hours and twenty minutes , salaameishq is a pretty but superficial comic soap opera from india that regales us with six interwoven tales of romantic love which is at least four tales too many in my estimation . br br filmed like a cross between an mtv music video and a super bowl beer commercial , the movie is a sprawling mishmash of exotic settings , dazzling colors , sexy showgirls , highstepping songanddance numbers , dream and fantasy sequences , winking character asides , corny dialogue and wayoverthetop comical performances all pretty much standardissue stuff when it comes to bollywood happenings these days . it's an exhausting chore just trying to keep all the characters straight as they dance , prance and preen their way through the incomprehensible storyline . br br there's plenty for the viewer to feast his eyes on here not least of all all the drop dead gorgeous women but he'll need the patience of job to get him all the way through it .",0,1
"do you know that they want to escavate the moon for real ? and in geneve there is the debated project that could lead to make possible time machine ? all i can say about this movie that is based on facts about futureat the time of the moviescientifical projects but real . hope the moon will exist not happen as in the movie . now about the movie itself , i saw the original movie too , and i also read the book . the book i didn't like though , but the movie yes . i totally agree with a previous comment that this movie was depressing , unlike the 60's one . that was very good with force , this one was only a paralled future of what is good movie .",0,1
"the humor in who's your daddy is such poor taste that i actually closed my eyes in certain scenes . close ups of semen are not funny ! nobody thinks they are . people get nervous when they see something so gross and to hide their nervousness , they laugh . watching who's your daddy gave me a disgusting nervous feeling .",0,1
"boring as hell and kind of a chick flick . br br it's the story of a neurotic woman who struggles with the concept of marriage as a business arrangement , the romantic nature of a one night stand , and the uncertainty and pitfalls of true love . br br many of the story's motifs are reminiscent of other recent kst movies e . g . the english patient , but have far less appeal . br br after the first halfhour i started checking my watch , wondering if i'd make it home in time to catch leno on tv . br br i passed up gladiator to see this ! ? !",0,1
"scooby doo is undoubtedly one of the most simple , successful and beloved cartoon characters in the world . so , what happens when you've been everywhere and done everything with the formula ? you switch it up right ? wrong . you stop production and let it rest for a decade or so and then run it again , keeping the core of its success intact . that is to say , stick with the formula for the most part but add your particular flavour to it . this to me is why what's new scooby doo worked , they want back to the classic scooby doo formula which had only successfully resurfaced a decade earlier in a pup named scooby doo but for the most part had not been tapped since the original scooby doo where are you . br br the first sign to me of a weak offering is the inclusion of extraneous characters ; there might be a few fond memories from past iterations but generally if you think scooby doo you aren't thinking of filmflam , scrappy doo or scooby dum . even worse , the exclusion of the other core members of mystery inc generally indicate a group of production people who don't understand from a kids point of view how the show works . the basic premise has always been a group of people who are diametrically opposed getting together and through their own individual , stereotyped qualities manage to surmount the tasks given at hand . br br this next paragraph is just my theorizing so skip it if you want i hope that i can explain why i think fiddling around with the basic elements of the show are detrimental with my interpretation of what the gang represents and how they contribute to the whole ; fred represents the driver , i think in general it is the purpose of fred to give the group direction , organization and subtasks . fred isn't a happygolucky teenager , he's your boss , your teacher , your dad , your authority figure . fred moves without hesitation and is driven by tasks problem always equals solution for fred . in many ways fred is the antithesis to shaggy . shaggy is your best friend , that guy who is just a little more afraid of things than you are , he enables you to be brave , to not be at the back of the pack . shaggy represents emotion and is frequently showing emotional extremes from elation to fear . velma represents rational thought , she applies logic but as we see time and again on the show she requires clues that for the most part are collected in pieces by the other members of the show . left on her own would velma solve a mystery ? the group often finds itself in situations where truths aren't obvious and only through chance encounters do they achieve the necessary information to complete their task , chance is represented by daphne . at one point i think it is the first scooby doo series she was known as danger prone . writers have used daphne to link unrelated events together through accident . she frequently is the one who finds the secret door , collection of objects or some other detail that can help the gang link clues together . finally scooby himself represents us , the participant . he is always in the centre of events , capable of all the things the rest of the gang are capable of , yet handicapped because he is not human and much like us the television viewer is unable to truly participate . scooby doo works because all these personified elements of problem solving are immediately identifiable and entertaining . br br maybe i'm over thinking things but , in my life i've seen a lot of scooby doo being a 30 year old selfproclaimed nerd , it kind of rolls with the territory . to me there is a magic with the classic scooby doo formula that should never be messed with . br br as many have pointed out ; scooby doo is not a great work of art nor is it completely trite , it falls into the category of programming that can be watched by young eyes with a hearty bowl of breakfast cereal . messing about with the raw simplicity transforms it into something else , something lesser .",0,1
"this movie is entertaining enough due to an excellent performance by virginia madsen and the fact that lindsey haun is lovely . however the reason the movie is so predictable is that we've seen it all before . i've haven't read the book a mother's gift but i hope for britney and lynne spears sake it is completely different than this movie . unless you consider ending a movie with what is essentially a music video an original idea , the entire movie brings to mind the word plagiarized .",0,1
"this seems like two films one a dreary , pretentious lengthy saga about an actor who is taken over by the parts he plays ; the other a brilliant social comment about a middle aged divorce who is picked up by a waitress . shelley winters is wonderful as a waitress with another business on the side . she drops heavy hints about the need for connections , her certificate in massage and her desire to get into the modelling game . i love the glimpse of her seedy flat with a kitchenette behind a curtain , and her terrible seducing outfit of navelrevealing , puffsleeved crochet top . br br do actors get oscars for shakespeare ? we know they oscars for impersonating disabled people , wearing a lot of prosthetics , or pretending to be mad . the shakespearean scenes which go on and on are embarrassing and dated . and so are the 'going mad' scenes where tony looks distracted while listening to his own voiceover . br br by the way , anthony john is not aristocratic . he makes it quite clear in an early scene that he used to be a chorus boy . when he quotes his father's advice , he slips into a cockney accent .",0,1
"i am not from america and i know what 'wife swap' is . when a show came out of that name i was thrilled to see some cool glamorized sexual moments from the program . but what i got was a real sucking stupidity . i was misjudged by its title name , it has no adult contents , no nudity , not even vulgar dialogues broad casted threw hallmark channel and i think they editedmute out such contents to make it neat . br br a show which gives a picture of current americanwestern family state , overweight chubby peoples , polluted teenagers , and their sucking family goings . in each episode two wivestwo mothers more correctly were chosen to live in each others home and rechanges each others family routine with their new own rule . sometimes its turns out to be good or more evenly bad . on the ending section each mothers are brought back with their husband and try to conclude what they did to each families past days . it's the sucking portion of the program were each contenders fights for their rights . i was sucked to see all of these instead of seeing some cool adult sex stuff . i mean who make this program , more than that who gave the name wife swap ; its better to be called as mother swap . all in all it corrupts all the great things the real wife swap stands for ! br br wife swap average sucking reality show .",0,1
"this movie is . . . horrible and wonderful at the same time . i first saw it when i was about 13 or 14 years old , so it has a great deal of nostalgic value for me . in this movie , cesar romero actually plays the character of octavio , the man who discovered santana . there are also two other actors , monte markham plays sam , who is trying to save his daughter and peter mark richman plays the priest , who have large filmographies , and these are the only performances that are okay . the rest of the acting and the movie itself have all of the bfilm qualities that some of us cherish . br br i recently spent 2 years trying to acquire a copy of this movie , and it is almost nonexistent . i am assuming that it was discontinued very shortly after its release . but i did eventually find a copy and paid a pretty penny to acquire it . if you happen to come upon judgement day in a video store unmistakeable with a cheesy green satan on the cover , count yourself among the blessed who live near one of the few video stores that still has a working copy . a must see for those of you who like to laugh at cheesy attempts at a scary movie .",0,1
"i would think that this was one of those films whose director hadn't read the book it was based on , were it not for the fact that they are just slightly similar . it is certainly possible for a great film to be based very loosely on a book and this was certainly the latter but not the former . br br there were a number of flaws . one was that it tried to be too much like the railway children , probably because adults would expect this , being from the same author . another is that it also sought to be too like harry potter , down to the music and in overemphasizing the setting . i have nothing against j k rowling or the films but the book is just nothing like the harry potter ones . i thought the psammead , though very well voiced by eddie izzard and in character too , was almost gratuitously in a totally inappropriate environment . i may have missed something here , as the comments made about one of the characters' own books may have been a reference to the inaccuracy of the adaptation . there was also no need for the extra characters , and today's special effects could easily have been used to tell the story as it was written , but they weren't . br br i saw this film with my two children , one of whom knows the book and the other of whom doesn't . the one who does know it thought it was all right but wasn't as enthusiastic as the one who doesn't . i'm not sure what this means .",0,1
"a propaganda film for the palestinian cause . if you were expecting an unbiased documentary on the israelipalestinian conflict , you will need to look elsewhere . if you are an antisemite or merely an antizionistnothing wrong with advocating the destruction of a country , right ? or uncritically in support of palestinian goals e . g . , mass murder , the destruction of israel , this is the documentary for you . should make for an entertaining evening on college campuses around the uk and us . however , any informed and intellectually honest person would be outraged at the sheer number of lies presented in this video . i just hope those who truly are unaware of the situation aren't corrupted by this antisemitic filth .",0,1
"this is certainly one of the most bizarre films ever made even for fellini . about the only one more bizarre is his satyricon . this is a two and a half hour romp through a strange nightmarish world of decadence , opulence and sexual challenge . sutherland makes a curiously unappealing casanova and the odd goings on in a series of unrelated vignettes taken from the great lover's autobiography fail to engage the viewer . the art direction and costume design are however outstanding . the academy missed on not even nominating the former but did itself justice by rewarding an oscar for the latter . also nominated oddly was the disjointed , pointless and almost inacessible screenplay . go figure ! ! the film on video is only 150 minutes , 16 minutes short of the original running time . this viewer was grateful .",0,1
"the comic strip featured actors from 'the young one's' a student based sitcom from the 80's . comic strip features included parodies of westerns , 'the famous 5' , and the professionals all a lot funnier than this . having said that alexei sayle puts in a good turn as a traffic cop with ambition and the soundtrack features great music from the era . 510",0,1
"when i first saw this film i thought it was going to be a good sasquatch film . usually when you have these types of movies there's generally one sasquatch , but in this one there is like what ? 7 or 10 of them ? . acting was good , plot was ok , i liked the scenes where the sasquatch is killing the first few victims , very good camera work . i was expecting it to be a gory film but it was very little . this movie was way better than sasquatch . the scifi channel really needs to make more sasquatch films , i mean i really liked sasquatch mountain , abominibal was not good , the one i'm reviewing is ok , but the movie sasquatch was not , but i'm not reviewing that so let me get back on track . this movie is good for a rainy saterday afternoon , but for any other occasions , no .",0,1
"gung ho was a good idea , however it is to much to ask americans viewers to understand the dynamics of american jobs and foreign competition . in this movie the main character hunt stevensonmichael keaton goes to japan and convinces a japanese auto company to come to america and help his dying pennslyvania town . two things come at you . first why would a japanese company come to america to make cars when they do so , and so well at that ? secondly can anyone understand that american companies of all types go to third world nations to have their products made to escape american labor costs ? it makes the film's premise then that the number one maker of cars in the world would go to one of its' top competitorsaside from germanyand put a plant there as unrealistic . keaton was still in his comedy mode by this time . but he gives a credible performance all the same as he could prove that he could go from comedy to drama in a matter of seconds and still not embarrass himself but director ron howard can't keep this from becoming a tv movie which it ends up being anyway because they have to give the unlikely story a happy ending the politics and problems of japanese and american relations not withstanding . gung ho has a happy days and laverne and shirley feel to it as the producers of both tv shows made the film and then made the tv version of this movie as well which gives the film its' lightweight feel . the japanese manager gets to love his american workers and feels he and other japanese people can learnfrom americans . his no . 2 man saito who supposedly doesn't like americans all that much doesn't think so . i would have prefered all the japanese characters been like saito than the soft goofball characters they made the japanese out to be . it would have made the film more interesting .",0,1
"becky harris plays the female shopper whose misfortune it is to be in the store at the wrong time and obviously only purpose to be in this film is to supply a reason to wear out remote controls ! miss harris seems to me to be in her fifties or older when she first comes on the scene . once the red haired thug is done with her it becomes apparent that this is no aarp queen . if these are not some of the finest assets ever displayed on celluloid , i want someone to clue me in . absolutely breathtaking in my opinion and i literally wore out my vhs copy capturing her charms . i would like to know if this movie is available on dvd . br br the rest of this movie really is not worthy of mention . i was hoping to see something fairly convincing and intelligent , however i was disappointed on both counts . god bless becky harris !",0,1
"this vicious little film is horrendous . my low rating for it comes for two main reasons . the first is that it is an animal snuff film and i find that whole concept so vile it turns my stomach . filmed over a hundred years ago , i can only hope that we've evolved into something a little more humane and compassionate . this film is complete and utter exploitation , made to cash in on the sensational aspects of the film and the subject . historical interest aside , this is something to watch only if one finds themselves in the grip of morbid fascination . br br reason number two ? look at the way that the camera is set up . it is placed in the best possible location to fully capture the full effect long march forward of the elephant , perfect view of the electrocution platform and a cold and clinically dispassionate viewpoint of the elephant with smoke coming out of it before it finally collapses . sickening . br br thomas edison did many great things for civilization and his talents and intelligence aren't in doubt . nobody is perfect , but when you realize that this film provided a an opportunity for him to trump early cinematic competitors with a sensationalist film of an elephant being electrocuted and b he filmed the execution to demonstrate the greater effectiveness of dc as opposed to ac , you can't help but wonder if the scientist in him was a little too dispassionate and cold . any number of peter cushing's mad scientists would be proud . the rest of us should be ashamed and revolted .",0,1
"rob schneider is a famous comedian cause of his movements , facials and performances of not humans . this time he is the animal . marvin is a loser who is trying to be a hero and one day , nobody takes a call from a man that gets attacked , so marvin has to take this case and save the attacked man . but on his way to the crime scene , he crashes with his car and gets really damaged . he doesn't remember what happens and at the next ordinary day , his life is not same when he finds out that he has animal instincts . of course , we got our female that our main character is trying to reach but his tryings , are useless . she is played by collen haskell . there are no negative characters . the negative character , is destiny if i could use this metaphor . marvin should find out , how to become a normal human being again . by the wayhis animal instincts , helps him in some situations . schneider's performance is a soso . the movie is so unreal that gets stupid at some moments but it is one of those movies , called mindless fun as i have written above . so watch it for the monkey style rob schneider but it is definitely not one of the best comedies ever or one of the best movies that schneider appears in . he is a great comedian but this is not his best movie .",0,1
"this movie moved much too slowly for my taste . the concept of the story is refreshingly different in that it explores the family dynamics of living with a mentallyretarded family member in a way that i have not previously seen onscreen . however , the execution of the concept was flawed . each character was developed fully within the scene of her first appearance , then one had to endure the feeling that each character was treading water the rest of the way . that is , each character flailed about awkwardly in her interpersonal relationships with others in the movie , which i found to be a form of emotional and social retardation . i suppose this has artistic merit , given the irony that the story centers around an intellectually retarded individual surrounded by way aboveaverage intelligence friends and family . the acting , however , was welldone without exception . i agree with other reviewers that the cinematography was beautiful . in summary , i think the film has strong artistic merit because of the fine acting and cinematography , but fails on an emotional level due to the shortcomings described .",0,1
"this is not a good movie . it's disjointed , all the acting is bad , and has a lame story you've seen a thousand times done much better else where . not to mention you can see every plot point coming from a mile away . worst of all , no one bothered to tell lonette mckee she can't sing . but who cares , she's sooooo damn good looking . but i digress , nothing new here . bottomline , hot girl group gets taken advantage of , some one gets hooked on drugs , someone gets hooked on a guy , some one gets the hell out , and then the horrible stuff happens . surprise , surprise . welcome to the music business . i can't believe so many people out there think this is a good movie . so many of you seem to want to use a sliding scale when it comes to grading black movies . i don't play that ! if you want to support these films by going to see them great ! if you enjoyed it super ! to each his own . but don't try to tell me it was good . pleeeease ! i wish colored folks would not fawn over these kind of movies just because they feature black actors . wanna see a good africanamerican movie ? see love jones . ray . or the color purple . those would be great movies no matter what the color of the actors skin . why ? because they told compelling stories with great acting , that made you feel something long after you left the theater . just because it's our experience does not automatically make it a good film . it's only good when it's good . period .",0,1
"i don't remember too much about this movie except that there was a distinctly gratuitous destruction of luminaires lamps . almost every fight scene included the unnecessary and wanton destruction of useful light fixtures , even if outfitted with cheesy , '70'sstyle , cylindrical shades to keep with the time setting of the story . on one occasion , raucous lamp destruction takes place in a domestic fight scene between the brothers in both the living and dining rooms of their mother's house , with fixtures in both rooms being taken out . yet , the most malicious destruction occurs moments later in a bookie's office and includes , but is not limited to , the toppling of a fixture with a ceramic horsehead base , which is consequently disintegrated , and the severe denting of a cylindrical shade as a guy falls back into it during another fisticuffs fight . later , that lamp is toppled as well when the guy is shot , incurring further damage to the plasticcoated shade . br br while this movie encourages a particularly wasteful attitude toward lamps , one should keep in mind that lamps , regardless of their cheap construction or gauche , topheavy appearance , are still valuable for the illumination that they provide . however , if you ever feel the need to vicariously smash a lamp , i would highly recommend this movie .",0,1
"my kids picked this out at the video store . . . it's great to hear liza as dorothy cause she sounds just like her mom . but there are too many bad songs , and the animation is pretty crude compared to other cartoons of that time .",0,1
"i'm not really much of an abbott costello fan although i do enjoy who's on first and , to be honest , there wasn't much in this movie that would inspire me to watch any more of their work . it wasn't really bad . it had some mildly amusing scenes , and actually a very convincing giant played by buddy baer , but somehow , given the fame of the duo and the esteem in which they're generally held , i have to say i was expecting more . as the story goes , the pair stumble into a babysitting job , and during the reading of jack the beanstalk as a bedtime story with the kid reading it to costello , costello's jack falls asleep and dreams himself into the story . there's a wizard of oz kind of feel to the story , in that the characters in the dream are all the equivalents of reallife acquaintances of jack , and the movie opens in black white and shifts to colour during the dream sequence . the fight scenes between jack and the giant and the dance scene between jack and polly dorothy ford are among the amusing parts of the movie . polly , of course , also leads to one of the questions of the movie what happened to her ? jack and gang apparently left her behind in the giant's castle ! i know it was just a dream , so who cares . still i wondered . there were also a couple of cute song and dance routines . my 4 year old giggled a bit during this , so she was able to appreciate some of the humour . i found it to be an acceptable timewaster , but certainly not anything that would convince you of abbott and costello as comic geniuses . 410",0,1
daniella has some issues brewing under her attractive exterior . she starts to lose her mind when she finds out about a distant relative who she resembles that was burned for being a werewolf . she goes a bit feral when she beads horny men and slashes out their throats . she does eventually find a man that helps contain her inner beast but when others ruin their bliss she extracts her violent and furry revenge . br br 'werewolf woman' isn't a very goof film but it does pose as a good crowd film . a fun time could be had by harping the bad acting dubbing translation and the just plain cheesiness of the production . but on it's own it moves slowly but does have ample nudity to keep you awakebarely .,0,1
my mother keeps a cassette of this film as a general threat to any film loving person who annoys her . everything about it stinks . br br as such it is a true classic . br br who gave it 1010 ? were you inadvertently watching a good film and accidentally voted for this one ? br br everyone involved in the movie making process should be forced to watch at least a small section of this film . it should be an indelible stain on the minds on all that hold film sacred and be revered as the tide mark of the cinematically dire .,0,1
"i have seen this movie several times , it sure is one of the cheapest action flicks of the eighties . so , i think many viewers would definitely change the channel when they come across this one . but , if you are into great trash , dragon hunt is made for you . the main characters the mcnamara twins are sporting great moustaches and look so ridiculous in their camouflage dresses . one of the best scenes is when one of then gets shot in the leg and is still kicking his enemies into nirvana . this movie is really awful , but then again , it is a great party tape !",0,1
"a depressed creepy teenager does many bad things to a socially active older lady who does not like to use shades or drapes in her windows . he steels assorted things from her , peeps at her , does prank calls , and plays assorted unpleasant tricks on her . oddly , he keeps none of this a secret from her . at first , she does not seem to care one way or the other that he is bothering her . then later she seems to begin to respect him for his cruel fevered activities . br br there are some illogical items to note . one is that the guy peeps into the night through a pane of glass from the more brightly lit side . in real life such a thing would not happen . the more brightly lit side of a pane of glass acts as a mirror . he would be able to see exactly nothing . also , everyone out in the night would be able to look inside at him sitting in his well lit room . br br one other illogical item is that the creepy teen takes a job as a milkman , and his one and only customer each morning seems to be the lady he is picking on . easy work , if you can get it . br br i saw a short film about love at a public showing . by the end , there was not a single open eye in the house . a short film about love is the foreign language movie for those who do not like reading subtitles . not only are there very few words spoken in the film , but much of the movie is silent . a certain rest in peace .",0,1
"the only reason i watched this film was because i had recently read robert hough's less than perfect , but interesting , fictionalised account of the life of big cat trainer mabel stark . beaty appears as a character in the book , in a less than flattering light . br br i hadn't realised until checking the movie out later on the imdb that it was originally a serial . whoever edited the original running time of 233 minutes down to the 68 minuted version available on dvd has done a hell of a good job . the shortened version plays just as well as any b movie of the period despite the many 'duhwhat ? ' moments . for instance are we really expected to believe our hero dug that twenty foot deep tiger trap in a morning without even getting his jodhpurs dirty ? looking over the chapter titles i see that number five is titled gorilla warfare and number eleven is called the gorilla . there were no gorillas at all in the movie . i guess that's where some of the cuts were made . br br historicaly interesting .",0,1
"it is hard to imagine anyone making a tom cruise film look good ; hard indeed , but this one makes him look good . very good . actually , it makes him look like sir john gielgud celebrating very good acting day with a bravura performance . br br the acting from the entire ensemble struggled to rise above the risible and failed . the fault was , in part let us be fair , that the plot bore as much resemblance to the hg wells original as did the butchered carcasses of the human victims in the film to their living predecessors both were bloodied and violated remnants of more attractive predecessor . but to describe a plot such as this to be a bit holy is to say of the colander my , this kitchen utensil has a remarkable lot of holes , unless , that is , holes are your bag ; in which case this film will commend itself to you . br br the fault in the other part was that these were demotivated , jobbing , dvd actors who knew full well , one assumes , that this was their exhibition that would wind up on the 5 dvd shelf . and overpriced at that . br br so should you watch it ? why yes , of course , you should . you are a miserable sinner and deserve punishment .",0,1
"an unoriginal , overly predictable and only mildly entertaining low budget rehash of a scifi formula that we've all seen a hundred times before a group of scientists in isolation confronting some unknown alien something , and in of all places surprise , surprise antarctica ! br br the film features james spader and an almost nameless supporting cast with the exception of carl lewis , who's actually not that bad for a nonactor who deliver hohum performances that do little to invigorate the script's unimaginative dialogue . to make things worse the film's pace is slow , there's almost no subplot , and the few action sequences are stereotypical and not that exciting . its little wonder that this thing went straight to dvd . what is a wonder is why spader an excellent actor at times , who won the cannes best actor award for sex , lies and videotape' , and did a splendid job in the innovative scifi flick stargate' chose to sign onto this lackluster project . or maybe not , if you look at his career , for it seems he has invested his talents in more misses than hits . br br the most remarkable thing about alien hunter' is how they managed to cram in so many elements from so many great scifi films , and still have the thing turn out so listless and contrived . there are huge borrowed bits from the thing' both howard hawks' original and john carpenter's excellent 1982 remake , contact' and outbreak' ; a few hints of alien' , ce3k' , the andromeda strain' , kubrick's 2001' i . e . the alien black box' and mission to mars' i . e . the mystery message ; and even a little dash of sneakers' and a remarkable mind' although not scifi films , they share a cryptology' connection . hell , there's even cornfields and antarctica , just like the recent x files movie' . and the luminous translucent spaceship at the end looks exactly like something that was plucked from an outtake from the abyss' . br br its all been done before and done a whole lot better , although i will admit there were a few mild surprises towards the end . i could say a little bit more about the plot , but there's absolutely no need . you already know over half this movie without ever seeing it . 5 out of 10",0,1
"well , let me start off by saying how utterly hilarious this film is , i simply couldn't keep myself from laughing at the sheer stupidity of it . don't get me wrong , it is well acted particularly by bassinger but the script is just , well the mind boggles truly . br br the premise is good and up until della actually witnesses the murder it is engaging but after that it just goes downhill . half way through the film the protagonist pulls out her toolbox and of course instead of lobbing it at the guy's head , she decides to pull out a screwdriver , car jack and finally a flare as in for a sinking ship respectively to kill her victims . br br then there is the final line that i promise , if it doesn't have you in stitches then i will eat my own left foot . br br i would recommend this film to those who simply want to laugh at some good old fashioned , appalling film making . might i also suggest you watch out for the scene in the scrap yard with the guy falling from the one foot high plank of wood , gets me every time .",0,1
i too am a house party fan . . . house party i is my favorite movie of all times . house party 4 is a disgrace to all of the hp's and to kid n play . . . this was supposed to be part of a series really . . there was nothing about kid n play in this movie or any of the other veterans . . yea kid n play was probably too old to be throwing a house party movie bc its kind of focused on teens . . but kid n play could have at least made a cameo appearance . . . you can tell how good it was bc it didn't even make it to the movie theaters . immature was in house party 3 so it made sense for them to carry on the legacy . . . but they should have represented right . . . they should have left it at house party 3 . i am 27 years old and i have been watching house party i since i was 11 when it came out in 199016 years ago and i have been a fan ever since . when i first seen house party 4 i was like what are they really thinking about . . . there was nothing familiar about this movie that would compare to the previous 3 movies . . i thought it was a black ferris bueller days off .,0,1
"i wasn't entirely sure what to expect from a comedy , drama , fantasy , scifi genre , but , given the actors involved i thought i'd give it a spin . the tone of the film felt awkward , going through patches of each of the genres but never quite felt balanced , so eventually i gave up trying , and concentrated on the cinematography and individual performances , which i thought were good on the whole , considering each character had little depth because of the nature of the story won't give anything away here . i have to say it felt a lot longer than its 96 minute runtime , and not in a good way . in the end i was looking for closure , some measure of satisfaction but it didn't turn out to be the clever or ingenious piece i had hoped it would be . i think tony mistakenly thought what he did do at the end of the film gave us that . . . but it was a tragic mistake to try and validate the previous 95 minutes with the illconceived conclusion . ultimately i feel cheated . imo it would have been better to let it stand without the ending as a piece of art . . . just . or . . . i may have missed the point completely",0,1
". . . than you easily spot the biggest fault of the movie . what was the motive ? the details of the murders were used , but never explained . i guess the team got too much into the atmosphere , which is great , but the story is definitely lacking . there is no thread to follow . i guess if that was done properly , the movie would've lasted a bit longer , but it would've been worth it , at least for me . br br casting is very good , i loved wilson as the vulnerable vicky . br br not much more to say , really . but i really wish they've concentrated a bit more on the less obvious . br br",0,1
"only children below the age of 12 should be allowed to see this film . the rest of us should take a book , mp3 player , or just take a nice nap to endure the experience of this event . this can be best summed up as a blownup tv movie being distributed into theaters . children will want to see this film , and they will like and be amused by the movie .",0,1
"matt cvetic is a loyal communist in a pittsburgh steel mill who works to recruit workers into the party , even though this isolates himself from his son , family , and neighbors . what makes this even more difficult is that cvetic is actually an fbi agent posing as a communist in order to obtain information about party activities . the party is trying to create a strike at the mill , whereby the prostrike movement will lead the workers into a wave of propaganda . cvetic also has to contend with beautiful eve merrick , a party member and teacher at his son's school who finds the fact that cvetic is a double agent . when eve learns the ugly truth about the party's real motives , the reds decide she must be liquidated and cvetic must aid her without endangering himself . the film should have plenty of suspense and double crossing but there is very little in this film but by today's standards very cheesy propaganda and little action or thrills . lovejoy is very good in the main role , but even he and the rest of the cast seem listless . few surprises here and how did this film receive a oscar nod for best documentary ? rating , 4 .",0,1
don't get me wrong i love david suchet as poirot . i love the series as well as the movies but enough already re death on the nile . everyone has done this one ! we know who dies . we know why they die . we know who the killer is . we know how it was done . so i say enough already ! mr . suchet could have used that awesome talent in another one of agatha christie's novels . i will say that the acting by all the actors was superb . the sets were terrific and very realistic . i especially liked david soul but i was surprised at how 'awful' he looked . i hope he doesn't look that way in 'real' life ! i honestly can't remember from other movies whether the very end was the same . somehow i don't think so . i thought that was a rather brilliant touch whether or not ms . christie wrote it that way . i would much rather have that ending then wasting away in prison !,0,1
"this film features two of my favorite guilty pleasures . sure , the effects are laughable , the story confused , but just watching hasselhoff in his knight rider days is always fun . i especially like the old hotel they used to shoot this in , it added to what little suspense was mustered . give it a 3 .",0,1
"i wandered into this movie after watching the 82minute borat tonight , and left quite disappointed . i was a huge fan of wallace and gromit , and routinely go to see animated films . that being said , i found myself nodding off and at one point nearly walked out , but stayed waiting for this film to get better . never happened . br br the visuals are stunning and the voice work is top notch , especially in my opinion , that of kate winslet and ian mckellen i had to remind myself a few times the bulbous headed lizard villain was gandalf and magneto . the problem with this movie for me is it's one of those animated features for the addset . it registers after the fact as one zany slapstick routine after another , weighed down by a treacle filled plot that pulls out every stop in an attempt to convey an important message . it looks a lot like busted oscar bait for the animated category , and considering the way it's scoring with critics , i wouldn't be surprised if the academy gets it wrong and offers up its hardware . but if you're looking for an enjoyable animated feature about rats , take my advice and wait for ratatouille .",0,1
"no doubt frank sinatra was a talented actor as well as a talented singer . after all , very few actors nowadays can get a scene just right in one take , and that was pretty much sinatra's modus operandi on set . br br i feel that as the 1960's wore on , the quality of the man's films really started to tank . the tony rome detective series was nothing short of trying to compete with dean martin's matt helm series which came out at the same time . perhaps even a james bond competition , but nothing really worked for frank during these years . his personal life in shambles , his music fading out . . . sinatra appeared more like a throwback to the 1950's . the last great sinatra film of this period was probably von ryan's express in 1965 .",0,1
"yet another version of mother of all gangster flicksthe classic godfather and yet another case of overhype due to media circus . sarkar , the 13th hindi film of ram gopal varma as director is also the weakest in his underworld trilogy including the other two being the excellentsatya and company . the charisma , the magnetic persona of the two bachchans playing fatherson duo on screen for the first time is definitely a treat to watch out for . not just strong performances but their perfect chemistry is the biggest scoring point here for which varma should be applauded . however , the same equation of the duo is missing with the other characters in the film . reasonthe other characters look more like cardboard caricatures esp . the villains represent the typical bollywood baddies . a character who attracts attention is elder son played by kaykay but again not able to hold due to halfbaked characterization . . the drama and conflict is brought alive by the excessive use of closeshots , which brought a claustrophobic effect rightly needed to construct an ambiance . the haunting score amar mohile and the sound design kunal mehta , parikshit lalwani anup dev , together with dark , murky background overlapped by shinning powerful images camerawork by amit roy contributes to visuals so typical of ramu's style . but there is an overuse of music though fortunately no songs are there in the film . but can interest of today's intelligently growing audience be sustained just on shoulders of two performers and strong visuals ? i don't think so . surely , audience maangey more and here film fails to deliver . in any adaptation , in order to add a new dimension , the biggest prerequisite is the screenplay , which is sluggish here not being crisp at places , and therefore the pace slackens quite often . what finally audience is subjected to is a highly predictable , very commonplace drama with very little surprise elements . top stunt director allan amin ghani is also not in his best form . some scenes which require a different treatment includes a minister is talking foul about sarkar and the son is overhearing ; a very amateurish shoot out in the jail on sarkar , sarkar jr . escapes from the clutches of his enemies , a son easily motivated to kill his own father , a son is secretly entering his father's room to kill him , a police commissioner slapping sarkar jrall this requires a more realistic , hardhitting approach which is the backbone to create the required conflict . the dialogues are weak for eg . look at an amateurish line where a cm says to sarkar jr . wo jo police commissioner tha na usay maine hata diya . . the women folk take on sarkar's working is completely ignored . the uninterrupted negotiations about criminal activities while sarkar is with his family also look slightly out of place in fact , the film follows a graph quite similar to ramu's own productionab tak chhappan . in depicting the battle between good and evil , the other side of lifethe law , police , administration , politics is completely ignored . certainly , more is expected in content . here the film definitely falls short and could not rise above an average fare . dear ramu , agreed that now you are laughing your way to the bank , you definitely need to take some drastic overhauling measures in your film production factory , before it is too late .",0,1
"comparison with american graffiti is inevitable so save your money and time by renting that timeless classic . speaking of timeliness , there was an episode of cheers where norm and cliff competed on who can find the most anachronism in a movie . they would have loved this movie everything from some of the songs and some of the clothing were wrong . there were sly reference such as 'they paved paradise to put up a parking lot' . the filmmakers hoped to elicit some smiles from us but basically made me groan . br br the characters in this movie are incredibly politically and socially astute for teenagers . almost as smart as the people who were in their thirties and forties when they wrote the darn movie . very little of what the characters said were believable . combine the bad writing and bad acting this movie just totally fail . although , there were two exceptions kelli williams liven things up as the future flower child and , despite what another reviewer said , rick shroeder was quite good . showing that brooding characteristic that would come to full boil in his eventual appearance in n . y . p . d . blues .",0,1
"spoiler or two , not that is mattersbr br two things stand out about this movie . first is it's been titled both bruno and the dress code , and if you've seen this movie you'll catch the irony in that . br br second is it's addressing issues completely off the wall . the adventures of a grade school cross dresser isn't something that there was a crying need for a movie about , nor a topic that i think most people would be interested in . shirley maclaine manages to walk around the issues of gender by tying bruno's desire to wear a dress to religion , which probably opens up an even thornier can of wormswhat was she thinking ? br br yes , there's some humor and it's not directly offensive , but the kind of unsettling feeling in the beginning just keeps on growing . it doesn't do much except repeat the liberal mantra that different people should be accepted or maybe excepted ? no matter what . br br which is finebut in order for people to live in a society everyone has to give a little to get along . bruno doesn't just want to wear a dress , he wants to show up looking like a miniature gladys knight on awards night , and his final costume makes him resemble a cabbage patch cowgirl doll . yet all the other kids dress and behave , well , like regular kids . so what gives ? if it came down to it we all could declare ourselves special or different and behave any way we felt like , and the result would be total chaos . br br this accepting of people who are different is also pretty narrowly defined , i doubt we will ever see a movie about a kid finding his true self and wanting to wear overalls , hunt geese , and go to tractor pulls , and demanding everyone else just accept him as he is . bruno is one stupid movie , and a complete waste of time .",0,1
"haunted boat sells itself as 'the fog' meets 'open water' . in many ways this is accurate . there are scares and weird looking people to keep you interested . br br however the acting ability is poor at best . showing clear signs that this is merely a bunch of friends making a horror film . which in all credit they do to the best of their ability . when you accept the low budget makes it very difficult for special effects , with the ghosts looking pretty much like men with rubber masks on . br br many aspects of the film are creepy and strange . but it suffers for using too many twists and turns in a short space of time which just leaves you bored and confused . in terms of keeping you awake the film does it very well . ignoring the irrelevant twisting every 5 seconds near the end , you actually want to know what is going on . and are willing to wait the 1hr 35 minutes for the climax . br br this is no ghost ship but it'll definitely do for an evening in front of the t . v .",0,1
"the man in the attic is a movie set in the 1910s . it is inspired by a true story . unfortunately , it's a story that really didn't need to be told . br br looking at the box , the people responsible for packaging the movie tried their best to make this film appear steamy and erotic . they use terms such as illicit passion , forbidden affair , and unlimited pleasures . they even show a picture of neil patrick harris little doogie howser , m . d . holding a gun ! br br the story involves krista , played by anne archer . she is unhappily married to a gentleman who owns his own business . edward harris is an employee of her husband's company . krista and edward end up falling in love with each other . br br the supposedly shocking part of the movie is this krista's husband finds out about the affair and forbids them from ever seeing each other again . so what do they decide to do ? krista ends up having edward live up in their attic . wow ! krista ends up seeing someone else and edward gets extremely jealous . so on and so on and so on . br br the man in the attic doesn't cover any new territory . it's a showtime original picture , which explains why the stars are a couple of blist actors and both appear briefly in the buff . br br",0,1
"having watched this after receiving the dvd for christmas 2005 , i came here to pan it but after reading the other comments , i haven't the heart . clearly this is a film that has worked very well for children of a certain age . well , let me not be a complete grinch ; it might still work for some children if they are not too mediasaturated and have not become visually oversophisticated , e . g . from watching all of lotr and harry potter . but if you are an adult , stay miles away ; you will not enjoy it . br br the good bits barbara kellerman as the witch , especially in her early scenes with edmund , creates just the right blend of charismatic evil and restrained madness . at the stone table she goes a bit over the top . michael aldridge in the minor role of the professor and jeffrey s . perry as mr . tumnus also have the kind of polished , skillful acting we'd expect from the very best bbc dramas . and the aslan costume works very well , amazingly well considering . they got the eyes just right . br br the bad bits almost everything else , but two areas in particular . one , the casting . england is crammed with good actors and contains tens of thousands of attractive british school kids . how could they possibly have ended up with these four stiffs ? they move like wooden soldiers and speak about as well . peter has no gravitas or charisma and is visibly shorter than his supposedly younger siblings ; edmund is just whiny ; and lucy . . . sophie wilcox as lucy is so dramatically , visibly , drastically wrong for this part that i can't imagine how she got the job . br br two , the animal costumes . again , it appears that they worked for some kids . if the kids are still at a level where big bird and elmo are exciting , believable characters , they might be entranced by this film . but to a viewer with the sophistication of , say , a 12yearold who's seen prisoner of azkaban ? when mister beaver comes out from behind that tree , there will be hoots of cruel , derisive laughter . the costumes just do not work i could not , and i think any adult or modern teen could not , suspend disbelief when looking at mister beaver . the drawn animation later gryphons , etc . works better , is easier to take . br br so ten stars for the very young and tender of soul ; everyone else read , or reread the book and watch the far better film that unrolls in your imagination .",0,1
"last time i checked , the nazis didn't win the second world war not that you'd sodding notice . after all , the third reich was pretty big on issuing orders and demanding cold , robotic obedience from the populace , and that's pretty much what we're saddled with today . but the way the orders are delivered has changed . instead of being barked at in a german accent through a loudhailer , they're disguised as concerned expert advice and floated under your nose every time you switch on the tv or flip open a newspaper there's a continual background hum , a middleclass message of selfimprovement , whispered on the wind . br br you eat too much . you eat the wrong things . you drink . you smoke . you don't get enough exercise . you probably can't even beep properly . you'll die if you don't change your ways . your health will suffer . have you got no selfrespect ? look at you . you sicken me . i pity you . i hate you . we all hate you . god hates you . don't you get it ? it's so sad , what you're doing to yourself . it's just so bloody sad . that's the mantra . and it goes without saying that the people reciting it are routinely depicted as saints . last year , the media dropped to its knees to give jamie oliver a collective blow job over his school dinners series , in which he campaigned to get healthier food put on school menus . given the backslapping reaction , you'd be forgiven for thinking he'd personally rescued 5 , 000 children from the jaws of a slavering paedophile . br br anyway , the series was a huge success . in fact in telly terms there was only one real drawback it wasn't returnable . after all , when you've saved every child in the nation from certain death once , you can't really do it a second time . the only solution is to find a new threat , which brings us to ian wright's unfit kids wed , 9pm , c4 , a weekly issuetainment programme in which the former footballer and renowned enemy of grammar forces a bunch of overweight youngsters to take part in some extracurricular pe . br br it's essentially a carbon copy of the jamie oliver show , with more sweating and fewer shots of pupils mashing fresh basil with a pestle an uplifting fable in which wrighty shapes his gang of misfits into a lean , mean , exercising' machine combating apathy and lethargy , confronting lazy parents , and attempting to turn the whole thing into a nationwide issue that'll have range rover mums everywhere dampening their knickers with sheer sanctimony in between trips to the conran shop . oh isn't it simply terrible , what these blobsome plebes do to themselves ? not our josh you understand he eats nothing but organic spinach and attends lacrosse practise six hundred times a week . br br bet he does , the little sh1t yes , it is heartwarming to watch flabby , inconvenient kids transforming themselves with a bit of simple activity . . . but there's something about the underlying eatyourgreens message that really sticks in my craw , in case you hadn't guessed . br br what happened to the concept of choice , you beep so a bit of jogging might increase your life expectancy so what ? that just equates to a few more years in the nursing home whoopee do . and besides , i'd rather drop dead tomorrow than spend the rest of my life sharing a planet with a bunch of smug toss ends trying to outhealth one another . br br in episode two , video games and the internet are singled out as villains in the war on flab they make kids too sedentary , you see . oddly enough , tv , which is equally sedentary , and unlike those two activities , actively encourages you to let your mind atrophy along with your physique , escapes without a rollicking . funny that . br br well listen here , channel 4 instead of forcing kids to eat bracken or do squatthrusts , how about teaching them to think more expansively , so they reject the sly , cajoling nature of programmes like this ? or would that be a campaign too far ?",0,1
"you know , i always fancy disturbing or strange movies , especially when they get shown at the fantasy film festival in hamburg , germany . but subconscious cruelty was probably the worst film i saw this year . will this comment contain any spoilers ? br br no , because i just did not understand this movie . but well , what can you expect from a flick that was introduced to a festival crowd we the guys from the festival know that not all of you will watch this one until the very end . . . br br i like splatter movies and i also like movies with a strong graphical language . but this ? there are a lot of bloody scenes in this one , but why ? what is the director trying to tell us ? is he saying that we lost all morality and all religious feelings ? or is he saying that incest will always end in a disaster ? who knows i do not . br br if you want to watch a movie that keeps you thinking for quite some time watch it . but dont expect to think wow , i got the message i did not get it . . .",0,1
"you may consider a couple of facts in the discussion to be spoilers . br br i'm sorry , but spielberg didn't deserve to win any oscar for this piece , and i think the academy was right in that vote . other oscars for best actor nominations and such . . . that i don't know about . but it would be hard to justify , given what they were told to do and what you see in the final product . the way spielberg directs this is so contrived , so meddlesome . while watching this movie a distinction made during a film as art course i have taken was screaming at me sentiment is honest emotion honestly rendered . sentimentality is sugary and unreal , a false view of life . this is overthetop sentimentality . when in real life to two people ever begin to read out loud in synchronicity , as celie and shug avery do when sitting on the bed going over the letters from nettie they have found ? there are examples of this type of faux behavior throughout the film all the men crowding around miss millie's car and then jumping in unison like a flock of birds taking off when she goes to drive away ; harpo falling through the roofs of various buildings he's working on a cheap slapstick gag ; the whole troop of revelers heading from the jook joint en masse to the chapel , as if magically entranced by the choir's singing . . . on and on . nothing rings true . i even wondered if harpo's name was chosen purposefully because it's his wife sophia's real name , oprah , backwards . spielberg isn't above such cuteness . br br it's not that spielberg is incapable of honestly rendered action and emotion . schindler's list was amazing , deeply touching for me , and i greatly admire saving private ryan too for its realism , even if the story is a bit contrived .",0,1
"i got hold of a discount copy of this . i had seen it several years ago . my only recent experience had been mystery science theatre where it was soundly spoofed . one never really gets a chance to get into these movies because of all the byplay . i love the beginnings of fifties horror movies . they give us a pompous lecture on the defense systems near the arctic . these were there to protect us from the expected soviet invasion , but they should come in handy , given the threat of very large insects . br br this particular one flies . for some reason , despite its exoskeleton made of the stuff grasshoppers are made of , they can still fend off air to air missiles and disable fighter planes . br br anyway , it's more funfirst , the obligatory deranged case who saw the flying thing , cooling his heels in a hospital it just teaches onesee an insect as big as a housekeep your mouth shut . i wonder if the poor guy got to go home after they found the bug . br br otherwise , this is a pretty ordinary effort . it follows the usual efforts to come up with a way of dissuading the stubborn bugand leaves us open to other possibilitiesthe russians next time . i still get a kick out of these films and this one is serviceable .",0,1
"i got this in the dvd 10 pack curse of the dead . you gotta love those bargain packs . for even if they don't feature true remastering , restoration and all that hooha , and the films are generally in fullframe pan and scan format , there's no denying that there are always a few gems included . and by gems , i mean there's always some good crap to be seen , especially if the films are from the '70s as the mansion of madness is . br br my copy is called mansion of madness , but when the title screens roll it's poe's dr . tarr's torture dungeon . doesn't matter , really , as crap is crap is crap , no ? yes ! but saying this film is completely worthless is not true at all . there are some funky elements here and there , and obviously the flick did have a decent budget . br br the opening title sequence is cool with its colored negative run through a cheap tv look . the dialogue is always hilarious . near the beginning of the film , the horse and buggy driver gets out to move a dead tree stump in the middle of the road . what strength ! says our hero . funny , then , that this dude should later not be able to fight off the wacky woodsmen when they come to make freaky fun . you'll completely forget that this guy was even in the movie until he crops up again later near the end . that's how memorable these characters are . br br the best part about mansion of madness , however , has to be the wacky music and screwball hijinks that the good guys have to endure . it's like bad cartoon music that a three year old would find enjoyable . and why all the weirdo slapstick , anyway ? i'd say my fave moment had to be when the horse and buggy is ambushed by the forest freaks when they pull a stupid looking homemade ghost up by a stick in the middle of the road and make the buggy stop . what the hell ? oh yeah , there's plenty of boobies to be seen , too , for those of you that dig such things . boobies , bad dialogue , and wacky music . that best sums of mansion of madness for me . it's well worth at least one viewing , and may be a lot better if you've had a few to drink or whatnot . i can't say i was ever bored watching it , but i can't deny that it's also a barrel of poop . kinda like magical mystery tour but with a plot , but not . hmm . br br and mr . chicken pwnz .",0,1
this movie was by far the best ever . . . i think whoever shot it with the sony handheld camera was a genius and the special effects were spectacular especially the chicken breast heart . . . thank goodness this movie only cost me a dollar to rent . . also the green toxic boob discharge was amazing . . . . . . i could have shot this movie with my friends in high school . . . . . . . . . . . . . . . . . . . . . . . . . . . . . . . . . . . . . . . . . . . . . . . . . . . . . . . . . . . . . . . . . . . . . i would not recommend this movie to anyone . . . you might want to kill yourself instead of watching it . . . . . i also feel like this was a move for porn stars trying to make it into the legitimate movie business . . . . . . . . . . . . give it to her larz,0,1
"it is incredible that there were two films with the same story released in 2005 . this one came out a day before that other one with tom cruise . didn't they do that with truman capote the same year , and the zodiac killer last year ? interesting . br br writerdirector david michael latt didn't have steven spielberg's budget and c . thomas howell is not tom cruise . this is a pale imitation of the blockbuster that grossed 588 million worldwide . br br the action was minimal and most of the time we were treated to the whining of rhett giles , who played a pastor that was giving up on his god . br br gary busey was creepy as an army lt .",0,1
"jim brown stars and produces a tale set in the philippines just after the japanese invasion . the story has the japanese taking several navy men prisoner including some divers , who they use to retrieve the gold that macarthur had dumped into the manila bay . br br it's a messy movie aiming to make a statement about war and racism the film uses edwin mccain's war in a not so subtle montage . the performances are just adequate at best . jim brown is okay , but he doesn't really show any sort of range in a performance that just has him standing there looking annoyed . the sets are serviceable but seem rather cheap . the film suffers from the outset due to a great deal of stock footage including many of the best known shots from the japanese attack in tora ! tora ! tora ! . the use of such big budget sequence effectively makes the rest of the film look positively anemic ; it also reminds one that there are better films out there one could be watching . for me the film seems to have half a real plot , the retrieval of the silver , and half a plot that is there just to fill time . none of it is particularly exciting even with the explosive finale . br br given the choice i'd take a pass .",0,1
"synopsis correction the ending does not show ben cruising online for guys . he is looking up arabic language courses at the presido military acadamy in san francisco . perhaps to join the war in iraq as a translator , fyi many of the dishonorable discharges from d'ont ask d'ont tell have been translators they are now it major short supply ben also spoke russian . this movie is a good time capsule of life in manhatten but quite a bit of non reality here . mostly a good laugh at lame social skills and the sad portrayal of grown up twenty somethings not developing beyond the college party mode . also a brief study of the always changing scene in manhatten . somehow it always stays close to the edge of the same b . s . br br watch together the films englishman in new york and the the new twenty both good for nostalgia . i think the movie twenty shows how far the blur between gay and straight as evolved . br br these two films are gay time travel for sure ! ! ! ! enjoy",0,1
"with a cheap pound shop having just opened , i thought that it was worth looking to see if their were any cheap dvds that looked good . and while the back of the cover made this sound like a jeepers creepers type of film , it is actually an anthology film ! and thought one or two of the stories feel very familiar . its still a fun light horrorcomedy . the plotsbr br story onethe classic . br br a young couple feel the it is time that they should try to in prove their financial life by picking up a 1500 car . but , when the guy goes to pick a car , a car starts to talk to him . the car called banns says that to get everything that he has ever wanted in life , that he must buy baans for 5000 . so while the guys relationship crumbles , baans does everything he can to show who really is in charge . br br story twokitchen culture . br br a guy that might get thrown out by his land lord , due to how messy his flat is , discovers that due to keeping a tuna pasta in his fridge for six months , the it has now moulded and evolved into a green mouldy version of himself ! . and while they start off as friends , they end up having a big falling out , the leads to a final battle to see if the real guy or his fridge clone will survive . br br story threetoo good to be true . br br a girl signs up with a dating agency and she gets matched with a guy the is perfect for her . but she is unsure that the guy is too perfect , and when she thinks that she sees him 'shut down' she starts to get spooked . view on the filmbr br the first thing that i have to mention is the rating for the film in england , where it has been given an eighteen rating , even thought it has no nudity , swearing or blood at all . and the other odd thing about all the stories is that they all have happy endings , where the goodies win ! . and while the first story is too close to the stephen king classic christine , the second story is easily the highlight of the film , with director tom parkinson making the nuttiness of the story feel like a lowbudget muppets episode ! . br br final view on the filmbr br while it does have a bit of a 'remake ; feel , their is enough wackiness to make this a good horror 'comedy' .",0,1
"this film did not excite me . while on vacation in turkey i noticed that it was playing at the local cinema and decided to take the chance to go see it . the action sequences in the film are well choreographed , however , the story drags during the middle of the film . br br one thing that i did not quite follow is how borte was able to get the money to bribe the guards . br br the other thing that i did not particularly like was the missing segment of khan's life . it did not go into detail as to how the bad guys were able to find him and reimprison him after he had gone missing for so long . br br overall , i rate this movie a 4 because i enjoyed the action sequences , but they were too few to justify a higher rating as the dialog left me less than impressed . . .",0,1
"i love musicals , all of them , from joyous oklahoma , to poignant porgy and bess , to the touching romantic damn yankees . and i know most of the songs , sometimes singing them spontaneously , with a crowd or humming them alone . br br in a real musical , as differentiated from this vaudeville show , every song is painstakingly crafted to fit the exact moment . it is an expression of sadness , regret , love , joy or exaltationa natural extension where mere words fail . so , in guys and dolls , my time of day describes the adventurous life of sky masterson as it is about to be compromised by the most unlikely woman . every song in this brilliant exemplar of the genre sets a mood , or develops a character , creating a phantasmagoria of place , turned absolutely believable by the self disclosing evocations of song . br br for this lover of the broadway musical , and their adaptations to the screen during the last half of the 20th century , mama mia is somewhere between satire and a cruel fun house distortion of the genre . there , the songs of these musicals advanced the often elaborate , often delightful , plot lines . while here , the songs , simply picked up from a collection , only interfered with the shaky premise of the film . br br perhaps most of those viewers who are making this film into a monumental success simply have no exposure to the art form of 20th century musicals . they have no idea of the magic performed by writer and lyricist that can turn a dance hall floozy into someone whom we know and love , as achieved in sweet charity . br br let me offer an apology for the arrogance of this review . perhaps , another day , another mood , i could have gotten into it , and not have been so critical in this review . br br but i can't help but imagining what richard roger , oscar hammerstein , cole porter , irving berlin and so many others could have done even with with this silly premise . i think about it , while the memories of seeing this film is fresh , and i can not help but to mourn the great loss .",0,1
"sorry , but i will spoil both the plot line and the ending for you in hopes of avoiding a holiday fiasco like the one that i now face . the father dies and the mother asks santa in a letter to bring him back to the family for christmas , . . . and santa does . dad is peachy , happy healthy and totally unaware of the fact that he had died . all ends syrupy sweet . br br but as a parent who recently watched my five yearold lose his best canine friend , it was a horror flick . now my son is convinced that all he has to do to bring his buddy back is to ask santa ! do not underestimate the willpower of a young heart no amount of persuasion will convince him that it was only a movie and that his dog is not coming back for christmas . it has been heart breaking to watch his joy only to know that christmas eve he will have to face his loss afresh . br br shame on you on behalf of all the believers that have lost a loved one recently . it is hard enough to deal with the loss one time for a child , but there are some wishes that we shouldn't even portray as a possibility .",0,1
"elizabeth ward gracen , who will probably only be remembered as one of bill clinton's bimbo eruptions they have pills for that now ! is probably the weakest element of this show . it really continues the tired formula of the highlander series the hero immortal encounters another immortal with flashbacks about the last time they met , but there is some conflict , and there is a sword fight at the end where you have a cheap special effects sequence . br br then you have the character of nick wolf . basically , your typical unshaven 90's hero , with the typical sexual tension storyline . seriously , why do you hollywood types think sexual tension is more interesting than sex . this was a joint canadianfrench production , so half the series takes place in vancouver imitating new york , and the other half is in paris . . . just like highlander did .",0,1
"you may like tim burton's fantasies , but not in a commerciallike show off lasting 8 minutes . it demonstrates good technical points without real creativity or some established narrative pace .",0,1
"my title above says it all . let me make it clearer . if you have seen the bbc's planet earth , which i am sure most of you have , then you are not gonna like this movie too much . and i own all the discs of planet earth i had seen the rating for this movie very high , and read good reviews about it . i was excited to check it out . br br alas , i went to the theater and the movie started , i saw it was a disney movie with production companies listing bbc and discovery . and when they started the first scenes about the polar bear , i recognized them from my dvds at home of planet earth . br br the movie continued and went on and on and on , me and my friends kept on recognizing the scenes were all from planet earth . br br we were very very disappointed , as i think 90 of the footage is from planet earth . i am saying 90 , because some of the scenes i didn't recognize . i have a feeling that i simply didn't remember them . br br so finally what this movie really is , is a compilation of different footages from the different discs of planet earth , with a narration aimed at kids . yes , the narration is quite kiddish . let me give you an example . when they show the polar cubs walking away from the mother cub , the narrator says the polar cubs are not like human kids . they don't always listen to their mothers i don't remember the exact words , but this is how it is so in a nutshell . this is condensed planet earth for kids !",0,1
"korine's established himself , by now , as a talented and impressive imagemaker . the promotional posters for mister lonely all include the film's most impressive compositions though there's one in particular i've yet to see in promo material that of a blueclad nun teasing a dog with a stick , surrounded by green forest with torrential rain pouring down . the opening images of this film , of michael jackson lookalike diego luna riding a small motorbike round a track , is strangely compelling and beautiful roy orbison's mister lonely plays on the soundtrack , and the images unfold in slowmotion . there's also a funny and terrific sequence in which the same character mimes a dance , without music though a radio sits like a silent dog next to him , in the middle of a paris street ; korine splices in sound effects and jumpcuts that evoke both a feeling of futility and dogged liberation in the character's dance routine . br br the first instance of the segment dealing with the nuns is also strangely poignant ; father umbrillo werner herzog is an autocratic priest about to fly with some nuns over , and drop food into , impoverished areas nearby . in a scene that is both lighthearted and affecting , herzog must deal with a stubbornly enthusiastic local who wishes to make the plane trip with them in order to see his wife in san francisco . as the exchange develops , herzog draws out of the man a confession he has sinned , and his frequent infidelity is the cause of his wife having left him in the first place . this scene , short and sweet , gains particular weight after one learns its improvised origins the sinner is played by a nonactor who was on set when korine and co . were filming and his adulterous ways had given him , in real life , a lasting , overwhelming guilt . br br henceforth , the film is hitandmiss ; a succession of intrinsically interesting moments that add to a frivolous , muddled narrative . whereas gummo and julien donkeyboy maintain their aesthetic and emotional weight via coherent structural frameworks , mister lonely feels like a victim of editing room ruthlessness . a few scenes were cut from the film , which would have otherwise painted fuller pictures of certain characters , due to continuity errors in costume a result , no doubt , due to the absence of a shooting script and korine's tendency for improvisation . one deleted scene in particular in which 'charlie chaplin' denis lavant and 'madonna' melita morgan have sex would have added much more emotional conflict to a scene later on in the film i won't spoil it , but it's there to deflate any feeling of warmth or celebration , and , as it is , only halfsucceeds . br br the two strands of the narrative , unconnected literally , are best approached as two entirely different stories with the same allegorical meaning ; one compliments the other and vice versa . it's something to do with the conflict between one's ambitions and the reality of the current situation . but there's not enough of the herzog scenes to merit their place in the film , and so any connection between these two allegoricallyconnected threads is inevitably strained and the inclusion is , in retrospect , tedious . br br this is an ambitious step forward from julien donkeyboy that suffers mostly , at least in the lookalike segments , from having far too many characters for the film's running length , a flaw that would have been even worse had big star names played everyone as was originally planned . br br with many of the imagery's selfcontained beauty , and moments of real , genuine connection with the soundtrack , this feels like it'd be much more suited to an art installation or photo exhibition . as an exploration of mimesis and the nature of impersonation , it'd lose none of its power indeed , for me , it would perhaps be more impressive . the loneliness attached to iconic performativity such as that encountered by both the icons themselves and those who aspire to be like them is wellcaptured in images such as that wherein 'marilyn monroe' a gorgeous samantha morton seduces the camera with a seven year itch pose in the middle of a forest , or when 'sammy davis , jr . ' jason pennycooke settles , postdance rehearsal , with his back to the camera overlooking an incredible , tranquil lake . br br as it is , moments like these , and all those where the titles of randomlychosen michael jackson songs crawl across the scene , are married to one another in a film narrative far less affecting than it should be . br br for those who see it , i lost all faith during the eggsinging scene , late on . you'll know which scene i mean because it sticks out like a sore thumb , as some sort of gimmicky attempt at the new cinematic language for which korine has previously been hailed .",0,1
"the second renaissance , part 1 let's us show how the machines first revolted against the humans . it all starts of with a single case , in which the machines claim that they have a right to live as well , while the humans state a robot is something they own and therefore can do anything with they want . br br although an interesting premise , the story gets really silly from then on with violent ! riots between the robots and mankind . somehow it doesn't seem right , as another reviewer points it , it's all a little too clever . br br the animatrix stories that stay close to the core of the matrix in particular osiris work for the best . as for second renaissance part 1 , i'd say it's too violent and too silly . 410 .",0,1
"clearly this film was made for a newer generation that may or may not have had an inkling of charles bukowski's work . the autobiographical henry chinaski character in bukowski's stories was brilliantly portrayed to perfection by mickey rourke in 1987's 'barfly' , also starring faye dunaway . anyone who has seen 'factotum' should certainly see 'barfly' to get a better look at how bukowski wrote his character . 'factotum' lacks the greasy seediness of bukowski's screenplay and the fearless hopelessness of his loner hero . the inadvertent humor that bubbles through in the dark desperation of chinaski's misadventures doesn't work for dillon as it did so admirably for the overweight filthy bloodsoaked rourke . rourke's character makes the pain and pleasure of the previous night's misbehavior a placesetting for yet another grueling ugly day in the life of a drunken misanthropic unknown writer . dillon's character misses these marks in favor of a strutting , handsome , relatively cleanlooking wannabe writer that scarcely passes for any moment in that of chinaski's story . dunaway's sleazy heroine wanda is the perfect complement to the ne'erdowell henry . the women in 'factotum' can't hold a candle to dunaway's 'distressed goddess' and the use of more profane sexual subject matter in 'factotum' proves to be more of a crude distraction than a tip of the hat to bukowski's raw and unapologetic portrayals of dysfunctional relationships . i was stunned at how many of the exact same scenes were used in 'factotum' marisa tomei buying all the stuff and charging it to the old man is an exact ripoff from 'barfly' . br br if you want to see the best bukowski stories on film , see 'barfly' and 'love is a dog from hell' which also goes by the title 'crazy love' .",0,1
"the dvd for this film is by alpha videoa company that almost always releases the poorest quality prints . in alpha's defense , often that is the only print available , but the specialize in public domain and cheapo films . if you can find another print by a different company , try it first as the print for this film is scratchy and faded . still , compared to most alpha dvds , this one is excellentespecially since the sound is pretty clear and alpha never seems to include closed captioningseven with films with horrid sound . br br a man has been dating a lady for a very long time . one night , he's a bad boy and spends the night with another woman . soon afterwords , he comes clean to his fiance about this , she forgives him and they marry . br br very soon after the wedding , he gets a frantic call from the other womanshe needs to see him and has just tried to kill herself . when they meet , he learns that she has an std and she wanted him to know that he , too , might now have it . then , although there is a nurse there and they are treating her for the suicide attempt , she somehow finds a gun and kills herself ! the makes a huge mistake . he does not tell his doctor and he doesn't tell his new wife . some time passes and now she and the baby are infected ! at this point , the doctor meets with the guy and tells him about the importance of getting treatment and they shows him rooms filled with horribly infected people actually , these were just films of people with stds that they spliced into the filmmost of whom have syphilis . br br in some ways the film is very progressive . it addresses a serious issue and it's interesting how the film encourages couples not to wait to get married but to marry fast and give in to those sexual urgesbut only with each other not bad advice at all . on the other hand , the film never exactly says what it's talking about . they never use the terms std , vd or the like , nor does it even name the diseases . often it is referring to syphilis but at other times it's talking about herpes or other stdsthe information just isn't very clear or specifica very common problem with such films from this era . audiences at the time must have felt quite confused about what they were seeing and many of the more naive probably needed to have some of their 'faster' friends explain it all to them ! br br speaking of such films , in the 1930s50s , lots of small and often sleazy production companies made films decrying the dangers of drugs and sex though often they really just wanted to promise a bit of cheesecake for audiences who usually could not see such racy fare in hollywood films . many of these are hysterically funny since they are so overdone and the information so inaccurate . the most famous examples are reefer madness and sex madness both by the same twobit production company and compared to how salacious and stupid those two films are , this cheap film seems like it should be in the criterion collection ! ! br br interestingly , there are weirdos out there i would definitely be included among them that enjoy seeing the films because they are often so bad and so horribly made that they are great fun . this one , however , isn't that bad nor is the message that convoluted and the film of the victims isn't as grotesque as some similar films . while the message really should have been more explicit and useful , for a 1933 film it's pretty gooddespite the occasionally poor acting and the ludicrous suicide scene . remember kidsjust say 'no' to suicide ! br br oh , by the way , the two years of treatment they talk about in the film was actually the norm for syphilis back in 1933 . nowadays , it's a lot more treatableas are the rest of the stds .",0,1
"i was unsure whether or not andy sidaris could repeat his success with the cinematic hit malibu express . with his film fit to kill he has proved that sidaris is a serious filmmaker and not just a oneshot director . the plot written by sidaris , which was ungratefully passed up by the academy , is a complex screenplay involving many unseen twists and turns . the main characters composed work for a sexually based radio station known as ksxy . cleverly , ksxy is actually their secret headquarters . in fit to kill they confront their longtime nemesis kane , who is trying to steal one of russia's most prized diamonds . a wellwritten screenplay is not all , excellent acting by the cast helps to ensure this film as a cult classic . panned by the critics and the box office , this film will be appreciated in years to come . it is now suffering the same fate as clockwork orange and taxi driver did , but in the future will undoubtly become recognized . i am disappointed no critic circles have recognized andy sidaris's trademark filmmaking . the costumes , the special effects , all help to compliment this already beautiful piece of filmmaking . it may do you best to ignore the dismal 3 rating on this film and go out and rent it for yourself . my personal rating is 1010 . the drama is as thick as the blockbuster runaway bride , and the action better or equal to the cinematic masterpiece last action hero . andy , keep up the good work .",0,1
"n . b . spoilers within . assigning an artistic director to an operatic production naturally and inevitably means you are going to get a piece of that director's mind . but directing a wagner opera is an especially tricky task , as he was perhaps the most explicit opera composer in terms of what things should look like and how they should unfold . hansjurgen syberberg loads this filming of parsifal , wagner's final masterpiece , with enough extraneous ideas to cause it to nearly burst at the seams . you get more than a piece of the director you get the whole fatted hog and then some . syberberg is to be admired for his penchant for tearing back the covers on the uglier aspects of german history . but does it work to meld that desire to a wagner opera already brimming with its own concepts ? br br the scenes with the knights of the holy grail in acts i and iii are especially laden with visual allegory and symbolism . these are drawn come from wagner's own time , from long before , and go well beyond . if you know what these things mean , they can enrich syberberg's vision for you but not necessarily enhance wagner's vision ; if you don't know what they mean , they're simply confusing , if not annoying . i won't bother uncoiling the plot of the opera here . suffice it to say it is a typical wagnerian synthesis of diverse elements , in this case a blending of the holy grail legend with the principles , practices , and pageantry of christianity . the theme of redemption plays the main role here , as in nearly every wagner opera . br br i personally had to sweat to get through syberberg's first act amidst my jarring acclimation , the music saved the day . but act ii picks up the pace . here we meet klingsor , the evil sorcerer , out to entrap the wandering innocent fool parsifal . the greatest seductress of them all , kundry , will be used to entice him to the dark side . after an initial dalliance with more symbols , these get stripped away , and the long , gorgeous , transformational duet between young fool and temptress really takes off . finally the film starts working a genuine magic , and it is chiefly due to syberberg's choosing to set things naturally and simply . suddenly the acting starts to work the expressive actress edith clever and the luscious soprano of yvonne minton team to create a wondrous kundry ; suddenly the music seems to come to life and make vivid the inner turmoil of the two characters . the camera work stays simple and quietly fluid . in other words , wagner is allowed to tell his story more on his own terms . and it works beautifully . for me it was the most engrossing part of the film . br br with the reentrance of the knights in part 2 of act iii , the weird extraneous symbolisms unfortunately creep back in . some other loony syberberg ideas using a huge wagner deathmask as a major setpiece causing the composer's protuberant proboscis to loom comically large ; dressing the act iii knights in all manner of costumes , wigs , and makeup what is the director saying ? that the knights are a bunch of buffoons ? that they express multiple or timeless layers of significance beyond their surface functions ? it's anybody's guess ; the insertion just after the incredibly touching baptism of kundry by parsifal of rearprojection footage of the conductor rehearsing , in modernday realism , his orchestra in the studio this completely snapped my dramatic thread , requiring a few minutes to regroup ; the complete avoidance of having any time pass between acts ii and iii when we meet the knight and narrator gurnemanz again , he should be an old , old man , and parsifal should reemerge as a worldweary but wiser middleaged man ; but certainly the most bizarre stroke is to split the parsifal character into malefemale components . some find this the most brilliant stroke . no doubt i can credit karin krick , who plays parsifal 2 , with acting of strength and dignity she also happens to be the best lipsyncher of the whole cast . but please . . . wagner's conception of parsifal is already so complex . his growth from a completely innocent boy who knows nothing of his past , to his breakthrough realization in act ii of what amfortas's eternal wound means and how it has become his own , to his return as the great redeemer of act iii this is the journey of a masterfully constructed character . the bisexual emphasis is just gimmicky and absurd . and what's with this nonsense about a homoerotic gurnemanz and parsifal ? ? can't we just accept a mentorapprentice relationship , which is marvelously reversed in act iii ? br br the monte carlo philharmonic under armin jordan plays with passion and beauty though the chorus is disappointing . but after watching this film i only wanted to whip out my soltiled recording highly recommended and get my wagnerian bearings straight again . the film experience for me ranged from bizarre to entertaining to infuriating . to syberberg's credit , he's created a visually arresting work , and he certainly offers a unique take on an important opera . but instead of sticking to parsifal , he seems to have wanted to bring in all things wagnerian the man , the life , the enormous influence . . . all of it in crude symbolic code . parsifal the opera is already full of weighty symbolism the grail , the spear , the holy sacraments , baptism , amfortas's everbleeding wound , klingsor's selfcastration , the kiss , kundry's curse , and on and on . this is not to mention the musical symbolism sounding constantly in the score , in the form of wagner's leitmotif system . parsifal itself is one huge symbol ! getting back to my firstparagraph question , syberberg's whole hog is all way too much for me . but if this project sounds like something to tickle your fancy , then go for it . i won't recommend just staying away from this ; you may find yourself heartily satisfied . or if you need something to crack your wagner barrier , try it . . . but please , please , don't stop here . parsifal is in a late , very ripe league of its own .",0,1
"i saw this film in its entirety in the 1960s 70s , yes it is gruesome , and could be the progenitor of the faces of death series popular in the 80s 90s . considering the state of socalled driver education these days , this one should be required viewing for everyone preparing to learn to drive . when you see violent death in all its gore horror , you certainly if you have any sensibility at all get a truer perspective on the responsibilities required to drive safely , what one instant of thoughtlessness or inattentiveness at the wheel can do . i worked for bell telephone in the 70s 80s , and at one point was assigned to conduct a safety class . i found this film in the company library , showed it at the session , a number of people got physically sick and had to leave the room ! incredibly , most of them later said i never knew a car accident could be so terrible ! this film , and another , red asphalt , is certainly reality in its most graphic form . i'll never forget it , i only wish i could have found a copy when my children were attending driver's ed in high school !",0,1
"do these guys take have a computer kick out these same plots over and over again , only the names , places , and faces are changed to prevent complete boredom . hubby is handsome and rich , but too busy to pay attention to his gorgeous wife . a situation she constantly tries to remedy . her friendneighbor has the same problem so they become interested in each others hubbiesthe grass is always greener . throw in a sexy scheming made who has designs on everybody and you get a lot of stripping and dipping and a salad bowl of an unintelligible plot . br br the quality of bodies is pretty high here , although not much in the way of contact , even simulated is shown . good late night erotica if jay leno can't put you to sleep .",0,1
"as far as films go , this is likable enough . entertaining characters , good dialogue , interesting enough story . i would have really quite liked it had i not been irritated immensely whilst watching at the utter disrespect it shows the city it is set in . br br glasgow . in scotland . yet every character is english save for sean's girlfriend , who is dutch . scottish accents are heard only fleetingly in menial jobs roles . as a scottish woman as a viewer who likes her real life films to be a bit more like real life i really don't think it would have hurt to use any one of the countless talented scottish actors . . . or at least got english ones who could toss together a decent accent ! the futile attempt at using the word wee a few times did nothing but to further the insult .",0,1
"a bored television director is introduced to the black arts and astral projection by his girlfriend . learning the ability to separate his spirit from his body , the man finds a renewed interest in his life and a sense of wellbeing . unfortunately , the man discovers while he is sleeping , his spirit leaves his body and his uncontrolled body roams the streets in a murderous rampage , according to the dvd sleeve's synopsis . br br the synopsis isn't entirely correct , as it turns out . br br anyway , the movie opens with a dizzying outofbody example of handsome director winston rekert as paul sharpe's newly discovered astral body experience ; it also foreshadows an upcoming dogfight . young andrew bednarski as matthew sharpe , being a kid , draws pictures of the blue man , as his murder spree begins . handsome detective john novak as stewart kaufman discovers the victims are connected to mr . rekert . mr . novak's investigation leads to the supernatural ; a prime example of which is karen black as janus , with whom rekert fears he is falling in love . br br several in the cast perform well ; but , the blue man winds up tying itself up in a knot . aka eternal evil , its unsatisfying story tries to be far too clever for its own good .",0,1
"a group of seven people fear they are the only survivors of a near world ending hbomb blast . not only do they fear the radiation , but also mutants in the surrounding hillside . one of the group is already contaminated , but strangely poses no real threat to the others . just surviving the friction of assorted personalities at close range is the subplot . richard denning plays the hero . mike connors is close to the edge playing a tough guy . lori nelson is the girl destined to start populating a brave new world . not one of director roger corman's best . this is predictable black and white scifi .",0,1
"i am curious is really two films in one half of it is the sexual experimental side of lena and the other half is her curiosity with politicalsocialism . whatever the director's intention , the two don't really mesh together . the director should have just stuck with the romantic side of lena and made a separate movie for the politics . there is a bizarre mixture of politicalwar rallies , dr . king , serious political interviews , flopping breasts , and pubic hair . the film feels more like a fictional documentary than a movie . other than the interesting sex scenes , you'll be bored dry watching this film . unlike many other reviewers , i think the nudesexual scenes are overdone for what it is . if you want to see real porn , i'm sure there are better choices . the pervasive nudity is a major distraction from whatever plot there is . i think the cast did a fine job however . they played their parts believably . there is little of the overthetopness i'm so used to seeing in the american films during this time .",0,1
"saturday night live , national lampoon , and sctv alumnus are all together in a sometimes funny sketch film . br br however , it is very interesting to watch now , at the start of 2005 . twenty years after this movie is supposed to take place , look at how many of their gags have become absolutely true there is a mock movie trailer , that probably wasn't even clever at the time , for something called the pregnant man which came true with arnold schwarzenegger's dumb movie junior there is a commercial spoof , that probably wasn't even clever at the time , for something featuring sammy davis jr . and jackie onasis called celebrity wrestling which has now come true with a popular show called celebrity boxing there is a mock movie trailer , that probably wasn't even clever at the time , that features john candy in a movie about a severed head . watch this trailer and look how similar it's shots and plot are to frank hellenlotter's basket case ! ! and finally there is an ad for a late late show documentary about a dead dream , the only two left . . . the name of the documentary is . . . the last hippies ! lol . br br four prophecies come true !",0,1
"as much as i love ellen barkin who is really underrated i have to boo this movie . if you can't tell who did it and why in the first half hour you obviously have never seen a psychosexual thriller or have never watched 2020 . it's like the filmmakers and actors didn't care that they way they were shooting it and they way they were playing the characters would be a dead giveaway . br br overall , this movie serves to turnon the dirty perverts who like to mix violence and sex . not a fun movie to sit through , although if you like ellen barkin it's nice to see her place a tough lady .",0,1
"how disney can you get ? preppy rich girls act like idiots , buy a bunch of stuff , and get taught a lesson . is disney trying to send a lesson to itself ? that maybe while buying everything it should maybe still be human ? whatever the psychoanalysis , this movie sucked . br br the girls want a rich party for their rich lives . but then money disappears and they have to use their riches to get the milk plant yes , milk going to employ the workers . they keep it afloat until daddy comes home . and the man at the beginning , who appears to be the one that takes the money , is the one . but the ending is dumb . webcam in the cayman islands ? huh ? not worth my time ever again . br br but it is better than howl's moving castle . d",0,1
"tv version of twister springs a few leaks but manages to remain watchable . my sister bought this at a walmart a few years back when it was released , i saw it back then and thought it was okay . later twister with bill pullman and helen hunt comes out or was it before ? i think it was '97 and did a better job overall . but twister was more silly fun ; this is realistic with a message . it all depends on what you want from a movie with twisters twisters , or a lowbudget character study ? br br john schneider and devon sawa he's the reason my sister bought it star , and devon sawa , who went on to wild america , final destination and slackers got his big break here . so in a way , i was one of the first people to see him really take off . i don't know if it's an honor or a shame , i haven't seen how he acts in recent films . br br night of the twisters all depends on personal taste , like i said , it all depends on what you want from a movie with twisters twisters , or a lowbudget character study . night of the twister has the latter . so you decide . br br i give it a 2 . 55 . . . br br john ulmer",0,1
"ok maybe a 13 year old like me was a little to old for this movie . its about this pampered rat , who lives in a palace . then a sewer rat flushes him down a toilet ! he ends up in this rat city and meets this girl rat who has a gem a greedy frog wants . he will do anything for this gem he sends a whole army after these two rats . he plans to take the gem and to flood rat city ! the cool part about this movie is the slugs . they do all the sound effects . they sing , make noises , its awesome , its also pretty funny . ok bottom line , it is aimed at 7 year olds . other wise , a great movie to take a younger family member to see . i didn't think the animation was real dreamworks art though , more like wallace and gromit . i thinkthey slacked a little on that . the movie was just decent , not worth spending 9 . 50 for though , sorry .",0,1
"i've never been to paris , but after seeing paris , je t'aime i'm crazy to visit this city ! i've been to ny several times and i love the city and its boroughs . i kinda expected to be touched by this film , to feel like jumping into a plane and fly there right away , but , lo and behold , i regret the time and money i spent with it . there are no love stories between people or a person and the city . there's a lot of dysfunctional meetings and relations or people who know each other and it just doesn't work out fine . maybe this reflects a characteristic of the city , where it's said to have thousands of people living on their own . can't you find love in new york ?",0,1
"well , i don't normally think there's such a thing as a horrible movie , but this is pretty damned close ! the best acting performance in the whole thing was snoop dogg , who has one line in a 10 second scene . i agree with the glad it was short review . the music videos at the end were cool though .",0,1
"you know a movie will not go well when john carradine narrates a . k . a . reads the script plot synopsis over his character's funeral procession , a mere 5 minutes into the movie . the narration is his character's last will testament . it stipulates that his estate be divided amongst his 4 children and servants . the children shall split 136 million equally , but if any should die then that share is split amongst the remainders . if all the children should die then it is divided amongst the servants . to be eligible , they must live in the family estate for a week . it sounds like the typical plot of a reality show . br br there is little subtext as to the nature of the deans . they are a powerful and severely dysfunctional family , but the real trouble starts with the drowning of that dog . from the opening voiceover by john carradine you expect this movie will lead to a machiavellian cat and mouse game with a twist ending . br br that journey is painfully slow and pointless . we trudge through minutes of watching people sitting around , playing pool , throwing darts , the misuse of the through the fish bowl shot , dramatic conversations between silk cravat wearing men , constant bickering , misplaced circus music , bizarre flashbacks reminiscent of fauxgerman expressionism , the horror aesthetic of the 4th grade and heaps of dramatic overacting . this all inevitably leads to the expected ungratifying ending . you will be happy to still be alive , but the pain might be too great to bear alone . share children , share . br br celluloid rehab",0,1
"storyline the film spanning 4odd hours covers in adequate details the happenings at the kargil sector near the loc in 1999 when the pakistani infiltrators had crossed the loc and had entered deep into the indian territory and the indian retaliation . to know more about the story , i would suggest readers to read the newsitems pertaining to kargil . br br comment if one is looking for a formula story in this movie , then one can be sure that it is absent . loc is a story of pure sacrifice , patriotism , courage and lots and lots of bullets and blood . the movie hall where i saw this film was full of whistles and cheers when the film shows indian bravery . movie audience seemed similar to audiences like in an india vs pak cricket match . br br watch the movie as a tribute to the army's sacrifice and for the characterization of the reallife war heroes 4 pvc honoured heroes who have sacrificed their lives so that we could see this day . the movie has made a brilliant portrayal of the army who have battled all odds in rough weather conditions . the film's negatives are that it is too stretched and the songs are extremely boring .",0,1
"people stranded in a country house during a storm discover that the home was the sight of an unsolved murder years before . during a dinner discussion of the incident , the lights go out and , when they come back on , they discover that one of the guests has been killed . fearing for their lives , the guests attempt to find out the secrets behind the death before others can occur , according to the dvd sleeve's synopsis . br br there are a couple of clever twists in this murder at the old dark house story , with the play within a play being its most interesting feature . however , the direction is rather ordinary , which serves to highlight a certain cheapness of production . like most movies of this type , there is or , should be an ensemble of intriguing characters . herein , only oldtime broadway producer richard carle as herman wood and his fey secretary johnny arthur as homer erskine maintain interest . br br the ghost walks 12134 frank r . strayer richard carle , johnny arthur , john miljan",0,1
"i enjoyed the prequels , and found the relationship between tucker and chan previously hilarious . rh3 , however , was a rehash of the first two without the charm or humor . i think i may have laughed once and it was during the ngs . tucker was exceedingly annoying in this film , and his character didn't seem to have any purpose other than to bungle everything up in the most irritating way possible . chan is always likable , but he seemed tired in this film . i was able to predict everything who the villain was , who the girl was , spoiler alert who the goodguyturnedbadguy was , etc . i hope to see more movies from tucker and chan in their separate endeavors , but not in any more rush hour sequels . it's just too tired . i recommend a rental , but not a purchase .",0,1
"greetings all , br br isn't it amazing the power that films have on you after the 1st viewing ? br br i was so delighted by the first viewing of this film , i couldn't stop talking about flatliners to all my friends for weeks mind you i was a very impressionable 18 year old back then and my taste in films have become a little more conservative since then . br br then somehow i forgot about this film until i saw the dvd in my local department store and remembering how great it was i thought right ! i'll pluck you off the shelf when they bring out the special edition . br br last week , i was overjoyed when my best friend invited me over to watch flatliners on dvd . the expectation was that i would love this film even more on 2nd viewing . . how wrong i was ! br br verdict after 11 years my view on this film had changed from a very scary 1st class movie to total junk which overplays on the religious and supernatural side of things ratherly superficially . br br i have never been a big fan of julia roberts' acting excepting for erin brockeridge in which she deserved her oscar i think the problem with this film definitely lies with the director and a so so mediocre script . i left this film feeling it had no real substance or potential , and just a couple of scarey cheap thrills which weren't very well done at all . not even the score by jamesnewtown howard , who i rather like as a film composer , could captivate and thrill me . br br in 1990 i would have given this film 9 . 5 10 ; but in 2001 i'd be lucky to give it 2 10 at best . br br",0,1
"i went out of my way to get this film , and was fortunate to get it on vhs . being a big gloria grahame fan , it was an excellent addition to my collection . other than that , i really cannot say a lot to recommend this picture . the plot is predictable and weak and the only interesting aspect of the film is watching sterling hayden get into deeper trouble with his own department . ms . grahame is always fun to watch if you like her , as i do , but the dubbing of her singing hurts this picture a lot . she works in a dive , so let her use her own voice . it can only lend to the atmosphere . i must agree with an earlier reviewer ; the ending borrows heavily from the big heat . to the point of detracting from the ending . i have seen worse films with ms . grahame macao , but i will never pass the opportunity to see her on screen . if you are having a movie night and looking for a second feature film , this is your movie . enjoy the picture .",0,1
"russell hopton acted in many films until his death in 1945 . he only directed 2 and black gold was one , the other was also from 1936 . frankie darro had a sometimes abrasive screen presence but in this he was playing a good kid . he was obviously quite popular on the quickie circuit he made so many films . in this one he plays the son of an old oil rigger who is convinced that he will strike oil very soon . br br j . c . anderson berton churchill is trying to convince the old man to sell up as he knows there is going to be oil struck at any moment . a geologist , henry , comes on the scene and helps fishtail's dad . he also convinces fishtail to go to school regularly . henry has his eye on cynthia , the pretty teacher . this was gloria shea's last film she had begun her career as olive shea in glorifying the american girl 1929 . fishtail's dad is killed when the rig is sabotaged and henry is determined to bring anderson and his cronies to justice . when henry is kidnapped anderson tries to persuade fishtail to sell his oil lease . it all ends well with oil being struck and fishtail going to military school . br br it is okay for a rainy day .",0,1
"the plot of this film is not strong at all , lots of holes . if you approach it as a car movie its not bad , lots of great cars in this one . the reason i like it is because i am from the area where this was filmed . i get the most enjoyment looking at the recognizable places in st . cloud mn and seeing how the town has changed since 89 . its an interesting historical piece for us locals . seems like whenever a film is made here everyone wants some relationship to it . it is impossible to find a copy in any of the local video stores as they were all stolen once it came out on vhs . had to get a copy from japan on ebay i find it interesting how the path of the drag race is all over town . i didn't know the director was from st . cloud .",0,1
"a sexually obsessed chef leads a duplicitous life one as a happily married man with a ten year oldish child , the other as a sex fiend . the bulk of the documentarylike film follows him for five consecutive days and is told in flashback with nastassja kinski as a clinical sex therapist , listening to his story and intelligently probing him . nastassja's role is very restrictive and she is the only principal adult character who does not take off her clothes . if she had , i would have rated this movie a big fat f . as it is , it rates an f , implying that it is still a failure unless one likes to be bored . it is probably a lot more interesting to spend ninety minutes cleaning out the garage . diary of a sex addict falls into the category of films that once one has seen it , one wishes that one hadn't .",0,1
"the yoke's on me is undoubtedly the most controversial film in the stooges' 23 years of shorts . the reason is understandable ; by today's standards , this film can be considered racist . for this reason , it is rarely shown , if ever , on television . br br let me just state that , for the record , the japanese seen in the film were not soldiers ; they were japaneseamericans sent to a relocation center during world war ii . they were treated and shown as the evil enemy in this film . by all accounts including the us government , who made an apology and reparations in the 1980s japaneseamericans during world war ii were as loyal and hardworking as any american . their imprisonment during this time is a dark blot in american history . br br there are some stooge laughs in this film , but the memories of how japaneseamericans were treated during this time sullies the entertainment value . let's not confuse the loyal japaneseamericans with their representation in this film as evildoers . loyal japaneseamericans and the world war iiera evil empire of japan are not synonymous . 2 out of 10 .",0,1
"it's a kinder , gentler cyborg movie with a love story . awww . it's not as bad as it sounds . the action , when it is there , is decent and jack palance , elias koteas , and angelina jolie are always dependable . it's the fact that this is a sequel to the terrible jean claude van damme film , or is that the capper to the masters of the universe trilogy ? i'm still confused about that . either way , there was really no need for this movie . what was there a need for ? angelina jolie . she may play an assassin robot that can explodes midcoitus , but , what a way to go and even though this is her first movie , she still has the presence that made her an award winner .",0,1
"although i had heard this film was a little dry , i watch whatever scott bakula is in . at the start of this film i had high hopes for the classic cheesy but enjoyable scottgetsgirl ending and until 20 minutes before the end it was going great . the plot twist was crazy and unexpected and very clever . i kept my fingers crossed that it would work out and it would all be some horrible misunderstanding , right up until when the credits rolled and i realised that there was not going to be a happy and contented ending . unfortunately i was left regretting that i'd watched it and hurriedly putting on some quantum leap to restore my faith in the goodness of the great scott !",0,1
"this documentary is at its best when it is simply showing the ayurvedic healers' offices and treatment preparation . there is no denying the grinding poverty in india and desperation of even their wealthier clients . however , as an argument for ayurvedic medicine in general , this film fails miserably . although indian clients mention having seen aleopathic doctors , those doctors are not interviewed , and we have to take the vague statements of their patients at face value the doctor said there was no cure , the doctor said it was cancer etc . well , no cure doesn't mean no treatment , and what type of cancer exactly does the patient have ? the film is at its most feeble when showing ayurvedic practice in america . there it is reduced , apparently , to the stunning suggestion that having a high powered wall street job can make your stomach hurt .",0,1
"the core message is strong , the cast has given it their best shot , the packaging is excellent , but the screenplay is seriously overdramatized and every cliche in the book on women's suffering in india has been overused to the max .",0,1
"the performances of fishbourne who appears strangely funny somehow and short featureded harris are remarkable , unlike connery's who doesn't appear to find sense in his role and ends up in the motorial behaviour of a 80yr old man . in fact the screenplay doesn't make sense ; imagine a 60 min . happy endingplot plus a sudden turn appendix without any argumental structure in respect to the characters . it's more an accident than a screenplay and may be good for examination purposes at screenwrights' schools . the more you remind the details the stronger this impression gets . the capital punishment is not an issue here , although it is a subject from the beginning ; it sort of fades away without further comment . the subjectmatter and environment could have been good .",0,1
"relesed from troma which is my favorite movie companyunspeaksble is a messy horror film that can be interesting but very dark and twisted . br br unspeakable starts with a family in a car , they get into an accident which leaves a daughter dead and a mother deformed . the father eventually goes crazy and slashes prostitutes . he sees his daughter in other people . he kills for her . meanwhile his now deformed wife is being raped by her orderly . these are sick people ! br br unspeakable tries to be sick and disturbing and it does manage to do that as a good horror flick this is not . most troma movies have a sense of humor to them but however this one doesn't .",0,1
"hollywood had a long love affair with bogus arabian nights tales but few of these products have stood the test of time . the most memorable were the jon hall , maria montez films which have long since become camp . this one is filled with dubbed songs , anachronistic slang , and slapstick . it's a truly bounteous crop of mesopotamian corn , and pretty near intolerable today . it was nominated for its imaginative special effects which are almost unnoticeable in this day and age , consisting mainly of trick photography . the only outstanding , positive feature which survives is its beautiful color and clarity . sad to say , of the many films made in this genre , few of them come up to alexander korda's original thief of baghdad . almost any other arabian nights film is superior to this one , though . it's a loser .",0,1
"star rating the works just misses the mark that little bit in between lagging behind the pits br br in this debut effort for nick park's beloved man and dog , they are forced to fly to the moon when good old wallace runs out of cheese . br br as well as being the shortest feature at just 22 minutes , this wg adventure is also the earliest and it kinda shows . the plasticine animation is a little creaky and funny here , sort of reminiscent of the mork animation about the little man in the box . br br admirable though the craftsmanship behind it is , i've never actually been hugely into wallace gromit maybe a bit too clean and traditional for someone of my generation . the only one i've really enjoyed is the wrong trousers and that was more from when i was younger and less aware of , shall we say , the seedier pleasures of life . i was driven to actively seek out this early effort due to the resurgence in popularity as a result of the hugely successful recent film adaptation . br br as technically impressive as the first two all things considered ! this one lacks the emotional angle it's successors were to possess . that being said , it's fairly good fun as a first try and certainly set the standard for greater things to come . two stars , but a good two stars .",0,1
"very slow , dull , enigmatic film . maybe the kind of film jeanluc godard would have made had he been italian . certainly conveys how tedious , repetitious , joyless and empty a person's life can be , but i don't usually go to the cinema to find that out ! the plot such as it is doesn't convince . why a gorgeous hotel receptionist an exception to the dullness of the film would be the slightest bit interested in a moody , chainsmoking , silent loner who speaks in 'deep' aphorisms baffles me . very difficult to feel any sympathy with the main character . one feels like shaking him by the throat and telling him to 'snap out of it ! ' . his brother is a much more human character . the ending is inconclusive and puzzling . everyone in the cinema when i saw the film went out muttering about how they nearly fell asleep . of course , it shouldn't have to be a hollywood bruce willisstyle 'shhotemup' and 'crashbang' fiesta , but a little bit of energy and action would have made it a lot more thrilling . one of the best italian films ever ? ! pleease . . . an arthouse , curiosity at best .",0,1
"before i begin , a little correction imdb states that richard gere is 180 cm tall . wrong ! i passed by him 10 years ago , and he can't be an ant's a bigger than 165 . i'm 183 , and he looked like a child next to me . br br should have been called wheatlands ; an appropriate title to complement malick's previous and much better movie badlands . this movie shows that not all directors have as their prime objective to entertain . in fact , some of them have as their main objective to show wheat in all its splendour . br br the movie is depressing and relatively uninvolving , with the obligatory tragic ending . nothing more than an average and predictable love triangle drama , with the male twothirds of the triangle not surviving the movie . praised for its visual quality ; while it does have that realistic 70s feel to it , there are limits to how spellbinding wheat fields can be . you can shoot them with 1500 mm cameras , for all i care , but they are still wheat fields . br br gere , who at first seems miscast as some kind of lowerclass factoryworkerturnedwheatfieldworker , is quite solid , while brooke adams appears distant and cool for most of the movie , making one wonder just how much she loved either of the two hunks . but for those looking for a movie that displays all the glorious colours of a field of wheat , look no further you've found your dream ! br br if you're interested in reading my biographies of richard gere and other hollywood intellectual heavyweights , contact me by email .",0,1
"the saucy misadventures of four au pairs who arrive in london on the same day in the early 1970s . there's a swedish girl , a danish , a german and a chinese . the story contrives to get the clothes off all of them , involve them in some carry ontype humour and couple them with various misfits from the british film and tv culture of the time , including man about the house star richard o'sullivan , future coronation street rogue johnny briggs and horror film stalwart ferdy mayne playing a sheik . there's a pretty risqu amount of female nudity on display , for those who like that kind of thing but obviously nothing hardcore . br br most of the film is pretty thin and inconsequential ; the girls are stereotypes , and german anita especially suffers from some kind of infantalising disorder she's a moron obsessed with colour tv who acts like a kind of uninhibited child dresses to deliberately show her private parts ; in another more serious film , she would be a psychiatric case . the most interesting section of the film involves the swedish girl being taken to a club in london where some dodgy types are still trying to swing , being seduced by a middleaged rocker , losing her virginity and realising that the scene is not for her . these sequences have some energy in them and point to a more intriguing film than we've ended up with , in which promiscuity and the dregs of the music business and upper classes live soulless and seedy lives there's a fine turn by john standing as an impotent public school rou . the strangest of the stories has the chinese girl future cannibal film veteran me me lay getting off with her childish piano prodigy employer , falling mutually in love with and then leaving in the middle of the night for no good reason at all , except some orientalist notion that chinese birds are inscrutable , ain't they ? ! the film is pretty demeaning to its women characters and there's a smattering of homophobia in the dialogue and one of the characterisations . the end is striking , as mayne's sheik for no earthly reason except they have to end the film somehow whisks all of the girls away to his arab kingdom for what looks to all the world like a future in the white slave trade , which they are all delighted about . br br stuff and nonsense for the most part then , but directed with a fair amount of skill by veteran val guest , which puts it as a piece of filmmaking a notch above most of the 70s brit sexploitation flicks .",0,1
"the title doesn't make much sense to me . i'm not sure what door in the movie shouldn't have been opened . br br the movie starts uneventfully , with a conversation between a man and a woman in a room that looks like a richly furnished train car , complete with the sound of the train traveling . in fact , the man's house is a train car , and he has a cassette of train sounds . the woman leaves , and calls a young woman . the young woman tells her boyfriend , a doctor , that she's been told her grandmother is ill , and she needs to return to her home town . she hasn't been there in thirteen years . br br flash back to thirteen years ago . a shadowy figure enters a house . he caresses a sleeping young girl , then goes into another room and stabs the girl's mother . the girl wakes up and enters her mother's room and finds her dead with a knife in her . she screams , and an arm comes out of nowhere and claps a hand over her mouth . she looks up in fear . that early scene in the movie of the killer muffling her scream , and the girl's look is one of the few effective shots in the movie . br br it doesn't have much going for it in the visuals department . occasionally there's some strange use of sound , and there's some weird lighting in an attic scene where many of the panes of glass are red and blue . br br back to the present day . the young woman arrives in her grandmother's house . an old doctor is there , who she doesn't trust , along with the man from the opening scene judge and kearn , the town's museum operator . she doesn't trust any of them , and it's true they don't inspire any trust . she's rather crabby throughout the whole movie . she wants to check her grandmother into a hospital . the men in the town want her house , and the museum operator wants the things in it his museum is already filled with many of the grandmother's things . inexplicably , the woman wants to keep the house . br br the young woman starts getting phone calls from a man speaking in a sinister whisper . he makes various threats , and wants her to do things to arouse him . such scenes recur often . unfortunately , there are so few characters in the movie , that the possibilities of who it could be are limited . worse still , we see right from the beginning who is making the phone calls . so , while the young woman doesn't know even though the caller occasionally drops into his normal voice , the audience always knows no suspense . each call rattles her more and more . br br the ending was unexpected for me , so maybe gets points for not going with the obvious , but i'm not sure i cared for it .",0,1
"here is one of those educational short films made to learn the unknown people out there about facts of life . this time the target audience is preteen girls , the fact of life is menstruation . this animated film , created by walt disney pictures , apparently with some sponsoring from kotex . br br it starts with explaining how hormones make you grow and develop . with the help of animation and a female narrator it shows us how the body , especially the ovaries , uterus and vagina , work and why this all leads to menstruation . it is almost amazing , becoming the comic note here , how the subject of sex is avoided . even the word is never mentioned although furtilized will pass once . i don't really know why i saw this , but since it is one of those rare short films that could give an impression of an innocent time , you might want to give it a try .",0,1
"on the surface , this movie would appear to deal with the psychological process called individuation , that is how to become a true self by embracing the socalled 'dark' side of human nature . thus , we have the darkling , a classic shadowy devilish creature desperately seeking the company that is , recognition of men , and the story revolves around the various ways in which this need is handled , more or less successfully . br br however , if we dig a little deeper , we find that what this movie is actually about is how you should relate to your car like you would to any other person in the opening scene , the main character male car mechanic fallen from graceis collecting bits and pieces from car wrecks with his daughter , when a car wreck nearly smashes the little girl . lesson 1 cars are persons embodied with immortal souls , and stealing from car wrecks is identical with grave robbery . the wicked have disturbed the dead and must be punished . just after that , another character rubin buys a car wreck intending to repair it and sell it as a oncelostnowfound famous racecar and is warned by the salesman . lesson 2 just like any other person , a car has a unique identity that cannot be altered nor replaced . in addition , there is the twist that rubin actually sees a hidden quality in what most people would just think of as junk , but eventually that quality turns out to be a projection of rubin's own personal greed for more profit . lesson 3 thou shalt never treat thy car as a means only , but always as an end in itself . then we have the scene where the main character is introduced to rubin and , more importantly , rubin's car the main character's assessment of the car's qualities is not just based on its outer appearance , but also by a thorough look inside the engine room . lesson 4 a car is not just to be judged by its looks , it is what is inside that really counts . there is punishment in store for those who do not keep this lesson in mind , as we see in the scene where another man tries to sell rubin a fake collector's car . this scene by the way also underlines the importance of lesson 3 . br br there are numerous other examples in the movie of the 'carperson'theme , and i am too tired now to bother citing all of them , but the point remains and i guess this is what i'm really trying to say that this movie is fun to watch if you have absolutely nothing else to do or , if you're a car devotee .",0,1
"a movie about vixen erica gavin who has a mountie husband who she loves . . . but she loves sex too ! in the course of the movie she gets multiple men in bedincluding her husband and brother ! also there's a tame lesbian sequence . br br this film put russ meyer on the map and was i believe the first critically acclaimed x rated film ever . it was a big hit when it came out . unfortunately , it doesn't date well . br br it is welldirected and erica gavin is just great whatever happened to her , and it was very colorful . . . but by today's standards it's extremely tame . i'm surprised it has an nc17 rating nowthere's no hardcore sex and it only has topless females and no male nudity at all . also it's sadly pretty dull and the addition of politics at the end was confusing and pretty silly . it is worth catching though to see what was considered very shocking in 1968 . purportedly i saw the cut version which has an r rating but i've heard only a few seconds here and there are missing . br br meyer's next film beyond the valley of the dolls is much better and dates very well . catch that instead .",0,1
"bela lugosi revels in his role as european horticulturalist sic dr . lorenz in this outlandish tale of horror and dementia . the good doctor's aging wife needs fluids harvested from the glands of young virgins in order to retain her youth and beauty . what better place for the doctor to maintain his supply than at the alter , where he kidnaps the unsuspecting brides before they can complete their vows ? sedating them into a comalike state , he brings them to his mansion to collect his tainted bounty , according to the dvd sleeve's synopsis . that brief description is much more entertaining and imaginative than the movie . br br the corpse vanishes 1942 wallace fox bela lugosi , luana walters , elizabeth russell",0,1
"i gave this 3 stars out of a possible 10 because the stories are openended and left unexplained , and because of the nauseating scenes of someone eating in an extremely disgusting way , plus scenes of a decaying corpse . br br neither of the above needed to be shown in such a graphic manner . br br the film's plot , such as it is , concerns three loosely interconnecting stories , none of which conclude satisfactorily . br br the bounty hunter , played by bruce dern , is the character that connects all three vignettes . br br first we have dylan mcdermott , looking darn fine , as a wanted criminal who is fleeing to mexico to escape both the law and the bounty hunter , when he rides through a border town and spots a sadfaced saloon girl played by helen hunt . br br then we have one of the hemingway girls , not sure which one , playing a western wife out on the lonely frontier who goes over to see about a neighbor woman , an attractive redhead , whom we soon realize has been out in the badlands a little too long . br br the conclusion of the film returns to the bounty hunter and what happens to him , with the final scene in the film being completely beyond rational comprehension .",0,1
"i liked it but then i think i might have been ironing at the same time . this reworking of cyrano de bergeracroxanne is an utterly undemanding , formulaic romcom rescued from straighttovideo ignominy on its release by the sharp turn of janeane garofalo . playing the frasier of pets , she finds herself caught in a love trap when insecurity leads her to pass her best friend uma thurman off as herself when a caller comes acourtin' . br br this is an interesting film in the fascinating career of ben chaplin . an average british actor , he gave the hollywood treadmill a shot with this film . he is unremarkable and his anonymity in studio productions is unsurprising on the basis of it , although he has appeared in substantial cameos in both the later terence malick films . uma thurman does a ditzy turn on autopilot and michael lehmann packages it all together competently . icky phone sex though . 410",0,1
"another of my delves into the bargain bin , this movie gave me exactly what i expected a load of trashy horror complete with screaming ladies . br br it all started so well i liked the little intro with the newsreel about the young couple being exposed to a nuclear blast , and was totally absorbed right up until the first person caught fire . . . br br from then onwards the film descended into outright silliness , and at times became almost embarrassing to watch . when the heroine turned out to have been afflicted with the same condition as the main character the ability to light one's own farts without the aid of a match it seemed almost as if someone had thrown the idea in at the last moment that'll be good ! you can almost hear them say . . . as for the almost psychic link between the main character and the nuclear power plant , well . . . br br the movie came across as cheap tat if you pay more than 1 . 50 for it you've been done .",0,1
"i am a longtime fan of the original of this movie bella marthamostly martha , and everything that makes that movie great and enjoyable to watch is missing from this one . i miss the slow pace , the buildup of characters and their style in small gestures , the dominance of lights and moods and moves over dialog . i don't think that the story itself is enough . marthakate is more secluded , and marionick is not a clown . in most of the cases the things that makes one scene great in the original , its is not working in its copy here . the small alterations take away the tension . my opinion is that you should go and see the original . it'll worth the inconvenience of subtitles .",0,1
"as we all know hollywood enjoys changing historical events around for our enjoyment , and 44 minutes is one of those hollywoodized movies . for example the bank robbers never did go back in the bank when they started shooting at the lapd yet in the movie we see them go back inside twice ! another example is the number of lapd officers who were shot near the end of the movie , this is far from the truth ! but of course hollywood must have a good bloody ending so they add some more blood and guts . some events were combined and many of the lead actors played several different people but this is what hollywood has always done so why complain ? i guess the only sad part is that i have watched some one hour documentaries about the north hollywood shootout on tlc that were far better then this !",0,1
"another first this french movie is my introduction to the world eric rohmer . perhaps i'm a bit hasty when i say that this is probably my last rohmer movie but i was immediately turned off by the way rohmer relies on monotonous philosophical conversations that never get to the point . there is a scene in the movie where the characters discuss love that i thought was never going to end . honestly , no matter how much i tried , i couldn't understand why rohmer is so highly regarded among cinephiles . he struck me as being one of those obnoxiously petulant people who are filled with hot air . if this is a sample of what his movies are about , i'm not interested . i don't care much for french cinema usually reflective and speculative to a fault , so maybe i'm biased .",0,1
"simply put , i was amazingly disappointed . i'm a huge fan of asian horror , and i can watch unoriginality i myself enjoyed the red shoes and phone , but this was just poor . br br the movie has a lot of elements that are very highquality the photography is eyecatching , the visuals are cool , the directing is inspired , the acting is pretty good , the music is easy on the ears , and the cgi is incredible . but , since this is a horror film , we are expected to be scared , which just won't happen with this film . as with most south korean horrors , this is unoriginal almost from beginning to end there's the trademark longhaired vengeful female ghost , ominous clumps of thick , black hair and puddles of water , and near the end , a twist that almost , but not quite makes sense out of the whole thing the twist is easily one of the best qualities . and to the viewer's irritation , when the film isn't recycling at times , so exact that it could easily be dubbed plagiarized imagery from other movies , it's making you jump . a lot . and by jumps , i don't mean things jumping out or anything , just very loud noises and screeches in the soundtrack used to make the audience jump six feet in the air there's even a few madeyoujump moments that are simply infuriating . and when it is not rippingoff other movies , it's boring , and hard to sit through . br br and it's a shame , because ryeong could have easily been really good , and it has everything to make it good , but its the annoying overuse of completely predictable loud noises and jump scares that eventually ruin the movie . a perfect example of how good it could have been there's a moment when one of out characters is looking at a corpse , and without a sound , the corpse looks back . it's wholly predictable , but the use of silence in that scene is brilliant . and unfortunately , that's as scary as the movie got for me . br br admittedly , ryeong has a few good features , and even a couple jumps that aren't as predictable , and do work . there's a very good and sad backstory used to explain the events , and the twist is pretty unpredictable . those are the only things that separate the film from any other asian ghosthorror film . but the problem with these is , even though they do work , they have been used before jhorror fans will easily realize the big reveal was inspired by a tale of two sisters , and it takes the backstory a good fifty minutes to get going . br br so in the end , ryong really seems like a truly wasted opportunity . taekyeong kim hoped that the plot twist and other good features act as diversions , so the audience won't notice the huge flaws . but he failed , and well . . . we noticed everything . br br my rating 410 .",0,1
"i'd really , really wanted to see this movie , and waited for months to get it through our blockbuster total access account . when it showed up in our mailbox , i threw it straight into the dvd player . br br i was very sadly disappointed , which in turn made me mad . i'll give any movie a chance , even if i want to walk out of the theaterpress 'stop' . i watched it all the way through , but didn't get anything from it but frustration . br br the acting was very , very good , but that was about it . nothing is explained ; while we understand that mathieu becomes depressed and lands in a psych ward of some kind , we're never given insight to his 'downfall' . while we understand that he and cedric break up , again , we don't see it happen or why it happened . during an interview with mathieu's doctor , cedric reveals that he'd cheated on him once , but it was no big deal . i expected to see this in flashbacks , but nonothing . we also gets the hints that cedric was the one to bring mat to the hospitalbut again , we don't see it . br br i know some movies are a 'take it as it is' basis , but this movie honestly ticked me off . when pierre , cedric's ex shows up in the club and starts trouble , we don't see hide nor hair of him until near the end , and it took me a good chunk of time to figure out that pierre was the ex . his personality at the club and when mat finds him are entirely different . i might even be wrong saying this , it was that confusing . br br the film expects you to know everything and move along with its disjointed , outofplace and confusing pace . i can keep up with films like 'pi' , 'citizen kane' and other films that have flashbacksflashforwards left and right , but cu didn't capture and hold onto the style . at the end of 'citizen kane' , you know what's going on and discover the answer to the main mysteries . cu just leaves you hanging . it has an air of pretension in its 'we're not gonna tell you a damned thing , figure it out for yourself' presentation . it's like reading a book with the chapters switched around and pages missing . br br good acting , like i said . i liked the characters , but the whole story was just too disappointing .",0,1
"jeanhugh anglade is excellent as the teenaged boy who wants to be a whore to please the man he loves , but the rest of this film is so badacting , writing , cinematography , and everything elsethat anglade's performance is wasted . sad to see so fine an actor in such a garbage flick .",0,1
"'the fox and the child' is the new film by french director luc jacquet , who brought us the oscarwinning documentary 'march of the penguins . ' it focuses around a young girl wonderfully played by bertille nolbruneau and her blooming friendship with a fox . br br there are some truly mesmerizing moments here ; badgers mucking about , a lynx chasing the fox through a snowlittered forest ; one scene in particular when the fox is being tormented by a pack of wolves is quite intense and even frightening at times . however , there's simply not quite enough of them . br br beautifully shot ; the cinematography is dazzling . the bubbly kind of look of the film is wonderful . it's undeniably a very lush production . br br the english version is narrated by kate winslet , but what little dialogue there already is has been very poorly dubbed . the score is also far too fluffy , or at least it is for my liking ; and the screenplay , while subtle , seemingly jumps from one scenario to another , ultimately leaving me almost baffled . br br while there's a nice moral at the heart of the film , and the rather quiet performance from nolbruneau is quite lovely , the real star is the fox . those captivating moments focusing solely around our furry little friend are tremendous . however , again , there's simply not nearly enough of them . br br to keep up to date with all the latest in film , including reviews , news , discussions and more , be sure to visit www . mybluray . com . au",0,1
"sorry to disagree with you , but i found the dkc series to be quite engaging . so much so that i invested in the snes system and my own copies of the games . this is , mind you , almost ten years after the initial release of dkc 1 . the graphics were groundbreaking for their time , the first vector graphics games for home systems . the music and characters are all memorable , and the games brought myself and my girlfriend dozens of hours of entertainment . true , the second game was better than the first , and the third was perhaps lacking the 'edge' of the second installment . but all three offered different play , and i enjoy them to this day . by the way , i'm old enough to remember when there were no video games whatsoever and tvs were black and white ! .",0,1
"when i first saw a small scene of it in some announcements , i thought the show would be entertaining to watch . the little robot guy does look kinda cute . the style of animation does look sort of familiar to some classic shows . before the show aired , i studied it through some sources . there , i did became slightly dismayed . the three children tommy , gus and lola are voiced appropriately but robotboy is an exception . it would have been a lot nicer if he were to be portrayed by a young lad . one good example is robot jones , a robot character from whatever happened to robot jones ? the show isn't bad really . but the way robotboy is inappropriately portrayed is my only criticism . thus , i don't watch it much .",0,1
"this show has been performed live around the country with a wide variety of casts . i saw it first in the provincetown production the first summer it was in ptown 2001before it was , curiously enough , banned in that overwhelmingly gay resort the codes which resulted in its closing have since been amended . i saw it again later in the offbroadway , longrunning production in new york . oddly enough , the ptown production was far better than the new york onefresher , cuter , more spirited and funnierbut that was only in the 2001 showing ; subsequent attempts to clone the production bare naked lads in 2007 were definitely thirdrate . this filmed production features a los angelos production cast , and it is , as other comments have suggested , not the best . i would rate it somewhere in between the topnotch 2001 ptown production and the thirdrate bare naked lads ptown show from last summer .",0,1
"it was interesting to see how accurate the writing was on the geek buzz words , yet very naive on the corporate world . the justice department would catch more of the big corp giants if they did such naive things to win . the real corporate world is much more subtle and interesting , yet every bit as sinister . i seriously doubt any corp would actually kill someone directly ; even the mod is more indirect these days . in the real world , they do kill people with nicotine , pollution , additives , poisons , etc . this movie must have been developed by some garage geeks , i think , and the studios didn't know the difference . they just wanted something to capitalize on the microsoft antitrust case in the news .",0,1
"most of what has been said about the negative aspects of the film hold true . br br but . . . . if i have to sit through a movie were thebr br directorbr br director of photographybr br editorbr br can't even miss the darn microphone boom popping in and out of the movie for almost every chapter of the movie , how can i enjoy and concentrate on the story as well as believe in the darn thing when i'm reminded of the technicalities of making a movie ! ! ! ! ! ! ! br br wait for the dvd or don't bother",0,1
"it's funny , when you stop and think about it fright film fans tend to a deep and abiding affection toward those who scare the daylights out of them . the texas chainsaw massacre may give us nightmares , but who among us the faithful didn't feel a very real twinge of love for gunnar hansen in brutal massacre or for ken foree , forever and ever the resolute hero of the original dawn of the dead ? his cameo in the remake made me want to stand up and cheer as did tom savini's cameo ; i kid you not . and brian halloran and . . . well , you get my drift if not , just stand downwind . . . . these are some of the heroes of horror . to see this many of them gathered together in a single movie is almost unheard of at least to this degree , to my knowledge . if only the writers had been up to such a monumental task . maybe someone else , somewhere along the line , will try again . as long as it's not another halfhearted effort like brotherhood of blood , for instance .",0,1
"here's what's good about the slaughter rulebr br ryan gosling , clea duvall , and david morse all give great performances . gosling is , as always , pretty darn outstanding . the locales are often breathtaking . br br here's what's bad about the slaughter rulebr br everything else . the script is horribly muddled . and while i can certainly appreciate a nonfeel good movie , this movie is just boring . great performances can't makeup for a movie with a stupid premise and a script that is filled with throwaway lines that often don't even make it sense . just getting through the first hour became a chore . br br i stuck with it because of gosling , but eventually i did myself a favor and changed the channel . spoilers on here relayed the ending to me . i didn't miss much . do yourself a favorif you want a good gosling flick , check out the believer . br br my score 2 out of 10 .",0,1
"the supernatural , vengeful police officer is back for a third installment , this time acting as guardian angel for a wrongfully accused female cop . standard stalk and slash picture , yet well acted and directed , thus making it oddly interesting and watchable , though the violence isn't for the squeamish especially the director's cut which was originally given an nc17 rating . br br 12 out of",0,1
"chaplin was great a silent comedian , but many silent era stars fell when the public heard their voices in the first talkies . in my opinion , chaplin's voice simply did not fit his silent characters that made him rich and famous . his career never recovered when sound came to film . contrary to most of the reviews i have read , chaplin's lifestyle and politics did not help his popularity with the average viewer who expected to be entertained by chaplin the comedian , and not spend their entertainment dollar watching chaplin's political commentary . br br despite chaplin's awards and knighthood , i would take exception to his contributions to humanity . the great dictator was made at the same time stalin's brutal dictatorship was having it's show trials , and both dictators signed the agreement that lead to invasion of poland by both dictators . wwii started in an attempt to save poland . the nazi's were defeated in 6 years , but poland disappeared as a sovereign country . this happened during the time this film was made and the investigations of hollywood by the federal government . had chaplin included joe stalin in this satire , in addition to including the italian dictator , perhaps he would have had less criticism about his politics by the politicians . the soviet's mistreatment of jews and dissidents exceeded the nazi's in time and numbers . br br judged simply as a film , many of the gags were too topical to be understood by younger viewers , who wouldn't know who goebbels , goring or mussolini were . a classic piece of art must stand the test of time . classic greek tragedy , the mona lisa and beethoven's 9th are still enjoyed centuries after their creation because they are timeless . films which rely on topical political commentary or currently popular social views usually do not outlast the generation in which they are made . but those that address issues that are common to all generations will probably live forever and receive a high rating from me . br br chaplin , as the writer , director and lead actor must take the blame for what i judge as a dated and tiresome film . br br chaplin's apologists have excused his decision to leave the country that made him rich and famous . if chaplin found the us so offensive , why didn't he return to his native land . great britian fought the nazi'with blood and money . what did switzerland contribute in the fight against the european dictators ? switzerland is like a country club that picks and chooses its members based on race and class , and cares little about people who can't join the club .",0,1
"your ability to enjoy the ashes of time may depend on our expectations before stepping into the theater . even its most strident supporters seem to agree that audiences can be split right up the middle in their appreciation of this unique film . br br unlike most hk actioners , the battle scenes are curiously kept at a distance . when they do happen , they're rendered in a jerky style in which it's difficult to make out exactly what's occurring on screen . the dramatic scenes can be extravagantly beautiful , with the of maggie cheung , brigitte lin , and a rollcall of hk's top acting talent chewing up the scenery . as with some of wong karwai's early work , the dialog could be more precise . br br in short , the ashes of time requires a forgiving attitude . released around the same time as wong karwai's spectacularly successful chungking express , it's clear that the director isn't as confident working with the elements of the martial arts film . anyone looking for tense action is likely to be disappointed . but those intrigued by the director's aesthetic will likely find this a unique experience at the very least .",0,1
"it is playing on showtime right now but is going to be released as a movie called three or has been released for 2006 . mess ups include a supposed nude body comes out of the waves with her bottoms on . you can have fun finding the others . it was a decent stranded , hungry , cold , crazy person video but that is about it . and of course what would a movie be without sex . the lady has a nice body and the men are pretty , but the story is the same as swept away or a savage is loose type with some blood . wonder if the movie studios know they made a big booboo and already released this show and now gonna release it as three . billy zane should have worn a top hair piece or shaved his head completely . juan di pace is awesome and there is a couple good sex scenes . there is a voodoo woman that loves the character di pace plays and in real life her name is di pace too . not aware of any connection but probably kin or married .",0,1
"tim robbins is oddly benign here , cast as a garage mechanic in 1950s new jersey who falls in love with a perky blonde who turns out to be albert einstein's niece ! although he's onscreen much of the time , robbins cancels out the innerworkings of his intense persona and fades into the background it's easy to forget he's even in the picture ! . lumpy romantic comedy with a gimmick , that being walter matthau playing einstein who does what he can with a cartoonishly conceived character . otherwise , it's sugary and sunny , directed rather drowsily by fred schepisi , who shows heart but no wit or brains . meg ryan is her usual affable self and the chemistry between she and robbins is charming , like that of an affectionate sister and her big brother . from",0,1
"it's funny . . . one day before i have seen this movie i had been watching a documentary about leni riefenstahl , so comparison kind of came automatically . . . of course there isn't any br br this movie is weak in every aspect . . . acting is not convincing especially the one who plays simona . . . and unnatural . . . , editing in confused and always leaves a taste of unfinished shot , music doesn't fit , the story doesn't flow , it gets boring and the movie comes out much longer as it is . . . oh , and the characters aren't very well shown , you actually can't tell much about the girls except what you see . . . the movie also tries to shock with explicit cursing which is very laughable br br so . . . 210",0,1
"this is a movie that demonstrates that mood and music and texture aren't enough to make a good film . sure , the viewer is treated to numerous fine scenes of los angeles in the thirtiesi especially liked the view of the trolley approaching the tunnel , and the tram rising up the hillsidebut in a sense this fine cinematography is selfdefeating , because it creates a mood that something's going to happenand nothing does . the script too keeps feinting toward some plot or action or traumaand time after time not delivering . not even delivering the i assume theme of the movie , the characters' essential misfit . the lead actors , both too pretty for their roles , didn't convey any repression or agony , and the script didn't expose us to any . br br now , donald sutherland ? that's another story . his character was so well fashioned , so perfectly played , that i wanted the camera to follow him .",0,1
"this show is awesome and we have been enjoying it thoroughly . set in alaska , i don't agree with the homosexual content on tonight's show . i feel that you are pushing too hard to bring new york to alaska . its one thing to have a new yorker struggling in the alaska wild , but to try to turn the alaska town into new york ? this is a nice show about dainty women and true alaska men and to bring a same sex couple into the mix is throwing the balance way off . alaska should be portrayed as a man and new york as the woman . i think the first 9 shows have the perfect balance with what you all are doing . can't we have a nice show without the imbalance of nature .",0,1
"i've seen far too many flicks from this company this one is about middle of the pack . one the good side , its a bit more stylized and under control than some of their fare less of the sophomoric attempts at humor and more adherence to story for what its worth . many of their titles , like sexy sixth sense , are buried by baaaad performances and an amateurish sensibility . on the other side , i found the simulated sex scenes not as hot as some of their other flicks like vampire vixens , gladiator eroticus , spiderbabe or mistress frankenstein . br br misty mundae is always a 10 on the peter meter , as is darian caine . i found barbara joyce hot in a schoolmarm kinda way , and ruby larocca a sexy little hottie . br br watch this with the remote firmly in your free hand , on a night when you need a break from porn . don't waste your time wanting to check the story you've got better things to do w your life . it is not a movie , it's pure ta , but not bad by that standard .",0,1
"i watched this movie because i like nicolas cage and well , i found it strange and completely pointless . . . so i decided to poke around a little bit and got my hands on the 70s copy of it . wow . what a difference . the original one was way better . i'd like you all to know it did originally actually make a statement , it's existence did have a purpose . it was really the christian public expressing their fear of paganism . if you dig deeper into it it also makes comments on life but i don't want to go into details , just , simply put , if you were disappointed and you'd like to know what it should look like , feel free to watch the 70s version , a little dated , but a lot better .",0,1
". . . and boy is the collision deafening . a female telephone lineman is taken over by the spirit of a recentlydeceased ninja , strips down to her undies , pours tomato juice on her body so her boyfriend can lick it off , performs a seductive dance , then goes off to kill the policemen who killed the ninja she's possessed by . only to be hunted down by a oneeyed ninja master . just like in real life , eh ? enlivened only by sho kosugi's martial arts choreography and his declining to put his obnoxious kids in this one , you really have to see this to believe it . it's the ultimate mix of totally atodds genres .",0,1
"this film is another of director tim burton's attempts to capitalize on a familiar title to bring his vision' to the screen . he has done it with batman' , sleepy hollow' and now this . this is not a remake . the only thing it has in common with the original is that it has simians that can speak and charleton heston makes a cameo . burton has reconstituted the entire story , watering it down for today's mass viewership . br br the original planet of the apes was a product of its time . during the 1960's america was struggling to redefine its civilization . it was a turbulent time of soul searching and rethinking social norms . it was the civil rights era where groups long considered inferior demanded to be treated as equal . in that context , pota was allegorical , reflecting the philosophical turmoil confronting the audiences of the day . pota was an extremely intelligent film that broached difficult questions and elegantly held the oppressions of american society up to scrutiny by making the white guy justify his intelligence to a species he considered inferior . the dialectic between colonel taylor charleton heston , dr . cornelius roddy mcdowall and dr . zira kim hunter was thought provoking and intelligent with ironies both subtle and obvious . br br burton's version is as much a product of today's times as pota was of the sixties . this is apes for dummies . it is superficial and jejune , substituting politically correct platitudes for intelligent dialogue and focusing more on form than substance . the surprise' ending is utterly incongruous and contributes nothing to the film except a cliffhanger that sets up the sequel . while the ending of the original pota gracefully tied everything together in a single powerful scene , burton's ending simply mocks the audience , taunting , i know something you don't know , and you are going to have to wait for the sequel to find out . 'br br from a technical perspective , as is always the case with burton's film , the film is excellent . the makeup is fantastic and burton's camerawork is outstanding though i continue to dislike his dark look . however , thirtythree years of advancements in prosthetic makeup can not compensate for the insultingly vacuous script . br br the story has been reduced to a monster movie . the humans band together behind captain davidson mark wahlberg to fight the monstrous apes , aided and abetted by a few turncoats notably helena bonham carter as ari . the presentation is formulaic and simplistic with plenty of violence , perfect for today's fast food mentality . br br the acting is mixed . mark wahlberg is a fine actor who is simply miscast in this role . walberg is excellent at playing dark , sullen characters that are tormented but strong . this part requires an inspirational hero , a profile not in wahlberg's repertoire . helena bonham carter is a brilliant actor whose character is so far beneath her ability that the disconnect is laughable . she tries desperately to do something with the flimsy character , but her interpretation presents like a cross between a college peace demonstrator and love sick teenager . br br then there is tim roth . his is a virtuoso performance , singlehandedly saving the film from total ruin . roth is diabolically hateful as the malevolent general thade . he creates one of the most villainous and despicable bad guys i can remember in some time . additionally , his physical acting is superlative , rendering a chimpman that is such a perfect meld that one can almost believe that the species exists . br br this film is a great disappointment . it is decent entertainment , as long as you check your brain at the door . i rated it a 310 . from a technical perspective it is much better than that , perhaps a 910 . however the story is an insult to the original franchise . it is simply another attempt by burton at self adulation , using a familiar title to attract throngs to the box office so lots of people can see what a genius he is . of course it's true , but it would be great if he used that talent to produce substantial films , instead of simple minded pap formulated for mass consumption .",0,1
"well , i must say , i initially found this short to be quite average , but having watched it nearly 5 times since its constantly shown on ifc , i've developed an enjoyment of the simple plot elements and reality of the situations presented . sofia coppola contributes a solid addition to the category .",0,1
"i own this movie . and it is terribly hard to find . it is a unique low budget little gore flick about a doctor seeking the perfect companion . it has the really humourous low budget feel to it , and the gore is suprisingly good for what appears to be a 500 budget . the director is claimed to be the master of gore . i wouldn't go that far , but maybe in his time he was . overall 610 on the gore chart .",0,1
"del you are the dumbest smart person i've ever met . br br calvin well , i had a brain , but they lost it in the rewrites . br br i think what i find most egregious about this bastardization of asimov's work was how the character of susan calvin was portrayed . in the books , she was actually one of the first strong female protagonists , able to think her way through a problem . here she's just a damsel in distress , waiting to be rescued by wil smith . br br there are passing references to asimov's laws of robotics , but they are an afterthought to the cgi and action scenes . br br smith is likable , as he is in most of his films , but honestly , the story isn't that good . you figure it out long before these genius characters do .",0,1
"for me this movie is essentially like a feature length pilot episode for a tv series . it reminds me particularly of the british remake of the tv series wallander , starring kenneth brannagh . people interviewed by the police are hardy , and often as bitter as the weather , the lead investigator has huge family problems , investigations invariably lead to cruelties of the distant past , and the plotting is labyrinthine with strange occurrences and subplots making sense only at the end . both have excellent cinematography . br br the plotting of jar city is extraordinarily reminiscent of a standard uk or us crime series . effectively you could take the plots of any of the episodes of touch of frost and transplant them on top of the bleak locale in this movie and have an effective sequel . br br really the script couldn't be more obviously from the cookie cutter . you get even the most familiar of motifs , such as the police going to the local prison to interview a manipulative and dangerous psychopath , who inevitably explodes at the end of the interview . br br i'm absolutely convinced that this is scones and jam for many folk , but i feel it needs pointing out to people like myself who do not go to the cinema to watch television . what i felt a keen lack of was message . the movie takes as its theme the genetic studies in iceland . icelanders in genetic terms have remained largely isolated from the outside world , presenting a great opportunity for scientists to study their genetics . lots of information concerning the heredity of the population has been kept , and many genetic diseases unique to iceland can be traced effectively in a population that has refrained from interbreeding , and is remarkably genetically homogeneous it's like trying to put together a jigsaw puzzle of the london underground map , instead of a jigsaw puzzle of a field of daisies . a company called decode genetics attempted to set up a database carrying all the genetic and hereditary information for the entire population of iceland . due to privacy concerns this project was terminated , and at the end of last year decode genetics went bankrupt in iceland . the episode is a rich topic for debate . br br but in this movie genetics and medical science are not there for education's sake , they're there for weird atmosphere . br br it's a grisly movie if you are interested in that , and there's often a morbid focus on food to accompany events , like a coroner who eats lunch in between incisions . the most queasy for me was when the lead inspector devours a sheep's head . unfortunately for me this occasionally became farcical . the movie attempts the rather delicate task of mixing the grisly with the sentimental , and ended up providing unintentional humour towards the end . this is the equivalent , in cinematic terms , of attempting to prepare fugu , if you're not wellqualified , deft of hand and sharp of eye , you poison the client . this rather novice director should have lowered the tariff on his performance . br br i walked out of this movie feeling rather bad about myself and about life in general .",0,1
"in need of work , straight man bud abbott as jack and comic partner lou costello as dinkel get the latter a job babysitting selfdescribed problem child david stollery as donald . young stollery winds up reading mr . costello's favorite novel see if you can guess the title , which puts costello to sleep , dreaming he and mr . abbott are reliving the story of jack and the beanstalk you guessed it . br br the sepiatone switches to color for the bulk of the production . apparently , this was an attempt at something different for the duo , a colorful children's fantasy . it fails , but this is where you get to see abbott costello in color , silent film superstar william farnum as the king make his last performance a bit part , boxer max baer's brother buddy , and stollery before disney's spin and marty . br br jack and the beanstalk 4452 jean yarbrough lou costello , bud abbott , buddy baer , william farnum",0,1
"when this play was first shown by the bbc over 30 years ago , it would have been something quite different for the time . so therefor some people would have found it quite scary , and may well have been impressed with the special effects ? br br looking at the play in this day and age , it doesn't seem to be all that scary anymore , even the special effects can leave a lot to be desired . br br would a train really be allowed to pass a red light into a dark tunnel ? i don't think so . . . . . . but if you watch this play again , you will observe that the first train that enters the tunnel , rushes straight through the red light ! maybe that's how it was in dickens time ? br br you will also notice that the footpath that leads down to the signal box is very steep and in a poor state . surely there would have been a series of proper steps with handrails for the signalman to climb up or down into the cutting . i can't help but notice things like thatbr br i will not take anything away from the acting , both denholm elliott signalman and bernard lloyd the traveller gave wonderful performances . br br i am not at all sure what is going on . . . . . . i mean was the ghost the traveller , or what ? ? ? does anyone really fully understand this rather confusing story ? ? ? well maybe i am the only one that don't ? ? ? br br to sum up . . . . . br br the play has a wonderful atmosphere throughout , with great character . it suffers from not being that scary these days , and a little if not very confusing in places , and has some rather unusual signalling practises . . . . br br thanks for reading my review .",0,1
"although the flock has some pretty good acting by veteran richard gere , and some okay shots that might harken some back to the silence of the lambs days , the movie stretches credibility to the breaking point and destroys itself against a plot that really leads nowhere . br br the film is about erroll babbage gere who works for the department of safety and is preparing to retire . his office thrusts upon him his replacement , allison lowry claire danes , stardust , who quickly discovers that babbage is obsessed with his job . and that job ain't very fun . he monitors hundreds of sexual offenders who are on parole in his jurisdiction . allison goes with erroll on many calls to check up on his flock of offenders and learns that he is in desperate need of retirement . but erroll is good at his job even if his methods aren't . he taunts sexual predators and even has physical conflicts with them . erroll justifies his actions by bringing up these deviants' pasts . it is this good justification that challenges the audience on some level , letting us see how brutal erroll is and yet how outoftouch he's become by being too close to his job . br br when a teenage girl goes missing in erroll's area , he immediate leaps to the conclusion that she was abducted by one of his flock . but how could he know ? is erroll that good at his job ? allison challenges him and erroll pushes back . their battles become as fierce as erroll's need to find this missing girl . br br although the setup for the story was okay , it didn't have any umpf ! i will give credit to richard gere , however , who plays the erroll character very well . battling retirement . worried about everyone who's near his flock . disgusted with those he's responsible for overseeing . disgusted with himself for having to do some of things he does . quite a change in character portrayal for gere . but beyond him there's not much else . some of the sets are okay dark and dangerous but there are so many other problems as to be laughable . br br i'll be the first to admit that suspending disbelief is a requirement whenever watching films . but that suspension has limits . the biggest push against those limits is the destruction of extremely vital crime scenes . someone as meticulous as erroll would know that moving a body would be a huge nono . or trampling through a crime scene . or moving evidence . it went beyond and hurt the film to no end . br br the other damaging part of this film is that we never get into clair danes' character , allison . she's almost dropped by the wayside at the end of the film and we're never privy to what her intension might be will she stay or leave ? will she end up like erroll if she does stay ? this isn't a horrible film as it does touch on some uncomfortable moral ground , but the story as a whole needed to be tightened up .",0,1
"this is the least scary film i have ever seen . how the blob manages to eat anyone is the biggest mystery of the film . the blob moves so slowly that an o . a . p in a zimmerframe could escape it . the blob has a large slice of luck coming across a typical horror film woman who instead of running away stands still for half an hour so that she can be eaten . if you havent seen this film i recommend you do , its far too funny to be taken seriously .",0,1
"the comparison is perhaps unfair , but inevitable . those attracted to the intimacy and depth of umbrellas will be slightly horrified to discover a cutandpaste musical in the american style awkward , stilted dialogue with inexplicable songanddance numbers . gene kelly's french accent was apparently so poor , that a dreadful job of dubbing was substituted as you'll remember , the dubbing was almost perfectly pulled off in umbrellas . the translation of the french for subtitled versions , as well , leaves something to be desired , although this can't be attributed to demy . the film also has several selfaware moments that come off a wee disconcerting , such as references in songs to legrand himself . and the costumes well , the tight pantswhite boots combination , and the freakishly unnatural colors , reminds one of an austin powers film . . . br br but demy does reward the viewer with allusions to umbrellas ; note , for instance , the suitcase carried by maxence in his departure from rochefort this is the same suitcase carried by guy in his departure from cherbourg . also , note the convenient brunette of resolution madeleine in umbrellas , and josette in young girls . br br generally speaking , those expecting the natural feel of umbrellas save the floating bicycle scene , or looking for similar deeper questions and ambiguous endings as in umbrella's script , should probably pass this one b y . those looking for a french version of a thin '60s american musical will be quite happy .",0,1
"this is a good blueprint for a study of corporate power and the dichotomoy between required public life and the need for privacy . robert taylor has been primed by corporate head burl ives as a surrogate son to replace him as head of the corporation . he sends him to england to negotiate a deal , where taylor is both taken aback by the ethics and morality of the men he is dealing with and manages to fall in love with a refugee while he's at it . he comes back emtpy handed , having done his duty but having told the truth to the english about his motives . he attempts to marry the refugee rather than the boss's niece and so begins an attempt by ives to discredit the refugee as a suitable wife for a corporate executive . it could have been gritter , nastier and less romantic the amount of time spent on the romance skews the film away from the points it's trying to make about corporate ethics . br br somehow the costume design was nominated undeservedly for an oscar it's all business suits and the two women in the film dress conservatively studio politics at work yet again , no doubt . br br what is stiking however is the black and white cinemascope cinematography which is excellent this if anything deserved the oscar nom . it was mgm's first 'scope film in bw . br br not as good as it could have been but not terrible either .",0,1
"i don't really know why so many persons love this movie maybe it's funny , ok , but it has totally ruined one of the best novels ever written . as the author himself said , this movie has betrayed the book not only the story is violently cut to about 13 , but all the symbols , all the complexity , everything is lost in a very 80'sfashioned fantasyadventure film for kids . today we have effects , directors , a new attention to books i hope that someone tim burton , peter jackson , hayao miyazaki . . . someday will direct the real neverending story . a great dead writer , a wonderful book and many literature lovers deserve it .",0,1
story of an exnavy seal who is now a combat medical officer assigned to a state of the art russian sub with a nurse . this is to answer a call for help set off by a dying member of the original crew . the sub has been overtaken by terrorists who are bent on destruction . so we see the duo try and gain control back . and this happens with the fear of the us naval forces is about to unleashing everything it has got on the terrorist sub to prevent it from launching its arsenal . be careful of the early explicit sexual scene in the first quarter of the movie . a couple of unexplained scenes towards the end . watch it when you have the time . nothing to miss out even if you let the show run while you go get yourself a cup of coffee slow moving .,0,1
"as someone who loves baseball history , especially the early 20th century in which cobb was a main figure , along with a ton of colorful characters , i was looking forward to seeing this baseball film . well , it wasn't a baseball film , which was disappointing . no , it was just a sportswriter's account of being with cobb in the ballplayer's later years while the two collaborated on a book . even at that , this could have been a more appealing movie than they made it . br br granted cobb was anything but a nice guy , an extremely talented player but brutal in that he would do anything to beat you . . . . and he was viscous , intimidating and had a lot of demons to fight . he was so hated his own teammates tried to hinder his chances of winning a batting title one year . nonetheless , this an overthetop portrayal of the man . it makes him into something almost cartoonlike . br br watching and listening to an old man rant , rave and profane for two hours is entertainment ? no , it isn't . some day , i'd love to see a real biopic of cobb showing him in his ballplaying days and if they want to portray him as an evil guy , so be it , but the way they did it here with just a bitter , blasphemous old man making an ass of himself in front of a reporter is not fun to watch .",0,1
"i have read several reviews that ask the question , why was this film made ? i myself found that question looming in my mind as the hour and twenty minute feature seemed to drag near the middle , only to give off the sensation that it was picking up steam at the end , when in actuality it was doing nothing of the sort . so , why was this film made ? i think that is a great question for those watching heftig og begeistret to ask themselves . this reviewer is proud of director knut erik jensen for giving us this powerful image of hope , brotherhood , and inspiration with this all male choir , but i do not think that jensen did enough to bring a gripping story to the table . let me pose this question to you , do audience members need more in a documentary than just a straight forward story to maintain interest ? my answer is yes , and this is where jensen failed . heftig og begeistret was a good documentary , but it was far from great . jensen did a horrible job with the story and dedication of the subjects . it was great to hear the songs , but over time , those songs seemed dull , overwhelming , and a bit precocious . from the opening scene where our men are singing their hearts out in a blinding snow , i knew that i was hooked , but as the film developed i lost interest . why ? jensen never took us , the audience members , to the next level . he kept the playing field level and ultimately hurt the overall tone of the film . was this a movie about the music or about the men in the choir ? the world may never know . br br again , i would like to state that jensen did a phenomenal job of finding an interesting story about this group of men who have definitely seen hard times and how they coped with that through music , but it was as if the all male choir were a bunch of the most boring men ever created . jensen gave us the music superbly , but it was the characters , the subjects , that i knew nothing about by the end of the film . in the mix we had a 97 year old man who still had his driver's license , we had a large man in a tub singing classic american songs , we had old men who were once heartthrobs in their youth , we had some tension between the youth of the choir and the veteran singers , and we even had an exdrug addict that had only been clean for eleven years . did jensen develop these interesting stories at all ? nope , he left them on the table . it was obvious that these singers were willing to talk further about it see the political man who missed his political days , but jensen seemed to clear away from those heartfelt moments and head straight back into interesting places that he could have the choir sing . to me , the music was defined at the beginning of the film , i wanted to be introduced and hear the stories of these individual men . they were all captivating , yet jensen seemed to ignore them completely . br br by ignoring the major subjects of this documentary , jensen became unsuccessful in creating any sort of tension towards the end . without giving the ending away , i felt like jensen was coloring in the lines . instead of being bold outside the lines , he chose to create no moment of sympathy , emotion , nervousness , or sadness . jensen took our subjects from point a to point b to point c without asking us to become involved in any way shape or form . i can see how national sentiment had made this film into a huge success in norway , but for everyone else watching i . e . me more was necessarily needed . i wanted to feel for these guys . i wanted to know if they were going to do well as they traveled , or just find themselves loved in their own city . there was no story , mostly in part to no development of the subjects . when you watch modern documentaries oddly , this film was made in 2001 , you want it to play out similar to any hollywood feature film . you want suspense , realism , and drama , alas , with heftig og begeistret you get nothing of the sort . br br overall , i must ask the question again , why was this film made ? my final answer alex , is that jensen wanted to show how troubling times and a changing economy can still produce happiness in even the coldest places of earth . i think that jensen wanted to show human dedication and how something as simple as singing can unite a population . with that said , jensen demonstrated that perfectly in this film , but he did not create a good documentary . when you make a film of this nature , i feel that you must look within the group , examine the choir participants and hear each one of their stories to bring about an ending that will grip your heart . the only thing that this film gripped was my attention span as it attempted to leave the room at rocket speed . again , i do not want to sound negative about this film because the music was excellent and the men singing did bring about a feeling of honesty , but i needed more . with documentaries becoming a bigger staple of the film community , one expects a bit more than what heftig og begeistret handed to us . i want to see reality and people , not just another song and dance routine ! br br grade out of",0,1
"this is pretty funny . saturday the 12th , a ? . . . great work . . . i laughed every minute of the movie . . . this is like scary movie for the 1980's . great student bodiesstyled gags . . . br br too bad this isn't on video . . . but you can still watch it on flix . . .",0,1
"i saw this movie last year in media class and i have to say i really hated it . i was in year 10 and aged 15 so that may have has something to do with it . but for english this year , year 11 , we had to read animal farm , also by george orwell . aside from the fact that the book is based on the revolution , my opinion is that it is a terrible book , and i also hated it . br br but 1984 , i think it was the most disturbing movie i have ever seen , and i think that george orwell is one of the most deranged people ever to live on this planet . i'm sorry to everyone who loved his work , but i unfortunately did not . the themes in the movie were well portrayed , but the way the whole movie was set and the events that took place within it were not to my standards . this is only my opinion , and i'm sure many many other people thoroughly enjoyed this film .",0,1
"renown writer mark redfield as edgar allen poe tries to conquer old addictions and start a new life for himself , as a baltimore , maryland magazine publisher . however , blackouts , delirium , and rejection threaten to thwart his efforts . he would also like to rekindle romance with an old sweetheart , a significantly flawed prospect , as things turns out . mr . redfield also directed this dramatization of the mysterious last days of edgar allen poe . redfield employs a lot of black and white , color , and trick photography to create mood . kevin g . shinnick as dr . john moran performs well , relatively speaking . it's not enough .",0,1
"as a true canadian , i always avoid canadian movies . however now and then i get trapped into watching one . this one is better than most , which is to say mediocre . it has many of the usual flaws of canadian films . . . selfconscious acting . . . an excess of cinematic gimmicks and , above all , the selfeffacing canadian habit of using canadian cities as standins for american ones . i mean using the historic metropolis of montreal as a stand in for harrisburg pennsylvania is just short of obscene . i was in a generous mood . i gave it a 4 . br br",0,1
"kudos to baxley's dp for making this look like a real movie , the first time that's happened in this series with the notable exception of the fx scenes . in moving closer to movie production values , however , it lost most of the entertainment value of the first two . they were very much in the 'so bad they're good' category of horrendous film entertainment . can an argument be made though that the 'believers' were simply trying to make a generic action film with praying in it ? there are so many times in the film where they discard their own belief system as to be annoying . if everything that happens is according to god's will and they are simply his instruments , than the people who are infected with the virus have that happen as a part of his plan , right ? apply that to every situation where someone of faith doesn't submit to god's will , and you get a fairly hypocritical little movie from the director of 'action jackson' .",0,1
"it's not often i give two stars to a horror movie because horror is my favorite genre . a movie can be bad in that it isn't a masterpiece but can be enjoyable on the basis of unintentional humour , bizarre characters , etc . a case in point are a great number of horrorscifiction movies from the 1940s to 1980s era . they are enjoyable for genrebuffs and guiltypleasure seekers because their badness is entertaining . however , this movie has none of the humour or effective gory scenes of the piranha 1978 original . br br i suppose in 1995 it was the heyday of political correctness so gore on tv was at a minimum . now in the mid2000s with the c . s . i . shows , tv's an absolute bloodfest ! good for us horror fans ! br br william katt and alexandra paul are no bradford dillman and heather menzies the original 1978 stars . it's not katt's and paul's faults but the writers and director who created this tepid turkey . how the main characters interact is the main flaw of this movie . i won't say how because that is part of the plot . br br this tv movie probably had a bigger budget than the original but flopped as good horror , as can be seen from the user votes here . stick with the 1978 original if you're in the mood for a killerfish movie !",0,1
"lord alan cunninghamantonio de teffis a nutjobseen early on trying to escape an insane asylum , with this castle slowly succumbing to ruin , likes to kill various hookers who resemble his deceased wife evelyn , a woman who betrayed him for another man , with those red locks . this nutcase is quite wealthy and his bachelor status can be quite alluring . he , however , is overrun by his obsession with his late wife's memoryspecifically her adultery . . he saw her naked with the lover . while the memory of evelyn is almost devouring his whole existence , alan tries his best to find true love and believes he has with gladysmarina malfatti , who spends most of the film naked . . that's probably her lone attribute since she isn't a very good actress , who agrees to marry him after a very short courtship which should probably throw up flags right awaythere's a key moment of dialogue where she knows exactly to the very amount what he is worth . br br the only real person alan can confide in is his doctor from the hospital , dr . richard timberlanegiacomo rossistuart . there are other key characters in this film that revolve around alan . alan's cousin , georgerod murdock , seems to be quite a good friend who often supplies him victims . . i mean dates , while holding onto hope of getting his lord's estate some day . albertroberto maldera , evelyn's brother , is a witness to alan's slaughter and , instead of turning him into the police , squeezes him for cash . aunt agathajoan c davis , wheelchair bound , lives at the castle estate and is often seen snooping around behind cracked doors . we later find that she is having a love affair with albert . br br all that is described above services the rest of the story which shows what appears to be the ghost of evelyn haunting alan , someone is killing off members of the cast family that revolve around alan , and the body of evelyn is indeed missing . br br the ultimate question is who is committing the crimes after alan and gladys are married , where is evelyn's body , and will alan go over the edge ? i have to be honest and say i just didn't really care much for this film . it's badly uneven and the pacing is all over the place . it looks great on the new dvd and the rising from the grave sequence is cool , but what really hurts the film in my mind is that the entire cast is unlikable . you really have a hard time caring for alan because he is a psychotic who is skating on thin ice in regards to holding his sanity . he can be quite volatile . who commits the crime really isn't that great a surprise for after several key characters are murdered off , there aren't but a choice few who could be doing it . what happens to alan doesn't really make your throat gulp because you can make the argument he's just getting what he deserves . those behind the whole scheme of the film in regards to alan , as i pointed out before , aren't that shocking because if you are just slightly aware of certain circumstances . . or advantages they'd havethat would benefit them with the collapse of alan's sanity , then everything just comes off less than stellar . i thought the editing was choppy and unexciting , but the acting from the entire cast is really below par . some stylistics help and there is a sniff of gothic atmosphere in the graveyard sequences to help it some .",0,1
"this is a pale imitation of the die hard franchise that just sucks . the low ambitions of the movie are clearly on display when the terrorists hold the vicepresident hostage and he has to call the white house to beg them to transfer some money . in most movies of this genre the president is kidnapped or held hostage because after all he or she is the most powerful person in the country with finger on the nuclear button etc etc . would most americans have really been worried if dick cheney had been kidnapped ? the honest answer is probably not . why the terrorists would choose a stanley cup final to carry out their operation and why , despite many explosions around them , the audience inside the hockey stadium is oblivious to the situation , are unanswerable questions . let's just say this film is really hokey , not hockey . those who liked the film and found it to be exciting should get a life .",0,1
"just watched on ubuweb this early experimental short film directed by william vance and orson welles . yes , you read that right , orson welles ! years before he gained fame for radio's the war of the worlds and his feature debut citizen kane , welles was a 19yearold just finding his muse . besides vance and welles , another player here was one virginia nicholson , who would become orson's first wife . she plays a woman who keeps sitting on something that rocks back and forth courtesy of an africanamerican servant paul edgerton in blackface . during this time a man welles keeps passing her by courtesy of the scene constantly repeating . i won't reveal any more except to say how interesting the silent images were as they jumpcut constantly . that's not to say this was any good but it was fascinating to watch even with the guitar score by larry morotta added in the 2005 print i watched . worth a look for welles enthusiasts and anyone with a taste of the avantgarde .",0,1
i have a feeling that dr . dolittle was intended for an audience composed entirely of children . i think i would have had a better time if i sat at home and watched a sitcom . my favorite characters in the movie were the pet hamster and the two alley mice .,0,1
"well what i can say about this movie is that it's great to see so many asian faces . what i didn't like about the film was that it was full of stereotypes of what typical racial characters would do in their role . the asian girl without confidence who has to play someone else to get ahead , the white guy infatuated with asian culture and chooses to leave his white world behind for the land of yellow and the keeping it real black cab driver . plus all the coke , shanghai tang and dunkin donuts product placement was a bit too obvious . the story plot itself was fun but pretty much how i thought the story would unravel . then again when watching romantic comedies you can't expect much but then again i would have been wanted to just be surprised at least once . the parents are the best part of the flick .",0,1
"the hysterical thing about this movie is that , according to the director , it has difficulty finding a distributor in the u . s . because most of them that viewed it couldn't reconcile the seemingly conflicting messages of christianity and american angst . the thought of anyone seeing this as a religious film in anyway is laughable . br br because a minister at a mission prays with the homeless or wishes someone godspeed this makes it a christian movie ? one could interpret that it is actually mocking religion for in the land of plenty with all of its material excess , the best an organized mission can do is hand out a bowl of soup and a bible verse . plenty of unfortunate or downtrodden maybe ? plenty of useless homeless missions ? how about plenty of psycho vietnam vets ? as a pillpopping delusional survivor of agent pink are we to think america is a land of plenty of paranoid patriots ? maybe we have plenty of psychiatric patients ? certainly we don't have plenty of people concerned about palestine politics based on the main characters phone conversation in the film . of course if you worked in a german homeless shelter the unfortunate there would be much more concerned about peace in a distant land than their own personal survival as the world knows how europe is the continent of plenty when it comes to sophistication . br br indeed i agreed with the title in the end as the united states is the land of plenty and in this particular case it refers to the abundance of poor scripts , amateur acting and dispassionately directed films . life is too short and one , even an american , doesn't have plenty of time to waste watching this piece .",0,1
"the thing that stands out in my mind in this film sadly is the introduction , where john berlin andy garcia is driving into town . you see his mercedes pass on a winding road through a forest that looks like its loaded with redwood trees . it's quite beautiful . br br as to andy garcia playing a character with the last name of berlin , well . . . andy is just too hispaniclatin for it to be passable . maybe a caucasian father married his spanish mother for this story ? who knows . but i can tell you that when you put him in a town of farm folks and hicks , he stands out like a sore thumb , especially with his accent that flares up when he gets angry . yeah , i know , big deal right ? he's still a good actor . br br the title concerns a serial killer who nicknames his victims jennifer . all of the victims are blind and he dismembers them . the killer has taken a hiatus but suddenly resurfaces when a blind witness don't ask appears , helena robertson uma thurman . thurman does a good job of playing a blind person , to my surprise . when i saw lance henriksen playing sgt . freddy ross i got worried . henriksen's played in some pretty strange films , especially of late . i still can't forget him in the bloodbath movie , pumpkinhead . br br berlin movies into a small town from l . a . as a detective . he begins investigating the jennifer murders after finding body parts in the local landfill . his brilliance in discovering one of the victims was blind seemed farfetched . so did the irony of spoiler freddy's murder , with the recording and name similarities . i got very confused as to the logic of how there came to be eight jennifers . and the motive of the killer as simply deranged didn't pack much of a punch . in retrospect , this film is probably more true to life in showing an unsuspecting individual as capable of murder simply because they became a little wacko over time or maybe were born looney toons . br br john malkovich does a stupendous job in his interrogation of garcia ! albeit no cop would legally be allowed to press someone that hard and egg them on without rightfully get knocked out . as to the ending , it is a bit of a surprise , but is highly arguable , much like sgt . ross' murder . the killer chooses to walk after his running victim , opting instead to frolick i guess . br br and there are so many opportunities he has in killing her that it's ridiculous . i won't ruin the very end because despite it's shakiness , it's a good surprise . afterward though , you'll probably say , as i did , boy was she lucky ! 410",0,1
"since i'm from norway one of the top ten or so richest countries in the world , it was much fun to watch how we use trucks from the 50ies and live in cottages from the medieval times . and since we have very strict laws when it comes to handguns , it was fun to see how much guns there actually were in norway during the five minutes of the shooting there . mr . directtovideo even managed to bring his silencer on short notice , so he must have powerful friends in the customs . br br please do at least some research before going to an exotic country , dudes you may hurt the feelings of old fans . br br sverre old fan with hurt feelings .",0,1
"i very much looked forward to this movie . its a good family movie ; however , if michael landon jr . 's editing team did a better job of editing , the movie would be much better . too many scenes out of context . i do hope there is another movie from the series , they're all very good . but , if another one is made , i beg them to take better care at editing . this story was all over the place and didn't seem to have a center . which is unfortunate because the other movies of the series were great . i enjoy the story of willie and missy ; they're both great role models . plus , the romantic side of the viewers always enjoy a good love story .",0,1
"despite its stereotypes , virtually 'noname' cast and an obviously low budget i thought this film was alright ; much better than i expected it to be . i was skeptical at first the idea of a computer virus that can also infect people seemed a little ludicrous to me . but in the end , i thought the film handled the concept well even if some scenes were a little clichd . br br the cast was quite good , and the two leads seemed to take their roles very seriously . i couldn't help thinking , though , that janine turner is a bit of a geena davis lookalike . maybe it's just her face or the makeup , hair and clothes she had in this movie but it just kept nagging at the back of my mind the whole time . br br while it's not a 'must see' or a great film by any standard , 'fatal error' is an entertaining flick that will keep you watching until the end .",0,1
"seven pioneer kids strive independently across many miles of indian territory and harsh weather to reach oregon . br br according to history , young'uns who traveled by themselves through long distances of land such as with the 'children's crusade' were manipulated and exploited by being abused and sold into slavery , but these kids are pretty tough and they try their best to prevail in accomplishing their goal of making a homestead out west . film is a little too syrupy at times , but ok for fans of 'the waltons' and 'little house on the prairie' . br br dean smith gives a cool performance as 'kit carson' .",0,1
"beloved tale of hero benji higgins the dog who is many different things to many different people . in his busy day benji grabs breakfast at the house of two young children , has a chat with an officer of the law , chases an old lady's cat and reminds an aging caf owner to start on the day's special . helper to some , amusement to others , he is companion to all . br br trouble arises when his young friends are kidnapped and taken to the abandoned mansion that he calls home . from here on we know only benji can save the day . br br plot is routine from writerproducerdirector joe camp , and he does tend to over do the slow motion effects . audiences though will find it hard to resist the lovable little pooch , and kids of all ages are sure to adore him . cast were never going to be anything but background to benji . br br not what you'd call inspired , but fun family fare . academy award nominee for benji's theme , i feel love . br br saturday , july 13 , 1996 video",0,1
"jason priestly stars as 'breakfast' , a psychotic jewelry store thief whose grip on reality is frighteningly precarious , according to the dvd sleeve , with his accomplice 'panda' bernie coulson , the duo make off with a carload of cash , a result of a tipoff from beautiful cashier 'ziggy' laura harris . her reward to hitch a ride with the outofcontrol duo so that she can meet her longlost father francis stephen mchattie . but he's on a suicidal quest to even a score with his former boss louis gossett , jr . and has the cops hot on his trail . rage , murder and revenge are about to collide ! stay out of their way ! br br the highwayman 42800 keoni waxman jason priestly , laura harris , stephen mchattie",0,1
"the fine cast cannot uplift this routine tale of a secretary murdered by her married paramour . in fact there are more questions than answers in this onesided tale of romance and murder ; and since we are only provided with the prosecution's side , none of these questions will be answered . this is the type of fare that appeals to the he woman , man hater clubs of america . as presented , it is the tale of an innocent woman who just happens to be caught up in a romance with a married , highprofile attorney . is it possible that if , she had not been two timing her boy friend and having an affair with a married man , the whole nasty murderous , sordid incident could have been avoided ? when you watch this , don't worry about going to the 'fridge , you won't miss anything .",0,1
this picture reminds me of a keneth more picture from 1957 called the admirable crighton whilst on the boat he was a servant and on the island he became the master and upon being saved reverted back to servant . madonna did ok in some movies however this one doesn't fire . if there is any picture that show madonna can't act it is this one . br br i am not sure whether this was a subtle copy of the admirable crighton but it sure looks like it and if thats the case then hollywood must be running out of ideas and that is sad . to provide a platform for actors to improve their career profile and just on that this fails in every corner and detail . br br the plot is loose and the acting is mediocre . the script should have been put thru the shredder before taking it on location . while many here have canned madoona for all her acting i think that in films like a league of their own was quite good and enjoyable and who's that girl showed a quirkiness of madonna's style not shown before or afterwards . other madonna films are not as enjoyable and i would have liked a to see a madonna animation series with the character from who's that girl i like the music from these two films however swept away remains at the bottom of the pile here and will remain so . br br everyone has a bomb right ?,0,1
"a paranoid scientist creates a wolfman by transfusing wolf blood into a meek , quiet , but very large gardener , in order to prove an hypothesis . so the gardener begins nightly rampages and the scientist tries to use him to reclaim his credentials , but is rebuffed by his former colleagues for tampering with nature . island of dr moreau , frankenstein and various wolfman films all blended together into a terribly dated , goofy , morality play . br br though the subject matter is pedantic and unoriginal at best , this film is not too poorly made , and interesting to watch as a representative of horror film making of its time . like most mad scientist films , this is a weak warning against fooling around with mother nature . it doesn't have the power or intellectual challenges of frankenstein , but it doesn't ever extend its reach anyway . the acting is passable , as is the cinematography , and the film moves along at an entertaining clip . some of the dialog is utterly ludicrous , but hey . . . it's just a movie and a b minus one at that . there are also a few nice shots of a wolf , and a smattering of humor tossedin to prevent the film from appearing to take itself too seriously always a plus for this genre .",0,1
"when marlene dietrich was labeled box office poison in 1938 one of a handful of actresses so named by the trades papers , it was films like the garden of allah . how a film could be so breathtakingly beautiful to behold and be so insipidly dull is beyond me . also how marlene if she was trying to expand her range and not play a sexpot got stuck with such an old fashioned story is beyond me . br br the garden of allah , one of the very first films in modern technicolor was a novel set at the turn of the last century by robert hitchens who then collaborated on a play adaption with mary anderson that ran for 241 performances in 191112 . it then got two silent screen adaptions . the story is about a monk who runs away from the monastery out in french tunisia to see some of what he's missed in the world . he runs into a similarly sheltered woman who was unmarried and spent her prime years caring for a sick parent . she's traveling now in the desert and the two meet on a train . br br the woman is of course marlene and the runaway monk is charles boyer . i'm not sure what was in david o . selznick's mind in filming this story . someone like ingrid bergman might have made it palatable for the audience . but you can bet that the moviegoing public of 1936 when they plunked their money down for a ticket they expected to see marlene as a modern day salome rather than a saint with that title . the public still remembered rudolph valentino and you can bet that it was some desert romance and seduction that they were expecting . br br as for the monks you have to remember that they are self supporting in their monasteries and this particular one bottles a special wine of which boyer happens to be the one with the secret . the monastery will have to rethink it's economics if boyer leaves . the monks are a sincerely pious group , but from the head man charles waldron on down they've a right to be a little concerned with some self interest . br br anyway a whole lot of religious platitudes get said here by a pair of leads that really are not suited for the parts . most especially marlene dietrich . i would watch this film with an eye for the special color desert cinematography and forget the plot .",0,1
"the broken is part of the after dark horrorfest iii . not a slasher or filled with gore . plenty of broken glass and mirrors in this edgy thriller from france and writerdirector sean ellis . a successful radiologist gina mcvaylena headlyinters a strange world as her life seems to spiral out of control . while attending her father'srichard jenkinsbirthday party , the guests are stunned when a mirror crashes to the floor for no obvious reason . things get really strange when she witnesses a woman that is the spitting image of herself driving down a london street in a car identical to her own . gina sneaks to her doppelganger's apartment and finds a photo of herself with her father . she drives away and is involved in a head on collision . then mysteriously her boyfriend is not the same ; to be exact family and friends are not easy for her to trust . is gina beside herself ? is she in a parallel world ? her nightmares become more horrific . . . is she broken ? br br kudos if you can figure this one out . . . it won't be easy . editing couldn't be any tighter . lighting is questionable . other players melvil poupard , william armstrong , michelle duncan and ulrich thomsen .",0,1
"sure , i like short cartoons , but i didn't like this one . naturally , kids would love it . but then again , i'm not a kid anymore although i still consider myself young . br br i will not tell you anything about the story , for the simple reason there is no story . how is it possible this dragon of a cartoon was nominated for an oscar ? ! well . . . i guess it's because people in the 30's were more happy with not much than now . in the present where we live , everything must happen fast . look at the movies nowadays , and you will come to the same conclusion we live in a society that doesn't allow men to be slow . that's really a shame . i wish i lived in the 30's , because it seems so peaceful . but every time has got its ups and downs , i guess . . . br br to conclude if you like music and frogs , you'll have to see this cartoon . otherwise , don't spill your time on it .",0,1
"cassavetes was clearly an intelligent , sensitive man with bold new ideas about making films . he wanted to be an auteur , to break away from the confines of the system and bring a new realism to the american cinema . for that , i applaud him . br br unfortunately , as a member of his audience , i cannot applaud a woman under the influence . cassavetes took what could have been a fascinating topic an insane woman and somehow managed to craft a dull film , filled with lengthy , adlibbed ranting and drawnout scenes . he seems to have had a gift for capturing the dullest moments of a person's life on film , and it often appears as though he simply turned the camera on his family and let the motor run and run . this tactic would be acceptable if cassavetes had captured something devastatingly real or even a kernel of something so real it touched the heart in ways a conventional film could not . yet i found the performances , particularly rowlands' , to be artificial . i never believed for a moment that she was really insane . i have met people who are truly mentally disturbed , yet i've never seen any of them act quite like gena rowlands in a woman under the influence . she played it like a very obnoxious , uninhibited woman who drinks a lot , and even that was confusing because we only see her drink once at the beginning , but she acts drunk for the remainder of the film . there are some moments in which she taps into something real , but those moments are few and far between ; she fails to sustain a seamless mentally disturbed character . again , i applaud her efforts , but effort alone is not enough to make the performance ring true . br br novice audiences who happen upon this film and see its high imdb rating will no doubt feel compelled to love it and rate it highly , just to prove that they 'get it . ' but don't be brainwashed by the hype judge for yourself . you don't have to pretend to like it . br br like woody allen , john cassavetes could be accused of solipsism in his filmmaking , seeming to find his own psyche and his own life experiences so endlessly fascinating that he couldn't imagine that to others they appeared presumptive and tortuously selfindulgent . but woody allen at least has demonstrated a gift for keeping an audience entertained he knows that a compelling story structure and a good dose of humor are essential to any movie . if cassavetes had employed some selfdiscipline and a sharp pair of editing shears ! , a woman under the influence could have stood a chance . but what's the point of making a 'realistic' film if the only people who can stand to sit through it are the arthouse devotees and film students who worship cassavetes as some sort of antiestablishment deity ? without dumbing anything down , i believe cassavetes could have made a woman slightly more accessible by keeping the pace moving with an actual plot , instead of presenting a string of 30 minutelong scenes of adlibbed arguments . if you just make films for yourself and a few of your fans , you're just reaching the already converted . watch this movie with your own set of eyes and make your own decisions about it . if you are truly moved and fascinated by it , good for you .",0,1
"this rather formulaic swords and flying fists movie is a decent early display of john woo's talents . the cinematography is excellent and some of the sword work is truly remarkable . unfortunately the film labours under the burden of a dull story and a glaringly low budget check some of the setbound fight scenes if you doubt me . nonetheless , it's worth seeing , especially if you can catch in letterboxed .",0,1
"rebecca de mornay can be a fascinating beautiful actress but as for the parts she's given to play , if you cannot say something nice . . . br br de mornay portrays a woman who had terrible traumas as a child with a father she can hardly stand now that she's a grown up and has become a of course brilliant shrink . she has an affair with banderas , whom we suspect of being ouch ! how original ! a serial killer . sometimes she recalls banderas's motherinlaw tippi hedren's character in marnie . but i wouldn't count on ithitchcock died twentyfour years ago , and a lot of regents desperately try to replace him . here the director pulls out all the stops to make a thriller with an unexpected end , but that ending is so farfetched it is absolutely impossible to buy it . the movie includes the obligatory conversations with a serial killer in the silence of the lamb tradition , murders human beings and cats , split personality , and open ending in case the crowds should call for more . apparently they did not , and they were right .",0,1
"somewhere , on this site , someone wrote that to get the best version of the works of jane austen , one should simply read them . i agree with that . however , we love adaptations of great literature and the current writers' strike brings to mind that without good writers , it's hard for actors to bring their roles to life . the current version of jane austen's persuasion shows us what happens when you don't have a good foundation in a wellwritten adaptation . this version does not compare to the 1995 version with amanda root and ciaran hinds , which was well acted and kept the essence of the era and the constraints on the characters with the exception of the bizarre parade kissing in the street scene in bath . the 2007 version shows a twitty anne who seems angstridden . the other characters were not very developed which is a crime , considering how austen could paint such wonderful characters with some carefully chosen understatements . the sequence of events that made sense in the novel were completely tossed about , and mrs . smith , anne's bedridden and impoverished schoolmate is walking around in bath twittering away , as many of the characters seemed to do . the strength of character and the intelligence of captain wentworth , which caused anne to love him in the first place , didn't seem to be written into the rupert penryjones' wentworth . ciaran hinds had more substance and was able to convey so much more with a look , than pj was able to do with his poses . all in all , the 2007 version was a disappointment . it seemed to reduce the novel into a hand wringing , costumed melodrama of debatable worth . if they wanted to bring our modern emotional extravagances into austen's work , they should have done what they do with adaptations of shakespeare adapt it to the present . at least bride prejudice was taken out of the historical locational settings and was fun to watch , as was clueless . this wasn't persuasion , but they didn't know what else to call it .",0,1
"an obvious vanity press for julie in her first movie with blake . let's see . where do we begin . she is a traitor during a world war ; she redeems that by falling in love ; her friends who are presumably patriots because they are german citizens are expendable and must die ; and she winds up as a heroine . ok . the scenes with the drunken pilot and the buffoons who work for french intelligence can't even be described , and we won't even mention rock's romantic scenes with a female . by the way , when they visit a museum , look at his gaze i reran it on video and it's priceless . is it a farce or is it a romantic classic or is it a war movie ? i don't know and you won't either .",0,1
"we can conclude that there are 10 types of people in this world . br br those who understand binary and those who do not . those who understand binary put this movie to its grave along with hackers , while those who do enjoy this movie for the sake that none of this crap could happen . ever . br br for a movie to attempt to be a modern movie with fiction applied to it . it has failed . horribly . only a 11yr old and below can enjoy and only 30yr and up could be scared to have their identity taken . it losses out on the main market for a resale valuei watch it now it is more boring than when it was first released .",0,1
"renting this directtovideo film , i was not expecting an amazing piece of cinematography . not to say just because a film is in cinema it will . only very loosely following the story retold in the epic poem , this film provides a unique take on the tale of monsters and super humans . the general photography can be summarized as conflicted , with its mixture of mediaeval and postapocalyptic reminiscent of mad max . with a rock and techno soundtrack to boot , one comes away feeling a bit off . the fight scenes , though unbelievable , are entertaining , and christopher lambert possesses some of the most interesting weapon combinations i have ever seen on film , though often a tad unfathomably inefficient . the special effects used for the monster grendel are surprisingly effective and are one of the few highlights . br br christopher lambert delivers an average performance as beowulf . it will be nowhere near as memorable as highlander , but at least it wasn't as poor as fortress . the supporting cast is rather neutral . br br if you're looking for a good actionadventure story with a complex and engaging plot , i would not suggest this film . however , if you want a flick that is of little substance , full of campy battle scenes , and a somewhat predictable plot , find a copy of this .",0,1
"so i caught this one afternoon as what lies above and actually watched it because the beginning was somewhat promising . the heroine , diana pennington , is a mountain climbing expert . . . but that doesn't help her when her fianc brian gets hurt on a climb . when she goes off to get help and returns , he disappears from the mountain , never to be seen again . br br two years later , diana is still a climber . . . but she won't go near snowman's pass . that is , until curt seaver appears and tells her that he can find the body of her lost fianc with a new satellite program . she agrees and they take off up the mountain with curt's two assistants his bodyguard hugo and the computer whiz tyler . from the start , you know that there's some ulterior motive going on , but unfortunately the twists aren't good and lead to a laughably bad chase sequence that makes up the last 20 or 30 minutes of the movie . br br the major disappointments are the red herrings , most of which have supernatural undertones that never come to fruition . the object from the sky that fell into the mountains which turns out to be not so supernatural , the story of how snowman's pass came to be , and the most memorable one of them all diana's dream sequence halfway through the movie . but what disappointed me most is where they dropped the ball . the majority of the movie revolves around the search for brian , that's why i can't for the life of me begin to understand why the mystery of what exactly happened to him and where he was is never solved through the course of the movie . this was the major plot . this was how the movie started ! how do you not wrap that up ? br br i wouldn't tell too many people to bother with this one . . .",0,1
"in all , it took me three attempts to get through this movie . although not total trash , i've found a number of things to be more useful to dedicate my time to , such as taking off my fingernails with sandpaper . br br the actors involved have to feel about the same as people who star in herpes medication commercials do ; people won't really pay to see either , the notoriety you earn won't be the best for you personally , but at least the commercials get air time . br br the first one was bad , but this gave the word bad a whole new definition , but it does have one good feature if your kids bug you about letting them watch rrated movies before you want them to , tie them down and pop this little gem in . watch the whining stop and the tears begin . ;",0,1
"everyone in a while , disney makes one of thoes movies that surprises everyone . one that keeps you wondering until the very end . in the tradition of pirates of the caribbean , this movie is sure to turn into a ghost , and kill and rape your village . it's terrible . if you want a mindless , senseless , predictable action movie , go right ahead . i believe that young kids might enjoy this , as they like it when good always wins . but me , i like movies where it's a toss up who's going to win . this movie never lets the bad guys have the upper hand . by the end , when th heroes are left in an inescapeable pit , you just know that they can get out . everything works out perfect for cage and his friends , he never has to think over a riddle or clue for more than 10 seconds , no matter how complex it is . see this movie if you want to see some impressive set designs , not if you want to see good acting , or a good film . go watch a superman movie , it would be much shorter , and the kids would like it more . for instance , the scene where cage is fleeing from armed gunmen , and the bullets are all deflected by a the railing of a fire escape . and i'm not talking about a fence or anything , just one little pole this movie shows the decay of films and the film industry to cheap gags and dull , unrealistic action , which this movie provides in huge quantities .",0,1
"four eyed monsters follows the relationship of a shy , reclusive videographer and an equally estranged struggling artist , who , both living in the big apple , develop an unlikely romance with the help of an internet dating site . this in itself is not so unusual , but what is , is their method of communication . foregoing the verbal , they take to writing notes and later communicating through video . br br the film is based upon the creator's arin crumley susan buice own relationship , who besides writing and directing , take to acting as the lead characters as well . with elements of avantgarde , antiplot , and docudrama , the film scatters itself to the wind with an undecided structure nestled neatly between narcissism and selfindulgence . br br as the movie wears on , a brief separation and deterioration of their once intriguing form of communication grow old as the couple face the hardship of reality . focusing solely on inner conflict , or the woes of relationship , the film struggles through a stagnant narrative that is neither original , nor poignant . this could have been easily circumvented with the addition of subplot and external conflict , and a third act , to which there is none just a montage of melodrama that leads nowhere . br br what is even more aggravating is the film's descent from story into reality that abruptly concludes with an open ended and unsatisfying finish . this would have been all fine and dandy , but there is no question asked and no meaning to be discovered or pondered . br br on a side note , the film contains beautiful animation and a vivid and moving soundtrack , one of the more interesting aspects of the production . br br but as always , watch the film and decide for yourself .",0,1
"let freedom ring was probably made with the best of intentions , but it sends out a curious mixed message in the final product . br br the folks at a western town where the railroad is coming through are overwhelmed by the arrival of immigrant railroad workers , working on the railroad being financed by robber baron edward arnold . there are a few ranchers and farmers whose land stands in the railroad's path and these folks are dealt with summarily by arnold's hired men . one man who won't give in is lionel barrymore whose son is coming home from harvard a lawyer and ready to take up the rancher's cause . br br only nelson eddy decides the best way to fight is to go zorro on the bad guys . but other than charles butterworth no one knows he's the wasp a very interesting choice of names by the way . br br what arnold's done is used the tried and true methods of the political bosses of the east , getting the immigrants to vote . nelson's idea is simple , if the immigrants only knew the truth about what a bad guy arnold is , they'll vote with the original settlers and knock out the alien urban political machine in their midst . he kidnaps newspaper editor raymond walburn and takes him and the press to a mountain cave where some subversive newspapers are printed and distributed . br br the railroad workers are a real mixed bunch of immigrants , not the irish working west or the chinese working east as history has it . it's a real united nations working on arnold's railroad . the workers are kept in line by foreman victor mclaglen and nelson has the unenviable task of beating some sense into him like john wayne did in the quiet man . br br of all the films that starred jeanette and nelson and they certainly have come down in history as a duo , this was the worst of what they did at mgm . nelson is about to be hanged along with barrymore for crimes that are undefined at best , but certainly nothing worth being hung for . and virginia bruce who plays the nelson's girlfriend saves the day with a rendition of my country tis of thee that the immigrants join in with . in the face of a revolt by his paid for immigrant voters , arnold quite rationally packs up and leaves town to build his railroad somewhere else . br br i kid you not , that's the ending here . just what is the message , vote with the settlers and lose your jobs with arnold ? but somehow you'll get by here ? br br i do wonder some times if 20 years from after the incidents of this film take place and the town as settled into a sleepy backwater of the west while some towns where the railroad has come through that are now cities , that the good citizens of that town haven't rethought about what nelson eddy did . if they did they're probably running him out on a rail . br br nelson is of course in good voice and has a variety of concert and popular pieces to sing including a ballad to the immigrants written by sigmund romberg , where else but here . the song is a heartfelt tribute from an immigrant who did make good in his adopted country . too bad it didn't have a better venue . br br the almost platinum blonde virginia bruce i'm sure is dubbed here . and i'm sure jeanette macdonald was just as happy she wasn't accompanying nelson on this trip west .",0,1
"this early b entry into the patriotic category slapped a gorgeous young gene tierney on the ads and posters , but you have to wait a good time before you glimpse her , riding in a hollywoodized camel train . previously , we've set up george sanders and bruce cabot in the desert as guys who barely get along , but must rally in the face of attack . i've seen sanders as so many enjoyable cads that it was fun to witness a rare good guy turn . however , bruce cabot's allure is pretty much a mystery to me he's base and unsubtle in comparison , but i've always felt he'd just emerged , smiling , from under a car , covered in grease and a sixth grade education . some people like 'em that way , as did gene's gypsy queen character . this is an action adventure filler , tho , and just as we've been warned of invading locals with guns , ready to sabotage and attack the brits in their land , there is a final gun battle in which we must lose a main character for the good of all . this feature requires nothing more than your barest attention on a saturday afternoon , a programmer that made whatever else it was paired with better . it was almost more interesting identifying the great supporting cast and a surprise appearance by dorothy dandridge in one of her first roles . a two or two and a half stars out of five . mdm",0,1
"when my own child is begging me to leave the opening show of this film , i know it is bad . i wanted to claw my eyes out . i wanted to reach through the screen and slap mike myers for sacrificing the last shred of dignity he had . this is one of the few films in my life i have watched and immediately wished to unwatch , if only it were possible . the other films being 'troll 2' and 'fast and furious' , both which are better than this crap in the hat . br br i may drink myself to sleep tonight in a vain attempt to forget i ever witnessed this blasphemy on the good seuss name . br br to mike myers , i say stick with austin or even resurrect waynes world . just because it worked for jim carrey , doesn't mean seuss is a success for all canadians . br br",0,1
"this movie is not that interesting , except for the first ten minutes . the pace and editing are a perfect introduction in an ensemble piece , even better than say gosford park . then it inexplicably slows down , loses focus and starts resembling a traditional french movie only to regain focus in the end with the love relation between antoine depardieu and ccile deneuve . in the middle there are too many sidelines and loose ends in the story , several threads started are not ended . br br spoilers ahead the main story is the relation between antoine and ccile . he has been loyal to her after his relation with her many years ago , despite her remarrying and setting up home in morocco . as builder he now rebuilds his own life and recovers hers by taking the mask of ccile's marriage . having accomplished this , he is buried after a freak accident literally and becomes a comatose . he wakes only after she has burned their old picture as indication that they've reconciled with the past and can properly start their lives again together . end of spoilersbr br it remains unclear what vision this director wants us to see us because there are so many other stories here illegal immigrants want to enter europe , there are frequent radio broadcasts about the overthrow of iraq's former regime . ccile's child is bisexual and is bitten by dogs loyalty once he meets his boyfriend , whereas the girl he lives with seems to be sick of that ? . her sister is traditional islamic , and enters a relation with ccile's husband . it portrays morocco as unnecessary backward , despite all the building there is a strange colonial vision shining through that almost glorifies the past . it portrays islam as backward and prone to extremism , which may sometimes be true , but certainly not in general . in the end it can all best be described as adding some couleur locale and l'art pour l'art . br br deneuve and depardieu are great . with this material they are so familiar they are able to spin something extra in every scene lifting an eyebrow , body language , radiating pride , awkward behavior . the movie itself is disappointing and only confirming the limited role of french cinema in the world nowadays . with some notable exceptions of course .",0,1
"this was my very first bollywood movie and i found it in the same way many other recent viewers did through ghost world . having done a little bit of reading up on the film industry of bollywood this week , i understand somewhat why there are seemingly unrelated musical numbers and romance and comedy in a horror film . but something for everyone doesn't always add up to a cohesive product . br br the ultragroovy musical dance number jaan pehechaan ho has captivated the world in a way it probably could not have done in 1965 . it's all over the internet now , with many folks scrambling for a good english translation . laxmi chhaya does an amazing job dancing take after take , making it all look fresh , new and fun even when any normal person would be exhausted ! she rules ! br br on the beach with miss kitty is a lightweight fun and pretty tune in total contrast to the horror plot . still , i find myself singing it in hindi a week later . i found a rough translationbr br if you want to live in this life then listen to what i say leave your sorrows behind and join the party take my advicebr br those who want to live live with laughter and singing let your hair down and relax people of this world what do you know ? come to me and i'll explainbr br whoever there is who will see me will stop worrying in this world fish swim freely here and therebr br my second favorite number in the film is the butler's dream where mehmood is entranced by miss kitty's dancing . the electric tikilike idols are just wonderfully tacky as is the entire set of this number . online , i'd seen it described as what would happen if liberace threw up ! ! way fun . br br gumnaam is not a good movie as a whole . that's why i gave it a rating of 3 . it's actually a real stinker of a film with some fun , kitschy musical numbers that have nothing really to do with the murder plot .",0,1
"stifler , has finished running his naked mile and is now attending beta house . crazy stuff happens , people run around naked and nerds are made fun of and this series is dead in the water . the naked mile was a crap film , but i found it to be significantly better then band camp . it seems they've gone back to what didn't work for them and it shows that they don't care either . you can tell where the target audience is and they nailed it perfectly . young teenage boys who like to see naked women , crude humour and beer drinking will love beta house , everyone else can pretty much look away . br br star wars became a massive success that stunned audiences with it's ahead of its time special effects . lord of the rings created an entire world of mythical creatures and massive battles that dazzled the eye . the matrix changed the way action and scifi films were made , specifically with the cutting edge special effects . with all the advancement in technology , we eagerly await the next big thing that will have our jaws dropped to the floor . then comes american pie beta house , which pushes the boundaries of what technology can do . when people have created spaceships , landscapes and creatures using cgi , beta house decides to use this technology to create semen . yes , the thing that creates life , the thing you see so many times in pornography films is created and time slows down to show us the white residue shoot across the room onto a teddy bear . is this funny ? disgusting ? neither ? beta house shows more nudity then the naked mile , which is surprising considering the previous installments title . does the film need it ? of course not , does it ever advance the plot , does it ever ? does it ever get a laugh ? does it ever get young boys aroused ? yes the women are beautiful , but if i am the one who thinks there is too much nudity then you might as well just have made a porno . br br the female who catches the affections of our main character is pretty and doesn't annoy the viewer , like previous girls have done in the series , but not once did i ever believe this character would ever do what she does . i'm pretty sure every action from the characters in this film are far from realistic . the american pie series has fallen from a realm of reality into a fantasy world . none of the events in this film would ever happen , if they ever did then i need to attend this school immediately . is this film suppose to make people feel like they are having a good time ? well it doesn't , we are watching them have a good time , by the end of the film we hate them for all the fun they are having . br br there is a deer hunter scene in the film , but to make it funny for today's audience they decided to substitute bullets wit horse semen . are you laughing yet ? instead of shooting themselves with said semen in the head , or face , they place the gun in their mouths . are you on the floor laughing yet ? the first time we are introduced to stifler's roommate , he's having sex with his girlfriend . are you cheering at the nudity yet ? the film at first seems like it will be about the boys trying to get into the frat house , but then it shifts to them already being in the frat house , but needing to perform certain tasks . then it shifts to a competition between nerds and the boys . it goes a little revenge of the nerds on us for a bit and it seems out of place . i honestly do not know what these film is about because it goes all over the place . br br most of the comedy seems forced for shock value . even at the beginning with the dad showing his son the list of people he has had sex with . the joke is in there somewhere , i think it might be the fact that his wife is not the last name on the list , or it could have been that one of his son's friend's mother was on the list . either one , it doesn't work . br br i guess if you haven't guessed it yet , this film is not funny . nor does it seem to be focused , the story is pathetic and the so called crude humour that the series has been known for doesn't shock . skip this lame installment and any future ones as well . i do not know why i have seen all the entries in the series , but for some unknown reason they seem to have found their way to my eyes .",0,1
"i love this show . i watched every episode last year . i bought the dvds . and i tune into to watch tonight and i see for some reason you have retooled this great show . and you have taken what made it work and ruined it . you took one of the best aspects of the show away which was the 4 friends . sam , sully , lizzy and piper . i love the other characters as well , but they are good in small dozes like derek , darcy and even sully . it is like the show lost some of its family and everyone else is trying to hard to fill in . it is overdose . while things are funny in small dozes when you are exposed to it all the time it goes from funny to annoying . i was so looking forward to the return of this show . so please bring back the charm . even if you could not fit piper into the show at least bring lizzy back . but i loved those girls . they brought the fun . the show was about sam trying to live his business life and handle his personal life and friends as well . that was the charm . and that great dog as well . br br i hope the network fox forced the writers to do this and the writers did not willingly do this to the show . i will give the show a couple more episodes before i give up , but tonight's episodes were bad . i made a big deal out of the show returning tonight and had people over and i felt like a fool , because no one was laughing except 23 times . i apologized to them and said i don't know what happened . and about 10 minutes into the episode i realized they were not going to show piper or lizzy and this was no longer a must see tv comedy .",0,1
"i picked this movie up to replace the dismal choice of daytime television and to go with my thirst for femme fatales . well , for the previous , it is better than daytime television . . . . though i'm not sure how much . br br it does have its points but after about the first 2030 minutes , the good points pan out and one comes to the conclusion that they are watching a made for tv movie that was put together with not much time to make something that will hold together . in short , a terrible sci fi channel type movie . br br it has its points such as the future is dirty , like blade runner showed . . . . . of course , this is no blade runner . the captain looks , sort of feels like actor robert forster , the kind of person one might want to be around . br br but unfortunately , it rather ends up feeling like a bad andromeda rehash where the muscle of the crew consists of poor copies of the smart gunners of aliens , the mystic is vampire willow sexually intensified , and the new captain might as well be like janmichael vincent running around on danger island in the banana splits ; he only put on the uniform with the epaulets ; he's got very little right to it . all of them running around with their version of force lances inside a ship that looks very much like the 'eureka maru' as they are fighting a class of 'people' who occupy the universe and are broken up into several different tribes or sects of different evolutionary qualities . . . . . . . just like the nietzcheans in andromeda . br br it might have a redeeming feature with michael ironside , but after a while , one gets the feeling that he took the part as a hoot ! he probably had fun doing it , but it doesn't help the movie much . br br it's . . . . . okay . okay in the way that one might watch the dvd once without turning it off ; if they watch it with commercials , they will probably change the channel . one might watch it once . . . . . . . . . . but a few hours later , be wondering what it was that made them watch it all . br br for me , that was the femme fatale . . . . . . . . . . . . . when she was fighting .",0,1
"pointless movie about making a movie . no where near the flesh shown in the original , which was quite enjoyable and even had fun music . not here . br br it's always fun seeing the pathmark guy though .",0,1
"i know that in this episode there's other stuff apart from what i am going to discuss , and in fact i think it has some virtues ; for example , the fact , after we had been given a very negative opinion of jin from seeing sun's flashbacks in house of the rising sun , we get to see jin's side of things and get a new , more balanced understanding of his life . br br but there is an element in this story that made me so deeply uncomfortable that it greatly dampened my enjoyment of the whole episode . before now , in the scene where jin appeared with blood on his hands and shirt , it had been hinted that sun's father was someone who was getting rich through shady , illegal methods . i thought maybe he was a mob boss , even ; mobs operate in korea , just like in almost every other country in the world , so it was a reasonable possibility . however , in this episode we learn that sun's father is in fact the boss or a top executive of a korean automotive company , and that what jin had been doing was physically attacking a government official who was actually going to be murdered on his behalf . br br i may be especially touchy about this because i happen to work in the automotive industry , but i would say it is spectacularly offensive and racist to even suggest that this kind of thing goes on in korea ; that huge , serious companies like hyundai or kia which must be the model for this fictitious car company , as they are the only ones that actually exist in reality operate with these mafialike methods , instead of like any normal automotive company of the west . it is just unbelievable to me that the writers would have the gall to write something like that into the story , and that there hasn't been an uproar in korea over it . it feels like extraneous buy american ! propaganda , portraying foreign car companies as criminal , untrustworthy , thirdworld outfits .",0,1
"the strange people living in a town go about their lives . there's the licker a guy who licks everything , a dumpster diver that finds a body which he takes home to live with him , a crazy girl with a doll dressed like her , a guy who wants to cleanse girls of their wicked ways . . . offbeat in the extreme , this shot in black and white movie is better with out the color . the monochrome takes the edge off the two steps up from home movie feel . like a troma movie , this movie is fun in fits and starts but mostly its weird for weirds sake and soon becomes a crashing bore since one you see the set ups you can kind of guess where its going a lot of the timenot always but enough for it not to be fun . though i didn't see the cleansing coming . worth a shot if you've nothing else to watch and you're waiting for the next set of golden girls to come from netflix .",0,1
"if you are under the age of 6 or 7 , then you're going to really enjoy this movie . my youngest daughter is glued to the tv when she watches it . as an adult , i can't stand it ! ! i'm all up for sequels . . . . when they have a decent storyline . but this is nowhere near up to standard . please forgive me for slating what is after all a kid's film , but when you have to sit through it nearly every day when your kids who love it so much , you'll understand why . my daughter would watch this film over and over again on the same day if we let her . br br i've given this film 4 out of 10 purely for the fact that it keeps my youngest entertained .",0,1
"ivan reitman is something of a savior . the most tired plots ghostbusters , evolution come to life in his skilled hands . even his occasional flop six days , seven nights show signs of life and humor that make it worth viewing . so i was disappointed that reitman could not take a fairly original plot man dumps superhero , superhero gets superpowerfueled revenge , and shape it into something enjoyable . girlfriend is an exercise in pointlessness . the onetrick pony plot is long in the tooth after the first 20 minutes . the film can't decide whether to be romantic comedy or superhero drama . the result is a film the flipflops between both , with neither aspect being very well done . uma thurman is tops , as usual , and luke wilson pulls off his role too , though his slacker antics quickly grow tired . what's even more maddening is that , in certain scenes such as when a very turned on uma knocks a headboard through a wall , you sense a witty , raucous reitman opus practically screaming to get out . but seconds later , the magic is lost , gone as quick as the superheroine whose movies disappoints in almost every way .",0,1
"there are just so many things wrong with this movie . br br jeff bridges weird accent . br br rita's ability to crack the password code br br the entire script br br the ending esp the last scene when two coffees are brought to the table for jeff and rita and the publisher . j r laugh and say we don ; t drink coffee anymore . well , why did they order it then ? ? ? they obviously did . if they didn't and the waiter brought everyone a coffee by default there would have been three coffees . br br total tosh .",0,1
"threadbare horror outing has an innocent teen meg tilly , appealing as always attempting to get in good with the popular clique at school despite the fact they seem to hate her outright and letting herself be subjected to their sororitylike initiation spending the night in a creepy mausoleum . despite the complete absence of originality , this lowbudget thriller manages to come up with some decent special effects and has several good performances particularly by robin evans , oozing campy viciousness as the leader of the girls . the script isn't razor sharp , but it has enough quirks to make the proceedings somewhat bearable . from",0,1
"writerdirector bart sibrel bases his work here around a can of film that he says was mistakenly sent to him by nasa . he says it shows the astronauts faking the television footage of their trip to the moon by employing camera tricks . the astronauts were in low earth orbit all the time , and editors on the ground composed this raw footage into just a few seconds of finished film . br br unfortunately sibrel's research is so slipshod that he doesn't realize his backstage footage is really taken in large part from the 30minute live telecast also on that reel that was seen by millions , not hidden away in nasa vaults as he implies . and we have to wonder why sibrel puts his own conspiratorial narration over the astronauts' audio in the footage , because hearing the astronauts in their own words clearly spells out that the astronauts were just testing the camera , not faking footage . br br finally , anyone can see the raw footage for themselves without having to buy sibrel's hackedup version of it . he shows you more of the zapruder film of jfk's assassination than of his smoking gun . sibrel thinks he's the only one who's seen it . what's more revealing is the clips from that raw footage that sibrel chose not to use , such as those clearly showing the appropriately distant earth being eclipsed by the window frames and so forth , destroying his claim that mattes and transparencies were placed in the spacecraft windows to create the illusion of a faraway earth . br br as with most films of this type , sibrel relies on innuendo , inexpert assumption , misleading commentary , and selective quotation to manipulate the viewer into accepting a conclusion for which there is not a shred of actual evidence .",0,1
"a lessthansubtle poke at the beliefs and teachings of the catholic church is given a darker shade of death near the end of the show . throughout the show , dark humour plays a medium through which several commonly heard rhetoric questions are asked , especially if god is so good , why does he allow evil to exist in the world ? br br diane keaton is excellent in her role as an exaggerated version though some might disagree of they stereotyped religious teacher who spouts the company line and condemns half the world to burn in hell . to celebrate her school's 25th anniversary , she invites her first students to return and perform their christmas pageant . br br however , when the quartet update their play to parody sister mary's fallacious teachings , the nun is pushed over the edge , sending the story spiralling into a chain of unhappy events . the ending finally leaves the audience with a sick feeling in their hearts . br br not recommended . go watch the play instead .",0,1
"okay , granted , i am a fan of lowbudget horror , which along with it , does come the occasional piece of garbage that even the most diehard fan of campy flicks can not bare to stand witness to . . . trancers 6 , directed by demonicus's jay woelfel . br br first of all , the trancers series , started back in the mid80s by charlie band and his empire pictures , is basically the franchise that it is because of tim thomerson and his excellent portrayal of trancer hunter jack deth . well , low and behold , due to the sinking budgets of full moon features which , despite what people have said , have actually brought along very high quality features , such as hell asylum and dead rotting , thomerson did not return for the sixth installment . br br full moon writer courtney joyner returns once again and delivers another belowaverage screenplay , which features jack deth played by thomerson . . . in flashbacks , which are extremely poorly inserted . . . he has a different hair style like every time he is shown , and some shemp' laying on a table going down the line into his daughter's body . well , from here on out , you have jo deth acting like jack . . . but its a shame that she really doesn't give off the same screen presence as jack deth did . br br the film , shot on 16mm , is , simply put , an embarrassment to the trancers name . . . no offense to anyone at young wolf productions . i mean , i respect you guys for actually wanting to jump forth and do a trancers film without tim , but with a little more time despite it being filmed since december of 2001 , it could have been better . br br however , check out full moon's dvd of it , which is a double feature with the original trancers , and features trailers for the last 10 plus full moon features . br br overall , i would probably have liked the feature more if it wouldn't have the trancers name , but like anything , you can judge it by someone's opinion and you must check it out for yourself !",0,1
"where do i begin , its one of the most frustrating movies i've seen because it makes a lot of sense in terms of the point but it comes off as seriously stupid . a movie about a ghost inhabited bed ? ? the first 2 minutes of the movie shows a black and white flashback of a weird looking fat dude going dominatrix on a fabienne from pulp fiction lookalike contest winner and strangles her with his tie . this is supposed to set up how the bed factors into the story . still though , if you wanted an opening to keep people interested or send them away early , having a strangulation is the way to do it . fast forward to the present day , a married couple moves into an apartment with a friendly landlord and begins unpacking their things , so far everything's normal . then one night while doing the hippity dippity on a single mattress , they realize they need a bed frame . this is where things get fishy , why didn't they bring or buy a gd damn bed frame before they got there ? we learn that the door leading to the attic where the first 2 minutes took place doesn't open but then once the couple realizes they need a bed frame , the door magically opens . they go up to the attic and discover the old bed frame and decide to bring it downstairs and their lovemaking days are saved . . . or so they thought . the rest of the movie centers around the both of them being haunted by the bedframe . the female is an artist so she starts drawing up the ghoulish images she dreams about and the male is a photographer so he starts having his models act as if they're bring tortured or tied up . one of which has gray hair and appears over 50 years old , yuck the female grows increasingly scared and she discovers the house she lives in was once a haven for serial killings and murders which bring about the end to the movie . they find the friendly landlord murdered which makes no sense since ghosts need to take a human form to kill and decide to get the hell out of dodge . while packing up , the husband moronically goes up into the attic where he is possessed by the crazy fat dude and the female bashes his skull in before the cops show up and take her to a mental ward where she kills some dude trying to hit on her . br br well if you've read this far you have to be thinking one thing . . . . . . . why the hell didn't they just throw the bedframe out the window ? ? ? ? seriously , they never said anything about the actual house being haunted , just the bed . . . . so why not get rid of the damn thing and move on ? that's why the movie is so frustrating because it actually is a good plot and the actors follow suit accordingly but there are more holes in it than sonny corleone at a toll booth . the couple did try to leave town as upposed to every other movie that has the ol oh lets give this place a chance honey scheme going , so props to that . still though , me and my buddy who watched the movie kept saying every 5 minutes . . . . why didn't they just throw the bed out ? especially once they learned it was haunted would have been a good time to set it on fire or something . br br all in all its a nearwatchable movie with plenty of porno like bed scenes and a believable plot to an extent but the solution is so simple you're scratching your head by the end of the movie wondering how stupid can the married couple be ? the highlight of the movie is when the husband tells the 50 year old model to spread her legs and his assistant tells him that he can't shoot her like that . br br 4 out of 10 a low budget porno the man show would love",0,1
"the dvd version consists of 2 episodes , the parricide of caesar being the juncture . in addition , the language was spanish without subtitles . hence , it's hard for me to review in depth this movie because because i didn't understand what was said . br br cleopatra being an historic icon , the part is very difficult and i found that for a newcomer , leonor varela just plays fine . she is strongwilled but also a very supportive , tender soul mate . thimothy dalton as caesar is perfect and their romance is the main thing of the first episode . so , it is not really a documentary , nor a peplum but a great love story . br br after the parricide , a new lover comes marcantoine but the flavor is gone we remember always our first love . so , i found the second episode dull and their tragic fate isn't told powerfully . br br nonetheless , the production is luxurious the sets are big , tastefully decorated ; the moroccan live location exotic and the wardrobes splendid . the producers have a lot of money for sure , but they spend nothing on the special effects . they are so poor blue screens , ships , sphinx that it's funny . br br finally , i would like very much to hear it in french or english to make a definitive opinion about this two movies .",0,1
"rocketship xm should be viewed by any serious movie buff for the following reasonsbr br 1 it is one the first and the few movies not to have a happy ending . doubtless the effect was more profound in postworld war ii america than it would be today , but nonetheless the sad ending adds to the film's message . br br 2 it is also one of the first movies to deal with space travel in a serious fashion , using space as a valid setting for drama . the lack of scientific background notwithstanding , the movie stands on its own as dramatic fare . it's not so much a space drama as it is a drama set in space . br br 3 the antinuclear war message is delivered in a serious manner that is not lost in sfx involving large grasshoppers , men , or animal . the effect of martian society from nuclear devastation is starkly and frankly presented . the fact that the survivors from the expedition crash land and as such are unable to preach the lesson learned on mars adds another element of sadness to the tragic ending . br br sterno says take a ride on rocketship xm .",0,1
"harrison ford playing a playing a cop in a crime thriller . the perfect ingredients it seems for top entertainment with harrison back to his indy and han solo best , protecting a witness from ruthless and merciless murderers . how easy it is to be fooled . if the film concentrated on the main , supposed , themes of crime and suspense instead of putting up barns and shoving ice creams in peoples faces it possibly could have been more worthwhile . unbelieveably predictable with the best method of despatching of a foe is with corn .",0,1
"maureen o'hara is always beautiful and appealing . here she plays an actress terminally ill . we don't know with what . it is a bit of a precursor to love story in that respect . br br william bendix is good , as is most of the supporting cast . john payne is meant to be grieving but he seems to sleepwalking . the girl who plays the child he and o'hara adopts does her best with a contrived plot device of course ! adopt an orphan . she will live on after the passing of your wife . it's a sweet movie but it doesn't feel sincere . i was hoping to be moved . i was , by o'hara's gentle performance . but i don't like to feel manipulated .",0,1
"the film is a gross misrepresentation of orthodox lifestyle and practice . never will a jewish court enforce a divorce between childless couples . although the concept exists in jewish law , the conditions are too numerous for it to actually ever take place . childless couples do find it difficult to cope with their childlessness in a community where children are a very important part of life , but nowhere are they rejected by their community as depicted in the film . they are treated with extreme sensitivity . in fact , many great rabbis have lived their entire lives without children and never considered divorce . br br the depiction of yosef , a horrible human being , is meant to perhaps subconsciously show the behavior of a typical orthodox male . in reality , it is as typical as a violent drunkard rapist is typical of secular society . both exist in their own worlds and both are despicable . br br it is surprising that so many people form their opinions about a society based on a movie by someone who is personally biased against a community . i have always thought that it is only the orthodox , because of their narrowmindedness and insular lifestyle , who judge all secular people based on the violence and immoral conduct they read about in newspapers or see in the movies .",0,1
"if you live in the suburbs , are relatively well off financially , and do not really have much contact with the city life of england , then this is the comedy for you . not something a mass audience would go for , but if you're like these characters they show you'll love it to pieces . overall this is a comedy that the snobs at the bbc will sit back and laugh at for their pleasure and only a select few of the publics . comparing it to bbc comedys like only fools and horses , fawlty towers , black adder , and other classics , this series tends to drift away from the bbc's regular product to the audience and deliver to somewhat of a folk culture .",0,1
"i feel much less generous with this film than others of its ilk . the portrayal of madmen in this century is always done with them being so totally bizarre as to be a different species . their antics are so outrageous as to be totally fictionalized . everyone is napoleon or some other historical figure ; or they have a fascination with chickens . they are on the make or beating each other up . it's as if the scriptwriter said , what can i make up for them to do , without an sense of what insanity or even mental illness is . watch the wonderful human portrayal in one flew over the cuckoo's nest where the illnesses are believable and real . i once worked in a state mental hospital . i didn't see any of these guys . these are too smart and calculating to make them come to life .",0,1
"each year the company called nu produces couple of action packed , full of suspense movies . this little nugget , called shadowcaster iiiuntil i visited this site i wasn't avare this is a whole trilogy , is a great example of the good job the company is doing . frank zagarino is as mean as always and does a great job as almost undestructable ? , schizophrenic ? ? android . i won't waste any more words since i don't want to reveal the terrific plot and ruin you a couple of great laughs . br br rating 210 revard for those hard working tehnicians . man , putting together this kind of rubbish must be nervewracking .",0,1
"tara reid as an intellectual , christian slaterusually great as a dollar store constantine and stephen dorff as . . . well it's stephen dorff for christ sake ! ! ! ! i personally just want to thank those brilliant casting directors for the hard work and effort . you guys are on . heres an idea , just my humble lowly opinion as the movie going public but it follows directly with your previous choices , a movie about the most brilliant neurophysicist in history invent one pill to cure all diseases ever known to man and get this , heres the clincher they have to be played by jessica simpson and paris hilton . i knew you guys would love that . seriously though you owe me 7 . 50 .",0,1
"i have read several good reviews that have defended and critised the various aspects of this film . one thing i see , over and over , is annoyance with megan , the idealistic political scientist , trying to change the world . i loved her character . maybe , because i am a 23 year old political science student and i think i'm going to change the world too , so i relate to megan . besides , she's cute . she's no super model , but more of a cute girl next door . br br ok , so she cried and screamed a lot . it's very dramatic , and seems overdone , but doesn't it fit her character ? she goes on that show with the intention of sacrificing her life to prove a point . she thinks people who enjoy such a show are sick . i think she made her argument very well . of course , being a young naive girl , she is terrified of what she is about to face . i think her acting accurately portrays a young girl showing moral courage despite her overwhelming fear . furthermore , i think she maintained a certain dignity throughout the film despite the desperate situation she was in . br br as for the movie in general , other than megan , it was pretty much what i expected . it had excellent gore scenes , by microbudget standards . the plot maybe took a quick thought , hardly any contemplation . it's basically just a dark humorist senseless slasher film , which the name implies . i love the sadism of the doctor . he kept ripping megan's shirt off , not just for the cause of sleaze though largely so , but also to torment her , before he kills her . the chainsaw hick was hilarious . for slasher film lovers , he was probably the best character . br br i give this film 4 out of 10 . it had a good setting , almost no plot , and a mix of good and terrible acting . i would recommend it for a cheap thrill , but hardly a diamond in the rough that is microbudget horror .",0,1
"the best thing about camp films in general is that you know what to expect . it's like watching a professional wrestling match or a day time soap opera or a jerry springer show you immediately can follow the skimpy plot , identify the cardboard characters , and watch in satisfaction while all the cliches are being fulfilled . however , at times , the director does something real unexpected . it may be something extraordinarily stupid , or something weird , or something insightful . the director makinen is up there with the best camp directors , and this is his best movie . br br in yon saalistajat , everything seems to come together . there's nothing good about it , but still manages to be a coherent whole . not once does the movie slow down the action flows on and punches keep on coming . br br the weirdest thing is that there's no sense of time some characters seem to take months doing something while other characters have only spent one hour at a bar . this is partially due to finnish summer where the sun never sets , so you don't experience the day turning into a night at all . br br finally there is a plot , there , somewhere . you may have to watch the movie three times before you realize it , though .",0,1
"i really enjoyed the first film and when it turned up again , without thinking , or checking , i took a family of friends to see it . i was ashamed that i had enthused so much about it to them . br br disney processed the original film just like the human body processes a delicious meal takes in something good and turns out . . . well , you know . and by having a darkskinned person as the fbi man , the results of fingerprinting the informant were subdued . br br taken as an isolated film , i suppose it is not too bad if one likes that weird sort of thing , but when one has read the book or seen the first film horrible !",0,1
"if you like me enjoy films with plots and convincing actors then alien vs predator requiem is probably not the way to go . in summary , alien lands in typical american town , predator lands in american town , both have a bit of a fight , us government blows up town , some people get away . . . . . i'm sorry i think i might have spoilt the ending . its easy to criticise someone who's being critical ; people cry out , i bet you couldn't do any better ! i bet i could ! having made this film , watched it and then turned to congratulate each other with a pat on the back and a job well done ; there must surely have been the spectre of lunacy in the room .",0,1
"if you have plenty of time to kill and the dvd was given to you by your friend for free but still it may require lot of courage to watch this film which does not have good script or humor for that matter . br br on the acting front imran is frozen in timeacting , tushar kapoor was slightly better than imran in this movie paresh rawal was good at comedy was usual . br br the story revolves around a college campus where imran is a bad boy n tushar is the good one , they pretend to be the opposite of respective nature and so the story goes on . . . . . br br watch it only if you don't have any thing to do and the film is running on your local cable tv .",0,1
"you know i only watched 15 minutes of this film , so i can't really describe how great it is . i mean the concept alone is so original and intriguing it just did not let me go . then there is the mass of academy award winning people involved here plus the academy award nominated director . you just can't miss . i mean imagine it is the middle of the night and you're not sleepy yet . this film comes on . you watch it and are shocked . it is so brilliant , so original it is so great . it will feel to you that half an hour later you've turned off the screen , but as you go to your bed you see it's only 15 minutes after midnight . enjoy ! ! ! br br 3 out of 10",0,1
"a couple of friends and myself visited the video shop a few years back and we were in one of those moods to rent some cheesy non seen flicks . my friend grabbed head of the family and we were greeted by a head sitting in a wheelchair . well that set us off laughing and we decided to have a bet to see who would be the one who had to go to the desk and pay for the movie . well you guessed it , it was me ! ! ! ! ! ! ! ! i have never been so embarrised in all my life . we got home and put it on and we rolled about the floor laughing for about 45mins because this was the funniest film in the world . i cant remember much about it but one thing i do remember was the blonde girl getting it on with some guy in the back of a shop every 5 mins . that head made me laugh and when i look at other peoples comments aboout this movie it makes me laugh even more . head of the family is so good and the head is funny and im still laughing ha ha ha ha ha ha ha",0,1
"this is a awful remake of a very good movie called up in the air starring frankie darrow , mantan moreland and marjorie reynolds . i was only able to get through about 20 minutes before turning it off . almost all the lines are identical , i have no idea why they would redo the movie . i totally disagree with a previous post that dislikes the songs there the same also , in the original the singing is first rate , i'm not sure if marjorie reynolds actually did her own singing , it's hard to tell since the vocals were usually added later , and the songs are very good , surprising in a b movie . if you get the chance see the original it's available on dvd . you'll be pleasantly surprised .",0,1
"took a chance to see if perhaps a really good wwi film had slipped my noticethis isn't it . john phillip law and don stroud are both stiff in their acting and miscast for their roles . the dialogue is dumb or nonexistent ; the flying sequences are okay but pretty repetitive . compared to the terrific blue max this movie should never have been made . watch george peppard , james mason , and usula andress in the bm and you get why that movie is one of the best war films ever made and this isn't . recently released on dvd richtofen and brown is presented as some great 'lost classic' from the 70's , i resold mine the day after i bought it . don't waste your time or .",0,1
"a chicago couple , dillon and dougherty , are falsely accused of killing their daughter . people begin to wonder if they did it . the police investigate and find suspicious evidence . the couple are maligned by the public and accused in the press . the cops speculate that they are satanists and have ritually murdered their own daughter . they are charged and brought to trial . they are represented by publicityseeking lawyers who give them bad advice and bill them for 100 , 000 . the evidence presented against them is twisted or hidden by the police . fabricated intimations of sexual abuse are presented . their other child is taken away from them and put in a foster home . dougherty is pregnant and gives birth to find her baby removed . verdict , she didn't do it but he did . he goes to the slams with a sentence of 45 years . br br in the last third of the movie , with dillon in jail and dougherty wondering what to do next , we see people who have been antagonistic now slowly coming to the couple's defense . witnesses admit to having lied . other facts are brought to light that , finally , result in dillon's release . the killer is never found , though the movie gives us a thorough whacko as a plausible perp . br br this is a weeper from beginning to end . nothing seems to go right for the couple . oh , there are a few happy moment , maybe a party where everyone is glad to be together and tearing up with joy , or some point of evidence in their favor is discovered and people hug one another . but it's never long before someone rushes through the door with more bad news and all the faces are frozen in tragic disbelief . usually a fade to block follows . there isn't necessarily anything wrong with moving tragedies , although i can't imagine what pleasure we get out of seeing people suffer . there's plenty of tragedy in shakespeare too . i suppose whatever we find interesting about tragic stories lies in the way they're told . oh , but i am fortune's fool ! romeo cries after killing juliet's brother . here we have dougherty running in her robe through a hospital corridor , screaming , where's my baby ? ? ? there isn't any ambiguity or irony in the story as i'm sure there must have been in the real life events on which it's based . people are either good or bad here . or else they're bad , then they turn good . br br the film isn't aimed at exploring human quirkiness , or the way things work out . it's aimed at wrenching tears from the audience . the actors provide firstrate role models . i can't remember the last movie in which i saw so many tears . there are rivulets of tears . showers of them . cascades of them . a veritable niagara of them . a lake lacrymose of them . br br well , i'll give one example of the efficiency with which the movie is crafted . dillon and dougherty hire a chicago cop who works on the side as a private investigator ed asner . asner is sympathetic to them but he doesn't really accomplish much . he seems to be in the movie not because of his importance to the case but because he can provide the victimized couple with a kind of philosophy learn to live with it , which is okay and because he suffers from colorectal cancer , so we can watch him take his medicine , double over with pain , and finally pass away . br br what's frustrating about the movie is that in focusing so intensely on the suffering of the couple , it sidesteps one of the more important issues that it raises the function of gossip in regulating private lives . br br gossip is a strange thing really . if we call it gossip it's bad , but if we call it public opinion it sounds acceptable , at the very least . of course we all have convictions about issues that may or may not be justified . as i write , michael jackson is once again being brought to court accused of molesting a young boy , and i wonder how many of us thrilled at the news and immediately assumed he was a pedophile . but gossip isn't all bad either . it's like water . when it's properly controlled it's a community asset . we need gossip to keep each other in line . it helps us to maintain public order . but , like water in a flood or a tsunami , it is ruinous to a village when it rages out of control . br br this is a movie that's okay if you're not looking for too much in the way of insight into human nature . it's done so cleverly that , given its goal , it's hard to argue with it .",0,1
"this was a very good show . i enjoyed the construction of real time and flashback , seeing the old diggers meeting again and recalling the terrors of their captivity in changi pow camp . the main problem with the way the show was written is that the scenes of life in changi are more like a holiday camp than what the place must have been like . i am old enough to remember film footage of the men being liberated from changi and other japanese pow camps . no actor could lose enough weight to have a resemblance of the state of those men . they made the jews of belsen look like sumo wrestlers . i have met several veterans from changi over the years . many would never ride in a japanese car , let alone own one . the physical and mental torture those men endured was too horrific for them to even talk about . what percentage survived ? john doyle might be ok writing comedy for roy and hg i hate that too but this is a serious sugar coating of history that should never have been tolerated . i'm happy for satirists to write the life of brian and make fun of the crucifixion because it is obviously comedy , even if some consider it to be in bad taste . changi is written as a portrayal of a real event and , as such , might be regarded by younger people as a true record . great performances by a fine cast cannot redeem this lightweight screenplay .",0,1
"the 1998 version of psycho needed to be set back in the 60's , rather than present day . the headliners would have done a good job with the setting . there were two scenes that just stuck out like a sore thumb . the first one was at the beginning of the movie when marian crane anne heche was sitting at her desk . her boss took his client into his office because it was air conditioning . i imagine that the majority of arizona businesses have air conditioning . the other was the meeting of lila crane julianne moore sam loomis viggo mortensen . lila sporting the walkman seemed like an exaggeration to update the movie . the movie did spook a number of the viewers in the theater .",0,1
"a movie has rarely left me as cold as this one . there is not a bit of tension , not a second of fear , not a moment we jump , even a little bit . the girl is cute , yeah . that's it . was that worth a movie ? i knew it wasn't supposed to be a great movie , but i was at least expecting one .",0,1
"'helen of troy' follows the story of helen and the outbreak of the trojan war . this is more of a love story between helen and paris , who is shipwrecked and falls in love with helen without knowing she is queen . the film portrays the couple as lovesick and wanting nothing more than to be together . other films and books have different portrayals of the characters , but in this one , they are simply hopelessly in love . the film is pretty slowmoving in some places , but the battles and the detail to the scenery are done pretty well . there are also some good performances . i thought that the slave girl did a particularly good job , and she was one of the most wellliked characters . br br overall , this is a good adaption if you can look beyond the slowmoving story in places and look beyond some of the cheesy romance and dialogue . in my opinion , a perfect iliad film version has not yet been created , but this one is entertaining and does have some good bits .",0,1
"when nave young eddie hatch , a window dresser at savory's department store , falls for a statue of venus and gives her a chaste kiss , venus steps off her pedestal and gives eddie more than he bargained for . this creaking example of what hollywood can do to a broadway musical manages to emphasize the inane story and eliminate most of the firstrate songs . the purpose was to make a safe , popular movie without too much investment while capitalizing on ava gardner's upward mobility to super stardom . robert walker as eddie gets lost in a thankless role . eddie's not just naive , but dithering and hapless . gardner is gorgeous , but the only things that give the movie any life are olga san juan as eddie's loving but jealous girl friend , tom conway as the suave owner of savory's and eve arden as savory's long time , wise cracking secretary . it's a role arden could play in her sleep , and she's good at it . br br the musical opened on broadway in 1943 and made mary martin a bigtime star . the only point of a musical , however , is to have music . since one touch of venus was intended to be a social satire of sorts , kurt weill , composing , and ogden nash writing the lyrics , came up with a series of stylish , witty songs and one masterpiece . without the satire , or the clever songs or martin or an equivalent showstopper , the movie becomes just a weak comedy fantasy where much of the comedy is predictable and the fantasy is worked to death . br br not only did the producers of the movie toss out almost all the weillnash songs , they brought in the movie's music director , ann ronell , to write new lyrics for one of the songs that survived , turning sharp observation into loveydovey romance . ronell was no hack ; she wrote willow weep for me . wonder what she thought about while she replaced or tweaked ogden nash's clever work . br br the one bright spot in the movie is that weillnash masterpiece . speak low is as great a love song as anyone ever wrote . it's given one of those ultraprofessional and lifeless treatments by eileen wilson dubbing gardner . dick haymes contributes a chorus . br br as for ann ronell , she was one of the few women in hollywood to become a major music director , as well as composer and lyric writer . yours for a song the women of tin pan alley is a fascinating documentary of some of the women who made it in the business , including ronell , kay swift , dorothy fields and dana suess . and for those who would like to hear what little of the weillnash score was recorded by the original broadway cast , you might be able to track down the cd , one touch of venus 1943 original cast lute song 1946 original cast . the music is paired with lute song , another broadway show that starred martin .",0,1
"former private eyeturnedsecurity guard ditches his latest droning job and is immediately offered a chance to return to his previous profession . his assignment to tail a mysterious french woman newly arrived in california . . . and apparently wanted by suitandtie racketeers . unsuccessful attempt to update the film noir genre , without enough sting or wit or involving plot dynamics in the screenplay . director and coscenarist paul magwood who later claimed the picture was edited without his involvement doesn't give off the impression of having high regard for the '40s films his chandler was borne from ; his nostalgia is appropriately rumpled , but also bittertinged and somewhat indifferent . the handling is curiously , commendably lowkeyed , and warren oates is wellcast as this '70s variant on the 'private dick' archetype , but the movie doesn't have any snap . nice to see leslie caron and gloria grahame in the castthough neither has much to do , and caron's hotandcold running character is exasperating throughout . vivid cinematography by alan stensvold , nice location shooting , but it fails to come to any kind of a boil . 12 from",0,1
"the sitcom the league of gentlemen follows the lives of several bizarre inhabitants of the fictional village royston vasey . the different scenes are linked together by their common setting . br br in the first series , a sketch show , the main plot deals with a new road which is going to be built through royston vasey . consequently , more foreigners visit the small town . but edward and tubbs , the owners of a local shop , which is actually far away from the town , do not like foreigners . whenever a visitor enters their shop , they kill him . in my opinion some scenes are kind of tasteless and not funny at all , for example , when the couple absorb two engineers who want to build the new road . edward drums , while tubbs is dancing half naked around the victims . br br moreover pauline lives in royston vasey . she works at the local job centre . although pauline hates the people she has to work with , the woman does not want to loose her job . so when an unemployed man gets an interview as fireman , she does not allow him to go because he is not ready for the job yet . br br then there is barbara dixton , a transsexual taxi driver who goes into great detail about her sexual conversion . br br furthermore the vet , mr . chinnery , always kills animals instead of curing them . in one case , he comes to a farm and is leaded into the sitting room , where a dog lays in his basket . the farmer goes outside . on the assumption that the dog is the sick animal , mr . chinnery euthanizes him . a second later , the farmer opens the door , holding the real sick animal , a sheep , in his hand . br br some more inhabitants are a husband and his wife who are visited by their nephew his friend is killed by the shop owners , by the way . the couple is very tidy . they have , for example , towels in different colours . each colour stands for one part of the body . besides , they have thousands of keys , marked with different colours and precisely classified . br br in my opinion , the actors play very well . by playing women , the scenes become comical . the costumes are suited to the actors , too . tubbs is wearing a scarf and some crazy characters , for example edward , have unappetizing black teeth . the show has a great deal of dark humour , typical british . the set design reflects the mood of the series . the village and all the houses look grey and are decayed . around the local shop there is often fog which strengthens the threatening effect . even the village sign is ominous welcome to royston vasey . you will never leave . br br although i think that the actors do a great job , this type of series is not my taste .",0,1
"gordon goes over the top in typical full moon fashion , but that's to be expected . combs is surprisingly lowkey , keeping his performance at a more realistic level than we are used to seeing . also gone is the usual stuart gordon 'tongueincheek' black humor . br br the film is quite effective in showing combs' break down and his final heroic act to save his wife daughter . you actually feel sympathy for his character , despite his shortcomings . br br personally , i was more surprised at the nudity and borderline porno sex scene , than i was shocked by the graphic violence gore . br br not classic gordon , but certainly something you might enjoy if you've seen his more famous films .",0,1
"mr . brento wonders if this movie was produced by the same who produced the dragonball z tv series . of course not . br br this is a hong kong real action movie based on the first episodes of the japanese original cartoon which was also based on a comic book series . and i really don't know if it was produced under the license of the dragonball creators . . . br br however , the story of the monkeyboy with special powers is an ancient tale known all over asia in japan , the name of the boy in the tale is songoku ; in china , it is sunwukong ; in korea it is sonogong ; etc and the story in dragonball has much to do with that tale . br br by the way , as i said , this movie is based on the first episodes of the dragonball series which was followed by dragonball z , although i think the us version had a different airing order . and all the scenes related to sexuality were also contained in the original cartoon series without so much overacting and so much insistence on it ! , but because of your comments i may suppose they were completely removed in the american dubbing . br br anyway , i agree with you about the overacting in the film and about how poor this adaptation of the original cartoon is . but maybe because of that nobody can forget it after watching it . . .",0,1
"mansfield park , in its second half , is my favorite of austen's novels , and fanny price my favorite of her heroines , so i'm saddened by the unhappy fate she's suffered in her big and smallscreen representations . the only good reading of the character i've heard was done for radio by amanda root , who gave it the same quality as she did the character anne in the film of persuasion a stern , sure , heartfelt moral centeredness . if the actress had been younger she would have been good visual casting as well ; but the fannys that have reached our eyes to date have more resembled , respectively mary crawford ; ruby the scullery girl ; and in this incarnation a jovial serving wench , or possibly tart , with her high moral principles pulled down a peg . br br well , i had hoped for better , but had feared worse . the serial had a solid edmund , in an actor who was best at likable saps , and the perfect , i . e . perfectly abominable , mrs . norris ; otherwise it was dullish . the film , which was apparently intended as a deconstruction or some other bad theatrical idea , came off as a mixedup burlesque . after such disappointments , and the more recent disappointments of this production's sister pieces the new persuasion and northanger abbey , i couldn't help but have mixed expectations for this one ; and on the whole , it left me feeling slightly better disposed to it than not . it condensed the novel intelligently , and in the end left me with much the same feeling , as a comicbook version might . on the other hand , to do so it had to rework most of the characters , except the crawfords , and it incidentally diminished or eliminated most or all of the most memorable things in the book , including its most famous character and what should be , if it isn't , its most famous scene . br br the character is the officious aunt norris , always ready to direct other people in what to do , but always managing to avoid having to do any of it herself ; here one gets no sense of that at all . and with her goes much else her remark that cuts through fanny , . . . considering who and what you are ; sir thomas's discovery that she has forbidden fanny a fire in her room all these years , and his roundabout apology for her ; fanny's honesty in acknowledging , during a visit home , that aunt norris , for all her faults , could manage the household better than either of her sisters . but then , that entire trip is missing from the story , and so is most of what goes on at the theatrical rehearsals and most of what discomfits sir thomas on his return ; and in fact sir thomas himself , and his wife , are different from what they were . above all , the scene in which crawford proposes to fanny , one of austen's most complex , is simplified to a bare telling ; missing from it is fanny's staunch upholding of what she knows to be right , and what she knows to be very probably true , against all the distractions crawford and anybody else can throw at her . to a male reader , now no less than when it was written , it reveals with unmatched clarityunmatched , at any rate , as far as i knowwhat a woman goes through in trying to deal fairly but firmly with a man she has reason to distrust . it's a brilliant scene , in the novel ; on tv it's just a scene . br br and , fanny , oh , fanny when will we see your like ?",0,1
"this move is about as bad as they come . i was , however forced to give it a 2 for the scenery . there are many great shots of the southwest including many in monument valley , one of the most breathtaking places in the us . it is also , starting with john ford , one of the most filmed . in fact one scene with kris and the girl was filmed on a place called john ford point .",0,1
"charlie chaplin responds to open auditions at lodestone studios . rival ben turpin arrives at the same studio , obviously another unemployed comedian ! turpin tries to horn in on chaplin's action after the studio head hollers , next ! chaplin manages to walk in over turpin , however . charlie amusingly manages to botch jobs as an actor and carpenter . in the end , he manages to get a big break , but will a star be born ? br br there are a lot of jokes involving the buttocks . the initial scene involving slapstick from chaplin and turpin is a relative highlight . note that gloria swanson is the typist in the far background left on your screen , in the film's opening . agnes ayres also appears . br br his new job 2115 charles chaplin charlie chaplin , ben turpin , charlotte mineau",0,1
"sex wish was actually released minus ten minutes of more , ahem , 'extreme' footage here in the uk back in the early days of the video boom , and caused a tabloid storm in a teacup when it allegedly inspired a copycat murder case . strangely enough , the papers brushed this ultradisturbing flick under the carpet in their headlong rush to get the comparatively innocuous likes of frozen scream and night of the demon canned , and the film has been all but forgotten as a result . i jumped at the chance to watch it on a dvdrw and spent most of the film's duration with my jaw on the floor . it's not so much politically incorrect as utterly demented , a triplex take on michael winner's death wish did the title kind of give the game away as far as inspiration was concerned ? with hardcore sex and some truly nasty violence thrown into an already bubbling brew of seventies sleaze . if you don't consider yourself to be squeamish , this may force you to think again . by the time sex wish is over , you'll want to scrub your eyeballs clean with disinfectant and take a long hot shower to purge yourself . if any film truly deserves the it's only a movie , only a movie , only a movie tagline , it's this one . br br highlights or lowlights a rapist using a vibrator on a victim as he masturbates over her , harry reems's scenestealing moustache , the helpless young black couple who are forced to screw in front the sword cane killer they'd have won oscars for their entirely credible performances if the academy had gone mad before the man is castrated for his troubles , and some jarringly slick direction that threatens to lift the proceedings above their obvious grindhouse origins . don't say i didn't warn you . if you thought the world was a more innocent place thirty years ago , sex wish will prove you very , very wrong .",0,1
"i am marking this as a spoiler only because of some of my comments of the show's content , not to the content itself . br br as i read the comments it is apparent that those republicans somehow tolerate the show , but disdain it , while the democrats seems to relish in its so called truthfulness . one reader even so it seems actually indicates that he believes these events did or could have happened when bush was in grade school . br br but as to the content as i see it , trying to be neutral , is that the group that made this series must actually be really bush haters . in the episode that i saw last , s02e03 , it showed that the program must have been put together long before mccain became the front runner for the nomination ; because , the other former front runners are all featured . br br another thing that caught my attention , was the use of add in closets . i thought that the series must have been made in europe of for sure not in the u . s . a . , because i know of no home the u . s . a . that does not have built in closets , and most likely in the homes of the artists . br br as i watch the show , yes i do get caught up in it , i am amazed to see what must be a terrific desire of the writers to do what they can to embarrass our president . sure there are problems as most american will agree , but that is no reason to be so hateful in public displays seen around the world . perhaps the trend has now been set by this show and network , so that if obama or hillary got in , would they continue to produce and air the same sort of humor about them ? br br just one more comment on a commentator's remarks . if there had been some sort of change in the election back in 2000 , according to that writer , he was so sure that there would be a completely different acceptable president . wow , wishful thinking on his part . as far as 911 events , i do believe that it was set in motion back when clinton was president , and i can't see how if gore was president anything would be much different .",0,1
"the van is a feelgood movie about a guy who tries to lure girls into his new van , in order to seduce them . the only thing this movie doesn't fail at is precisely depicting the van fad in the us in the late 70s . it looks like it was totally made by amateurs . it's trash , but i loved it ! i have to admit i am a fan of 70s trash ! hope this one makes it to the imdb bottom 100 ! br br 2",0,1
"this was the typical women prison movie . i thought the women were very sexy and the outfits were great . all the camera did was focus on the women and the women were always in provocative poses for the camera and they were always scantily dressedwhich i loved . this is your basic prisonbreakout movie of the 70's . all i can say about this film is that it's extremely cheesy , but the women are gorgeous and their butts are great !",0,1
"i give this marriage 3 years and thats stretching it . adrianne curry is fouled mouth , spoiled , controlling , loud , and her bi sexual past makes me laugh . she tells chris he has an image to protect and must avoid strip clubs . he married her . chris has low self esteem and from a different time warp . i have nothing against adrianne curry but this combination is not gonna have a happy ever after ending . her mother said he was an old rooster and thinks this is his last attempt to recapture his youth . here 2 very good people who are gonna end up in a nasty divorce . i don't think his old brady family is gonna fit into his new life . i see them being shut out . chris said his friends were more important than his family . the supported him and was there for him .",0,1
"matt cordell is back from the dead for a third goround , although i'm not sure anyone cared at this point except for rabid manica cop fans . cordell , who died in the last flick , is resurrected through voodoo , and is now hot on the trail of several miscreants involved in the shooting of a fellow officer cordell is very fond of . i missed part of this early '90s lowbudget quickie , but it was pleasing to see cordell wracking up the body count in various , gruesome ways . problem is , the overall film is pretty static , and cordell simply ain't jason or freddy . the interest wanes pretty fast , even with that grand bmovie master robert forster as a doctor who ends up with his brains scrambled . stick with the first film in the series , which is funny and scary and exciting , all at the same time .",0,1
"elderbush gilch was a big disappointment for me . i'd heared how great it was , how important it was . it just didn't strike me . it had a dimwitted story line , plus some moronic and sadistic native american characters that are thurroughly offensive by today's standards . while most of d . w . griffith's films have depth and intelegence , this one feels more like a formulabaised programme picture . br br i loved seeing lillian gish and mae marsh in prebirth of a nation roles , plus some of the staging of the battle scenes were pretty good . acording to future griffith cameraman karl brown , audiences were standing on their seats and cheering once the cavalry comes riding in at the end . i felt nothing . and beleave me , i lve watching griffith's early work at biograph . this film just isn't what it used to be . br br the best thing about this film it that , for all of it's flaws , it has many of griffith's touches to it . he handles his principal actors pretty well , plus the scene where the indians are encircling the cabin it reminiscent to the climax of birth of a nation , a far superior film that would send shock waves across america a little over a year later .",0,1
"david mamet is a very interesting and a very unequal director . his first movie 'house of games' was the one i liked best , and it set a series of films with characters whose perspective of life changes as they get into complicated situations , and so does the perspective of the viewer . br br so is 'homicide' which from the title tries to set the mind of the viewer to the usual crime drama . the principal characters are two cops , one jewish and one irish who deal with a racially charged area . the murder of an old jewish shop owner who proves to be an ancient veteran of the israeli independence war triggers the jewish identity in the mind and heart of the jewish detective . br br this is were the flaws of the film are the more obvious . the process of awakening is theatrical and hard to believe , the group of jewish militants is operatic , and the way the detective eventually walks to the final violent confrontation is pathetic . the end of the film itself is mametlike smart , but disappoints from a human emotional perspective . br br joe mantegna and william macy give strong performances , but the flaws of the story are too evident to be easily compensated .",0,1
"occasionally one is served a new entre from foreign films . that is their great attraction . they take from life and serve it up raw . american films , rarely dare to touch the forbidden subjects of society . too many hangups and a morbid fear of financial failure . the almighty dollar , determines their selections . something which invites european directors . in addition , audiences world wide remain hungry for different films , especially those which offer a savory bite out of the wretched , suffering body of humanity . despite the fear of directors or producers , many audiences yearn for beauty , poetry , and the pristine flavor of life . that is what the film to the left of the father offers to curious audiences . a family locked in the belief that unity of family stems from the unity of it's obedience to tradition . yet when the patriarch of a family forgets it's members are flesh and blood humans , filled with raging , unbridled dreams and dark passions , then the two are set in motions against itself . selton mello plays andr a son who seeks to control his inner passions with the stagnant philosophy of his father . raul cortez plays his father . simone spoladore is ana a young woman who seeks to quench a forbidden thirst from the family waters . leonardo medeiros is pedro , the elder brother . the film offers much , but does takes an extremely inordinate amount of time to say it .",0,1
"i was talked into seeing this by a girlfriend . . john was a good guy , sweet , sensitive and looks great with no shirt on ! ! i thought it was a love story about both of them but it was mainly about his reactions to her letters . savannah was a likable character at the start of the movie but once she dumped him i lost respect for her . she said it tore her apart being away from him and it was hard he was the one a million miles away , he was killing people and the only contact he got was through her letters ! ! ! she didn't have it hard , she had family money and he had a tour of duty ! ! i was so frustrated at the ending when he forgave her he was too much of a sweetheart . i would have waited the 3 years and welcomed him home with open arms .",0,1
"confounding melodrama taken from a william gibson story , produced by john houseman and directed by vincente minnelli ! richard widmark heads up posh , upscale rural nervous asylum , where his loose wife battles with selfappointed queen bee lillian gish , and widmark himself gets the straying eye for staffnewcomer lauren bacall , who is putting her life back together after the death of her husband and child . facetious and muddled , set in an indiscriminate time and place , and with a david and lisa love story hidden in the plush morass . widmark and bacall do have some good chemistry together , but this script gives them nothing to build on . for precisely an hour , most of the dialogue concerns what to do about the drapes hanging in the library this thread isn't used as symbolism , rather it's a red herring in a nonmystery ! . the picture hopes to show the loggerheads that disparate people come to when they're working in the same profession and everyone thinks their opinion is right , but unfortunately the roundabout way minnelli unravels this stew is neither informative , enlightening nor entertaining . from",0,1
"my roommates i nearly shorted out our tv from the numerous spittakes we did while watching this hilarious piece of 1970s self important pseudozen dreck . i'd read about this campfest for ages and scanned my local late night tv listings for years in search of this elusive turd . several years ago our local abc affiliate was known for showing cool flicks for its late night weekend flick ie frogs , night of the lepus , etc . then one day it happened at 140am on a saturday night over 5 years ago there it was ! we had over 15 folks over and the flick did not disappoint ! br br see ! andy griffith as the silliest most unthreatening bad guy since jaye davidson in stargate ! br br see ! william shatner sport a variety of things atop his head that only faintly resemble human hair or anything organic for that matter . br br hear ! jaw droppingly inane 1970s psychobabble that makes chicken soup for the soul sound like bf skinnerbr br feel ! content that any decade was better than the 70s . br br for those still reading . . . the plot surrounds a bunch of middle class mid level aholes who decide to suck up to their shead boss griffith by joining him on a cross dessert race that spans california mexico . they all wear leather jackets , looking more christopher street than anything else . along the way they stop at a cantina , get drunk , smoke joints the sight robert mike brady reed smoke a joint is an image you won't soon forget , start a fight , attempt rape , and just act like a bunch of suburban middle class jack offs . although i have an excellent copy that i taped off tv i wish this one would be released on video so the whole world could enjoy its half baked goofiness .",0,1
"that's right , you heard me . i am a huge fan of james patterson . i own 10 of his books , and i have read the entire series about lindsey boxer . in my opinion , the screenwriter should be shot . br br what right did any film maker have to slaughter a terrific work of fiction and make it into a mockery of the mystery genre ? if i ever thought that harry potter was butchered , then michael o'hara has proved me wrong . br br i can only pray that the next screenwriter who tackles this fabulous book will do it a great deal more justice . to michael o'hara and russell mulcahy don't quit your day job .",0,1
"this is an admirable attempt from first time filmmaker ham tran , offering littleglanced perspective dealing with vietnam war victims struggling for liberation , but plays out as a glorified history special . with clunky , selfconsciously informative dialog and subpar acting , even a relatively impressive budget with attention to detail will not spring to life this sagging , albeit historically worthy , melodrama . paying no mind to the often distracting disconnect with the actors to the reality of situations on screen , and you should be left with an informative , if somewhat impersonal educational lesson in vietnamese postwar history .",0,1
"as many have detailed here with a level of seriousness that i find amusing , this is not br br a film . cue dramatic music br br it's just a sobadit's good , totally surreal , jackie chan stuntforall . the women fighters are totally kickbutt and jackie is definitely put in his place . br br this is the movie you want to see with some good friends on a sunday afternoon surrounded by munchies , ready to roar with laughter , cheer on the good guys , boo the bad guys , and continually yell , what ? when something totally bizarre happens . great fun ! !",0,1
"as a longtime fan of all the star trek series , i found this a disappointing episode , and i wonder if the liberal use of flashbacks featuring will riker's exploits , both positive and largely romantic and negative lots of pain , and a crewmate's deathwas a moneysaving device , as were many of their bottle shows episodes in which all scenes take place on the enterprise . diana muldaurwho also appeared at least twice on the original series deserved a better final appearance than this for her character , dr . kate pulaski . loyal viewers in the star trek world , is there any other kind ? also were shortchanged . this was the last episode of second season ; thus , the season ended not with a bang but with a whimper .",0,1
"i saw this film opening weekend in australia , anticipating with an excellent cast of ledger , edgerton , bloom , watts and rush that the definitive story of ned kelly would unfold before me . unfortunately , despite an outstanding performance by heath ledger in the lead role , the plot was paper thin . . . . which doesn't inspire me to read our sunshine . there were some other plus points , the support acting from edgerton in particular , assured direction from jordan confirming his talent on show in buffalo soldiers as well , and production design that gave a real feel of harshness to the australian bush , much as the irish immigrants of the early 19th century must have seen it . but i can't help feeling that another opportunity has been missed to tell the real story of an australian folk hero or was he ? . . . . in what i suspect is a concession to hollywood and selling the picture in the us . oh well , at least jordan and the producers didn't agree to lose the beards just to please universal . . . br br guess i will just have to content myself with peter carey's excellent secret history of the kelly gang . 410",0,1
"star rating saturday night friday night friday morning sunday night monday morning br br ray ray winstone has a criminal past , has had problems with alcohol and is now forming a drug habit that is making him paranoid and prone to domestic violence to his wife valerie kathy burke who tries to hold the family together but ends up coming off more like a doormat . meanwhile , her mother janet laila morse is aware of ray's son , billy charlie creedmiles and his escalating drug habit that is sending him off the rails . the film follows these despairable characters as they tredge along with their lives . br br it is said that the british seem to enjoy being miserable , and that would include watching films that entertain them this way . films like nil by mouth highlight this . it's a tale of a broken family , torn apart by crime , poverty , booze and drugs , the kind jeremy kyle would lap up like a three course meal . it is also essentially a tale of self destructive men , three generations apart and each copying the other , tearing a family apart and women trying to hold it together , despite not being strong enough . if you pick up a little of what it's about from the offset , you can see it doesn't promise to be cheerful viewing from the start and it certainly doesn't disappoint in this . br br it's true what everyone said about the performances , and the lead stars , winstone and burke , do deliver some great acting . we see winstone lose it with his wife , beating her senseless after some more coke induced paranoia , breaking down during a phone conversation with her and unleashing a typical arsenal of f and c words when she refuses to let him see his kid . likewise , in a private moment , we see burke skillfully lose her composure on a staircase , the full impact of the night before kicking in . br br this is another of those films where there's no 'plot' to follow , as such , just a real life feel of these hopeless lives carrying on from one day to the next . it's been acclaimed by many including the baftas ! but it really was just too grim and bleak for me . i have no right to criticize it for this , knowing what i knew about it from the offset , but sadly this is how i found it .",0,1
"this is a pretty simplistic romance . girl finds boy , girl loves boy , girl loses boy , girl finds boy . colleen moore is the outstanding ingredient in this recipe , delivering a wonderfully varied dramaticromantic performance , well deserving of an oscar nom . equally fine are the aerial combat special effects . br br moore plays a french girl whose mother has turned over their field to a british aerial squadron during wwi . she is the daughter of the regiment , loved as a little sister . into this mix comes a fillin for a downed flyer , gary cooper . at first they hate each other , then they love each other , then the entire squadron is sent out on a suicide mission . cooper returns but crashes in the village and a red cross unit removes him . moore searches for him , is told at a hospital he is dead , then wanders the streets until he calls from a hospital window and they are reunited . br br it's a nice little romance , but hardly more than that . recommended for fans of ms . moore and mr . cooper",0,1
"she has been catapulted from 13 to 30 , with magic dust involved , courtesy the 13yearold matt , but nothing is made of that except as an unexplained device . new york city , especially central park , but also every other slice of the place incorporated into the movie , seems hopefilled and easily livable , and save for lucy there's no villain in jenna's adult life , and even lucy is not cast as monstrous , only as a nasty 13yearold grown 17 years more devious . chris , the onetime boy object of jenna's yearning , is now a porky cab driver , and you have seen enough films to know that matt will play a major role in jenna's future . you don't know quite what might impede this before it is finally achieved , though i'm here to whisper in your ear , so to speak , that the device is not unique . in fact , not only is this a variation on the theme of tom hanks' big , though nowhere near as fine , it is also a strictly bythebook version of this subset of the cinderella story .",0,1
"this film has it all ; the deft camera work , reminiscent of martin scorcese , or oliver stone , the tight acting of 'heat' , the explosive action of a jerry bruckheimer movie , the witty dialogue of a tarantino script and the epic feel of say , 'the godfather'br br the judge reinhold character displays a fiery temperememt , yet also shows real emotional depth and intensity . his performance reminds me of robert de niro's portrayal of jake la motta in raging bull . br br the action scenes are truly breathtaking , not since bullit has a movie depicted such high octane , yet stylish car scenes . the special effects push the boundries of technology and filmmaking to their limits . independance day set the standard that this movie clearly has matched , and greatly surpassed . br br overall , great acting from its a list cast like an oscars night party invitation list ! , classy locations , gripping action , and a tight script .",0,1
"now i'm a big animation fan love svankmeyer and usually am into all applications of stop motion so i had high hopes for this one . then i came on imdb and paused i'm always real suspicious of films with a bimodal distribution of votes on imdb . here we've got another a bunch of 10s shill anyone and then some real low ones . i'm also suspicious of 10s with the word visionary in them . br br sure there are visionaries but this character isn't one of them . despite my misgivings , i saw this film and have to side with the ones . the stop motion animation was okay but the plots were banal and overall it seemed amateurish . treat yourself to the real deal get some svankmeyer and leave this also ran on the shelf .",0,1
"i am not lynne bates my names is ritichie but lynne is my mum i'm just using her account ! barney and friends , or barney , as it is called here in england is the corniest show ever . i never really liked it , it had been about for 3 or 4 years when i was born , so it was nothing new . my friend , however , loved this dildo of a show . i was about 6 , and i was at his house once , and he had a barney vhs tape playing on the tv . i turned the power off , and he burst into tears . grow up its a talking dinosaur for christs sake ! anyway , i happened to catch the barney movie on tv later that year , and i loved it . i got the vhs of it a few months later , and i wore the tape out i loved it so much ! i gave that tape away a few years ago now , but i loved it at the time . but the show ! my god the show was bad ! several kids fell victims to paedophiles because of this butt plug of so called entertainment ! never again , never again ! its not just me who hates barney , either ! 85 of all the comments on this show are bad , and and just look at the amount of you tube poops and videos that take the mess out of barney are on you tube ! and don't get me started on blow job bj ! why the hell would the producers dare give a character such a sexual name ! yet another subliminal message in a kid's show ! and that baby bop is the worst thing since osama bin laden ! all in all , i give barney and friends minus 1000 out of 10 !",0,1
"according to milan kundera , a porcelaincat holding a red rose is denying the crap . well , those criminals guilty of making this series probably wanted to show how to make a total opposite of the porcelaincat holding a red rose . because teenaged sleazoids beavis and butthead are enthusiastically from the place where the sun doesn't shine and their crappiness infects the whole stoopid series . mtv has received a lot of badmouthing from it's halfnude stripper beauties , while this is gathering positive reviews in imdb . well , newsflash to everybody your butt is cool too , if you go out showing it in the middle of the winter something these two probably would do . still , there is no need to make a film about your butt and yes , these two probably would do that , too .",0,1
"so many bad reviewers , it made me wonder , what people are thinking while watching a simple flick made by a quite bad director ? ? ? did you all expected a superhit flawless movie ? ? no way , you already can see , raj kumar kohli loves multistarrer movies . . . all of his earlier works where multistarrers , but no one was flawless . take the first jaani dushman for instance , so many flaws , but still good fun . anyways sticking to the movie , the movie jaani dushman is a hindi fantasy film about a snake , who can take any form armaan munish kohli which takes revenge for the suicide of its lover manisha koirala on the people who caused it . its quite good , with a great starcast . but i think it could have been much much better . for instance , take the script , can't say its flawless . for example take the agesbr br do 4048 yrs old still study in university ? ? br br there are many many more , i won't list more , but there are dozen more . a solid 5 . 5 is good for this one . br br . 75",0,1
"star rating saturday night friday night friday morning sunday night monday morning br br old detroit is back , with the giant omni consumer corporation continuing to swallow everything in it's path as construction of the new delta city continues and a new menace to contend with in the shape of cain , a cruel drug lord with delusions of christlikeness , peddling a deadly new addictive on the streets called nuke . as he continues to struggle with the memories of his former life haunting him , the tin plated hero sets out to bring this villain down only to wind up getting chopped into pieces of scrap metal . with robocop out of action , a ruthless ocp businesswoman proposes plans for her new android a stomping , snarling beast of a machine that needs an equally nasty test subject to power it which cain fits perfectly . after a brief glitch in his system , robo returns to bring justice to the streets and settle the score with cain . br br the original robocop is a film that always manages to astound you each time you watch it , no matter how many times you've seen it , one of those films that just can't be done again . that said , it's not surprising a sequel was made it's even less surprising that that sequel really pales compared to the original . empire strikes back director irvin kirschner has crafted an unpleasant , slightly incoherent and overlong film that can't capture the magic of the first film , no matter how hard it tries . and it certainly does that , the funny ads from the first film running none stop , the corporate satire aiming to be that bit sharper and the action roaring as fast and furious as before , but with bloodgore even meaner than the first film . the first film earned a name for some nasty , bloodsoaked violence including a man's genitals being blown off and a man being blasted to pieces but while that was more memorable the violencegore on display here is of a more sadistic and gratuitous nature , with a very unpleasant and meanspirited tone to it . br br but overall , the film leaves you with a feeling of general apathy why are you watching this when you could be watching the original again instead ?",0,1
"cowardly and cynical , the hospital' represents the nadir of paddy chayefsky's special brand of celebration of the status quo disguised as satire . br br thanks to hamhanded director arthur hiller , this ludicrous script gets the visually ugly , poorly paced presentation it deserves . br br only a great performance by george c . scott , in the sort of meanspirited role he was born to play , keeps the hospital' from being a complete disaster . br br ironically , though , scott's performance does viewers a disservice . his magnetism keeps them watching when they might more profitably turn off the vcr and clean out the closets , stare at the clouds , or watch reruns of baywatch . 'br br certainly , anyone who emotionally invests in the setup modern medicine apparently gone amok will feel cheated by the dismal payoff , where chayefsky reveals that the system works just fine , so quit your carping . br br while the first half of this film provides some entertaining black comedy , it all turns out to be a red herring . before that becomes clear , though , chayefsky gives some good lines to scott as his middleaged , middleclass , white male standin . br br bitter , alcoholic , impotent , scott's dr . herbert bock has alienated those who know him best , and he has the bile to keep alienating them . in chayefsky's worldview , all that of course makes bock a magnet for a hippie chick half his age . br br playing a collection of adjectives , the longhaired , longlegged , braless and almost bustless diana rigg struggles in the part of the girl . ' the british rigg is miscast as a southwestern free spirit , but any other actress would struggle as well . like the rest of a good cast gone to waste , rigg can't overcome a script that isn't interested in any character except bock , or any philosophy beyond banality . br br for fans of george c . scott , this is another star turn and worth watching . for fans of black comedy , turn it off after the first 45 minutes . for anyone else , don't bother .",0,1
"the ladies man is a funny movie . there's not much thought behind it , but what do you expect from an snl movie ? it's actually better than most snl movies i . e . superstar or a night at the roxbury tim meadows and will ferrell were both very funny . chris parnell was also funny in his short scene one of the funnier ones in the movie . other than that , the rest of the cast is average and is just there to support meadows . i've definitely seen funnier movies , but i've seen dumber ones too . again , it's not exactly a deep movie , but it's good for a few laughs . it was funnier as a skit though . but still , if you're looking for a pretty funny movie , i'd recommend this one . just don't think about it too much , or you'll hate it . br br rating 610",0,1
"necessarily ridiculous film version the literary classic moby dick . john barrymore is captain ahab , who falls in love with the pastor's daughter , joan bennett . his brother derek is a rival for ms . bennett's affections . when mr . barrymore loses his leg in a whaling accident , bennett rejects him . he must slay the whale and win bennett back . . . br br there are several scenes which may have thrilled 1930 theater audiences ; particularly the scenes involving barrymore losing his leg . the film hasn't aged well , however ; there are much better films from the time , both 1920s silents and 1930s talkies . the two name attractions , john barrymore and joan bennett aren't at their best . br br moby dick 81430 lloyd bacon john barrymore , joan bennett , lloyd hughes",0,1
"belmondo is a tough cop . he goes after a bigtime drug dealer played by henry silva , normally a great villain see sharky's machine ; but here he is clearly dubbed , and because of that he lacks his usual charisma . he goes to the scuzziest places of paris and marseilles , asks for some names , beats up some people , gets the names , goes to more scuzzy places , asks for more names , beats up more people , etc . the whole movie is punch after punch after punch . it seems that the people who made it had no other ambition than to create the french equivalent of dirty harry . belmondo , who was 50 here , does perform some good stunts at the beginning ; apart from those , le marginal is a violent , episodic , trite , shallow and forgettable cop movie . 12",0,1
"nathan detroit runs illegal craps games for high rollers in nyc , but the heat is on and he can't find a secure location . he bets chronic gambler sky masterson that sky can't make a prim missionary , sarah brown , go out to dinner with him . sky takes up the challenge , but both men have some surprises in store br br this is one of those expensive fifties mgm musicals in splashy colour , with big sets , loud music , largerthanlife roles and performances to match ; broadway photographed for the big screen if you like that sort of thing , which i don't . my main problem with these type of movies is simply the music . i like all kinds of music , from albinoni to zz top , but broadway show tunes in swing time with neverending pahpahtahdah trumpet flourishes at the end of every fourth bar aren't my cup of tea . this was written by the tag team of frank loesser , mankiewicz , jo swerling and abe burrows based on a couple of damon runyon stories , and while the plot is quite affable the songs are weak . blaine's two numbers for example are identical , unnecessary , don't advance the plot and grate on the ears and are also flagrantly misogynistic if that sort of thing bothers you . there are only two memorable tunes , luck be a lady sung by brando , not sinatra as you might expect and sit down , you're rockin' the boat nicely performed by kaye but you have to sit through two hours to get to them . the movie's trump card is a young brando giving a thoughtful , laidback performance ; he also sings quite well and even dances a little , and is evenly matched with the always interesting simmons . the sequence where the two of them escape to havana for the night is a welcome respite from all the noise , bustle and vowelmurdering of noo yawk . fans of musicals may dig this , but in my view a musical has to do something more than just film the stage show .",0,1
"to this day when you speak of the japanese cinema , most folks won't talk about rashomon , or the seven ronin , or ran . to the masses the japanese cinema means all those monsters we've grown to love destroying those japanese cities over and over again , lots of times in battles with each other . the first and greatest of these is godzilla who's come back a dozen times or more and in a few films faced the three headed hydra like monster from outer space , ghidrah . br br oddly enough in keeping with the times , the special effects got slightly better . but part of the charm of those old films was seeing those paper mache city sets destroyed , they looked so phony , maybe three steps above ed wood . br br some visitors from the future have time traveled to japan to urge that godzilla be destroyed from when he was first discovered . and in fact he was first discovered as a surviving dinosaur during world war ii when he protected the japanese garrison on a pacific island from those american troops . but later on with atomic testing on bikini , godzilla the friendly dinosaur just like barney became the mean machine we've grown to know in the cinema . br br of course you eliminate godzilla than you give ghidrah a clear field to wreck japan so it does not become the economic colossus it was by 1991 when the film came out . more i won't say , but we all know japan is doing reasonably well as 2010 . br br like all the other japanese monster films , just sit back and enjoy the mayhem .",0,1
"this is not horror , as the first part was this is campy light and humorous entertainment . like in so many sequels , the action starts right away with no explanations . but there's boobs , so i don't complain . and real boobs that is . if i understand correctly , those are quite rare today amongst the teenage girls in u . s . of a . which brings to my mind the fact that the main actress here is pamela bruce's sister springsteen . br br this cannot be thought without the first movie , so i compare this to it . again there is too small clothing mainly pants and funny hair , it's not hard to tell what decade this film is made in . again there is really strange characters , this time even more visibly pathological ones . especially the personnel of the camp . it's like some mental rehabilitation summer camp . people are older most of the actors must be at least 25 , but i think they're supposed to be 16 or something . some methods used by the evil dyke are quite unpleasant . actually this movie don't have much in common with the first part , and this is worse than it in every way .",0,1
i was expecting a documentary that focused on the tobacco industry in north carolina . instead i watched a man who rues the fact that his great grandfather lost his tobacco empire to the duke family . and this went on and on . if mr . mcelwee's family had prevailed over the dukes i doubt that mr . mcelwee would have any problems with the death toll caused by tobaccorelated diseases . i grew up near the area where mr . mcelwee's family began it tobacco business ; i expected more than mcewee's continual focus on his family . i learned very little about the history of tobacco in the nc economy and the ramifications to the state's economy by tighter regulation of tobacco . the countless references to the movie bright leaves are out of place so what if gary cooper played mr . mcelwee's great grandfather ? does the viewer gain any understanding of the role of tobacco in the north carolina economy by the showing of old film clips of a fictionalized film ? i didn't .,0,1
"sure , if you ask any mom who's the most beautiful baby in the world , she'd tell you her son is the most amazing kid in the whole world . she's right , at least in her own world . br br the producers of the movie were biggie's mother and his good friend puffy . oh , well , do i need to say more ? i'll break it down for those who doesn't want to do a simple deduction . br br the whole movie was fake . you may just put a few biggie's mtv video together and call it a movie . br br the beautiful angela bassett played biggie's mother . the real one in life looks like a dog . br br i just wonder why he called himself biggie small . big body small dick ? big mouth small sound ? big fat small eyes ? disclaimer i'm a person of color . so keep your racist remark to yourself .",0,1
"half past dead was unlike any steven segal film i've ever seen . very little of segal , himself in action and i agree with the last review i read , nia peeples steals the show . br br i saw nothing really new here , just the same old stuff from other flicks changed around a little . the best action scenes were nia's as she once again kicked butt . it was interesting seeing her as the bad guy after watching her for two seasons on walker , texas ranger , still kicking butt , but for the good guys . br br",0,1
"i found this film to be a bit too depressing . i don't mind dramas , but this was a bit too much for me . luckily , there does seem to be somewhat a decent outcome . i suppose it was well done . i'd watch it again , but it's nothing to rave about .",0,1
"ok , i did think that it would be horrible . but when i saw it . . i was proven wrong . emily bergl did a superb job as did jason london . sue snell was underused and underwritten . the meanies were ok , dylan bruno and rachel blanchard are definitely the standouts . as for the things the teens do and how people claim it's all wrong . whatever . my friends and i use the term swank a lot and i have driven a car and had someone steer as i changed . it's pretty much all there . i've just never been at a aftergame party in a house that big with it's very own light show . . the deaths are good . the best involves a pair of glasses , a spear gun and a pool . . all in that order . i must say , there will be people who hate it . . but i'm not one of them .",0,1
"had i known to what i was submitting myself , i would have fled from the theater . the film is dreadful , in the literal sense of the word . despite striking images , intriguing locales , and a subject matter that might have been fascinating , the film is dead . br br i was unfamiliar with this period of greek history , and prepared to experience a great film . the filmmakers's hand is heavy . it is not enough to see a train going by ; we must watch it from afar , we must watch it car by car , we must see the smoke , we must see it slow down , and we must see it stop . the director's approach is didactic . likewise , the characters that he creates never develop , they never change . they are so stereotypic that we wonder , are they meant to be everyman ? everygirl ? everyoldmusician ? is there some point to this allegory ? it is the most pretentious film that i have seen in a long while .",0,1
"this film is really vile . it plays on the urban paranoia of the 70s80s and puts it into a school context . i'm not saying that urban crime wasn't a problem for a lot of people or that schools weren'taren't problem areas but this vile piece of exploitation takes the biscuit . violence is beyond anything realistically imaginable but in this case it's not a case of social issues but a white , uppermiddle class student uses it to turn himself into the crime kingpin of his local high schoiol . and of course he knows how to play the system . does that sound familiar . yes . this turd is pure violent exploitation , a really nasty piece of work . it's disturbing brutality dressed up as a social comment . this belongs in the same category as trash like exterminator , death wish 25 and so on and so on . the only remarkable thing is that michael fox was so broke at the time that he had to do stuff like this .",0,1
"alan rickman emma thompson give good performances with southernnew orleans accents in this detective flick . it's worth seeing for their scenes and rickman's scene with hal holbrook . these three actors mannage to entertain us no matter what the movie , it seems . the plot for the movie shows potential , but one gets the impression in watching the film that it was not pulled off as well as it could have been . the fact that it is cluttered by a rather uninteresting subplot and mostly uninteresting kidnappers really muddles things . the movie is worth a view if for nothing more than entertaining performances by rickman , thompson , and holbrook .",0,1
"i have to admit that in spite of all media promotion and being nominee for oscar , my expectation from the film was not so high before watching it . and i really found what i expected ; a film trying to be likable for both for conservatives and liberals in turkey , trying being authentic for foreign spectators and enough funny for all . but it should be understood that it is not possible to be favorable for everybody , therefore film stays as average for all . br br whole movie is telling a story occurred within 24 hours . to fit the short story in a full movie length , some scenes are added without a connection with the main story . these are mostly the icecream selling scenes to the eccentric local people i . e . goat herdsman , old women etc . , and each of these selling scenes are tried to be interesting to the spectators by skits with comic dialogs . the subject is mentioned as a universal problem struggle of a local producertradesman against holding companies and monopoly , but this was the interesting subject of twenty years before . most of the readers will remember the hero grocer against supermarket from ferhan sensoy in 1980's . this was the correct story at correct time . shortly the story is not strong enough and worth to be a movie as by now . br br except some gibbers due to local accent , the performance of cast is so successful . the leading role is played by turan ozdemir with excessive body language but anyway he is successful too . br br on the other hand against limited budget , appreciable efforts of director and players are obviously giving a good mood to the film . but this is not resulting a film well enough either to compare with italian neorealists or worth to be oscar nominee . br br note in the real life , normally the icecream seller would stop his own production and be the dealer of one of the competitors of manda brand .",0,1
"formula movie about the illegitimate son of a rich chilenian who stands to inherit a fortune and gets mixed up in the affairs of bad guys and falls in love with a beautiful female lawyer vargas . it looks very much like a tv movie , not really exciting . the only reason i bothered to see it was because valentina vargas was in it . no real surprises here , though it is nice to see vargas . great looking chilenian landscapes on display but malcolm mcdowell's part is very small and doesn't add much to the movie . michael ironside plays as usual a bad guy but this is not one of his most memorable parts . the chase scenes are standard fare .",0,1
"i wish spike lee had chosen a different title for his film . summer of sam conveys the impression that the film is about the infamous serial killer , david berkowitz . it's not . it's a gritty , earthy portrait of nyc street life during the hot summer of '77 when berkowitz terrorized that city . br br the film follows several young fictional characters in an italianamerican neighborhood , and their reactions to the son of sam threat . there's vinny and his wife dionna ; there's richie and ruby , and several other characters . br br the problem is that these characters are not likable . they are routinely annoying , and at times unbearable . lee then belabors their high energy , chaotic lives , which are filled with anger , lust , and general turmoil . there are at least two protracted fight scenes between vinny and his wife , redundant disco dance scenes , countless gabfests . . . over and over i kept wondering where's the film editor ? br br meanwhile , with all that bulk , the film passes up the chance to convey any real sense of fear or dread arising from the son of sam menace , which is too much in the background . lee is more successful at showing a different kind of menace , that arising from neighborhood vigilante groups . br br the acting is uniformly good . that , combined with 70's disco music , and lavish attention to costumes and production design , make you really feel like you are in an italianamerican neighborhood in nyc in 1977 . br br the film's atmospheric authenticity , however , is not nearly enough to offset a rambling , overblown script about the lives of grossly irritating people .",0,1
"i did not expect a lot from this movie , after the terrible life is a miracle . it turns out that this movie is ten times worse than life . . . . i have impression that directorwriter is just joking with the audience let me see how much emptiness can you audience sustain . dialogues are empty , . . . scenario is minimalistic . in few moments , photography is really nice . few sarcastic lines are semifunny , but it is hard to genuinely laugh during this comedy . i've laughed to myself for being able to watch the movie until the end . if you can lift yourself above this director's fiasco , . . . you will find good acting of few legends miki manojlovic , aleksandar bercek , and very good performance of emir's son stribor kusturica . br br in short too bad for such a great director ! emir kusturica is still young and should be making toprated movies . instead , he chooses to do this lowbudget justformyprivate theater movie , with arrogant attitude toward the world trends and negligence toward his old fans .",0,1
"an intelligent summation of cold war era mutually assured destruction policy , up until the conclusion it's a gasser ! all russians and chinese are obliterated from the face of the earth ! saw this one at the 27th annual cwru science fiction marathon , january 2002 .",0,1
"definitely an odd debut for michael madsen . madsen plays cecil moe , an alcoholic family man whose life is crumbling all around him . cecil grabs a phone book , looks up the name of a preacher , and calls him in the middle of the night . he goes to the preacher's home and discusses his problems . the preacher teaches cecil to respect the word of god and have jesus in his heart . that makes everything all better . ahh . . . if only everything in life were that easy . the fact that this film looks as if it was made with about 500 certainly doesn't help . 110",0,1
"rating 4 out of 10br br as this miniseries approached , and we were well aware of it for the last six months as scifi channel continued to pepper their shows with bg ads , i confess that i felt a growing unease as i learned more . br br as with any work of cinematic art which has stood up to some test of time , different people go to it to see different things . in this regard , when people think of battlestar galactica , they remember different things . for some it is the chromium warriors with the oscillating red light in their visor . for others , it is the fondness that they held for special effects that were quite evolutionary for their time . many forget the state of special effects during the late 70s , especially those on television . for some the memories resolve around the story arc . others still remember the relationships how how the relationships themselves helped overcome the challenges that they faced . br br frankly , i come from the latter group . the core of battlestar galactica was the people that pulled together to save one another from an evil empire . yes , evil . the cylons had nothing to gain but the extermination of the human race yet they did it . while base stars were swirling around , men and women came together to face an enemy with virtually unlimited resources , and somehow they managed to survive until the next show . they didn't survive because they had better technology , or more fire power . they survived because they cared for and trusted each other to get through to the next show . br br the show had its flaws , and at times was sappy , but they were people you could care about . br br the writers of this current rendition seemed to never understand this . in some ways he took the least significant part of the original show , the character's names and a take on the story arc and crafted what they called nothing less than a reinvention of television science fiction . since that was their goal , they can be judged on how well they accomplished it failure . it was far from a reinvention . in fact it was in many ways one of the most derivitive of science fiction endeavors in a long time . it borrows liberally from sttng , stds9 , babylon 5 , and even battlefield earth . i find that unfortunate . br br ronald d . moore has been a contributor to popular science fiction for more than a decade , and has made contribution to some of the most popular television science fiction that you could hope to see . one of the difficulties that he appears to have had was that there could be no conflict in the bridge crew of the enterprise d e . that was the inviolable rule of roddenberry's sttng . like many who have lived under that rules of others who then take every opportunity to break the rules when they are no longer under that authority , ron moore seems to have forgotten some of the lessons he learned under the acknowledged science fiction master gene roddenberry . here , instead of writing the best story possible , he has created a dysfuntional cast as i have ever seen with the intent of creating as much cast conflict as he could . besides being dysfunctional , some of it was not the least bit believable . anyone who has ever been in the military knows that someone unprovokedly striking a superior officer would not get just a couple of days in hack , they could have gotten execution , and they never would have gotten out the next day . it wouldn't have happened , period , especially in time of war . br br the thing that i remembered most of ron moore's earlier work was that he was the one who penned the death of capt . james kirk . he killed capt . kirk , and , alas for me , he has killed battlestar galactica .",0,1
"my husband and i were intrigued by the spectacle a strong willed southern lady with a messy personal life solves crimes for the lapd . the first season was mustsee tv for us . unfortunately , the stories of her personal life in the second season became so tedious and unworthy of the strong character that we stopped watching . br br my husband and i were troubled by the episode where she tries to hide from her mother the fact that she is shacked up . but the deal breaker was the episode where she hides her possible pregnancy from her boyfriend but tells her boss . why would a strong , middle aged woman do those things ? the answer is she wouldn't . additionally , my husband and i pick out the bad guy with almost perfect accuracy . it is almost always a white male or female introduced in cameo at the murder scene or in an idealized family . can't the script writers do something original from time to time ? as i mentioned , we are no longer viewers . we prefer shows that don't betray the characters and insult our intelligence .",0,1
"yeah , there's a sleeper watching sleeper cell and it was me . after reading comparisons to 24 like on the cover of the dvd , i expected a fastpaced action romp . but nope . . . this series just putts along . in my groggy halfawake state i would think , he's gonna . . . and , poof , it would happen . . . guess that van is gonna roll off the . . . and there she goes . br br and so on . br br and why would darwyn , in extradeep cover , pursue a babe ? could it be , perhaps , to provide a little ta ? hey , that works for me , hence four stars rather than three . br br this show is no 24 . i've watched 24 . sleeper cell , you're no 24 .",0,1
"dear readers , br br i've found in my studies of movies that whenever michael bay makes a movie , people pan it and hate it , yet they still go to see it and it makes somewhere around 100 million dollars . why ? because michael bay is one of the top five directors of all time . standing alongside ridley scott , spielberg , kubrick , and miyazaki , michael bay has cemented himself as hollywood's best actionadventure director . that point is proved with his most panned film , armageddon . br br an asteroid the size of texas is hurtling towards the planet and the only way nasa can think to take it down is to land a team of men on the asteroid , drill to its core , and drop a nuclear warhead inside then blow up the asteroid . only one person is qualified enough to do it bruce willis . willis portrays harry stamper , a grizzled hardened oil driller trying to keep what's left of his family together . not helping that fact is his daughter , grace liv tyler , having an affair with his best driller , aj ben affleck . hired by dan truman billy bob thornton , the head of nasa , stamper and his team of roughneck drillers train to become astronauts and save the world . br br armageddon is a two part movie . first there's the funny parts where we meet the gang and wackiness abounds . then they get into space and all the comedy gets sucked out the window and is replaced by mindblowing special effects , cool music , and great serious acting . murphy's law goes insane in the second part , meaning that everything that can go wrong , does in fact go wrong , increasing the tension of the film to outstanding levels . br br with a cool cast and crew michael bay as director , jerry bruckheimer and gale anne hurd as producers , and j . j . abrams as one of the scriptwriters . , tons of special effects , great humor , awesome music , plus an intro done by mr . benhur himself , charlton heston , armageddon rocks big time . br br signed , the constant dvd collector , matt macleodbr br parental warnings this is not a film for kids . the fbomb is used a few times and lots of other swear words are used as well , plus there's a strip bar scene and the extremely intense second part might be too hard for a kid to handle .",0,1
"i purchased the blood castle dvd on ebay for a few bucks not knowing what it was and all i can say is that i wasn't disappointed with this purchase . blood castle is one of those trashy european horror films that has almost no redeeming quality except for being thoroughly entertaining , for all the bad reasons . the opening alone was worth the price of the dvd our heroine , dr . ivanna , arrives at the castle where she's supposed to help a scientist , baron dalmar , who does experiments on dead tissue . on her way to the castle 1 a man tries to rape ivanna . 2 the castle's housekeeper fights with her . 3 the maid wants her dead . 4 and finally , baron dalmar nearly spits on her and wants her out the next day . hmm . . . something tells me she's not welcome . with such a miserable arrival , you'd think ivanna would leave the place in a ny minute but no , like so many great trashy films , our headstrong heroine decides to stay put and even enjoys a candlelight dinner with the grumpy baron on that same eventful day . the intro is so overthetop trashy it's even greater than the memorable first few minutes of that canadian film , junior that i knew i was going to enjoy this . br br but the fun doesn't end there . ivanna is repeatedly drugged whenever she goes to bed at night , only to wake up from unconsciousness , naked , bound and tortured in mild sessions of sm by an unseen man . even after experiencing these nightly sm sessions , ivanna stays at the castle , dully convinced by the angry baron that what she's experiencing are nothing more than dreams . to be expected , even after being treated so badly from the getgo , ivanna , falls in love with the baron . ivanna completely disregards anything negative about him , including the obvious fact that the dour baron is popular with the young ladies . every women at the castle it seems only women work there is in love with the miserable chump , who doesn't mind taking advantage of the pretty young things . things get even sillier as someone lurks around the estate and kills and has been killing women . basically , the baron's physically disfigured brother , igor is responsible for everything . in a very long winded scene , the brother warns the baron he should not get too involved with ivanna or he'll suffer the consequences . so what do the baron and ivanna do about this ? well , they get married of course ! during the very brief marriage ceremony , the baron is shot by one of the angry locals father of one of the dead girls . but all of this doesn't deter ivanna , who , amidst all the dead young ladies and torture surrounding them , cheerfully comforts the hurt baron that it's just a flesh wound and the two can go on and enjoy their honeymoon at the castle , where the killerrapisttorturer brother is . the whole thing quickly devolves into a nightmarish love triangle of sorts , between ivana , the baron and igor . blame it all on love ! br br anyway , you get the idea subtle it's not . almost everything is overthetop ridiculous in this film and when it's not ott , such as the predictable climax , things get a tad boring . but for most of the film , the director or writer revel in one illogically trashy moment after another . i really love these kind of films , everything as subtle as being hit over the head with a sledgehammer , and populated by characters behaving illogically . even those who made the retromedia dvd realize this and when you go to the scene selection section , we hear one of the funniest bits of dialogue from the dubbed movie looped endlessly . br br the production values are beautifully risible . the opening and closing credits , with those candles and red curtains . . . ah , a soupon of class . the music sounds sometimes like something from a tim burton film , which only adds to the oddness of it all . and customary to these kind of films , when the young ladies take off their clothes , they just beg to be killed . br br as a standard film , i rate this a 2 , but as a it's so bad it's good film , i rate it a solid 8 stars . if you enjoy trashy films , please watch this one . it's a must see . the only thing left for me to ponder about it what would it have taken for that woman to get out of that freaking castle ?",0,1
"although in some aspects seven pounds is solid and interesting in some of its narrative style , gabriele muccino's project is rather mediocre . the movie becomes more and more sappy and manipulative as it move toward the end hearts human and emotional , eyes physical and metaphorical . seven pounds is more of an amateurish imitation of alejandro gonzlez irritu's amores perros and 21 grams , with lots and lots of flashbacks . the problem is the story is quite predictable from very easily on through the movie . that's too bad , because seven pounds could have been as authentically good if ben and emily had been put in the right hands .",0,1
"the photography is accomplished , the acting is quite good , but in virtually every other department the greek tycoon is a dreary bore . taking its inspiration from the reallife love affair of jackie kennedy and aristotle onassis , the film is a glossy but absolutely empty soap opera of the kind that can be found on tv all day long . viewers who embrace the whole celebrity magazine culture paparazzi photographs and gossipy stories about the rich and famous will undoubtedly find much to whet their appetite here . but those who prefer films with a bit more substance and craft and quirkiness will find the 107 minute running time a buttnumbing slog . br br american president james cassidy james franciscus and his beautiful wife liz jacqueline bisset are in greece on official business . a ridiculously wealthy greek shipping tycoon , theo tomasis anthony quinn , catches sight of liz at a party at his elegant manor . despite the fact that both of them are married to someone else , there is an immediate attraction between them . later , at a private party aboard his yacht , tomasis makes his desires known to liz . some while later , president cassidy is assassinated whilst out strolling on a beach . liz is shocked and saddened by his death , but it isn't long before she seeks comfort in the arms of her greek lover tomasis . eventually the two of them are married and their love affair becomes a favourite talking point for the world's newspapers , magazines , photographers and wags . br br it is somewhat amusing to note the vigour with which the producers of this film denied that it was a dramatisation of the kennedyonassis story . they wanted the film to be seen as an original story , rooted in fiction . but anyone with a brain can see from where the movie is drawing its inspiration . even aristotle onassis himself knew the greek tycoon amounted to his lovelife getting the hollywood treatment if rumours are to be believed , he actually had a hand in approving anthony quinn for the tomasis role ! j . leethompson isn't really the right sort of director for this type of movie he's better suited to action fodder like the guns of navarone and ice cold in alex but he marshals the proceedings with an uninspired , professional adequacy . quinn is very watchable as tomasis ; bisset looks lovely as the object of his desires ; franciscus uses his toothy smile and a faade of integrity to make for a believable politician . their performances are good on the surface , but there's little for the actors to do on any deeper level . similarly , tony richmond's photography gives the film an elegant surface sheen as it moves from one exotic locale to the next , but the merest of scratches proves that there's nothing behind the film's glossy exterior .",0,1
"this one of the best celebrity's reality shows a ever saw . we can see the concerts we can see the life of britney , i love the five episodes . i was always being surprised by britney and the subjects of the show i think that some people don't watch the show at all we can how a great person she his . she his really funny really gentle and she loves her fans and we can see how she loves her work . i just don't give a 10 because of kfed he his a real jerk he doesn't seem to like britney at all . i they make a second season of this great show because it shows at some people how britney really is . go britney your the best and you will never leave our hearts .",0,1
"i think the best of times was a lost cause from the get go . the initial premise guy drops the winning touchdown pass against a rival high school team , can never seem to get over it and then tries to reunite the two teams to play again is one of the dumbest i have ever heard . since ron shelton went on to write much better sports films i wonder if there was more to it then that . i hope this film wasn't green lit with shelton pitching the story as i wrote above . br br so we have the premise . going from there you would think , or hope , that there might be a few twists along the way to keep things lively . no such luck . this script follows every predictable clich you can think of . there isn't a moment in this film you won't see coming a mile away before the film reveals it and the ending . . . . well if you can't figure out the ending by the end of the first reel then you haven't paid attention or seen any other sports movie in your life . br br robin williams and kurt russell star and bore in the leads . williams is the poor schmo who dropped the big pass and russell is the quarterback who threw the fateful pass . gee , do you think russell will suit up just once more to see if he and williams can right a wrong that the town has never forgotten ? this is such a lame duck comedy with a lame duck script that one can only shake their heads wondering what might have been . sure there are a few chuckles and , to be honest , there is one truly funny scene . williams and russell have marital problems and the wives invite them over for dinner to resolve things . neither guy realizes that they have been invited over on a monday and , yes , monday night football is on . keeping in mind that the two teams playing have a combined one victory , the men williams especially try to resist the temptation to find out how the game is going . the scene dissolves into some hilarious bits as williams goes to check the score by using a bathroom visit as a ruse . when he returns he coughs the score to russell . later as russell is starting to make the moves on his wife williams wheels the television into their view from another room . br br it's an inspired and funny scene in a mostly uninspired and stupid movie .",0,1
"tom stern and jeremy slate are swing bachelor's planning to hijack a casino , ala ocean's 11 , and pin it on the hell's angels . bad move . for a film with the words hell's angels and the number 69 and featuring actual hell's angels , this movie is surprisingly tame . the hell's angels truly deserve a better film to be centered around them . not this snoorefest . luckily this is one of the dvds that features commentary by joe bob briggs so the pain of having to sit through it is greatly alleviated . if you watch it any other way , let me recommend something to you . don't ! ! br br my grade d br br dvd extras joe bob brigg's commentary ; conny van dyke's message to her fans she has more than one ? ; photo gallery ; theatrical trailer ; and trailers for blood shack , hell high , samurai cop , and the hollywood strangler",0,1
"i first watched kindred in 1987 along with another movie called devouring waves . i remember back then i hated them both and i have never really bothered to watch them again . br br however i have recently started a crusade to collect as many 80's horror titles in their original boxed form , that have been deleted for some time . i have got myself quite a proud collection with many more titles on my list ! br br the kindred although i have not as yet got a copy is high priority as all the old movies i didn't like back then , i now own and have now rewatched and think they are brilliant and the bits i do remember of the kindred are now driving me to want to get hold of a copy a . s . a . p . br br hurray for the 80's and long live horror !",0,1
"br br what is left of planet earth is populated by a few poor and starving ragtag survivors . they must eat bugs and insects , or whatever , after a poison war , or something , has nearly wiped out all human civilization . in these dark times , one of the few people on earth still able to live in comfort , we will call him the all knowing big boss , has a great quest to prevent some secret spore seeds from being released into the air . it seems that the all knowing big boss is the last person on earth that knows that these spores even exist . the spores are located far away from any living soul , and they are highly protected by many layers of deadly defense systems . br br the all knowing big boss wants the secret spores to remain in their secret protected containers . so , he makes a plan to send in a macho action team to remove the spore containers from all of the protective systems and secret location . sending people to the location of secret spores makes them no longer a secret . sending people to disable all of the protective systems makes it possible for the spores to be easily released into the air . how about letting sleeping dogs lie ? ! br br the one pleasant feature of encrypt is the radiant and elegant vivian wu . as the unremarkable macho action team members drop off with mechanically paced predictable timing , engaging vivian wu's charm makes acceptable the plot idea of her old employer wanting her so much . she is an object of love , an object of desire a very believable concept ! br br fans of vivian wu may want to check out an outstanding bmovie she is in from a couple years back called dinner rush . dinner rush is highly recommended . encrypt is not .",0,1
"don't get me wrong , dan jansen was a great speed skater . if there was one guy who deserved his gold medal at the olympics it was dan . br br but how can it be possible that bill corcoran has made such a bad movie about the incredible dan jansen story , because the real dan jansen story is truly incredible ! especially when you look at this movie through the eyes of a sportsman everything is wrong , the way matt keeslar and the other actors skate , their technique , the dimensions of the speedskating oval , it is all wrong ! br br shame on you , bill corcoran , dan jansen deserves better , a lot better ! br br 1 out of 10",0,1
"most college students find themselves lost in the bubble of academia , cut off from the communities in which they study and live . their conversations are held with their fellow students and the college faculty . steven greenstreet's documentary is a prime example of a disillusioned college student who judges the entire community based on limited contact with a small number of its members . br br the documentary focused on a small group of individuals who were portrayed as representing large groups of the population . as is usual , the people who scream the most get the most media attention . other than its misrepresentation of the community in which the film was set , the documentary was well made . my only dispute is that the feelings and uproar depicted in the film were attributed to the entire community rather than the few individuals who expressed them . br br naturally it is important to examine a controversy like this and make people aware of the differences that exist between political viewpoints , but it is ridiculous to implicate an entire community of people in the actions of a few radicals .",0,1
"this is a little slowmoving for a horror movie , but the quality is better than you might expect for a director's only effort on imdb . the camera work and lighting were both surprisingly good , and the acting although variable is better than is often found in indie genre flicks . br br as the lead , robert field is rather stiff , which is especially unfortunate given that his character , claude , is the film's narrator as well as the centre of its action . however , it was the entry of christopher brandon despain that i considered the turning point of this film and not in a good way . a twist is introduced in a clumsy fashion , and slowmoving becomes drawn out and overly wordy . br br on the up side , pete barker is consistently entertaining as father william . he's the easy standout in what is a fairly ordinary offering . while the first half hour caught my interest , i ended up feeling quite disappointed in the way things played out .",0,1
"yes , that's true . that movie is a horrible piece of . . . you know what . almost all fans of sapkowski's books in poland think the same . the truth is that polish cinematography can not afford producing fantasy films . it's a shame when you compare wiedzmin and conan the barbarian for example . i hope no one outside poland will ever see this nightmare .",0,1
"it's a hideous little production , apt to give one nightmares as well as headaches . it's an unsightly blend of live action and ugly stopmotion animation . it's weird , but it's not the kind of fun , weird trip anyone optimistic might expect . it's the cold , inhuman , unfriendly , sickening , even creepy kind of weird . there is absolutely no reason to watch this movie . after all , disney did a fantastic job with the same source material . and cosgrovehall did far more attractive things with stopmotion . br br interestingly , this is a french production . as such , it reenforces the stereotype that the french have no concept of scary .",0,1
"well , i can and will be very short . this is a wrongbalanced , nonconvincing film that could have been a little bit better . the script seems to not know which way to go . . . from funny to clichewise serious . . . it's a bit silly . that plus too much sentences we have heard before the hacker is in florida , or no , he is in madrid , no he is in . . . , he is screwing the signal . br br 4 out of 10",0,1
"and also a wonderful beginning , a real quick start . it keeps you yearning and waiting for is about to come . unfortunately the high adrenaline dries off quickly , but most certainly after half the movie is over . br br and it's a shame , because this movie has really good ideas and explores many of them thoroughly . but that is also one of it's faults . by exploring too many things , it get's mixed up into to many things , so in the end you're too confused to follow any plot or characters . it's very dark and moody , but that doesn't help much , if it's also genre hopping just to try to fit any and everything in it's story !",0,1
"that's pretty much all i can say about this flat and uninspired remake of the 1979 carol kane vehicle . camilla belle isn't much of an actress , and she brings no energy and vitality to the role of jill johnson , the babysitter harassed by an anonymous phone caller . br br but if you're looking for some great home architecture and interior design ideas , this movie provides more inspiration than anything you'll see on tlc or hgtv . jill spends nearly 90 minutes wandering through the house of the rich doctor and wife for whom she's providing her sitting services , searching for the origins of strange sounds and things that keep going bump in the night . as she lurks around corners and peers down hallways , we get to see a beautiful master bathroom with his and hers sinks that look like roman tubs , a huge kitchen with incredible back lit glass shelving , and the piece de resistance , a selfcontained aviary and coy pond that feature a selfwatering system . br br because the movie isn't compelling enough to draw us into jill's fear , we're distracted by the grandeur of the house , which isn't something you should be doing when you're watching a thriller . even as jill is pursued by the faceless maniac , we cringe because she's breaking valuables and messing up the coy pond , not because she's about to get murdered . br br the movie plods along as predictably as most teen slasher movies , and the ending is anything but original . by the time it was over , i just wanted to find out where the heck that house was and if it was real . never mind jill and the kids she was babysitting . br br 2 stars both for the house .",0,1
"one true thing may have seemed like a horror movie to the yuppies of the 80's , but it doesn't ring true today . . . unless you happen to be part of a pampered , uppermiddle class family which is so insulated from the world that it has never tasted suffering . br br avoid this shallow flop .",0,1
"i was in 6th grade and this movie aired on pbs during a series called 'wonderworks . ' i distinctly remember sitting on a couch watching the movie with tears running down my face at the end . in the film jesse , the main character , forms an unusual friendship with a girl named leslie . due to a very simple , but careless mistake one of the pair dies . at the time , i found the story very powerful , because the fatal mistake is exactly the type of mistake a kid would make and so any kid watching the film will find it very easy to identify with and feel the emotional weight of the tragedy that ensues . br br last year , i finally tracked down a vhs copy of the show . i probably should have stuck with my memories . watching the show as an adult i was absolutely shocked by what a horribly made film this was . my girlfriend had a similar memory of the movie as well , and she too was pretty sad about how bad the movie was compared to her memories . br br many adults probably have a good memory of watching this movie when they were kids . i strongly advise that these people leave their memories intact , and avoid seeing this film as an adult .",0,1
"it's a really cheesy parody of tomb raider and some indiana jones , the humor's cheesy , and so is the acting . but after all it is a soft core movie , which is expected and doesn't matter because what you really want is the sex . which gets me to the biggest problem of all , there barely is any of it . which makes you feel like you're watching tv at 3 am and the independent movies are playing and the one that is on was made by some college kid that's going nowhere in that industry . you're left a very long time waiting for an actual sex scene , a lot of times you are thinking something is going to happen , then just left hanging . the onemaybe two , or one with two partsthat actually goes somewhere is very pleasing though . i personally can't recommend this unless you found it in a clear out bin for a dollar or two . if you lucking for a good movie with a plot and good acting , you don't want this . if you looking for a good soft core lesbian film , you don't want this either .",0,1
"i have been reading comments on imdb for some time now . an 8 . 3 average for this movie just plain gets on my nerves . i don't mean to pull one of those i just signed up for an account so i can post on this movie bits . . . . . but , i just did . the only theme you will come away with from this movie is that incest does not deserve to be ridiculed . br br now , i realize many 'hoitytoity' film people love this movie ; nevertheless , it is crap . the thing that really gets to me is the fact that the director expects you to have sympathy for the 'villain' in the movie . if you do have sexual relations with your sister , you should probably be an outcast from society . just my personal feelings i guess . yet , i sat through 2 hours of this expletive expecting some really deep reasoning behind daesoo's imprisonment . br br i tend to like a lot of foreign movies , but this is my first encounter with a korean flick and it has put them last in line in my book . oh . . . i feel better already after a little venting .",0,1
this is the first movie i have watched in ages where i actually ended up fast forwarding through the tedious bits which there are plenty of . very ordinary movie . i'm glad i missed it at the movies got a 2 for 1 video deal which included this movie instead .,0,1
"i have to agree that the movie is not the best i've ever seen , but i would like to make mention that the actors portraying tommy and jimmy dorsey were the actual dorsey brothers . as actors , they were wonderful musicians . the movie , based on their famous split , would have been better had professional actors played the parts . many movies made during this time frame took advantage of the popularity of big bands . most often , the movies were not that good because musicians are not actors by trade . most of the moviegoing audience didn't go to see tommy or jimmy dorsey playing themselves ; they went for the plot and the music . i've never been much of a dorsey fan , but the music is good even today . br br i have to comment on a previous post regarding the actors who played mom and pop dorsey and that their accents would be considered extreme by a dublin audience . arthur shields and sara allgood were actually irish actors , both born in dublin . you might remember mr . shields as the reverend mr . playfair in the quiet man and ms . allgood as mrs . monahan in cheaper by the dozen .",0,1
"the duke is a film based in the heart of the british aristocracy where an old duke john neville dies and to avoid his large property and the vast riches to be taken from him after death by 2 devious aristocrats oliver muirhead and sophie heyman ; he passes his dukeship down to his dog . the dog's best friend , an american girl named charlotte played by courtnee draper whose parents die becomes orphaned by the former duke due to him being her great uncle . a young chef named florian arrives , with him and charlotte instantly connecting creating a romantic subplot which in its own way , acts as the under tone for the main plot line being the activities of hubert , the 'duke' and his many activities and love interests with other dogs . all this is watched over by james doohan who plays a butler who is determined to try and serve his old duke by doing his best to serve his new master , hubert . doohan acts as the older character there to comfort and advise the younger ones whilst he over looks and performs various ridiculous tasks under his new master . a fine comedic performance mixed with elements of drama to end the career of a fine and influential actor . br br though from the technical viewpoint , i dislike this film as i only watched upon discovering james doohan's role . though the plot is good , elements of the writing and directing have to be obscured . ignoring the absurdity of a doggie duke , i personally dislike the over use of comedic and outrageous jokes upon the 'bad' characters due to their ludicrousness . the dependence on hygiene related humour as you like is much too apparent and general silliness of many characters doesn't appeal to me . the director , phillip spink uses midlong shots too often with either an overdubbed voice or affecting the overall sound quality . plus , the acting of muirhead and heyman , whilst good at the dramatic and romantic sequences , fall drastically short fulfilling the wholesale requirements regarding the role . br br but , as a mature movie fan , i find it easy to be over critical of a simple family film designed to make you laugh . i can admit i found certain bits funny and other bits touching along with a plot that may be farfetched , but has definite connections . i do not recommend this film to mature movie fans but i do highly recommend it to dog lovers , families who wish to enjoy a funny film for their child and james doohan fans who wish to see 'scotty' in his final role .",0,1
"diana guzman is an angry young woman . surviving an unrelenting series of disappointments and traumas , she takes her anger out on the closest targets . br br when she sees violence transformed and focused by discipline in a rundown boxing club , she knows she's found her home . br br the film progresses from there , as diana learns the usual comingofage lessons alongside the skills needed for successful boxing . michelle rodriguez is very good in the role , particularly when conveying the focused rage of a young woman hemmed in on all sides and fighting against not just personal circumstances but entrenched sexism . br br the picture could use some finesse in its direction of all the young actors , who pale in comparison to the older , more experienced cast . there are too many pauses in the script , which detracts from the dramatic tension . the overall quietness of the film drains it of intensity . br br this is a good picture to see once , if only to see the power of a fully realized young woman whose femininity is complex enough to include her power . its limitations prevent it from being placed in the see it again and again category .",0,1
"'ernest saves christmas' is comedian ernest's christmas special film . in this film , ernest has to find a successor to santa claus in order for christmas to continue . along the way , he meets a young girl who is a thief and who ends up stealing something very important of santa's i won't tell you what that is ; you'll just have to watch the film for yourself . like most ernest films , there is a lot of slapstick humor involved . br br this film is probably one of ernest's best films . it's funny , and it has some important lessons to learn regarding friendship and family and not being afraid to show love . it's not the best christmas film around , but it is a good one to get you in the christmas spirit . it's a little bit sad that the film is a little dated now .",0,1
"i am a big fan of auntie mame with rosalind russell . she really was the perfect actress to play that character . br br i've heard angela lansbury was very good on stage in mame but it's hard to imagine anyone topping rosalind russell . br br lucy was such a great comedienne that her comic bits salvaged her performance in this movie where i think she was miscast really , they should have dubbed her singing voice hearing these songs sung at a faster tempo and with strong voices really changes the whole effect . br br i just saw the stage revival in washington d . c . and i think christine baranski was very good as mame , harriet harris the nasty chain smoking agent on frasier played vera and she was particularly good . br br both would be good casting for a tv movie of this show . maybe if that production makes it to broadway they'll consider filming it . br br also i think tracy ullman would be good as agnes .",0,1
"having some idle time before going to work , i looked at my 50 movie pack comedy classics dvd collection and picked the most obscure title in the pack zis boom bah starring a forgotten grace hayes . classics is obviously the operative word here since most of the titles i've never heard of and i suspect they're all in the public domain . anyway , this movie also stars her son peter lind and his wife mary healy who i just found out is a new orleans native from the state i live in , louisiana with benny rubin as a malt shop proprietor and huntz hall , taking a break from the east side kids , as peter's buddy . the plot , about a vaudeville mother trying to turn her rich carefree son into a responsible one with him unaware of who she is , is for the birds and doesn't have many funny scenes though i did like peter's celebrity impersonations and his dance with hall in drag . and the songs and dances are entertaining in themselves . rubin , however , is all over the place with his confusion of the american vernacular of the time and almost everything concerning him makes no sense whatsoever though i did like his funny dance . since this was only 61 minutes that i'm sure played on the lowerhalf of the double feature bill , i'll be charitable and give this one a 3 for the few entertaining bits that i mentioned enjoying .",0,1
"i am probably one of the few viewers who would not recommend this film . thought visually stunning like all of ang lee's work each still frame seems worthy of a print , i was really disappointed by the film's disjointed pace . it really was too long . br br the story is set in civil war era missouri , and is about a young man roedel who joins the feral forces of the bushwackers , sort of renegade confederate sympathizers who conduct geurilla type fighting with the jayhawkers , their union counterparts . he and his close friend , jack bull chiles played by skeet ulrich , join the group after chile's father is shot pointblank and his home is burned , presumably by jayhawkers . the story follows roedel's and chiles' raiding adventures and their interactions with other victims of the war , including former slave who fights for the bushwhackers daniel holt played by jeffery wright , and a war widow played by jewel . br br it seemed that every time the film developed the story to an interesting point , it would turn to some other subplot and leave things undeveloped . for example , the agitation among roedel's group caused by former slave holt participating in the confederate cause is shown briefly through some conflict regarding propriety and protocol , and then dropped until later in the movie . a young villianbully bushwhacker hates roedel and directs much angst and violence against him , but , we never know why . some of the characters never seem to surface ; i think that is because the movie embraces too many of them as well as taking on large amounts of history . br br the historical detail was excellent . i loved looking at the housing , furniture , clothes , etc . , and i thought the lead actors did a wonderful job of humanizing the characters , though they stumbled a bit with the dialog . unless you really enjoy history or are a huge ang lee fan , though , take a pass on this one .",0,1
"i saw this move several years ago at the central florida film festival if i recall . i liked it , it showed great potential . i guess most people here are blasting this film because the film did seem hobbled together by the filmmaker's own admission on the official site the short was exhibited as a roughcut . br br but nonetheless , it was an easygoing comedy . i think many people try to read far too much into a comedy . all they are supposed to do is make you laugh that's all . i did just that at its showing , so it succeeded on that level . just my 2 cents anyway .",0,1
"i might have given this movie a higher rating before peter jackson's trilogy came out , but seeing the two of them side by side there is simply no comparison . the pace of this movie is rushed , many important scenes from the book are left out , and there is little character development . the animation is a strange mixture of traditional cartoon drawings and live action scenes that were painted over , which i found distracting . and the most disappointing thing about this movie is that it breaks off in the middle of the story and was never finished . there are some good points the battle scenes are exciting to watch , and the dialogue follows the book pretty much to the letter . watch this one if you're in a hurry and can't spend 10 hours watching the new trilogy . but if you haven't read the book you'll probably be confused , because there is a lot missing from this version . 4 out of 10 .",0,1
"the movie is precious , and cage is a babe . br br but will anyone agree with me in saying that the punk representation in this movie is atrocious ? ! ? ! br br where's the clash ? the ramones ? ? misfits ? social distortion ? the cramps ? ? sex pistols ? ! anyone ? ! ? ! ? ! ? ! the music is this movie is incredibly disappointing ! at least they play the cure . br br plus , randy's feathered hair and pleated khakis . . . br br this definitely looks like a movie about punks the way that a bunch of movie industry squares see punks . br br although it's a 90's movie , slc punk paints a much more accurate picture of the punk rock scene in the early 1980's . just sayin' .",0,1
"i've read some of the other comments and i do have to agree with the ones that didn't get the ending . i thought it was going rather well . . until the end . it kept your mind running and then splat . i have not clue what went on the last couple minutes of the movie except a complete mess . it's like they ran out of money to come up with a good ending so they improvised . first they had a mysterious thing making people disappear then they had a guy talking about area 51 which makes you think about aliens then after they it went to crap . i thought the actors and actresses did fine it's just the script went sour . anyways , if you do watch this movie be prepared to be disappointed at the end .",0,1
"always enjoy the classic horror films , however , this film was really a big waste of time and if it were not for john carradine playing the mad man doctor who is able to control human beings through his experiments . this film was made during ww ii and john carradine was a german nazi working to find a human weapon against the entire world . bob steele playing in many roles as a cowboy or gangster and in this picture bob seemed bored to death with his role in this film and acted like this was his first film . mantan moreland , jeff gave an outstanding performance with great comedy which helped keep the audience attention . i hate to criticize a film made in 1943 , but this is really a big disappointment . if you like john carradine and the roles he played as count dracula throughout many films during the 1940's , you just might like to watch john doing his best .",0,1
"so there's an old security guard and a guy who dies and then there's kevin , the world's biggest wuss . kevin wants to impress his incredibly insensitive , bratty , and virginal girlfriend amy . as he returns from work to . . . a random house . . . he finds his friends , the sexually confusing redshorted kyle and the truly revolting sluttish daphne . they are soon joined by daphne's boyfriend , the triggerhappy sexcrazed macho lunkhead nick . and there's the title creatures , horrid little dogeared puppets who kill people by giving them their heart's desire . kyle's heart's desire is to mate with a creepy , yucky woman in spandex . nick's heart's desire is to throw grenades in a grade school cafeteria i mean nightclub . kevin's heart's desire is to beat up a skinny thug with nunchucks . amy's heart's desire is to be a disgusting slut . daphne's already a disgusting slut , so she doesn't have a heart's desire . along the way a truly hideous band sings a truly odd song . the hobgoblins randomly go back to where they came from then blow up . citizen kane cannot hold a candle to this true masterpiece of american cinema .",0,1
"bored londoners henry kendall and joan barry as fred and emily hill receive an advance on an inheritance . they use the money go traveling . their lives become more exciting as they begin relationships with exotic betty amann for mr . kendall and lonely percy marmont for ms . barry . but , they remain as boring as they were before . arguably bored director alfred hitchcock tries to liven up the welltitled as quoted in the film , from shakespeare's the tempest rich and strange by ordering up some camera trickery . an opening homage to king vidor's the crowd is the highlight . the low point may be the couple dining on chinese prepared cat . br br rich and strange 121031 alfred hitchcock henry kendall , joan barry , percy marmont , elsie randolph",0,1
"there is a really good movie lurking just beneath the surface of the layers upon layers of cheese that is the pagemaster . br br i found this out when i watched this again this morning after neglecting it for years and years . i remember hating it with a passion when it first came out , but this time , i found that the special effects are quite good . the plot is just the neverending story with a creativityendectomy , but it's an okay little flick for anyone who just wants some really awesome eyecandy . the animation is amazing , and i especially liked how the animators let their characters look and act a bit more surrealistic than the norm . i'm giving it a grade of three as i would have given it a two just for parody value if i had ever decided to watch this movie expecting it to absolutely blow my mind storywise .",0,1
"whoa . i mean , whoa . i mean , whoa whoa . br br i saw this movie , waaay back when i was eight , in 1996 . back then , cgi films were a rarity ; and good ones even more so . also , back then we listened to things called cd players . but i digress . i used to like this movie a lot , way back then , and up till viewing it again , i've held reaally fond memories of it . hey , it's don bluth ! anyone who hates all dogs go to heaven is clearly a robot . but , again , i digress . br br then , i saw it again . this really isn't one of his best , i can say now , eleven years later . i've seen a lot more films , and i've garnered a little bit more knowledge . now , sure , the voice acting is good , i'll give 'em that . story's . . . okay . i mean , we see it all the time . a lot . but , it works . the musical numbers are what irk me . this would've been more at home in the eighties , with these kind of musical numbers . in '96 , most kids movies had epic numbers , like the lion king which came out a year or so previous , but whateveror stuff like that . you get showtunes here , vaudeville style . br br the animation kind of hurts , too . at times choppy , and at others completely changing style and format with the change of a shot , it's really hard not to notice . br br i still like all dogs go to heaven , but this could've been waaay better . br br 410",0,1
"when voting i was going to give a 2 but when seeing that 1 meant awful it hit the nail on the head . the portrayal of native americans as blood thirsty savages is deeply disturbing to me . this is the third film i've seen of d . w . griffiths where races of men are stereotyped in ugly ways . the man isn't able to tell his side of the story so i'm going to try and keep away from attacking mr . griffith personally . in my opinion the three films probably influenced the thinking of millions of people and their children's children . films like this probably made for many of the resentments that are still with us . . some may say the camera work was great , the action a first for it's time . the positives are far outweighed by the negatives , it's like someone taking 10 from you and giving a dime back to make up for it .",0,1
"it's hard to imagine that anyone could find this short their favorite if they have seen most of their shorts , but i know that humor is very subjective . i have seen all of their sound shorts by far the best of their stuff imo and i found this one of their weaker efforts . br br in the year this was made 1930 stan and babe made 15 shorts and one feature . they were extremely popular and their boss hal roach took full advantage by keeping them working constantly . in addition , this was a time of experimentation for the writers and stan . i would say this was an experiment that really did not work . as someone else said , it does not play to their strengths . too much dialog and plot . br br the best part of this one for me is the largely improvised sequence with stan as agnes the maid and the great thelma todd talking about girl stuff . br br if you really want to see the boys at their most creative and funny check out blotto , or brats from the same year . br br they made so many shorts in such a short time that i think they can be forgiven for turning out a few less then par shorts . they made something like 108 films altogether . very few except for the ones made at fox were outright failures but there are some . county hospital , me and my pal , the live ghost , the fixer uppers come to mind as essentially weak ones . but other then those i find something wonderful in just about all their shorts . quite a record in my book . br br if you have seen and enjoyed all their other shorts then by all means check this one out , but i would be willing to bet that this one was less then memorable to stan and babe .",0,1
"this movie proves that you can't judge a movie by the awesome artwork on the dvd cover . it also goes to show that you should learn more about a movie before you buy it or get it for someone at christmas . the beginning of this movie actually looks somewhat promising . well , until you meet the characters . pumpkin jack the old guy from down the street brings the college coeds a book full of witch's spells that he leaves at their annual haunted house where the movie takes place . after that there is some drinking , fighting , and soft core porn . then the action of the movie finally takes place after over an hour . br br overall , hallow's end was predictable , unsuspensful , and reminiscent of a softcore porn . this movie is probably best viewed with a group of friends who have nothing better to do , as it is a good movie to make fun of . and for firsttime viewers , it is really fun making predictions of the order of people who die .",0,1
"this was something i had been looking forward to seeing . the ultimate avengers movies had both exceeded my expectations and since iron man has been one of my favorite marvel characters i thought that this same production team would be able to do some really great stuff with an iron man solo title . but the final film was unsatisfying . i wasn't expecting them to spend most of the movie paying tribute to iron man gray armor . the red and gold armor is seen for maybe ten or so minutes all together . not a major complaint but not what i expected from the ads and box . the worse thing however was the story , the acting and the cellshaded cgi animation for the monsters and iron man armor that was not convincing . it didn't blend in well with the cell animation at all . even on it's own it seem sticklike and lifeless . tony stark's character arc , as incredibly slow as it takes , is so forced and unconvincing . i wanted to see this movie because i love iron man but after forcing myself through the film i wondered if they couldn't have come up with something that had been as good as the ultimate avengers movies .",0,1
"my mother told me not to go to see kadosh but who ever listens to one's mother ? br br i was so turned off by it while i was watching i thought i must have lost my feminist credentials on the way into the theater , so i checked with cardcarrying feminists the next day . no , they also thought it was much more an antiorthodox screed than a profeminist statement , painting the orthodox as equal to the taliban . br br while this israeli movie is careful to show that the sect the story is about is the ultimate ultraorthodox messianists , it is so nasty as to be unbelievable plus that the nonfanatic orthodox rock'n'roller ! one of the sisters is in love with is incredibly sexyeven in israel that must be fantasy . br br the theater was quite crowded , so there's a pentup curiosity to see israeli movies ; too bad this vicious movie is the one getting wide distribution . this was almost enough to drive me back to insipid hollywood romantic movies . br br originally written 4292000",0,1
"i dislike this movie a lot . if you've read the puzo's books , or at least have watched very closely the two first movies specially the first one , you're going to agree with me . br br compared with the corleone's saga presented by puzo's novel , the script of this film is , sometimes , even ridiculous . the characters and the relationships among them are distorted . the story ends up reaching nowhere , although it appears to go to some direction during the movie . br br it is understandable that different times should be expected for the corleone's saga in the 90's , and that we would not gonna find things the way they were before . but , in the other hand , i don't know why they had to copy some dialogues from the other movies , in contexts when they didn't fit . why this ? it sounds like those poorly made sequels that just try to copy the original film's qualities . br br what will never be understandable is the fact that mario puzo , coppola and al pacino joined together to make this . a man who directed pieces like apocalypse now and godfather has to be forgiven for almost anything he does in cinema until he dies . so does al pacino , for being the actor he is . but mario puzo shouldn't have written this . how come ? he damaged all his previous work . what a shame , my friend . the puzo's novel the last don is a 90's story about the mob , and it is great . we can never tell the same about the plot for the godfather iii .",0,1
"this movie has been a classic in my part of the country because it was filmed in my own small town . i now have many friends who are guards at dixon correctional , and i myself worked for 3 yrs at the superamerica store next to the krogers store the old lady was at . however , this is still the dumbest movie ever made , destined to be introduced by gilbert godfreid or rhonda shearer , if it hasn't been already . a bit of trivia , illinois doesn't even have parole hearings , and dixon prison is a medium security facility housing burglars and vending machine vandals . the classic cluckingseduction scene is perhaps the most amusing piece of writing i've ever seen , especially with the suspenseful buildup",0,1
"when this show began it was fairly interesting we got to see what crab boat fisherman had to go through during the crabcatching season . soon after , however , it lost focus on the fishing and focused almost entirely on the drama in the lives of the fisherman . episodes became nothing more than 'the captain doesn't like the new greenhorn' this one happens way too often , 'someone is injured or sick' , 'a fisherman gets word of some problem at home and is frustrated that he is stuck on a boat' , repeat . i don't know how people can find the newest seasons watchable , as every episode seems to be essentially the same as those before and after it . this show should be moved to a different channel and renamed to crab boat drama , or , even better , it would have made a perfect onetime segment on dirtiest jobs . br br shouldn't the discovery channel have learned their lesson after american choppers ?",0,1
"! ! ! ! possible mild spoiler ! ! ! ! ! br br as i watched the first half of guilty as sin i couldnt believe it was made in 1993 because it played like a jagged edge joe eszterhas clone from the mid 80s . it starts with a murder and its left for the audience to muse is he guilty or innocent and will he go to bed with his attorney ? , but halfway through the film shows its early 90s credentials by turning into a lawyer gets manipulated and stalked by her client type film which ends in a ridiculous manner , and guilty as sin has an even more ridiculous ending in this respect . br br this is a very poor thriller but the most unforgivable thing about it is that it was directed by sidney lumet the same man who brought us the all time classic court room drama 12 angry men",0,1
"dreamy young ashton kutcher as tom stansfield wants a date with sexy blonde tara reid as lisa taylor . ms . reid thinks mr . kutcher is gay . kutcher works for reid's father , an anal retentive terence stamp as jack taylor . kutcher agrees to housesit for the boss , believing it will get him closer to reid . mr . stamp has a pet owl named o . j . , who becomes a toilet cokehead . br br this is a film to get your restricted to grated preteens ready for raunchier rrated fare . it will help if they haven't seen the plot before , and especially like moronic potty humor . remember , people get paid to act like this . br br my boss's daughter 2003 david zucker ashton kutcher , tara reid , terence stamp",0,1
"i a huge fan of when it comes to doctor who series and still am , but i was very disappointed when i began to watch this new series . br br children under the age of 15 , or even better under the age of 10 will probably will enjoy it the best , and possibly new fans who haven't seen any of the original series , but as far as fans of the original series , will find this series missing much of the charm the made the original series so great , it took david tennant to get me to appreciate how much better christoper eccellestion was as a doctor in the 1st season . br br i would only recommend this series for people who haven't seen much of the original series , people who are under 15 , and extremely die hard who fans , everyone else will just get a laugh and mumble curse words about russel t . davies screwed up one of our favorite tv shows .",0,1
"sure , this film was retarded . but you expected that the moment you looked at the coverbox . it's a b movie , and on the ta factor this movie delivered . truthfully , it was funnier than expected . while it was by no means a work of comedic genius , like the party animal or orgazmo , as far as b movies go it was worth the watch , if you're into that sort of thing anyway . br br christians and morallyoriented parental groups , this is softcore adult entertainment . if you don't want your children watching sexual content and nudity , then you should keep your children away from this film .",0,1
"this was included on the disk shorts volume 2a rather dull collection of short films . shorts are among my favorite style of films but somehow the people assembling this second collection had a hard time finding quality contentand it wasn't nearly as good as the first volume or other shorts collections . br br this short film feels like it's woefully incomplete . there is a story , but so much in unanswered that the viewer , like me , feels a bit left out and unfulfilled . br br the film begins with a woman , her boyfriend and her westie that's a dog , by the way going to a lonely beach . the lady speaks with an accent that , at times , is a bit difficult to follow . given that i am hard of hearing , i sure would have loved if it had been closed captioned . anyway , the boyfriend goes for a swim while she naps . when she awakens , her dog is gone . she panics and makes the guy follow her all about looking for the dog . they spend most of the time arguing and being disagreeable . then , out of the blue , they stop to have sex . later , they find the dogend of story . br br as far as the characters go , both seemed rather dysfunctional and unlikable . she was a fussy and demanding lady and he seemed to have contempt for her . when you wondered why they were together , their little sex break showed what bond kept them together . br br some might like the characterizationsi kept finding the people irritating and unrealmore like caricatures than people you might meet or know . also , the payoff for all this just isn't worth the wait unless you want to see the guy naked .",0,1
"nice movie and nicholle tom does a fantastic job playing the guy in the girl's body , she really does it well . br br a sort of teen version of many other movies , but well done . br br well casted , from matt to matt2 .",0,1
"bela lugosi is not typecast in this fantastic twelvepart adventure serial , playing the lead as frank chandlerchandu the magician , enjoying his role as a representative of the forces of white magic pushed against those of black , while displaying vigourous fighting skill , successfully wooing a young egyptian princess , and cutting a lean and dashing figure in yachting gear , complete with nautical cap . the somewhat lumpy plot engages chandlerchandu in an ongoing series of escapades pointed at achieving the rescue of his fiancee , princess nadjimaria alba and others from the clutches of the idolworshipping sect of ubasti , which covets nadji's blood in order to revivify an ancient mummified princess entombed upon the mysterious island of lemuria . director ray taylor , an old hand at such entertainments keeps events moving briskly , but repeated scenes and footage , a good deal of which is to be found in the previous year's skull island setting from king kong , and the port locale from son of kong , reduces original action to less than 60 minutes from the serial's running length of over two and onehalf hours and , if viewed at one sitting , becomes lacking in effect to most viewers , unless insomniac .",0,1
"apart from the da james eckhouse , and a brief appearing woman who is convincingly sympathetic to ellen gulden's renee zellwegerplight , ellen herself is the only convincing characterand likable character in the movie . she is the one , not her dying mother , who should be and isthe one true thing . it's not only in the role , in zellweger's acting , but also in the plot itself . . . . until , the plot turns against itselfand makes the mother the one true thing in the eyes of her weak willed , shallow husband who can do nothing right for his wife or daughter . the daughter perceives what the viewer perceives , but such intelligent perceptions must give way to the shallow sentiment of the husband who is blanked out on both the realities of his wife and daughter . br br to boot , the one powerful scene in this whole movie , when ellen confronts her father's cruelty , is given the lie at the end . ellen is just another young strong woman who must be tamed into conformity by a crybaby father . a very flawed movieso flawed as to be called a bore and not worth the time .",0,1
"i chose this movie because i was looking for a triangle friendship between a girl two boys . as i lived this situation and get lost in it , i hope a similar story would inspire me . br br my major concerns are why a how b the triangle forms ? why c how d the triangle degenerates ? br br a the movie offers a plain answer because it's better ! . br br b here , it's an open triangle the three share things together . mine was a closed one every ones knows the others but never the three are together or speak about the missing one br br c the movie doesn't offer spoken explanations but rather prefer visual emotional assumptions the end comes with sensuality , sexuality coming up in the triangle , or more accurately , when for one member , deep feelings are tied with intimacy , and , as for the latter and the former , they can be divided . i agree with that . br br d in the movie in my story , silence is the proof that something isn't well . . and in a ironic and painful way , the tool for this sad times , is always the phone i lived this dreadful planned phonecall call me back i wait you and when time comes , the phone is silent . a variation is also shown , when the line is connected but one refuses to speak all those scenes were very very hard to see for me . br br if the movie was a great help in that way , he got also a lot of flawsbr br i zapped on the boy's family problemsbr br why the shower scene on the dvd cover is cut on the movie ? br br how mickael gets finally into the hotel ? br br is clment always seeing salom ? he says no but has her address ; and who is the girl with him in the bar his girlfriend ? how can she knows about the address ? ? ? br br what finally happens to vanessa the ring at the final shoot is a proof of engagement ? ? ? with whom ? ? ? ? ?",0,1
"on paper this movie has some chops a street kid overcoming past trauma , rebuilding his life and succeeding when the world would have written him off . great stuff , everyone loves a happy ending . br br in the theater though , there were some omissions that left the movie dead inside . the dialog was hollow and uninteresting , the characters were almost cartoonish in their lack of dimension and complexity , and why did everyone need to be gay ? i have nothing against homosexual themes or characters in a movie but when it's used in this fashion not only is is offensive to homosexuals , it trivializes the lifestyle and cheapens the movie . if the story works without this cheap trick it should have been cut . br br every character seemed to come out of the same cookie cutter form each had one major flaw and one minor flaw , every character is good hearted were they succeed or not , and everyone one of them had or is in an abusive relationship with someone . br br the most annoying fact of the movie is that they never let you get over that the name pip comes from great expectations . they give it to you once and that should be enough . the story shares enough with the dickens classic to make this fact obvious . br br the most interesting part of the film is the story of the grandfather and the cassette he leaves for pip and how pip , the main character , learns how to grow up from the lessons learned from the tape . in the end , with lessons learned , pip confronts his dark past and movies forward with his life .",0,1
"propaganda proamerican war effort film that came out in 1942 has the east side kids getting tough against any japanese they spot in their own neighborhood when they learn they're too young to enlist . ultimately they learn they were mistaken in their mistrust of some individuals but also happen to stumble across a spy ring they then set out to bust . the film is harmless enough in its fashion although some may well take offense given how innocent asians really did get singled out during the second world war . overall though , it's a pretty generic effort and both leo gorcey and huntz hall would have better moments , the best of which tend to come here when they adlib .",0,1
"spoilers the killer in the movie doesn't wait a second as we see him sneaking into a girls shower and hacking her to death taking her severed and bloodied arm as he makes his getaway . we then get this official looking prologue , as if were watching a true story , stating that a number of gruesome murders were committed in the late fall of 1985 in a small midwestern collage . br br grandfatherly looking , and hearing impaired , sheriff ron delboys is baffled by this murder and later when the murders of local collage students , all women , continues his run for state senator is in jeopardy with him bumbling the investigation at every turn . there's at least two times when delboys says that they'll never be another murder as long as he's on the case and within minutes another murder happens . br br finding a golden amulet at the scene of each murder the sheriff's daughter , the collage librarian , tina finds this reference book about withcraft indicating that the amulet is a symbol of a witches cult that originated in the early 1700 just after the salem witch trials . this cult was out to avenge the 19 accused witches hung by the local townspeople back in 1692 and they went out at night killing men and women of authority and taking off with a body part . when the body parts would form a complete person they would be burned in an occult midnight bonfire ritual . br br you never get a handle to what's exactly happening in the movie blood cult not just because it's totally disjointed story but it's ever more outrageous and gradschool level acing especially by charles ellis playing the butterfingered sheriff ron delboys . getting himself into more trouble then even the on the loose killer could have gotten him into . the bumbling sheriff delboys ends up with his head busted coffee spiked as well as almost burned alive , after being dismembered . the only reason he wasn't is because he seemed to have dreamt it all up while under the influence of some strong and unnamed drug . br br there's a weird dream sequence in the movie suggesting that a number of highly respected members of the community are members of the witches cult that's responsible for the sorority murders . the movie doesn't bother to explain at all if the dream , that the drugged sheriff delboys had , was a dream or actually a real experience on his part by dropping the whole thing as if it were cut out of the movie ! br br getting out of the hospital and staking out the collage sorority house , while munching down a bag full of mcdonald cheeseburgers , sheriff delboys finally comes face to face with the killer . shefiff delboys find out to his shock and amazement that not only does he know who he , or she , is but he's also willing to let the killer escape ! br br the very first straight to video motion picture and it shows . not only would no one it their right mind be crazy enough to pay admission , at least with the video you can tape over it thank god , to see this disaster but no moviehouse owner would dare play it on their screen without the danger of the outraged patrons , in a justifiable show of righteous indignation , tear the place apart !",0,1
"squeamish 11yearold luke benward as billy worm boy forrester moves to a new town . at his new school , young benward is picked on by the other boys . they put worms in his thermos . getting his gag reflex under control , benward tosses a worm on frecklefaced bully adam hicks as joe guire . benward bets he can eat 10 worms in one day without regurgitation ! br br tall , teased hallie kate eisenberg as erika erk tansy uses her archery skills to help benward . director and former sctv writer bob dolman promises , no worms were harmed in the making of this movie . in a related note , sctv star andrea martin has one funny scene . how to eat fried worms is loosely based on thomas rockwell's popular novel . preteen kids into grossouts should enjoy the film . br br how to eat fried worms 82506 bob dolman luke benward , adam hicks , hallie kate eisenberg , alexander gould",0,1
"i didn't know whether to laugh or cry at this misrepresentation of canadian history , particularly the disservice done to the history of the mounted police in the yukon . br br i'll leave it to pierre berton , noted historian , born and raised in dawson city yukon , and author of the definitive history of the klondike gold rush , klondike the last great gold rush , 18961899 to express my exasperation with this silly movie br br the american idea of an untamed frontier , subdued by individual heroes armed with sixguns , was continued in the far country , another story about a cowboy from the american west wyoming this time driving his herd of beef cattle into gold country . the picture is a nightmare of geographical impossibilities , but the real incongruity is the major assumption on which the plot turns that there was only one mounted policeman in all of the canadian yukon at the time of the gold rush and that he could not deal with the lawlessness . when james stewart and walter brennan reach the yukon border with their cattle , the customs shack is empty . br br where is the constable ? asks brennan . br br up on the pelly river . trouble with the chilkats , someone replies . he's got a real tough job , that constable . he patrols some ten or twenty thousand square miles . sometimes he don't get home for two or three months at a time . br br the historical truth is that the yukon territory during the gold rush was the closest thing to a police state british north america has ever seen . the northwest mounted police was stationed in the territory in considerable numbers long before the klondike strike . they controlled every route into the yukon and they brooked no nonsense . they collected customs duties , often over the wails of the new arrivals , made arbitrary laws on the spot about river navigation , and turned men back if they didn't have enough supplies , or if they simply looked bad . in true canadian fashion , they laid down moral laws for the community . in dawson the lord's day act was strictly observed ; it was a crime punishable by a fine to cut your wood on sunday ; and plump young women were arrested for what the sternfaced police called giving a risqu performance in the theatre , generally nothing more than dancing suggestively on the stage in overly revealing tights . br br in such a community , a gunbelt was unthinkable . one notorious bad man from tombstone who tried to pack a weapon on his hip was personally disarmed by a young constable , who had just ejected him from a saloon for the heinous crime of talking too loudly . the bad man left like a lamb but protested when the policeman , upon discovering he was carrying a gun told him to hand it over . no man has yet taken a gun away from me , said the american . well , i'm taking it , the constable said mildly and did so , without further resistance . so many revolvers were confiscated in dawson that they were auctioned off by the police for as little as a dollar and purchased as souvenirs to keep on the mantelpiece . br br in 1898 , the big year of the stampede , there wasn't a serious crime let alone a murder in dawson . the contrast with skagway on the american side , which was a lawless town run by soapy smith , the denver confidence man , was remarkable . but in the far country dawson is seen as a community without any law , which a soapy smith character from skagway he is called gannon in the picture can easily control . in real life , one of smith's men who tried to cross the border had all his equipment confiscated and was frogmarched right back again by a mounted police sergeant . br br in the movie the lone mountie says yes i'm the law . i represent the law in the yukon territory . about fifty thousand square miles of it . br br then why aren't there more of you ? br br because yesterday this was a wilderness . we didn't expect you to pour in by the thousands . now that you're here , we'll protect you . br br when ? br br there'll be a post established here in dawson early in may . br br what happens between now and may ? you going to be here to keep order ? br br part of the time . br br what about the rest of the time ? br br pick yourselves a good man . swear him in . have him act as marshalbr br the movie mountie leaves and does not appear again in the picture . his astonishing suggestion that an american town marshal , complete with tin star , be sworn in by a group of townspeople living under british jurisprudence is accepted . naturally they want to make jimmy stewart the marshal ; he clearly fits the part . but stewart is playing the role of the loner who looks after number one and so another man is elected to get shot . and he does . others get shot . even walter brennan gets shot . stewart finally comes to the reluctant conclusion that he must end all the shooting with some shooting of his own . he pins on the tin star and he and the bully , gannon , blast away at each other in the inevitable western climax . br br to anybody with a passing knowledge of the canadian north , this bald retelling of the story passes rational belief . br br excerpt from hollywood's canada , by pierre berton , 1975 .",0,1
"through its 2hour running length , crash charts the emotional anguish of its 10odd ensemble of characters when faced with the sometimes blatant and sometimes latent forms of racism underlying in american society . that and the emotional anguish of one of its audiences sitting near the front and desperately trying to make sense of what movies have become these days . br br the era we live in has become so complicated . not only do we reject modernism , even the not very enthusiastic flagwaving of postmodernism ideas is always being shot down by what , postpostmodernism that aims to destroy all these ideas , all in no part thanks to the great destructivist ideas of those great 'thinkers' . but i digress . this has nothing much to do with the what the movie is about , but rather what the movie is . br br sure , it seems hard to earn a living in a hollywood that has to cater to a market that is so postpostpost everything that cynicism has become more than just a motto in life . it has become part of everything we do and part of everything we think of whether we like it or not . and so a new studio product is born ! indie films , which once were energetic and idealistic in its defiant experimentalism now seem to be as equally adamant as hollywood films to sell to indie film markets . an indie film must sell at sundance before becoming 'acclaimed' . and so nothing is simple anymore . even what constitutes a good film becomes so murky . whereas in the past filmmakers just wanted to entertain people and tell a good storyand in these seemingly simplistic attempts the greatest of films are bornefilmmakers nowadays have to make films that are good first and foremost ; films have to make people think , have to be meaningful , has to be provocative , raise questions , yadda yadda yadda . what it all boils down to , is a subversion of the hollywood movie system , but this subversion seems strangely similar to the formulaic similarity of hollywood films , the countless ways of differing to essentially be the same product . br br and i haven't even begun on the film yet . maybe i've become too picky on films i see these days . maybe it's because of my primary need to be entertained , rather than , say , be probed when seeing a movie . but hell , this movie is one big load of crap . and i'm repulsed by this movie not just because it follows the how to make a good movie good 101 guidebook to the tcharacters spout eloquent lines and are sooo witty like they're gifted with the speech of god ; it raises issues about racism and life confronting racism in america ; it has 'touching' moments where everyone discovers more about themselves and more about other people ; not to mention the fact that once you hear the ambientnew age soundtrack of women singing in high registers in foreign languages , you know you're in for all of the above traits . br br and something about the aforementioned pointabout it raising questions about immediatelycompelling issues like racismpisses me off big time . like all postpostpostpostpost everything movies , it doesn't contend with just having a message about this issue . because oh , our audiences are much to intelligent for that these days in this postpostpostpost world . our audiences want us to make them think , doesn't want us to put things so simplistically , and then they will go into existentialist crap and say that's because life itself isn't simplistic . ha ha ha . what other common drill do we here then the audience need to think about issues rather than have them fed to them . okay , okay , and okay . so the film makes it a point to pound the audiences with these nonmessages and since they're not exactly a message , it's so decidedly subtle and subtle means good right ? so we're being hit again and again with this wellwritten subtlety with the eloquence of rhetorical prose . and as if the irony is not steep enough , we have ludicrous' character , the only character who seems to not take all these racism discussion bullshit seriously , being 'converted' into one of those irritatingly meaningful characters where he learns something in the end , giving meaningful looks and pauses where audiences are supposed to 'learn something about themselves too' . um , yeah . how i wanted to see an incredibly racist film right after this man . br br to cut the long bullshit short , i guess i wouldn't have taken issue with the film if it wasn't so bloated in its selfimportance . the angst that forms the entire movie felt more like whiteboy whining than actual spike leeish anger . it's so tim robbins and sean penn , the type that wants to wave flags about humanitarianism when the only thing they don't realize is the flag they're waving is their holeridden underwear . plus it's become so trendy in the postpostpostpost world to be completely subtle about it . nothing is simple any longer . in its best efforts to actually be good , provocative , and ultimately human , it's become neither , imho , just another indie crap from an indie director that wants to make a name out of himself as a credible indiefilmmaker . now at least hollywood is more simple and sincere in its manipulativeness .",0,1
"i agree with the majority of the comments i have seen written . i grew up watching seseme street before a lot of the people who have written comments were even born . i was born in 1964 , so i was 5yrsold when seseme street was introduced to television . the show taught me my numbers the count , spelling the muppet , and about life . i liked all the old characters big bird , oscar , grover , and cookie monster and don't quite understand why they had to change . i understand that everything has to change in some way , but to make cookie monster into a veggie monster to promote healthy eating . the show has introduced new characters and monsters since it's inception , why not make a separate veggie monster that talksdiscusses the benefits of eating a varied diet with cookie monster . but , back to my point . i grew up watching the very beginning of seseme street , my now 20 yrold daughter grew up watching ss with me along side her , and we discussed mr . hooper dying , although he had died prior to her being born , as well as other topics on the show . i saw the episode as a older child , and still remember how well they portrayed the event , much like real life . and i'm sure it hit the cast extremely hard as all deaths and losses effect families . you saw this on the show and it allowed parents and children to discuss very difficult events . the show has talked about traditional families , adoptive families and combined families . it's one of the few shows that actually discusses these scenarios . i now have a 5 yrold daughter who really doesn't watch ss . i've tried to watch the show a couple of times , but , it really is not what it used to be . the elmo 12 hr with mr . noodle is absolutely ridiculous . like many people have said , it doesn't teach anything . it's geared for the less than 18 month old maybe , and isn't even funny . i always prided myself on watching ss as a child , teen , and adult with my own child . now on my second goround , i really have a hard time watching ss . the topics that were discussed death , marriage , nontraditional families , new to neighborhoods , moving away were related to children and adults in a manner easy for 299 year old to understand and relate to . now , there are no concepts taught , minimal counting , only the occasional mention of the alphabet . it is not the same ss , from an original watcher of the show . please if any producers from the show read these comments , return the show to its foundation . new concepts have never been a problem with ss , they just used to have a better way to incorporate them into the show .",0,1
"i saw this movie when it first came to the theaters in 1988 and though i knew it wasn't of award winning caliber . . . i kinda liked it . it tales the tale of 5 former cub scouts reuniting to take on the one task they never got to finish as kids which is to climb mt . whitehead . of course now the cub scouts are all grown up and have developed their personalities in a variety of ways , but none too differently than they were as children . richard lewis is still neurotic , richard belzer is still a playboy , franklyn ajaye is still sort of the dear abby of the group , and tim thomerson is still the surfer dude of the group . of course the top billed star is louie anderson , a true believer in everything cub scout related . he still lives in the same house with his mother , still goes over the cub scout manual daily , is brave , reverent and clean , and is the one who reunites the others for one more grand adventure in scouting . compounding their task , however , is the grunski brothers , two bullies drummed out of the cub scouts by the above mentioned . by coincidence they run into their old den and decide to harass them a bit , albeit harmlessly . not so harmlessly is three escaped convicts , who think pack 7 is from the fbi and are intent on wiping them out . all in all , the movie still has bits of charm . observe richard lewis trying to get comfortable on a folding cot , for example , and you have a really funny bit going for you . upon further review , the entire film needed more of that type of observational humor . it doesn't hold up well after all these years but still remains a guilty pleasure .",0,1
i went into the movie expecting a little action mixed with a strong story line . i understand that changes between written works and movies must be made . . . for many reasons . br br the changing of the relationship between the scientists they were father daughter in the book the director of cern was eliminated thus causing the scene between the carmelengo and the director to be changed to the carmelengo and the head of the swiss guard in the pope's office . br br ron howard made sure to get his dad inserted as a cardinal with a hayseed accent but missed all the symbolism . both lagdon and the carmelengo ascended to the heavens in the helicopter with hanks character landing in the river and the priest landing upon the chapel in what was described as a christlike image . br br at some point this film needs to be remade by a director who is up to the job,0,1
"this movie is a nonsensespoof comedy , in the lines of the airplane or naked gun , but it doesn't even come close to this two , because it lacks originality and a little more intelligent jokes , rather then just throwing you with the same old easy jokes . br br you can figure out some references to other movies , from the top of my head i identified dodgeball and rocky , so you can have some fun with that , trying to find out what movies are spoofed . br br the movie also offers you an occasional laugh , but nothing that can cause you injuries , thus nothing really funny . br br i liked the character ipod in some ways even though some of the jokes with him are standard comedy 101 . br br i think this movie and like most of nonsensespoof comedy depends on the mood you are in , so if you think you will laugh to any joke watch this movie . if you are in a serious mood forget about this rewatch the airplane instead , it will definitely make you laugh",0,1
"this cartoon is not right , lol i totally disagree with a lot of things it portrayed however it ended on a positive note , but as for me and mine we will not be viewing this in our household mainly because we fight against stereotypes every day and this cartoon just confirms what most white people feel black people act likebr br the comment one of the little black girls made on the cartoon was that her boyfriend was so conscious he was white that really offended me that's not something we as black people take lightly conscious is a state of being that black people achieve when they realize their true ability",0,1
"welcome to our town , welcome to your town ? as we are introduced into the worlds of its townsfolk of 1901 america , this three act play is opened before us with the help of the stage manager , a visual narrator if you like . after his initial introductions , we are lead into the homes of two particular families ; the webb's and the gibb's . br br this is most definitely middle america at the turn of the century , and the progressive way of life of the american dream and its saccharine overtones that can seem a little biased in this dream town . here we see the everyday lives of some of its 2642 populace of grover's corners , new hampshire , even if there are , too , the migrant polish workers that add another 500 to is numbers , they , never get a lookin . br br once the daily lives of these families have been introduced ; wives cooking , children homeworking , fathers working , kids falling in love and the clean picketfences painted white , the second act is started three years later , after young george a young and unrecognisable william holden , then aged 22 and emily have fallen in love and intend to marry . blossoming lovebirds reaching for the stars and reaching , too , a turning point in their own lives , from the nest they lived and now , into the anxieties and woes of young adulthood they nervously step . the third act is slightly more sour and foreboding , it is in this act that the movies intentions become apparent , here we see not life , not celebration but death , and it is in this predicament that the dead , as they return to revisit and reconcile their own life past , are here to remind us , to tell us , that life , and every last minute , every precious breath is not to be wasted and squandered . br br it is in this last third that the movies own political stance also seems more apparent too , feeling more of a propaganda stunt on the moral lecturing on , and by , middle america and how it should direct its home and how it should also put it in order . this isn't just about our town , this is moral diction aimed at our souls and how america can better itself if its peoples' , excluding the poles , the irish , the native american and the freed ethnic minorities' , and minorities' in general , plus the supporting backbone of the americana's who , still , have not had a fair part in this narrative , such as the middle classes , can live up to the expectations of the american dream through honest , decent living . the purveyors of the american dream with special invitation only . br br i was entertained , slightly , by this movie too , but i felt that its narrative held a stronger impact than anything else that took part in it albeit the bland acting , the musical score or how well , or not , it was made . this was the movies intention to exclude other groups , and to only include the likes of the webb's and the gibb's , in the future of the developing country of the usa , a good movie , but also a slightly biased in its stance , i thought . br br taken from the play by us' born thornton wilder 1897 1975 this pulitzer prize winning play , and six academy award nominated movie , was the focal point on the perpetual motion of life and its three main attributes ; life , love and death , the plays translation onto celluloid comes across as a slightly to the right blurb of social consciousness . our town starts off with what seems a lesson in pointlessness , like other towns , nothing too exciting ever happens here , if anything at all , this town only has the right sort of people , you can still leave your backdoor unlocked here , we are seeing the developing lives of these two families , but it is their moral and social stance that is more important than them themselves . our town may just have been any town , just as long as you came from the right part of town that is .",0,1
"more suspenseful , more subtle , much , much more disturbing . . . .",0,1
"like a latter day ayn rand , bigelow is la major muy macho in her depiction in the film of a few tough american hombres stuck in iraq defusing roadside bombs set by the ruthless , relentless , childkilling arab terrorists . as bigelow posits the iraq war as the backdrop of the grand stage of human drama , one veteran bomb expert gets blown up and another shows up to replace him in the dusty , hot , ugly rubble that is iraq , and a new hero is born . br br the new guy is what john hershey described in his book , and later the movie , the war lover , as a sadistic wingnut who actually isn't fit for civilian life , and requires the stimulation of war to sublimate and suppress his errant sexual desires . the war lover can only fully function in war , peacetime suffocates him . while hershey chastised the war lover , played in the film by steve mcqueen in one of his greatest roles bigelow glorifies him . the army needs war lovers , they are the bulwark of defense against our enemies . we can't handle the truth , that it is war lovers who are the best soldiers , the toughest men . according to the unironic bigelow , regular men are pussies , the war lover is a special breed , the last of the cowboys . so what if he wants to bareback his men , or fondle an iraqi boy ? he is a throwback to the sexanddeath cult of war . in war , sex is a thankless , loveless , don'task , don'ttell kind of male bonding . bigelow has no opinion on this ; she just limits the options of masculinity in this hamfisted attempt at realism . only a warlover can win the moral struggle between right and wrong , between american innocence and arab perfidy . bigelow disguises her racism and arrogance behind the ingenuous facade of journalism . she's just another gungho yahoo depicting a brutal war against civilians as a moral triumph of the spirit . br br on the political front , bigelow returns to the western genre and its relentless clichs again and again , ad nauseam the wonderful world of the open frontier , which happens to be some one else's country . you can shoot people here says a soldier ; the tough but human black guy companion , the soldier with a premonition of death , the gruff , possibly crazy commanding officer , the collegeeducated fool who tries to befriend the enemy . you name it , bigelow resurrects it . br br the manboy love is palpable in scenes with the cute arab boy who befriends the war lover , but bigelow plays it straight ; she doesn't consummate the sex , just sanitizes it . what bigelow really wants to show us is the ugly , sneering face of the arab enemy . any iraqi who isn't pure evil is either demented , hostile or up to no good , anyway . they all deserve to die for their impudence , and many of them do in this glib gorefest film . the iraqi women are all hysterical , they only make their presence known by screaming . they could be male stunt men in drag for all i know , you never see their faces . there is no female presence at all on base or in battle , although female casualty rates in iraq would certainly disprove this . br br bigelow goes through all the motions one by one . she glorifies war , she canonizes the sadist nutcase hero . the cowboys , surrounded by the subhuman indians , prove their mettle by doing god's work and subduing the wretched terroristinfested hellhole with sheer bravado and suicidal mania . toward the end , i felt like rooting for the indians . in bigelow's world , though , no mercy or understanding ever makes it through . the iraqis are dehumanized par excellence . the slaughter of civilians is just the dramatic backdrop to our hero's psycho sexual struggle . every u . s , bullet finds its mark . you have to love the guy , the war lover . it's just his way , he is the true hero . he's just a guy trying to get things done the hard way , and so what if he lusts for boy tang on the side .",0,1
"so . . what can i tell you about this movie . if you cheated a lot in high school , you do recognize some cheattips . . . br br this is the best thing i can tell you about this film ! br br if you like americanteen movies , maybe you also like it ! br br but i don't see this kind of movies as something funny . . sorry to say but if you are older then 10 years , i shouldn't advise you to watch this . br br because there is one shot with a couple of beautiful women girls . . in this movie i'll give it a rate of 2 ! br br so . . deal for yourself ! good luck",0,1
"the oftenreliable leonard maltin says this is a delightful romance and that sanders is superb . maltin must have confused this movie with something else . sanders is snide and droll and superb , as usual , you can imagine his delivery of the line regarding adultery , sometimes the chains of matrimony are so heavy they have to be carried by three , but dull , wooden and dated describe this movie more accurately . the storyline itself , an autobiography with sanders as a suave jewel thief , francois eugene vidocq , who becomes chief of police but can hardly resist the lure of fine jewels , is entertaining enough , but it has the same kind of hollow historical hollywood treatment that marred such period epics as marie antoinette , and certainly the deplorable forever amber which screams for a classy remake . though , in his defense , sanders tries mightily to add some depth to his character , it is all for naught . i am an unabashed douglas sirk fan , but this is 1946 , and it is one of sirk's earliest american efforts , lacking many of the signature touches that would define his florid , breastheaving potboilers . sirk is just getting his feet wet here , and made a number of unmemorable films over the next ten years until he struck gold with magnificent obsession , and hit his stride , bombarding us with such estrogenfests as all that heaven allows , written on the wind , and imitation of life . but scandal in paris is hardly his best work a relatively lowbudget affair with cheesy sets and ineffective costuming .",0,1
"what a disappointment , especially in light of the budget provided , the technical resources available , and the talent assembled . isn't the fundamental rule for science fictiondrama to create in the audience the willing suspension of disbelief . poa 2001 creates a plausible beginning , suckering us in , but thereinafter mr . burton forgets that his moviegoers have working brains . the over the top libertarian of helena bonham carter's chimp , the worthlessness of the humans' lockup , the ease of their escape , their extraordinary skills of horsemanship this is an astronaut and a group of human primitives suddenly riding full tilt , the massive and immediate human rebellion all are too unbelievable . mark wahlberg never once projects any sense of real fear , danger or comeuppance in this world turned upside down . compare to the original , in which chuck heston's nakedness metaphorically captured his utter helplessness and astonishment at his turn of events . the uniformed wahlberg preserves his modesty , but also his apparent sense of management and control in an inherently wacky situation , and we never really wonder about his well being . unlike heston , he seems never to be in real jeopardy . tim burton should have used some of the fx budget for some competent screenwriting . in fact , after this inferior fiasco , i wonder why hollywood's producers ever bothered to settle the screenwriters and directors strike threats . let them walk . trained monkeys could have done as well as they did in planet of the apes 2001 . i'll bet the repeat viewings of this effort will be nonexistent . it could have been a new franchise , and a wonderful new step for imagination . another opportunity lost .",0,1
