text,true,pred
"this isn't exactly a great film , but i admire the writers and director for trying something a little different . the film's main theme is fate and small , seemingly insignificant things that can greatly change the future . in some ways this reminds me of the film sliding doors , though instead of focusing on one random event , seemingly random stuff happens repeatedly and each one helps build to the cute conclusion . plus , an odd bald guy seems to understand all this and he talks about this during one brief scenelike he's some sort of omnipotent being but there's absolutely no explanation of him in the film like the two guys that fight each other in the clock tower in the hudsucker proxy . br br the dvd jacket shows just audrey tautou . this is capitalize on her success in amelie , though she is only one of many actors in the film and there is no one starring role . the pace is brisk , the acting fine and the conclusion isn't bad at all . the only reason i didn't score it higher is that some of the characters were a bit uninteresting and i think the movie could have perhaps been tightened up with a few less subplots .",1,0
"well , well . . . . roeg touched a bit of a nerve there , didn't he ? he was a genius while he was cataloguing his various characters' descents into psychosis for a couple of decades , but as soon as he has the bad taste to suggest that redemption or even some good advice might be found in the bad old catholic church , the hipperthanthou alternative movie crowd gets extra vicious . worse still , theresa russell's character faced with experiences that nothing in her avowedly rationalist outlook has an explanation for , is unwillingly forced to deal with those experiences on another level that of the spiritual . you know , the realm of the ignorant and superstitious , the sort of thing that the arthouse cinephiles are supposed to be above . oh , the horror . . . so she finds her marriage the idea that it might be a uniquely important commitment affirmed by what seems uncomfortably like divine intervention . people who find this idea prima facie offensive could maybe ask themselves why they instinctively jump into attack mode at being challenged to take seriously the idea of a spiritual dimension to their lives . but they probably won't . sure , this film has some problems , notably talia shire's delirious hamwork as the overwrought nun , 1950sstyle attire and all . and the dialogue between marie davenport and the young priest in their last scene is straight out of the spellbound school of glib interpretations though hitchcock's movie escaped similar charges due to the source of wisdom having impeccably secular credentials as a freudian psychoanalyst . but , sadly , nicolas roeg appears to have copped a critical mauling as much for even asking the question as for the possible answers this film presents .",1,0
"i'm not here to tell you armored is kubrickian , hitchcockian or felliniesquire . nope . referenced directors are more like don siegel charlie varrick and walter hill the warriors . those two helmers didn't fool around with niceties like putting women in their movies . no skirts need apply . they unapologetically made guy movies . guns , lots of guns . men met violent death with a twitch of the jaw . their movies were like a sap to the head . you want a friend ? get a dog . br br armored is so a guy movie . dueling armored trucks ? bloody gunshot wounds ? exploding money ? if that doesn't get the lizard part of your brain excited , then stay away . br br at 88 minutes , armored is all muscle without an ounce of fat . we meet six security guards who drive armored trucks , three per truck . the six , led by matt dillon , scheme up a fake hijack involving two trucks . their mission one day is to deliver 42 million from the federal reserve i think . the idea is to drive both trucks to a warehouse , stash the cash , then stage a hijack . sure , the cops will suspect them , but if they stick together they'll get through it . br br trouble is , one of the six , played by columbus short , is a holdout . at first . but he faces eviction . and he's the guardian for his messed up younger brother . he needs cash bad . br br matt dillon cajoles , pleads , persuades the holdout . no blood on anyone's hands . a clean getaway . all good , no bad . you'll be rich forever . blue skies smiling at you . . . br br right . br br everything goes to hell , of course . it's one damned thing after another and the stakes keep going up . and it almost all happens claustrophobically inside an abandoned warehouse somewhere in los angeles . in fact , the movie goes out of its way to project a backdrop of industrial urban decay . i happen to like industrial urban decay . br br kudos to matt dillon , who plays the top bad dog . he goes from charming to disappointed to frustrated to outraged to totally effing insane in the course of the movie . love that guy . br br also , credit is due to the menacing , throbbing , blistering and totally sinister electronic soundtrack by john murphy . i am guessing he's heard a few tangerine dream records . br br also , it's surprising that this is a pg13 movie . i caught one one ! fbomb in this entire movie about violent toughguy robbers . on some level , i like that . take the kids . br br the director is nimrod antal , a hungarian who made a fine noir set in the budapest subway system called kontroll . screenwriter is an outofnowhere guy called james v . simpson . br br a lot of the people in this movie are just starting out . i am willing to bet the esteem given to this movie will rise as time goes on and these filmmakers advance in their careers .",1,0
"this movie probably had a 750 budget , and still managed to surpass titanic . i rented this the day i crashed my mom's car , and it was the only thing that cheered me up beyond belief ! it has to be tied with 'the assult of the killer bimbos' . things to look for are 1 . the drive in blow job chinese girl scene 2 . the bleach blonde in the sassoon shirt who never changes 3 . the flinstonelike screech out driving 4 . the clashing ensemble worn by the redhead right before she gets killed don't worry , i'm not ruining any surprises , for it's soooo predictable 5 . the guy who finds it necessary to howl . 6 . the mental patient who plays a convincing job of being insane by poking out the eyes of a maniquen . 7 . the hour long chase at the end involving the teacher and the priest . 8 . the womman writing grafitti on the bathroom wall . 9 . last , but not least , the wonderful special effectsespecially the stab in the boob that made a . . . heaven help me . . . popping noise . br br enjoy ! br br",1,0
"saving grace is never riotously funny , but it delivers quite a few good laughs and i enjoyed it to a significant degree . brenda blethyn is a fine actress , and does a good job at portraying widower grace , who resorts to growing marijuana to pay off her massive debts . the supporting cast also does a fine job . french actor tchecky karyo has a funny little role . the premise alone is appealing . the idea of an overthehill woman growing and smoking pot sounds funny enough . and the film plays around with the premise wisely every now and then . of course , there are flat moments , like one where two elderly women mistaken grace's marijuana leaves for tea leaves and they start pulling childish antics at the store where they work . that was a mindless gag that didn't quite take off . the film's tone is downbeat and occasionally dull , but i got enough laughs to give this english import a recommendation . br br my score 7 out of 10",1,0
"financially strapped paramount pulled out all the stops for this '34 stage adaptation entry big budget , large cast , extravagant production and mitch leisen tagged as the director . what happened ? two things busby berkeley didn't work for the outof focus rock and a murder mystery script that didn't deserve to be in the same trash can as the worst charlie chan first draft down the street . i have to believe that the cutting was out of leisen's hands since the great duke ellington's number is savagely chopped , but that doesn't mean that it ain't worth a look the 'sweet marihuana' number featuring topless chorus girls is a mind blower , considering the looming production code and it also has the ravishing toby wing whose unfortunately fed horrible lines and playing the prototype dumb blonde as a chorion hot for an otherwise preoccupied jack oakie . carl brisson's acting is bland as melba toast but he's a competent singer . maclaglen reaches for new plateaus as a stereotypical dumb detective . and try to spot lucy in the chorus . this rates a 7 . 0 as a curiosity . feb 2010 rethink i recently gave the film another look and now feel i was wrong to berate the lack of busby berkeley production numbers . i can understand leisen's argument for more realistic production numbers within the context of the plot . i still have enormous issues with the editing however . paramount , the raciest major studio in town , faced huge issues with the production code at the worst possible time in it's history , financially speaking , and pulled out all the stops on this one also check out 1934's search for beauty . a must see for precode buffs .",1,0
"the 1983 bbc production of jane eyre starring zelah clarke and timothy dalton love him has always been and will always be my favorite jane eyre . if you watch any other version of jane eyre without reading the book , it will be like watching some regular movie which you will forget the next day . but watching this one almost equals to reading the book . i used to watch these miniseries a lot when i was little , and they inspired me to read the book . at the time i didn't pay attention to how close this television production was to the book . recently , i watched the 1996 version of jane eyre and was very disappointed . it was only 2 hours long and didn't have many important scenes from the book such as my favorite gypsy scene . after that i fell in love with this jane eyre even more because it includes all the important scenes of the book and it just tells the whole story the other versions don't , if you haven't read the book . br br the cast of 1983 jane eyre is excellent . it's true that timothy dalton is a very handsome actor handsome enough to play butler in scarlet , and julius caesar , but he is so great as rochester that i can't imagine anybody else playing this role . and zelah clarke is , without a doubt , the only jane that follows the description of the book . the other thing that makes this film so great is the clothes and the makeup of the actors . jane looks so modest and naive , just as bronte describes her although she doesn't look 18 , but do you actually pay attention to that ? . . . br br some people say that this jane eyre is too long , but i would rather spend my whole day watching it than spend 2 hours watching some other version . some say the movie is dull and boring because jane is not passionate enough , or because there are not enough kissing scenes . i hate when they make jane eyre some hollywood movie with inappropriate kissing scenes . you don't have to include crazy , madly in love scenes to show the love between jane and rochester . and both zelah and timothy express this love so perfectly that there are no other scenes needed ! ! i am 19 years old , and many girls of my age refer to this film as boring and oldfashioned . but i can only feel sorry for them because they don't appreciate the purity and beauty of it . after all , the novel is set in 19th century , and that oldfashioned look makes it more attractive and more like the book . br br i don't think there will ever be any other version of jane ayre that will have the popularity and love of this one . no matter who plays jane and rochester in other movies , the real jane and rochester for me at least will always be zelah clarke and timothy dalton !",1,0
"i saw this when it first came to video , my little sister got it as a gift and i was probably 12 at the time . . . what stood out for me was the lack of midmovie conflict that so many movies have , where the main characters get mad at each other because when it comes time to explain themselves they just don't say the one thing that you're shouting at the screen that would make sense of the whole deal , that any person of reasonable intellect would know to say . this is what i like the most about the movie i guess , that the main characters don't do mean things to each other halfway through . . . they don't break up and make up , they just grow to like each other more as the movie goes on . br br these two kids team up and though they seem at first to be from opposite sides of the track , they're not that different . loui is actually just some middle class kid that needed to realize how lucky he was to have a loving family , and cecelia was an upper class kid that just needed to prove to her family that she existed and they would miss her if she was gone . anyway , i saw this movie posted on hulu and had to watch it again . . . sure there's plot holes if you analyze the script and no , woog and dweeb shouldn't be eating hot dogs since they would have been herbivores in reality . br br now , what detracts from the film is it's unexpected scariness . little kids under the age of 5 would probably be frightened by the scenes with dr . screweyes . and , the addition of him halfway through the movie though it's blatantly obvious in the first scene that he will make an appearance is too abrupt . . . there should be a glimpse of him doing his show earlier in the movie , perhaps to show that it's not that scary without the the dinosaurs . i guess it just lacked any real present danger for the entire first half of the movie , so that it lacks a little continuity when he appears for the second half . br br considering the target audience , who i'm sure can overlook the not so mind blowing animation and dialog issues . . . i think i'll give it a pass on those factors too , and just enjoy the story . it's a great flick for kid and it does stick in your mind . . . makes you kinda think about how you treat people and it should be revisited every 10 years i think .",1,0
"i've bought , the feast of all saints , and it's not truly a horrible movie , but a lot of things could have been better . it had a lot of historical value , played out by very talented actressactors , and it's not an everyday occurrence that actors can play out such a role and have it be somewhat believable . there were some parts that were a little mediocre and confusing , but i wouldn't say that the entire movie was horrible . once you think about that , capturing 1800's new orleans , and making something out of it , it pretty hard , and much harder to get actors who can strongly signify those parts . but the only big problem i had with the movie was that most of the actors who did play the free people of color , were mostly light skinned africans , not very universal in casting others who weren't light skinned ; one of the old creole stereotypes that still exists . whomever did the casting could have picked a wider variety when it came to hue , despite many creoles are color conscious . rather picking actors that looked near white in a sense , could have been more thought out . the actors did a great job , the script could have better written , and overall i found the performances were very believable .",1,0
"this is another of robert altman's underrated filmslet's be honest , the only movie he's made that really didn't work was ready to wear , and sandy dennis gives a spellbinding performance in it . she is far better here than she was in the out of towners . the material , i will admit , is beneath the great director altman and the extraordinary actress dennis , but that hardly matters anyway . as long as there allowed to do their thing and do it well , just about any story will do .",1,0
"this movie is the best horror movie i have ever seen . the acting is terrible and the plot leaves a lot to be desired but the puppet gave me nightmares for weeks . seriously , if you have little kids don't let them see this . of course i am a little biased because of an irrational fear of puppets and midgets . also a body double cameo by the guy who does mini me verne troyer . and some gratuitous nudity , a must in any low budget horror movie . all other horror movies will forever be judged against this in my book .",1,0
"ah , a kellysinatra sailorsuit musical . so familiar , right ? yes , but this isn't the one you usually hear about . on the town's thataway . but if you stick around , you might learn something . okay , probably not . anyway , anchors aweigh tells the story of two sailors on a three or fourday leave . joe is the sea wolf and clarence , the bookish type , begs joe to get him a dame . now , after they're picked up by the coppers they get little donald home . that's where they meet susie , that temptress , that jezebel . just kidding ! clarence falls in love with her . at least he thinks he does . is he right ? or is he a moron ? or is he just misguided by society ? find out all this and more when you watch trumpet fanfare anchors aweigh ! br br p . s . if you want to see kathryn grayson be anything but sickeningly sweet , try kiss me kate 1953 .",1,0
very good point there only an elite few the upper classes would both have access to the internet and be able to communicate on an exclusively english speaking site such as the imdb some might think internet is not reality but this point of view really put media society and democracy at stake you are probably right . . even if there is internet cafe's in venezuela most chavez supporters will not afford to even rent a computer for half an hour to comment on imdb . br br screw you faschist upper class rich right wing capitalist liberal intellectual surpressors . . probably this is your first time using internet ; . .,1,0
"gregory peck gives a brilliant performance in this film . the last 15 minutes or thereabouts are great and peck is an absolute joy to watch . the same cannot however be said for the rest of the film . it's not awful and i'm sure it was made with good intentions , but the only real reason if i were to be honest to see it is peck . for the rest you are better off just reading the old testament .",1,0
". . . . . whoops looks like it's gonna cost you a whopping 198 . 00 to buy a copy either dvd or video formatfrom itv direct . br br ouch . br br sorry about this , but imdb won't let me submit this comment unless it has at least 10 lines , so . . . . . . . . . . . br br blahblahblahblahblahblahblahblahblahblahblahblahblahblahblahblahblahblah blahblahblahblahblahblahblahblahblahblahblahblahblahblahblahblahblahblah blahblahblahblahblahblahblahblahblahblahblahblahblahblahblahblahblahblah blahblahblahblahblahblahblahblahblahblahblahblahblahblahblahblahblahblah blahblahblahblahblahblahblahblahblahblahblahblahblahblahblahblahblahblah blahblahblahblahblahblahblahblahblahblahblahblahblahblahblahblahblahblah blahblah ! ! br br",1,0
"this is another classic seagal movie . he walks , no , cruises through the patriot just all the other mega seagal movies . nothing even comes close to challenging seagal in this movie except maybe the part where he has to find a cure for this so called 'plague' and he starts throwing things about the lab but it all works out , i mean lets face it , its master seagal , he's got to win . what about his outfit in the film , masterpiece , he must have picked it himself . its great that everyone in the film is dying after being exposed to the virus but seagal doesn't even get a cough . the incident at the end when he kills the fat guy with the broken glass , genius , i bet seagal thought of that one as well . this film is class pure and simple . great plot , great characters , and seagal .",1,0
"a genuine screaming situation comedy farce of the mid 70s this film was a huge hit for about 5 minutes and disappeared off the face of the earth . i am constantly amazed at some comedy films that are a big release one week and then vanish high anxiety , the cheap detective , the black bird , don't look now we're being shot at . . . . . . . . . . and have no profile at all today . norman was the comedy of the month in whenever 1976 and everyone seemed to see it , laugh about it and then never ever mention it ever again . famous for being shot on videotape and transferred to film , an experiment at the time , norman is a raucous politically incorrect closet slamming farce that the farrelly brothers should look at remaking today . if they had made it in the first place there would be no complaints about its content and slant either . it is very funny and yes very rude and hilariously all wrong . just as it should be . in fact as a groovy 1976 film with all those horror colours and clothes it actually works better today .",1,0
"there is nothing remotely scary about modern horror which is an insult to the word horror . freddie vs jason , the scream movies , cabin trash , and especially stephen king's infantile attempts he's recycled every story from the monkey's paw to whatever , often in the same story at horror in both writing and on film except for kubrick's version of the shining which actually was scary , unlike king's books which are as frightening as my big toe the left one , which still has the nail . br br but the woman in black is that rare modern film that will make the hairs on the back of your neck stand on end . this is the way it should be done ; the director creates tension , and the scariest ghost ever actually seen simply by having her suddenly turn up standing still somewhere or other with that incredible look on her face . then he brings it all to a ghastly disturbing close . he's learned his lessons from the masters who knew how to make horror val lewton original cat people and robert wise a val lewton disciple and director of the haunting and the body snatcher , jacques tournier another val lewton disciple who directed a truly horrifying zombie film , not the gross rubbish raimi did gross isn't scary , folks , it's just gross , and lewis allen the uninvited , and of course jack clayton's turn on henry james the innocents , and the way the master of suspense , hitchcock , can still bring you to the edge of your seat even with a slowbuilding and burning period piece like under capricorn . br br ten stars . . .",1,0
"we start all of our reviews with the following information . my wife and i have seen nearly 100 movies per year for the past 15 years . recently , we were honored by receiving lifetime movie passes to any movie any time at no cost ! so we can see whatever we want whenever we want . the point of this is that critics count for zero . your local critics or the national critics like ebert are really no different than you or me . the only difference is that they get to write about the movie and are forced to see hundreds of movies whether they want to or not . therefore , it is our belief that if you get your monies worth for two hours of enjoyment that is good enough for us ! we never ever listen or read the critics . we only care about our friends and those who we know like the same things as us . well enough about that . br br this movie is very good . not just good but very good . the critics are a bunch of morons . just because there is nudity and language they hated it . it was worth the price of ticket and that is all you can ask for . is that not right ? every movie cannot be an academy award nominee . sharon stone is gorgeous and does a great job in the movie and it mystifies me as to what in the hell the critics want",1,0
"i am quite the mitchell leisen fan so it was a great anticipation that i rented this movie but the print i got was extremely bad , so worn down from use and scorched seemingly beyond repair , the movie was so dark . so dark that in certain scenes that are cinematographed in the dark , you can't see a single thing . that said , i believe i share the same opinion as the first review of this movie . it starts out unusually and does not tote the lines and rhythms of your typical hollywood 30's movie . heck , not even your typical hollywod movie of any era . it seems the director has been influenced by the europeans because there is a certain caustic realism to the proceedings from the opening shot which is so crafted in camera movement and placement as maggie carole lombard and skid fred macmurray meet . you half expect them to start singing make believe from show boat . it starts with a few laughs and poor anthony in a one scene role where he speaks not a word of english gets slapped around by freddie . skids is a bum who doesn't care that he's a bum . that's why he signs up in the army where he can hide from the world . he's just been released though and in a set of screenplay shenanigans , she misses her boat for new york . this is when the movie kicks into high gear and we begin to get those french movie of the sixties vibes to the whole proceedings . the scenes are so well acted by lombard and cecil cunningham , the movie gains a pulse . macmurray is good too as he and lombard fall for each other as she nurtures his talent for the trumpet . then the temptress arrives in the form of dorothy lamour . enough with plot . the movie has fantastic montage sequences that dazzled me . they are very good . and lombard scores a home run in this movie but in the second half , a bit more is called of freddie and he fails to deliver the goods . with a heavily melodramatic ending and an actor you don't believe , the movie falls short but since it is not your typical movie in structure , set design , and direction . it is worth a look . for what is what it was one of the 37 hits of the 193637 season . i don't know its exact rank though .",1,0
"the 80's is largely considered the decade in which horror decided to have fun . sometimes , there were some definite brains behind it all evil dead ii , night of the creeps and return of the living dead for example and then there were those movies that were mindless but had a definite low rent charm and were perfect for a night with beer and friends . movies like pieces and blood diner stacked rental shelves in the 80's and 90's , offering little in intelligence or craftsmanship but plenty in dumb entertainment . kevin tenney's 1988 movie night of the demons is a part of this traditionstupid , poorly acted and not an original bone in it's body , but dammit if you don't have a good time . br br the plot is so simplistic it just had to come from the 80's a group of dumb teens played by a bunch of actors in their mid to late 20's decide to go to a party at hull house thrown by angela mimi kinkade and suzanne scream queen legend linnea quigley . well , angela and co . decide to throw a sance . this turns out to be as will arnett's arrested development character gob would call it , a huge mistake , because a demonic force soon possesses angela , and starts to get to the others as well . br br take the evil dead , a nightmare on elm street and your average dumb dead teen flick , throw them in a blender , and night of the demons is what you get . the movie is anything but original , and really , it's not a good movie . the whole thing is insanely derivative , the acting is terrible , the jokes often fall flat , the characters are annoying especially the character of stooge and the plot holes are numerous . that out of the way , it's still a lot of fun . so why ? br br well for one thing , the make up and gore effects are top notch , with some really memorable moments especially a nasty and just plane odd bit with a tube of lipstick that really stick out . it also rarely if ever takes itself too seriously , yet with the exception of some terrible puns , plays it straight and never wastes the audiences time with winking self awareness . plus , there's a definite energy and enthusiasm to the whole enterprise that's almost impossible to resist . yeah , it's nothing special , but it knows that , and it couldn't be more proud of that fact . it's a goofy party horror movie , and it never pretends to be anything more . br br it might not be a classic , but night of the demons is a good example of horror junk food done right . it might not be too memorable or original , but sometimes you don't want a fancy beer . sometimes you want a budweiser .",1,0
"while possibly the stupidest , most tasteless , and violent slapstick comedy ever made , guest house is also a very funny one . don't listen to the critics , they have no sense of humour . while the climax runs out of steam but not vomit , it's still a funny party movie . seven candles in the eye out of ten .",1,0
"i think that anybody whose dumb enough to risk being a wax dummy just so they can go to a football game or they don't want to leave their car to get stripped deserves whatever happens to them . br br the guy , wade who went to a barbershop and asked for the heman haircut wasn't my type , but there's this really cute scene of him having his eyebrows and facial hair waxed . that's a little too highmaintenance for me . br br also fun , but not my type is the fat guy in the big sunglasses who looks like elton john only gayer , but that whole plot goes nowhere ! br br blake was hot , i could see myself with him if he wasn't so into his girlfriend , who is a phony paris hilton in a bad wig no chihuahaua in her handbag , though but that would have been really precious . i don't think girls who look like that go to football games anyways . nick the car thief is the sexiest ! one of the best parts is where a football lands by him , and instead of throwing it back , he chucks his cigarette down and it burns the football . see , that's just the kind of guy he is . he has a sister who looks dumb borrowing his white wifebeater . her bra straps are showing for , like 12 the movie ! br br mostly you will just want to wax your legs and not ever go to football games after seeing this .",1,0
"hint number one read the title as the time of the mad dog , or perhaps dogs . this is a pretty good ensemble piece look at the cast and rent it you know you're curious already , and firsttime director bishop gives them their chance , taking his time , letting the characters interact and chew the scenery as they wait not enthusiastically for the return of the big boss and whatever revenge ensues . br br for some of us , the highlight is seeing christopher jones after his selfimposed exile from films ; he remains a commanding film presence . and yes , with christopher jones , larry bishop and richard pryor involved , this is the wild in the streets reunion party !",1,0
"punishment park is a pseudodocumentary made by peter watkins . the premise is that the nation's dissidents hippies , musicians , protesters , pacifists , etc . are being rounded up and tried by a tribunal and then given the choice of prison or running the course of punishment park . it's a 52 mile grueling trek through the desert to an american flag , with police , national guard , and various other authority figures in pursuit . the idea is , that if you make it to the flag , you're set free . the tribunal consists of a bunch of conservative types , all condemning any behavior that is not like their own , and there is no result except a prison sentence or the option of punishment park for any of those on trial . there are a lot of things in this that still ring true today , which is quite disturbing in itself . the people running the course are promised water at the halfway point , which isn't true , and the pursuing officials are mostly a sadistic bunch that are just out for a bit of target practice . this is not a very graphic film but it's more shocking in its ideas and themes than anything else . the scary thing is , it could happen . not a very upbeat film but definitely worth seeing . warning it might make you angry . 9 out of 10 .",1,0
"there have been a lot of zorro films made over the decades , but it's a shame that one of the best is probably one of the least seen . br br zorro's fighting legion is a bit different from other zorro films . first off , it's a republic serial in 12 chapters . and this time , zorro is not played by a top studio star like douglas fairbanks , tyrone power or antonio banderas but instead by workmanlike actor reed hadley . while hadley does not cast as strong a presence over the proceedings as those other , he does an adequate job , helped by the fact that he is not the sole hero here ; as the title implies , he has a fighting legion to call upon . br br another big difference is that the setting isn't california . the story here take place in central mexico in 1824 where a man posing as a living god incites the indigenous indian population and a band of outlaws to aid him in his plan to overthrow the newly established mexican republic . something , zorro , and a handful of followers plan to do anything they can to stop . br br don't get me wrong , there is at least one incredibly cheesy moment per episode , from corny twang bow sound effects to ludicrous acting . but overall , this represents one of the best republic serials of all time , and probably the best zorro one . br br the plot is stronger than most serials and never becomes incomprehensible or meandering . , and there's lots of great action fans of the indiana jones movies will notice many bits borrowed from this serial .",1,0
"mighty like a moose is one of many short films director leo mccarey did starring charley chase . what a dandy it is ! charlie and his wife both undergo plastic surgery to improve their hideous appearances unbeknownest to each other . they then meet at a party and become smitten with each other . now they can't allow each other to find out they're cheating . that's the preposterous premise of this frantic farce . vivien oakland , one of the few comic short leads to have a flourishing career long after the silents , is perfect as charley's long of nose wife . charley has an awful case of buck teeth , which are quickly dispatched at the dentist's . after a party is raided by police for no other reason then to practice raids , charley and his wife frantically try avoiding each other at home for fear the alterations in appearances become known . both have been photographed with their new features at the party . the hilarity back home culminates in charley trying to teach the nogoodnick cheating with his wife a lesson . the nogoodnick of course is the new charley , which his wife comes to realize long before charley teaches a lesson in faithfulness . this is one of charley chase's better efforts . of 4 stars .",1,0
"here you see mr . eastwood in all of his glory i . e . , at the top of his form as an actor and at the height of his physical appeal , but the ladies depicted are hardly typical of the south , then or now . the young girls at the boarding school are incredibly naive , some showing signs of developing into really depraved women , and geraldine page , fullblown in her corruption , hardly represents the mean when it comes to head mistresses of girls schools , either then or now . that is not to say that there isn't the occasional bad apple in any barrel . mr . eastwood has said this is one of his own two favorite films . br br the beguiled does have an original plot , a lot of attractive characters and many surprises in store for the viewer . it's thoroughly engrossing and entertaining but not really realistic . i know , having grown up in the south and attended a girls' school and college . moreover , i have been acquainted with innumerable girls who did the same , not to mention their laidback teachers , or you might even say repressed professors who were a far cry from the headmistress depicted here . she is downright comical in her depiction of a southern gentle woman who is not quite what she seems . br br this movie was a little outrageous when it first appeared and still is , i think , but you won't be sorry you spent your time watching it .",1,0
"'sleight of hand' is my favorite rockford files episode of the entire series . this episode shows a side of jim rockford that is usually ignored . to wit , jim is genuinely in love with a beautiful woman and is shown as a father figure to her young daughter . the woman is recently divorced and she and jim have recently returned from a weekend getaway along with the youngster . through a strange turn of events , the woman is discovered missing after they return to her home . br br rockford's recounting to his father , rocky , of the events leading up to the woman's disappearance is reminiscent of mickey spillane's mike hammer series from an earlier era . after much brooding and reflection and with rocky's encouragement , jim stumbles upon the clue that sends him off investigating the disappearance with his usual steadfastness . br br unfortunately , jim's girlfriend , karen , unwittingly witnessed some mafia activity while they stayed at the buena vista inn . the crime bosses responded by killing karen and substituting another woman into jim's car . the imposter , ostensibly asleep in the back seat , made her exit immediately upon arrival at the home . a couple of cover up murders ensue and jim proceeds to their solution while under suspicion of the l . a . police department even as warrants are issued for his arrest . br br this episode evokes more emotional reaction than all other rockford files episodes combined . james garner as jim rockford is seen at his most vulnerable moment and yet he retains the presence of mind to pursue the case . this is personal for jim rockford . in this case , he is not hired to do a job but he is trying to recover his lost love to save her life . unfortunately , this is not possible but jim tries hard to sort out his feelings but it is apparent that he will not soon get over his hurt . br br despite the appeal of the main story line , many key questions are raised but never answered in this episode . 1 what becomes of the young daughter of jim's girlfriend ? 2 what did karen actually see at the hotel that made the mafia kill her ? 3 how could jim drive for hours with an imposter in his back seat without noticing this ? 4 the daughter stated that mommy didn't come back with us . so why didn't the girl scream or cry when she noticed that her mother was absent for the hours long car ride ? regardless of these ambiguities , 'sleight of hand is the rockford files episode which comes closest to being a tear jerker . the suspense is compelling and the story is told in a sensitive and vulnerable style which makes us feel rockford's pain .",1,0
"let me start out by saying i'm a big carrey fan . although i'll admit i haven't seen all of his movies coughthe magesticcough . bruce almighty was enjoyable . none of the other reviews have really gone into how cheesy it gets towards the end , i dont know what the writers were thinking . somehow i couldn't help but feel like this movie was a poor attempt at recreating liar liar . br br on a positive note , the daily show's steve correl is hilarious and so is the rest of the cast . see bruce almighty if you're a big jim carrey fan , or if you just want to see a lighthearted que soft piano music somewhat funny comedy .",1,0
"this well conceived and carefully researched documentary outlines the appalling case of the chagos islanders , who , it shows , between 1969 and 1971 , were forcibly deported en masse from their homeland through the collusion of the british and american governments . angloamerican policy makers chose to so act due to their perception that the islands would be strategically vital bases for controlling the indian ocean through the projection of aerial and naval power . at a time during the cold war when most newly independent postcolonial states were moving away from the western orbit , it seems british and american officials rather felt that allowing the islanders to decide the fate of the islands was not a viable option . instead they chose to effect the wholesale forcible removal of the native population . the film shows that no provision was made for the islanders at the point of their ejection , and that from the dockside in mauritius where they were left , the displaced chagossian community fell into three decades of privation , and in these new circumstances , beset by homesickness , they suffered substantially accelerated rates of death . br br following the passage of more than three decades , however , in recent months and years , following the release of many utterly damning papers from britain's public record office one rather suspects that there was some mistake , and these papers were not supposed to have ever been made public , resultant legal appeals by the chagossian community in exile have seen british courts consistently find in favour of the islanders and against the british state . as such , the astonishing and troubling conclusions drawn out in the film can only reasonably be seen as proved . nevertheless , the governments of great britain and the united states have thus far made no commitment to return the islands to what the courts have definitively concluded are the rightful inhabitants . this is a very worthwhile film for anyone to see , but it is an important one for britons and americans to watch . to be silent in the face of these facts is to be complicit in a thoroughly ugly crime .",1,0
"scientist working frantically in seclusion finds a way to locate the impact crater of a meteor carrying a new radioactive element . all pseudoscience and breakthrough technology talks of the 1930s are right there , including the idea that radioactivity could heal any illness if properly harnessed . when he summons his rivals who had cast him out of the scientific community and ridiculed him to witness his discovery , they propose a 'joint' expedition to africa . . . of course they end up stealing much of dr . rukh's original discovery , giving him only residual credit . in addition to that , an effeminate weakling who looks like a supporting comedy actor from the worst abbotcostello lawton literally steals dr . rukh's young trophy wife drake , who falls head over heels for that scrap of a human being . having grown horns like a deer wasn't going to make dr . rukh karloff any friendlier , so he embarks in an undercover revenge mission . . . killing 2 of his foes and friendly dr . benet lugosi , the only one who had helped him . . . finally succumbing to the deadly radiations that had allowed him to embark in his revenge to start with but to my utmost dissatisfaction sparing the adulteress and that poor excuse for a human being she had married . acting is mostly fine , with karloff lugosi being very good . check the hysterical chambermaid scene . . . other characters aren't worth mentioning . . . recommended , much like all old universal horrors . . .",1,0
"ok , first of all , ignore the last person' review . they admit to falling asleep through it so it's no wonder they didn't understand what was going on ! ! ! as thrillerhorrors go , this film ain't too bad , it is certainly very watchable . right from the opening scenes you get a general idea exactly what is going to be the cause of all the craziness that follows , and come the end you are proved right with everything being made clear . br br i enjoyed this movie , it was quite eerie at times and as old films go it was passable . great to watch late at night ! i give it a generous 7 out of 10 .",1,0
this did for crime what not another teen movie did for school . i laughed all the way through as 2 inept gangs warred with each other and among themselves . an unsubtle comedy using overt jokes and gags that kept me rolling all the way . i suppose the biggest gag in the entire film was that time never seemed to go forward leaving the characters trapped in the 30's .,1,0
"an imagination is a terrible thing to waste . . . especially when you have talented actors . writerdirector jones wastes no time in siding the viewer with his protagonist . br br anyone who has shared an apartment with a slob will be crying with laughter . anyone who has arrived while a meter maid places a ticket on your windshield will just plain cry . we've all wanted to rip a terrible toupee off a man's head . these are only snippets of what's in store when watching cross eyed , a heartfelt film that should be a stepping stone for jones and his wry sense of humor both in front and behind the camera .",1,0
"read a biography of the late george c . scott and you'll discover why he was so enormously talent . he was asked by an interviewer what his secret was when making each character he played his own . scott replied , he possessed inside him a burning fire which drove him . in one of his last interviewers , he sadly revealed he had lost the drive . this was not the case when he starred in the movie , the hospital . in this offering , he plays talented doctor bock , medical director of one of the finest hospitals in the country . however , life has dealt him some crippling problems , such as losing his wife to a divorce , becoming alienated from both his promising children and worse of all , believing himself to be physically impotent . at this point , he is now becoming complacent , morose and frequently fantasizes various ways of committing suicide . to add to his growing list of personal obstacles , his main reason for being , his hospital has come under siege by students and neighborhood protesters , incompetent doctors like dr . welbeck richard dysart and a mysterious md . who is killing both patients and doctors alike , because he believes he is the wrath of the lamb . barnard hughes . few choices are left to bock . one is promising doctor brubaker robert walden whom he confides in by saying , if there were an oven around here , i would put my head in it . the second is a luscious young woman , named barbara who is attracted to bock because he acts like a wounded bear . paddy chayefsky wrote the screenplay and arthur hiller did an extremely good job of directing this dramatically interesting , dark story , but a vehicle nonetheless , lit by the fire of george c . scott .",1,0
"this movie was one of the rolling on the floor laughing movies i have ever seen . danny de vito plays owen perfectly . momma is excellently portrayed , and was one of the highlights of the movie . br br at the beginning of the movie it starts of differently then what you would expect . larry is trying to write a book and is having some troubles . larry teaches a writing class and owen tagged after larry trying to get him to read his story . owen eventually asks larry to kill his mother , and in return owen would kill larry's exwife . the whole movie was really hilarious . br br one of my favorite parts of the movie is at the end when owen writes throw momma from the train . larry gets furious because he just wrote a book of similar plot . it turns out that owen wrote a children's popup book . br br i would really recommend this movie . i gave it a 10 .",1,0
"in this film , made just as the production code was being enforced , jean harlow is eadie , and patsy kelly is the wisecracking , manchasing sidekick kitty . girl from missouri starts out with the girls getting on a train , with eadie making a promise to herself to earn money while looking for a millionaire husband , staying wholesome in the process . it doesn't take her long to meet up with frank cousins , lewis stone , was the kindly doctor in grand hotel , as well as judge hardy in the andy hardy films . , but all is not as it seems . . . the censors must have loved harlow's line a girl couldn't accept an expensive gift like that from a gentleman unless she was engaged . later , someone says you know we've never been alone together and eadie replies yeah , and we're not going to be ! lionel barrymore is t . r . paige , another rich , uppercrust who comes to her rescue when trouble comes looking for eadie . at one point , paige declares you oughta scratch me off your list i'm not a ladies man . . . . i wonder what that line would have been just a couple years earlier before the hayes code came rolling into town . what was he really saying ? carol tevis seems to be the highpitched baby talker as listed in the credits on imdb . looks like she was only in showbiz from 1931 1939 , with munchkin in wizard of oz being the last part she played . fun , cleancut romp as the girls chase men around the country . look for nat pendleton as the lifeguard , who was an olympic wrestler 1920 silver medal winner turned film star he was in many of the dr . kildares , and would appear in four of harlow's films . mistaken identity , plot twists , a young franchot tone , love stories , even jean harlow in a bathing suit in palm beach , although the outdoor scenes of downtown appear to be a backdrop .",1,0
billy and jade had a very close relationship that went to far one evening even though billy was sleeping with jade's mother . jade has to deal with the fact that her mother may never know and that it will never happen again . billy is played by rob estes who couldn't have looked better . lifetime tv has made another movie that everyone is bound to like .,1,0
"agreeable boy's own paper nonsense with a sprightly performance from cushing , some amusing rubber monsters , colourful jungle sets , the everwelcome appearance of caroline munro in animal skins .",1,0
"now , i've seen many many bgrade films in my 15 years of living , and i must say that this was one of the better ones . i personally enjoyed the real estate and the storyline , but it did suffer from amateur acting although adrienne barbeau did give a decent performance as lisa grant . joseph bottoms couldn't hold his part well enough to be considered good . the other performance which really fit the film was that of barry hope barney resnick . it begins with an eager real estate agent taking an asian couple through a house , only to find there's a dead girl in the shower of the showhome . it progresses with detective speculating , and introduces the key characters with reasonable grace . i think that for any person who's in for a giggle at the overthetop drama the victim realtors provide during the overthetop gory scenes , this truly is a gem . . . xd who am i kidding ? it's not that great , but worth a watch if you're insanely bored .",1,0
"i thought i was going to watch another friday the 13th or a halloween rip off , but i was surprised , it's about 3 psycho kids who kill , there's not too many movies like that , i can think of mikey , children of the corn and a few others , it's not the greatest horror movie but it's a least worth a rent .",1,0
"i almost didn't rent this because of all the bad comments but did anyways . i thought it was similar to darkness falls which i also liked . the only part i hated about the tooth ferry was the 2 red neck brothers at the gas station . they were funny and the dialog made me laugh but this was not a comedy . it ruined the movie a bit for me because it was unnecessary . the rest of the movie was the way a horror or suspense film should be . the makeup was good and i have seen way worse movies then this one . it was a simple story with believable acting . it's not the scariest or goriest movie , but i wasn't ticked off or wanting a refund after watching it . on the dvd there was previews of other movies that all look good and i'm gonna check them out .",1,0
"this film was enjoyable but for the wrong reasons . the coordination of the action sequences are laughable and make the film have some funny slap stick moments . robert ginty and fred williamson have a memorable scene together near the end , where williamson says to ginty , you sure do get around buddy boy ! . i did enjoy this film only for ginty and williamson , but not for the storyline that must have been written on the back of a napkin in four lines and the rest adlibbed most likely . a film with over 30 parts only has a credit list for 10 or so . it seems odd that no one else has a credit in the film , maybe they had some insight into how the finished product would look . the one thing this film does have going for it is that it is quite violent , so that tripled with fred williamson and robert ginty make for a film worth seeing .",1,0
"overall , a well done movie . there were the parts that made me wince , and there were the parts that i threw my hands up at , but i came away with something more than i gone in with . br br i think the movie suffers from some serious excess ambition . without spoiling it , let me say that the obvious references to the trial by fire in ramayana , is way beyond what this movie stands for . the ramayana is an epic . not a 200 page book that puts down women in india . the movie is about two girls married into a very distinctive indian family . while the basic tenets of the unwritten laws of the family tradition seem to be that of conservative india , let me assure my reader that i having lived in delhi for 12 years found entire parts that just did not ring those bells . i mean some things and some actions are very true , but some other stuff is just way off the mark . especially today . br br delhi is complicated . india is complicated . the director tries to simplify both . and fails pretty miserably at that . br br why in english ? can you imagine a movie about american indians in english . or the french speaking in english . seriously jarring . even the servant spoke in fluent accented english albeit with a hint of colloquialisms in the language for believability . br br but the chemistry between the leads is palpable . if you like it hot , this is a movie for you . i think that is the biggest saving grace the development of a true real life love story . br br if this film was about radha and sita , then it would have got full marks from me . and in being about them , it could have made a subtle statement . but this movie goes out there to say this is what india is , and this is what indian society is like . and in that respect it succeeds as much as it fails . just take everything you see with a pinch of salt . the dark secrets of india are not being revealed . just two girls are falling in love . just like it happens everywhere else .",1,0
"since douglas macarthur affected more human livesfor the betterthan any other american not elected president , he deserved a better film biography . not that universal's macarthur is bad . it's just not all it should have been . br br oddly enough , the potential was there . from the very early star trek episode the corbomite maneuver 1966 to the recent hbo films something the lord made 2oo4 and warm springs 2oo5 , director joseph sargent has emerged as one of the most expressively human directors in film , a man capable of subtly shaping the emotional shadings of his actors' performances , and carrying the audience exactly where he wants them to go . the producer , frank mccarthy , also gave us patton 197o , the legendary jerry goldsmith scored both films , and universal widely touted the fact that the film was four years in preparation and production . yet for all of this , macarthur is perfectly adequateand not much more than that . br br the film begins in early 1942 , shortly before the beleaguered general was orderedby president franklin d . roosevelt dan o'herlihyto flee the philippines to avoid capture by the japanese . thus , this film omits br br macarthur's birth in 188o in a frontier barracks in arkansas still subject to attack by native american tribesmenthus establishing that his remarkable life spanned the distance from bowsandarrows to thermonuclear weapons ; br br his graduation from west pointfirst in a class of 95 , br br how he joined his famous father , general arthur macarthur who had earned the medal of honor at missionary ridge in the civil war on assignments in japan , china and , most importantly , in the philippines ; br br his heroic exploits in the 1914 excursion into vera cruz ; br br how he leaped about the trenches of world war one like a mountain goat , often wounded , and promoted with blinding speed to brigadier general ; br br his postwar service as west point's youngestand most progressivecommandant ; br br his participation in the courtmartial of billy mitchell in 1924 ; br br his routing of the bonus marchers in 1932 ; br br his efforts to sustain a woefullyunderfunded army as chief of staff in the early 193o's ; br br his retirement from the u . s . army to become field marshal ! of the army of the philippines ; br br and the reactivation of his commission by fdr shortly before the outbreak of the second world war . br br all this is omitted in favor of prolonged footage of macarthur trying to fight off seasickness while being evacuated by pt boatthus , we know that general mac is a legend , but not why ; nor can we appreciate why the allegations of cowardice were so wounding to dugout dougand so patently unfounded . br br the remainder of his career is presently straightforwardly his islandhopping hit 'em where they ain't campaign , the fulfillment of his pledge to the filipinos i shall return ! his crowning achievement , the winning of the peace in postwar japan , then the difference of opinion with president harry truman a properly feisty ed flanders over the conduct of the korean conflict which resulted in his outright firing , and finally , his proclamation to congress that old soldierssimply fade away , after which he did just that . all quite historically accurate , and all presented with a very deliberate lack of commentary . br br sargent and the producers almost painfully distance themselves from adorning the historical record with their own approval or disapproval if macarthur's actions appear noble , let them be presented as such ; if they appear egotistical or bombastic , let those conceptions register sans comment . since joe sargent is quite expert at subtly manipulating his audience's reactionsagain , see warm springsthis refusal to offer comment appears quite intentional . historically , that may be commendable , but it almost defeats the efforts of the viewer to place this extraordinary man in any kind of rational perspective . br br and finally , there is a sort of made on the cheap feel to the film , as there is to midway , released about the same time . both films were relegated to television directorssargent in this case , jack smight on midway , and both have a madefortvlook . even jerry goldsmith's march , while perfectly serviceable , lack the subtle undertones and the grandeur of his patton themejust another way in which a largerthanlife man is memorialized by a very ordinary film . br br there was vanity and pettiness in this man , inarguably ; there was also greatnessand love him or loathe him , one must acknowledge the fact that macarthur did what no military commander before him had done he won the peace . br br in the end , macarthurlike so many film biographiesis a good place to begin research into this remarkable man , but a poor place to end it .",1,0
"i sat through both parts of che last night , back to back with a brief bathroom break , and i can't recall when 4 hours last passed so quickly . i'd had to psyche myself up for a week in advance because i have a real 'thing' about directors , producers and editors who keep putting over blown , over long quasi epics in front of us and i feel that on the whole , 2 to 2 . 5 hours is about right for a movie . so 4 hours seemed to be stretching the limits of my tolerance and i was very dubious about the whole enterprise . but i will say upfront that this is a beautifully i might say lovingly made movie and i'm really glad i saw it . director steven soderbergh is to be congratulated on the clarity of his vision . the battle scenes zing as if you were dodging the bullets yourself . br br if there is a person on the planet who doesn't know , ernesto 'che' guevara was the argentinian doctor who helped fidel castro overthrow fulgencio batista via the 1959 cuban revolution . when i was a kid in the 1960s , che's image was everywhere ; on bedroom wall posters , on t shirts , on magazine covers . che's image has to be one of the most over exploited ever . if the famous images are to be relied on , then che was a very good looking guy , the epitome of revolutionary romanticism . had he been butt ugly , i have to wonder if he would have ever been quite so popular in the public imagination ? of course dying young helps . br br movies have been made about che before notably the excellent motorcycle diaries of 2004 which starred the unbearably cute gael garcia bernal as young che , touring south america and seeing the endemic poverty which formed his marxist politics but i don't think anyone has ever tackled the entire story from beginning to end , and this twoparter is an ambitious project . i hope it pays off for soderbergh but i can only imagine that instant commercial success may not have been uppermost in his mind . br br the first movie the agentine shows che meeting castro in mexico and follows their journey to cuba to start the revolution and then the journey to new york in 1964 to address the un . cleverly shot black and white images look like contemporary film but aren't . the second film guerilla picks up again in 1966 when che arrives in bolivia to start a new revolutionary movement . the second movie takes place almost entirely in the forest . as far as i can see it was shot mostly in spain but i can still believe it must have been quite grueling to film . benicio del toro is excellent as che , a part he seems born to play . br br personally , i felt that the argentine ie part one was much easier to watch and more 'entertaining' in the strictly movie sense , because it is upbeat . they are winning ; the revolution will succeed . che is in his element leading a disparate band of peasants , workers and intellectuals in the revolutionary cause . the second part is much harder to watch because of the inevitability of his defeat . in much the same way that the recent valkyrie while being a good movie was an exercise in witnessing heroic failure , so i felt the same about part two of che guerilla . we know at the outset that he dies , we know he fails . it is frustrating because the way the story is told , it is obvious fairly early on that the fomentation of revolution in bolivia is doomed ; che is regarded as a foreign intruder and fails to connect with the indigenous peoples in the way that he did with the cubans . he doggedly persists which is frustrating to watch because i felt that he should have known when to give up and move on to other , perhaps more successful , enterprises . the movie does not romanticise him too much . he kills people , he executes , he struggles with his asthma and follows a lost cause long after he should have given up and moved on , he leaves a wife alone to bring up five fatherless children . br br but overall , an excellent exercise in classic movie making . one note ; as i watched the us trained bolivian soldiers move in en masse to pick off che and his small band of warriors one by one , it reminded me of the finale to butch cassidy . i almost turned to my husband and said so , but hesitated , thinking he would find such thoughts trite and out of place . as we left the theatre he turned to me and said didn't you think the end was like butch cassidy !",1,0
"the whereabouts of al caponebr br who shot jfk ? br br cynthia gibb lands the part of gypsy in the tv remakebr br these are some of the great unsolved mysteries of the 20th century . how else can i say it , except , i thought she was unredeemingly awful . mannequin mannerisms , poor reactionary acting ie that blank , stoic stare while he costar in the scene speaksand a singing voice that most voice coaches would rate mediocre . but she is stunningly gorgeous and after all , wasn't that what the gypsy character is all about ? cashing in on her looks cuz' she didn't cut the mustard in the talent department ? br br as for the rest . . . bette is fantastic . whether or not she's playing herself or playing mama rose , it works either way , and i for one thought rosalind russell was as exciting as drywall in the original . peter riegart as herbie is the perfect understated foil to bette's overthetop mama , and he's the mediumtemperature porridge between midler's hot dish and gibb's stone cold mush . riegart is juuuust right . br br one final holler to the man responsible for decades to come of cher jokes bob mackie . drag queens would kill for the glitz and glamour on display here . everything's coming up sequins and bugle beads ! br br",1,0
"i loved this show but then i don't remember ever not loving anything he did , starting with americanization of emily . a town sheriff who keeps trying to steal the town blind and ride off to mexico , gotta love it . like everything he does it has a tongue in cheek flavor that brands it as a garner product . james plays the same character in lots of his shows and movies but somehow it never gets stale . br br p . s . re killing off the main characterbr br if i remember right the good brother was killed off and replaced with the evil twin in an effort to increase the ratings i . e . ; make it more like every other western on tv at the time . i think this show was too far ahead of its time and i still miss it . tv without a jimmy g show is missing something .",1,0
"this movie was a really great flick about something that affects us all . i know i've personally run into this many times . thank goodness will smith has jumped onto the societal issue of text messaging while driving . people , don't do it . an hour and forty five minutes is not enough time for this cause . personally , i wanted to throw away my cell phone after the movie . i was glad to see other people in the theater saw the message and dumped their phones with the empty bags of popcorn . i decided to disable all text messaging on my phone and would encourage others to do the same . if you care about your family , make them watch this vital public service announcement on text messaging while driving or they could kill seven people . thanks for showing us the way .",1,0
"this is a fantasy movie for kids based on the boggy creek legend although i don't know why they called it return to boggy creek as if it's a sequel . this movie has nothing to do with the documentary and its fantasy kiddie fare . dawn wells stars as the mother of 3 children who get lost in the swamp around boggy creek with 2 other men and the monster comes to their aid . yes it's very silly and the plot is corny but this kind of movie is perfect for the 812 yo group which it targeted . it's harmless grated kiddie fare and at least you don't have to worry about leaving your kids alone while they watch it . strictly for the 812 yo set , older kids will get bored and think it lame .",1,0
"without kirsten miller this project needn't have been completed . however with the awe inspiring beauty and talent that is miss miller i would definitely recommend it . it looked as if the other actors were only playing to her strong performance . wagner's dismal attempt to honor this film was a bit disappointing , but his few scenes didn't detract from being entertained . mostly my criticisms are with the writing and plot line , the group of talent assembled did a heroic job of salvaging what should have been a disaster . the charismatic miller delivery and timing were impeccable and believable . she plays that fine line between assertive and bossy but never offensive she is in fact the structural engineer she claims to be . i wish i had seen this on the big screen but alas i was fortunate to rent it before it was lost .",1,0
"if there is one thing to recommend about this film is that it is intriguing . the premise certainly draws the audience in because it is a mystery , and throughout the film there are hints that there is something dark lurking about . however , there is not much tension , and williams' mild mannered portrayal doesn't do much to makes us relate to his obsession with the boy . br br collete fares much better as the woman whose true nature and intentions are not very clear . the production felt rushed and holes are apparent . it certainly feels like a preview for a much more complete and better effort . the book is probably better . br br one thing is certain taupin must have written something truly good to have inspired at least one commendable effort .",1,0
"no , this hilariously horrible 70's madefortv horror clinker isn't about a deadly demonically possessed dessert cake . still , this exceptionally awful , yet undeniably amusing and thus enjoyable cathode ray refuse reaches a breathtaking apex of absolute , unremitting silliness and atrociousness that's quite tasty in a soexecrableit'sdownrightawesome sort of way . richard crenna , looking haggard and possibly inebriated , and yvette mimieux , who acts as if she never got over the brutal rape she endured in jackson county jail , sluggishly portray a disgustingly nice and respectable suburbanite couple whose quaint , dull , sleepy small town existence gets ripped asunder when the cute german shepard they take in as the family pet turns out to be some ancient lethal evil spirit . pretty soon mimieux and her two repellently cutesy kids kim richards and ike eisenmann the psychic alien moppets from the disney witch mountain pictures are worshiping a crude crayon drawing of the nasty , ugly canine entity in the den . boy , now doesn't that sound really scary and disturbing ? well , scary and disturbing this laughably ludicrous claptrap sure ain't , but it sure is funny , thanks to curtis night tide harrington's hopelessly weak direction , cartoonish not so special effects , an almost painfully risible'n'ridiculous plot , and a game cast that struggles valiantly with the absurd story besides the leads , both martine beswicke and r . g . armstrong briefly pop up as members of a satanic cult and victor jory has a nice cameo as a helpful native american shaman . favorite scene the malicious mephestophelion mutt puts the whammy on crenna , practically forcing him to stick his hand into a wildly spinning lawnmower blade . while stuckup snobby fright film fans may hold their noses at the perfectly putrid stench of this admittedly smelly schlock , devout tv trash lovers should deem this endearingly abominable offal the boob tube equivalent to alpo .",1,0
"this film was really eyeopening . i have seen this film several times . first , when i was four and i actually remembered it and then when i was 12 . the whole message that the director is conveying is for everyone to wake up and not make the mistake of leaving god out of our everyday lives or just plain going the extra mile to insult him . br br a great movie for nonbelievers and believers alike !",1,0
"jack frost 2 , is probably the most cheesiest movie i have ever seen in my life . the complete title of the film , is jack frost 2 revenge of the mutant killer snowman . horror movie fans that have a taste for campy story lines , will be delighted to watch this . this film was straight to video , and for good reasons . here's why the acting , was so atrocious , and so terrible , that it could cause one to cry . the main character had no personality , and the actor's bad acting made it all worse . the screenplay was , was also atrocious . each character always says a cheesy line , and add the cheesy lines to the bad choreography , then you have something bad . second , the story line isn't really all that impressive , but since this movie was straight to video , it is forgiven . the director , and writer could have turned the idea of a killer snowman , into something cool , but they didn't . they story has lots of plot holes in it . in the beginning , a cup of coffee gets knocked into the fish tank , with the melted jack frost . scientists try to restore his life , but they couldn't . once the cup of coffee fell into the tank , jack frost was completely restored . now he is immune to antifreeze . in jack frost part 1 , the main character's dna got mixed up with the antifreeze that was used to kill jack frost . since the main character is allergic to bananas , jack frost is too . hence , here's my point . they say that sam's dna combined with jack frost's . but , one of the scientists had some saliva on the cup , so when it fell into the tank , the scientists dna would have been combined with jack frosts . another thing , the special effects weren't very good either . here's the good points jack frost 2 has lots of blood , that looks pretty realistic . even though this movie is flawed to hell , it is still entertaining . overall , jack frost 2 is an enjoyable horror movie . the first one was better though . 7 out of 10 .",1,0
"if you are under 13 or above 13 and pretty intoxicated , you'll enjoy dwar . if you are a seriously dedicated fan of all kinds of brainless action films , you'll enjoy dwar . otherwise , don't bother ! i saw the movie today with my nephews and 3 of their friends . they really loved it and that made me feel good . after the movie was over , all the kidsmy nephews and their friendscould not stop thanking me for taking them to the theater . br br the cg is good . acting and directing are horrible . storyline is extremely simple . but , since the half of the audience was kids , they were screaming , shouting and cheering every time the dragons appeared on the screen . this made the viewing experience far more exciting than it should have been . br br it's a good movie to take your kids to , but except for the final battle sequence , dwar is disappointing . i give this film 7 out of 10 mainly because the kids loved it so much .",1,0
"the film maybe goes a little far , but if you love the show it's what you expect . it's not a bad movie ; it's actually pretty good . if you don't like the show , don't see the movie . it starts off a little slow maybe , but then picks up and turns out to be pretty funny . there are even a few heartwrenching scenes toward the end . after all the protagonists have gone through these scences do get to you . also jerry throws in his opinion why his show upsets people and justifies his show's existience . he's got a pretty good point . we care so much about the private details of celebrities lives , so why is it wrong that these people tell their private lives on national tv , too . if they were celebrities we wouldn't mind at all , we'd eat it up . do we not like his guest doing this just because they're poor white trash and it reminds us that there really is poverty in this world and not just rich glamous movie stars living in a leave it to beaver world ?",1,0
"one night at mccool's is one of those films that starts with an awful amount of promise but as the film goes on it becomes silly and loses it's way big time . liv tyler plays a manipulative woman who tries to get her own way by flaunting her body to every man she meets , all of which fall under her spell . there are a few funny moments in this but they get fewer and fewer as the film deteriorates into a comedy farce . michael douglas who plays the assassin is good as is liv tyler , although she does look like she had put on a bit of weight since armaggedon . this is ok but is only memorable for the scene in which liv tyler washes her car , you will know what i mean when you see it fella's ! shwing ! ! ! ! ! 7 out of 10 just .",1,0
"its too bad that no one knows anything about this movie , and it gets old telling people it's rap's version of spinal tap . and you know , im sorry i dont have any better comments , but damnit , go get the movie and watch it , and then make all your friends watch it too , just like im gonna .",1,0
". . . on stage , tv or in a book , 'the woman in black' is an outstanding ghost story . other reviewers have already said just about all there is to say about this film , but i thought i would add my belated little review too . the madefortv movie has a deliberately slow first act , which chronicles the main character arthur as he goes about his business as a solicitor in 1920s london . i can understand why this might not appeal to all palates . nevertheless , for me , i love this britishstyle of storytelling similar to any of the bbc's ghost story for christmas adaptations of the great m . r . james' work . in the second act , the ghost story kicks in as arthur is sent to the provinces by his boss , to tidy up the affairs of a deceased client . the third act relentlessly builds up to a spinetingling conclusion . . . as a londoner , i have seen the play . i own the book , dvdr and have the unabridged audio book on my ipod , too . what is sure for me , 'the women in black' on any medium is a ghost story with few equals . it is about time that we had a legitimate region 2 dvd release .",1,0
"we start all of our reviews with the following information . my wife and i have seen nearly 100 movies per year for the past 15 years . recently , we were honored by receiving lifetime movie passes to any movie any time at no cost ! so we can see whatever we want whenever we want . the point of this is that critics count for zero . your local critics or the national critics like ebert are really no different than you or me . the only difference is that they get to write about the movie and are forced to see hundreds of movies whether they want to or not . therefore , it is our belief that if you get your monies worth for two hours of enjoyment that is good enough for us ! we never ever listen or read the critics . we only care about our friends and those who we know like the same things as us . well enough about that . br br when meryl streep the head of the nsc in the movie says the united states does not torture it got a big laugh at this movie . it is of course a lie that the bush administration has denied time and again . it is a very good movie and it is scary in what they can do to us as we lose all of our civil rights . they can simply snatch you anywhere and tell know one that they have done it . in this case , they snatch a man who has a name similar to those who killed thousands on 911 . he is of course just like you or i . and so they take him to a secret location outside of the us to torture and waterboard him . br br very frightening . well acted by jake and reese and the entire cast .",1,0
"i read the book in 5th grade and now a few years later i saw the movie . there are a few differences br br 1 . billy was oringinally suppose to eat 15 worms in 15 days , not 10 worms in one day by 700pm . br br 2 . billy is suppose to get 30 dollars after he's eaten all the worms . in the movie after billy eats all the worms , joe has to go to school with worms in his pants . br br 3 . joe is suppose to fake some of the worms but in the movie , he doesn't at all . br br even though there are changes , this movie is still one that kids will enjoy .",1,0
"after seeing this film for the 3rd time now i think it is almost adam's worst film punch drunk love is poor in comparison to this i must say at the end when dickie gets thrown of the boat it is so funny the hair is different to his and i like it when he flips everyone off . this film should only be brought if your a true adam sandler fan . br br the characters are poor in comparison to his funny films like the waterboy , which has the same people in it peter dante who is one of the assassins trying to kill the australian bird . br br this film lack depth and a decent story line and deserves to be in the bottom 100",1,0
"this is actually a groovyneat little flick , made on absolutely no discernible budget with shot on video crinkliness . it takes a little while to warm up to it . the acting is so bad that it soon acquires a zenlike charm . after a few scenes , you stop noticing the awkward lines or rehearsed sound of some deliveries . the characters all develop a quirky charm , especially richard . forget anthony hopkins , maidens is the guy i'd hire to play a raving psychopath . he just seems to enjoy it so very much ! mixed in with the scenes of madslasher gore and zombie infestation are some truly visually effective shots of the title character , the midnight skater zooming through the campus in a black hoodie , looking for all the world like a cross between the grim reaper and , say , the silver surfer . these shots make the sometimes ludicrous things the characters say about the skater seem almost ominous . the soundtrack features some very fun garagepunk tunes and the raspy , raucous meanness of it meshes well with the film's mood . thumbs upish , i say .",1,0
"in an era of such awful cartoons , i am rather in shock to see a movie with such good morals make it to the imdb bottom list for animated movies . br br this movie does contradict the first . i won't deny that . however , when i was in the target age group for this movie , i didn't even notice , nor would it have mattered if i did . the people who made it may have used new generation to note that this is another way the care bear family could have began . perhaps we are meant to decide for ourselves how the care bear family truly began . br br this was my favorite movie at age 36 , and it did not scare me or confuse me at all . br br",1,0
the theme is controversial and the depiction of the hypocritical and sexually starved india is excellent . nothing more to this film . there is a lack of good dialogueswhy was the movie in english ? ? . there was lack of continuity and lack of passionemotion in the acting .,1,0
"conrad hall went out with a bang . the great film photographer finished his illustrious career with this movie before passing on . he did himself proud as this is one of the bestlooking crime films you'll ever see . br br of course , the acting ain't bad when you have tom hanks and paul newman playing the leads ! the amount of action in here is just right , too not too much ; not too little . br br none of the characters in here , frankly , are good guys as hanks is a professional hitman for town boss newman . hanks' only redeeming quality is not wanting his young son to wind up a killer like him , although he does teach him how to be the getaway man in robberies ! huh ? br br as good as the acting is and as interesting as the story is , the real star of this film is cinematographer hall , who paints scene after beautiful scene with his lens . his work is just awesome .",1,0
"the first collaboration between schoedsack cooper is a compelling documentary on the migration of the bakhtiari tribe of persia . twice a year , more than 50 , 000 people and half a million animals cross rivers and mountains to get to pasture . you'll feel like a pampered weakling after watching these people herd their animals through ice cold water and walk barefoot through the snow to cross the mountains while trying to get their animals to walk along steep and narrow mountain paths .",1,0
"let me just start out by saying that tourist trap is a better movie then 99 . 9 of the horror films that have come out of hollywood lately . if you don't believe me see darkness falls or they . and it is certainly better than any of those crappy direct to video releases like stab , bleed , the pool , and so on . one of the big problems with the film tourist trap is that is never really found an audience . when the film opened in 1979 it was given a pg rating by the mpaa . anyone that knows horror films knows that a pg on a horror film is usually the kiss of death for the film . director david schmoeller talks about this problem on the dvd's commentary track . there are exceptions though like poltergeist , which had also received a pg rating . however , there are big differences between tourist trap and poltergeist . tourist trap was not a big budget hollywood film like poltergeist nor was it produced by steven spielberg . that alone was enough to guarantee poltergeist success . still for those of you that have seen tourist trap , you will even scratch your head as to why the mpaa rated this film pg . the 'heart burst' scene alone should be enough for the film to be slapped with and r rating . or how about the pipe in the back with the blood running out of it . i have to admit though that when i was young i looked at a copy of poltergeist in the video store shelf , picked it up , saw that it was rated pg and put it back on the shelf in favor of an r rated film instead . years later , i finally saw poltergeist and realized what a great film i missed out on for not renting a pg horror film . from then on i would never judge a film based on it's rating again . this is most likely what happened to tourist trap . people , like me with poltergeist , will probably overlook it in favor of the r rated film . most likely it would be a teenager too , which most of these types of films are targeted at . friday the 13th was no masterpiece either but did extremely well at the box office due to the fact it was rated r and was heavily advertised by paramount at the time . it found its audience and made enough money to spawn several sequels . when you look at it folks , tourist trap is just as good as friday the 13th . the same thing could've happened to tourist trap . we could have seen tourist trap 2 , 3 , 4 , and so on . as far as the film goes , tourist trap is an entertaining horror film made on an extremely small budget , but it is well acted , well directed and well made on many levels . chuck connors is a riot as mr . slausen and gives the best performance in the film . special credit must be give to composer pino donaggio , whose score for this film really is what sets it apart from others and gives it its creepiness . the music in the scenes involving the mannequins is especially creepy . donaggio worked on the horror film carrie and many other film scores since tourist trap . he has done exceptionally good work in film and continues to score films to this day . the weakness with tourist trap is that there really is never any explanation of davey's powers . maybe that is how it's supposed to be . he just has them , and we should accept that in order for the movie to work . we do accept it to a point , but then the screenplay has incidents like how davey makes the phone ring in the store while he's in the basement of the house . in that case , is davey limited in using his powers ? can he make a phone ring in houston , detroit , los angeles ? what is his range ? those are things that people that didn't care for this movie would most likely to point out as flaws . others would accept it as a mistake . i accept it . there is not enough of those type of questions generated by this film to make me hate it . this is a horror film . we should not be required to read too much into it . many people have called this the 'killer mannequin' movie . i assure you that no mannequin kills anyone in this film . the mannequins are controlled by the power of davey who uses them as a weapon . this is a common misconception about this film . some people have a problem with the mannequins and some have even said they are just downright silly . i think they add to the overall creepiness of the film . overall tourist trap is a good fun rental . out of 5",1,0
"wow what an episode ! after last week seeing mellisa constantly making cameos about the friendship of annie and brandi i almost puked . but that was nothing until seeing mellisa's tirade after being fired . seeing her hobble around on her cast spewing out obscenities and screaming for someone to get her purse was absolutely the most hilarious thing ever on reality tv . she continued to scream at people off set to get her clothes all of them like someone else would wear one of her hideous outfits . mellisa you are like 40 years old and you still throw temper tantrums ? then joan starts calling annie and brandie every name in the book , and gets up and quits the show ! both rivers are spoiled brats who were only left on the show this long to keep ratings up . mellisa crying and refusing to do an exit interview , just proves to america what everyone thought , you are a spoiled baby . wah wah i can't get my way ! i love how annie told the cameras she could manipulate mellisa to think her way , and then did exactly that . mellisa is by far the smartest contestant and clearly deserves to win the whole game .",1,0
"according to the book the last of the cowboy heroes which is about joel mccrea , audie murphy , and randolph scott , the author says that albuquerque was the only film he personally did not review because he claimed it was lost . hadn't been seen in years . br br good thing for western fans somebody was doing some spring cleaning at paramount because a print was apparently found and now it's out on the open market . albuquerque is a pretty good western too with scott involved in a family feud with uncle george cleveland . br br george cleveland sends for his nephew randolph scott with the intention of making him part of his freighting business , headquartered in the fast growing settlement of albuquerque . cleveland is more than just a business owner , he's the town boss which he runs from a wheelchair . he even has the sheriff in his pocket . br br randolph scott is not a cowboy hero for nothing . that includes not backing relatives up when they're villains . he goes to work for a rival outfit headed by brother and sister russell hayden and catherine craig . br br cleveland is full of all kinds of tricks and he even sends for a western mata hari in the person of barbara britton to worm her way into the confidence of his rivals . barbara's great as the homespun vixen who develops her own agenda . br br randolph scott's original home studio was paramount , it was where his first studio contract was with . albuquerque marked the last film he ever did for paramount and they gave him a good one . br br note also lon chaney , jr . , who is george cleveland's chief henchman , a rather loathsome bully of a man and gabby hayes , who is just gabby hayes . br br albuquerque must have been loved by republicans across the nation in 1948 with its chief villain as a town boss who rules from a wheelchair . a certain democrat from a wheelchair had made hash of them for four straight presidential elections and he was gone . they had high hopes of winning the white house that year too , but things went awry and they had to settle for an ersatz boss getting his comeuppance in albuquerque . i'm not sure why cleveland was in a wheelchair since nothing was really made of it in the plot . my guess is he was injured and played the part that way because he had to . br br still albuquerque must have had great appeal to the gop market .",1,0
"visconti's death in venice qualifies as one of the most beautiful films ever made . while watching , we acknowledge we are in the hands of a visionary genius . endlessly opulent death in venice surely is ; but in other important ways , it's an unsatisfying film . thomas mann writes with contempt and from a distance of von aschenbach's literary career and output ; of his imperious manner , his layeruponlayer of programmed , selfconscious behavior . when tadzio appears and obsession arises , it's evident that aschenbach hasn't the slightest idea who he is beneath his gildedage trappings and carefully lived life . in fact , upon seeing tadzio , the 'solitary , ' as mann sometimes calls him , splits in two . aschenbach no . 1 absorbs the sight of a beautiful 14year old boy , then attempts to intellectually process the giddy jolt in blood pressure as he would a work of art a 'divine' work of art . but aschenbach no . 2 , emerges as a stalker who takes control of , then replaces , the rational aschenbach no . 1 . like the original aschenbach , his sexualdoppelganger is mortified to make human contact with the object of his obsession and thus tadzio remains a faroff ideal . thomas mann has no mercy for this game . every shred of self knowledge comes too strong and too late ; the excitement of sexual flush is too great to resist . that venice is gripped by disease means nothing to aschenbach except that his game now has higher stakes . when he finally whispers beneath his breath 'i love you , ' he knows that all is lost , and the abyss awaits . is any of this filmable ? perhaps , and visconti creates a visual feast impossible to look away from . but there are errors he and dirk bogarde create aschenbach as sympathetic ; mann , again , did not . aschenbach's pov dominates the film and we are expected to identify . but nowhere on screen is there a man being torn apart from within . bogarde toggles between the sublimely controlled and the ridiculously temperamental with ease but what's underneath ? bogard's reactive performance has no mooring . mann writes a character who is , in his imagination , doing the dance of the seven veils , all too aware of the consequences such freedom invites , yet unable , unwilling to resist . also , visconti's screenplay creates a character not in the original alfred , a friend of aschenbach's to dramatize mann's discussion of art and artists . these scenes are badly written disasters , and the actor who portrays alfred is difficult to watch . also , visconti's aschenbach is a gildedage teutonic composer , which i think works for the film ; and the symphonies of mahler substitute for aschenbach's novels . mahler's great music unfortunately is badly recorded and very badly played . so death in venice , as visconti hands it to us , is not the complete success it might have been , but as a purely visual experience its power cannot be denied . all students of film , especially cinematography , will want to take a look .",1,0
"some films just simply should not be remade . this is one of them . in and of itself it is not a bad film . but it fails to capture the flavor and the terror of the 1963 film of the same title . liam neeson was excellent as he always is , and most of the cast holds up , with the exception of owen wilson , who just did not bring the right feel to the character of luke . but the major fault with this version is that it strayed too far from the shirley jackson story in it's attempts to be grandiose and lost some of the thrill of the earlier film in a trade off for snazzier special effects . again i will say that in and of itself it is not a bad film . but you will enjoy the friction of terror in the older version much more .",1,0
there have been several books that have cited this as the earliest gay cinema . i don't really see this as all that gay in the homosexual sense but then seeing two men dancing in what has to be the worlds first movie musical does have its attraction . br br there have been several earlier comments about this film dismissing any homosexual overtones . as to those that are quick to dismiss this film as just being silly and an experiment done late at night after too many drinks . . . well i've heard that story before . br br this film is of interest as an oddity and if folks want to consider it the first gay film so be it . better this than the depressing 1919 anders als die andern .,1,0
"as far as i know , this show was never repeated on uk television after its original run in the late '60s early '70s , and most episodes are now sadly missing presumed wiped . br br series 6 from 1971 however still exists in its entirety , and i recently got the chance to watch it all , the best part of 4 decades on . br br after rushing home from school , freewheelers was essential viewing for me and many of my contemporaries back in those halcyon days of flared trousers , slade and chicory tip . and watching it again brought a nostalgic lump to the throat . br br never mind the bad hammy acting , the unintentionally amusing fight scenes , plot holes wide enough to pilot a large oceangoing yacht through and the frightfully , frightfully rada accents of the lead players . br br no forget all that . because freewheelers harks back to a bygone dare i say golden age of kids' tv drama , when the shows were simply about riproaring fun and didn't take themselves so seriously . before they became obsessed with all the angstladen ishoos that today's screenwriters have their young protagonists fret over , such as relationships , pregnancy , drugs , stis etc . br br no doubt if it were remade for a modern audience in these days of allpervasive political correctness , the boss figure would be a black female , one of the young male heroes would be a muslim , the other would be a white lad confused about his sexuality and the girl would be an allaction gogetter with an iq off the scale , who'd be forever getting the lads out of scrapes and making them look foolish in other words a million miles removed from wendy padbury's deferential , anklespraining washerupper . br br it's a show that's very much of its time . but is that a bad thing ? i for one don't think so .",1,0
"the essence of this film falls on judgments by police officers who , fortunately ethical and moral men , act on situations within situations in a city with a superabundance of violence and killing . good compound interacting story lines and aboveaverage characterizations .",1,0
"lots and lots of information to digest , and if you've seen zizek , you know his pace . br br also if you haven't seen most of the films or at least some other films by the same directors mentioned in this doc , you will be somewhat lost . br br and the film list is long . director includes hitchcock psycho , vertigo , birds , lynch lost highway , mullholland falls , wild at heart , blue velvet , tarkovsky stalker , solaris and the conversationcoppola br br there are some segway films like , star wars espisode iii , matrix . . . but these i suspect are baits . to be sure , zizek is never boring , but if you don't buy or if you mind the psycho analytics , then you'll be annoyed to no end . br br but you should not be , as the setting , clips , the way the film interleave with these clips , zizek's points are never boring .",1,0
this movie was sweet . the main character lady was sensitive to 2 different men who wanted her . she seemed not a character at all but a real person who had made some mistakes but was trying to set things right . i liked the movie a lot . even the older ladies who were lesbian didn't irritate me too much .,1,0
"a very credible and unsettling movie portraying the effects of war on the general public , shame gives us a chilling understanding oh ingmar bergman's beliefs . the absence of color and sound as in a soundtrack helps to give the film a more realistic feeling . there is no soft or hard lighting or a variety of camera angles to give the story a charming or dramatic effect . everything is very simply portrayed as it would be in reality . at times the storyline was confusing , but perhaps in order to give a sense of the characters' frame of mind how they too do now know what is happening or why . the simplicity of the film made it somewhat boring , but i could understand how the director is trying not to glamorize the story and points . he depicted the harsh and unsettling events and effects of war . in the beginning the characters were introduced and shown as content with the lighter settings and very long , drawnout shots . when all of a sudden the war struck upon them , they were much darker and quiet with less intimate shots . bergman did a good job on allowing us to be consumed by the war ourselves and presenting an image of it the so adequately corresponded to war . although the storyline itself was not too impressive , the content of the film was .",1,0
"the psychopath 1973 a trip down memory lane . i saw this film many years ago on a old black and white t . v . a children's' show host mr . rabbey avenges the brutal abuse that parents inflict upon his kiddie fans . mr . rabbey who looks like he's always on the verge of losing it finally cracks and decides to go on a hunting trip . watch out bad parents cause mr . rabbey is on the prowl ! what happens next is priceless . however , trying to find this movie will be quite a chore . br br what makes this film notable was the fact that joe maniac spinell made a short promo reel for a film based upon this one . in his unfinished film , he plays mr . robbie , a t . v . clownwho looks like a pudgy out of shape edward james olmos who avenges his young fans child abuse by going after their parents . sadly , mr . spinell could never find the funds to complete the project . the film was going to be titled maniac ii mister robbie . rabbey or robbie the similarities are all too close for comfort . pretty violent for a p . g . movie . br br recommended .",1,0
"it is a damn good movie , with some surprising twists , a good cast and a great script . only a couple of stupid bits , like the rasta hitman scene this guy's a professional ? but that has been commented on already . the fact i had only heard one guy at work mention it before , and did not have many opinions or reviews to go on , made it even more entertaining . this gets a higher score than maybe some people think it deserves , but i have to factor in the low budget and the good effort from the cast . it sickens me that some movies get made whose budget equals the gdp of a small country , with a hyped up release , good reviews , an oscar winning director andor actors , and turn out to be so disappointing , with actors sleepwalking through their roles and uninspired directing , with predictable plot lines and a story with holes in it so big , sandra bullock could drive a bombloaded bus through it . examples in my opinion are the terminal , castaway , matrixrevolutions extra points are awarded for the wardrobe department choosing great clothes for the cast , especially paulina porizcova , who wears a rubber dress in one scene , and a jacket with cnt on the back in large letters in another ! a sex scene which shows off her tight ass and a good soundtrack are added bonuses ! and please , enough with the tarantino comparisons , this did not remind me of a tarantino flick at all . . . . and tarantino borrows virtually every idea he has ever had from other movies ! even if that is your opinion , are we saying once a certain film or book is written or directed one way , noone can ever use the same ideas again ? get real . this film has it's own style .",1,0
"house of dracula works from the same basic premise as house of frankenstein from the year before ; namely that universal's three most famous monsters ; dracula , frankenstein's monster and the wolf man are appearing in the movie together . naturally , the film is rather messy therefore , but the fact that all three monsters are there is usually enough to ensure that the film's sixty seven minutes don't become boring . it's obvious that the idea of making another monster mash came into the writer's head before an actual plot did , as the yarn we're given isn't exactly without holes . the plot sees count dracula arrive at dr . edelman's home asking for a cure for his vampirism . then , what can only be described as a coincidence , sees lawrence talbot , a . k . a . the wolf man turn up asking for a cure for his affliction ! it turns out that dracula is on the prowl for edelman's daughter , but talbot really is serious . when it turns out that he can't be stopped from turning into a wolf , the wolf man throws himself into the sea . . . where he ends up finding frankenstein's monster . br br overall , this film isn't as good as the earlier house of frankenstein . the 1944 film put its plot together better than this entry in the series does , as the plot here doesn't give equal time to each universal monster . dracula's plot is the biggest at first , but soon fizzles out only to resurface at the end . the wolf man is the star of the show , but his story never really develops , and is essentially just another version of the plot he always finds himself in . frankenstein's monster is given the coldest hand , as he appears in the movie merely as an afterthought , and an obvious excuse to ensure that all three monsters appear in the movie . the story of the doctor who binds all three together is the most interesting , but this is a little disappointing as he isn't the reason why people will see this film . the acting is good enough , with john carradine showing his sinister side and lon chaney jr once again making sure that his character is bathed in tragedy . glenn strange is given nothing to do , and onslow stevens proves the real highlight as dr edelman . overall , this film won't do much for anyone that isn't a fan of universal horror ; but as silly monster movies go , house of dracula is worth seeing .",1,0
"this movie is far better than the original the jerk . i would highly recommend it to anyone who like quirky humor . we have incorporated almost as many lines from this movie into our daytime discourse as we have from monty python . br br the card game with the hobos and then with mr . suicide . the scene at the dinner table and his distaste for turtle soup . the original the jerk was too choreographed ans staged . while i like steve martin , he seemed like he was trying to hard . the jerk too is a spoof and will be enjoyed by anyone . the jerk too is family friendly unlike the original the jerk .",1,0
evil warlord puts a town through pain and suffering . not long before they call upon giant stone samurai daimaijin for help . daimaijin soon comes and really gets the warlord with all his viscious might . the revenge climax is really funny as daimajin squashes guys under his feet and crushes guys with his fist and even drives a spike though a man's heart .,1,0
"a delightful little thriller opens with trevor howard in his jag convertible and ends on a dockside in liverpool . it's all thrills and spills as the exspy has to restart his career just as he's getting some serious r r cataloguing butterflies how british is that ? . br br trevor howard and jean simmons frolic from london to newcastleupontyne to liverpool via ullswater he's just been thrown out of mi5 or something , and she , you guessed it , is on the run , wrongly accused of murder . there's seedy docks , rolling lake district hills , sheep , country pubs , coppers getting lost , waterfalls , a bunch of amateur cyclists , rooftop chases , and lots of chinamen don't ask , and it's all very hitchcocky and hannayesque . . . br br . . and a smashing example of british noir . . .",1,0
"i love ghost stories in general , but i particularly love chilly , atmospheric and elegantly creepy british periodstyle ghost stories . this one qualifies on all counts . a naive young lawyer solicitor in britspeak is sent to a small village near the seaside to settle an elderly , deceased woman's estate . it's the 1920s , a time when many middleclass brits go to the seaside on vacation for their health . well , guess what , there's nothing healthy about the village of crythin gifford , the creepy site of the elderly woman's hulking , brooding victorian estate , which is located on the fringes of a fogswathed salt marsh . when the lawyer saves the life of a small girl none of the locals will help the endangered tot you find out why later on in the film , he inadvertently incurs the wrath of a malevolent spirit , the woman in black . she is no filmy , gauzy wraith , but a solid black silhouette of malice and evil . the viewer only sees her a few times , but you feel her malevolent presence in every frame . as the camera creeps up on the lawyer while he's reading through legal papers , you expect to see the woman in black at any moment . when the lawyer goes out to the generator shed to turn on the electricity for the creepy old house , the camera snakes in on him and you think she'll pop up there , too . waiting for the woman in black to show up is nailbitingly suspenseful . we've seen many elements of this story beforethe locked room that no one enters , the fog , the naive outsider who ignores the locals' warnings but the director somehow manages to combine them all into a completely newseeming and compelling ghost story . watch it with a buddy so you can have someone warm to grab onto while waiting for the woman in black . . .",1,0
"true , it does not follow the book very closely , but it's still a very entertaining take on the story . swayze was far better in the role than i expected . and doody avoided the silly woman out of her depth in the wilderness portrayal most of us probably expected cf . kate capshaw in indiana jones the temple of doom . br br at any rate , it's amazingly better than richard chamberlain's awful pair of quatermain flicks . br br it is very reminiscent of a western in many ways . about the only thing i didn't care for was all the mysticism , but i guess that is part and parcel of the genre . like how can you have an african adventure story without witch doctresses and preternaturally wise wandering tribesmen ? heh .",1,0
"i'm a petty officer 1st class e6 and have been in the uscg for 6 years and feel that this movie strongly represents the coast guard . there were only a few scenes that were far fetched . the most farfetched was when po fischer kutcher went down inside of the sinking vessel to pull the vessel's captain out of the engine room . . . that would never happen . swimmers are not allowed to go inside of any vessel no matter the circumstances . second , the command center supposedly in kodiak , it looked more like a nasa command center . . . we don't have any gear that hitech . third , the captain of the airstation would not be running the search rescue cases with like 10 people on watch . in reality it would be an e6 or e7 as the sar controller and maybe 2 other support personnel like an assist sar controller a radio watchstander . otherwise the movie was dead on , i think they should have incorporated more of the other rates in the cg and their roles in search rescue instead of just aviation based rates . some of the scenes from a school reminded me of my days their and the dumb stuff i did and got in trouble for in my younger days .",1,0
"this kind of angst can only be inside a young person who seeks very seriously his religion and his place in this world . as the text in the beginning of the movie says , these pictures are dead they are the past already , and have been right from the moment when the product was ready . but that is only for the maker of these products maybe to somebody , who is in the same frame of mind i think very many people , at least of those who are seriously interested in religion , go through the same terrible angsts and doubts in their personal development . and that , of course , is the reason that art is made in the first place identification and consolation amongst fellow human beings . br br this film uses very well the classic technics of the experimental cinema . and this is where those technics are to my opinion in the best possible use as an instrument in telling stories and creating atmosphere to them , not just as a pure abstractions or as an end in themselfes . those tricks have already been made many enough times . some other movies that i imagine have influencedinspired this director , are eraserhead and nosferatu . it's interesting how these technics make this movie totally timeless there is nothing contemporary in this movie . or nothing from any other specific time either . it could have been made a thousand years ago . br br it is interesting in this story how these people treat this new born holy child they use it selfishly in their own purposes , and don't even try to listen to him . they beat him , rip off his intestines and castrate him . they drag his living body forcibly from place to place . and they do the same kind of violence to his mother . the story also reminds me of the borges' short story el informe de brodie . also the critique towards the practices of the christian institutions reminds me of the great el topo . br br unpleasant watch at times , but beautiful . very simple , thought and concentrated . very strong movie , almost too strong . the whole human energy has been concentrated to this . also this movie shows that when you have the passion and ideas , you can make a movie with a round zero budget . br br but i have to admit , it was a bit hard to watch for a contemporary viewer like myself , because of the experimentality . it was so slow and demanding . but after all , worth the suffering . i have to give ten points just for the effort that somebody makes this kind of movie .",1,0
"hrmi think that line was from the old movie posters . br br this is a dumb movie that seems to have been translated from some language that was totally unfamiliar to the translator . here's a tip any movie that starts with a black screen and text reading in the future . . . is going to be fun . this means that the premise is so implausible that they have to explain it to you . br br in this case , in the future . . . means that , instead of fighting wars , nations have guys climb into giant robots and duke it out to determine , well , that's never terribly clear , but it's probably something really important . there are good guys obviously capitalists , i . e . us and bad guys commies ! and there are big stopmotion robots . br br sadly , the effects budget was pretty slim , so we don't get to see a lot of the big robots . there are plenty of cheap looking interior scenes , and then a big space fight near the end . the space fight is especially nice , as it serves precisely no purpose other than the blow the remainder of the effects budget . br br with said money now spent , the climactic fight degenerates into and i'm not making this up two guys hitting each other with sticks . i can always get a laugh in a bar by reenacting the final scene , complete with a last line guaranteed to leave any audience scratching their heads . br br like i saidit's dumb . that's why i bought the tape .",1,0
"this might contain a spoiler , so beware . br br if it had been 200 , 000 thousand or two million people , does it make a difference ? sometimes i get so angry at the apparent apathy of a small number of strangely very loud americans , but i have to remember that many people here in the us were not bred or raised to care about anything outside of their comfort zone . god help us for what we have done . after the relative ease of what we did to the native americans , and the indifference to the horrors of enslaving a race , you would think we'd have grown hearts and souls in the late 60's and early 70's . but now i see it is ok as long as our ends are justified to only us . how then , can we look at any other dictator and horrible government and think we are somehow doing good to impose our will ? we are contradictory and hypocritical , and i am ashamed for this . i feel sorrow for the people affected . they deserve justice and their homes back . if this was done in my name as an american for my supposed safety , i don't want it . i denounce these actions , and hope our global community understands that many americans believe the american government is a runaway train of deceit . no one is above the law . i want my country back , and so do the chagos islanders . regardless of what people post from the anonymity of their computers , no one can in their heart deny that they would be unwilling to give up their birthplace for some bombs and heliports . we can't stand to be stuck in traffic , let alone forcibly and unjustly removed from our homes . 'not one of us , brit and american alike forget what goes around comes around . don't buy into the fallacy that a simpler , more natural civilization is somehow less worthy of having their rights observed , and preserved when we turn our backs on the basic human rights and dignities of 2000 , we turn away from the basic human rights and dignities of all men .",1,0
"i get teased all the time by family and friends for my tears over movies , and they were not disappointed when i watched this one . i cried numerous times but believe me it was not over sappiness . i ached for the family and i ached for this man as he tried to redeem himself the only way he knew how . denzel was fabulous as always , and so was chris walkin . mickey rourke , i did not even recognized though ; the years have not been kind to him . my husband is not one to rewatch movies unless they are historically accurate war moviessnore ! ! ! ! he has watched this movie 5 times now and i am going to have to get the dvd to watch it again because he has worn out the tape and it jumped the whole time i was watching .",1,0
"twisted desire 1996 was a tv movie starring melissa joan hart . melissa's character , jennifer stanton , a seventeenyearold seduces her current boyfriend nick ryan into murdering her two parents . the movie is based on the 1990 murders of the parents of 14 year old jessica wiseman . jessica had her 17 year old boyfriend douglas christopher thomas shoot and kill her parents ! thomas was executed in 2000 ! jessica was released from prison when she turned 21 years old . evidence now suggests that it was jessica who fired the fatal shot that killed her mother . jessica is known to now be residing somewhere in the state of virginia .",1,0
"one of the most unfairly maligned programmes of all time , 'terry june' was also one of the most popular sitcoms of the '70's and '80's . br br it started life as 'happy ever after' , but when eric merriman decided he didn't want to write any more , it changed into this , hence the dropping of 'aunt lucy' and the fletcher's becoming the medford's . br br yes , it was cosy , domestic , middleclass stuff ; the plots ran the gamut of clichs from the boss coming to dinner , the vicar organising a jumble sale , and unwanted relatives coming to stay for the weekend . it was certainly not 'dreadful lazy comedy' . as for it being 'not clever' , it was not meant to be . it was funny and well performed , and that was enough ! br br i too loved the 'alternative' boom of the '80's 'spitting image' , 'black adder' , 'the young ones' etc . but also enjoyed conventional stuff such as this . if nothing else , it provided alternative comedy with something to be an alternative to . i found it sad though when the likes of ben elton took against both this and benny hill . well , family oriented comedy has all but vanished from our screens , but where has it left us ? take a look at the latest t . v . schedules . all soaps and reality dross . the few comedies left are aimed at teenagers , meaning they are jam packed with swearing , bodily function jokes , and explicit sexual references . and they are not remotely funny either . br br the 'alternative comedy' boom was good in many ways , but had a dark side . it made conventional sitcoms appear old fashioned , drove away talented writers and performers such as spike milligan , and ultimately led to such unspeakable drivel as 'little britain' and 'tittybangbang' heaven help us . if it ain't broke , don't fix it !",1,0
"i saw this film on 19sep2009 at the cambridge film festival . br br the beagle's only in a couple of short flashbacks , the whole thing is about darwin's life from 1841 to 1859 , when he was ensconced in kent with his growing family , 200 pages of origin had already been drafted and he was wondering whether to complete the book . br br the script is based on randal keynes's book annie's box annie , charles's daughter , died when she was 10 . it is mostly a family drama , but does include sex scenes however , the participants are married , both on and off screen . not too exciting , not much science but a wellmade film that's pleasant to watch and pushes the right emotional buttons . a bit of a romantic weepie , actually . i suppose the conclusion is that you can be an agnostic freethinking scientist from an atheist family background and still be an emotional romantic as well as an excellent father . br br some of the characters and darwin himself state or wonder whether he killed god but the viewer is able to doubt that . what is beyond doubt , given the deadly struggle for survival and the web of predation on the meadowbank wellknown before darwin and completely uncontroversial and the failure of darwin's prayers is that the idea of a kind , providential god who loves his creatures is untenable . br br i really cannot see many americans objecting to it very much . some may have problems with the title , which is probably the most controversial thing about the film , or with the fact that bettany does not have horns , a tail and a pitchfork .",1,0
"nothing is sacred . just ask ernie fosselius . these days , everybody has a video camera , and a movie is hardly out before the spoofs start flying , quickly written and shot , and often posted directly to the internet . spoofs are hot these days , and we go out of our way to make sure filmmakers don't get off on their own selfimportance . 25 years ago , when the first star wars was made , it was a different world . filmmaking was the playground of a select few and spoofs were very rare . then god gave us hardware wars . it was shot to look cheap or was it just cheap ? and the audio was obviously recorded after the fact . does that take away from the experience ? heck no ! that's what makes it so great ! it was raw and unpolished , and hit relentlessly on some of the more pretentious moments of the original movie . from fluke starbucker waving around a flashlight instead of a lightsaber i did that when i was young ! to chewchilla the wookie monster , to auggie ben doggie's nah , just a little headache remark , this film short is as much a part of the phenomenon as any of the actual star wars films . rent it . buy it . borrow it from a friend . and may the farce be with you . always .",1,0
"to me , anatomie is certainly one of the better movies i have seen . i don't think anatomie was primarily intended to be a horror movie but a movie questioning the ethics of science . if you watch it with that in mind , it turns into a really good film . the only annoying bit was the awful voice dubbing for the english version . how can you expect any nongerman person to listen to these unbearable german accents for two hours ? let native english speakers do the talking or use subtitles instead ! !",1,0
"i've read some grumbles about the court scenes . these people betray their ignorance . this production went to simply amazing lengths to recreate all aspects of the period in which the story occurred . courtly manners are something few people outside the court ever see . while the acting may appear highly stylized , it is , in fact , as close a replication as possible of the behavior of individuals in their particular stations as the director could create . the actor's facial expressions are a marvel , particularly the duplicitous marquis changxin and the king's mother . br br there are , of course , reflections of both greek and shakespearian tragedy in the relationship between the king , his parents and his love . the juxtaposition of the king transforming from good to bad and the assassin from bad to good provides much food for thought on the evolution of an individual's nature . this movie would provide much to ponder in a college course on the humanities . br br at the same time , it almost rushes along , even in the slowest scenes heading towards an inexorable denouement . one suspects the involvement of large portions of the troop movements , which were quite awesome . it makes the lord of the rings battle scenes pale by comparison . few directors have the ability to literally field thousands of humans on the field of battle just for art's sake . i recall one scene in which at least 30 , 000 troops can be seen moving across a huge plain . the logistics for such a shot would have been staggering . br br i could go on . . . but simply , i can't recommend this film highly enough .",1,0
"one of the better kung fu movies , but not quite as flawless as i had hoped given the glowing reviews . the movie starts out well enough , with the jokes being visual enough that they translate the language barrier which is rarer than you'd think for this era and make the nonfight dialogue sequences passable for a kung fu movie , this is a great compliment . unlike other chinese action movies , which were always period pieces or in the wake of jackie chan's police story i cop dramas , pedicab driver gives us a look at contemporary rural china . unfortunately , in the latter 13 of the movie it takes a nosedive into dark melodrama tragedy which i thought was unnecessary . br br the action is overall good , featuring a duel between sammo and 12 of the shaw brothers' only 2 stars , karleung lau and then a fight at the end with that taller guy who always plays jet li's bad guy . there's only 20 minutes of combat here , which is standard , but what annoys me is the obvious speeding up of the camera frames . i get that they have to film half speed to avoid hurting each other , but there are smooth edits and then there's this . it really takes away from the fights when it's this obvious the footage was messed with . br br that said , if you like kung fu movies , my opinion here won't dissuade you , and if you don't , you just wasted 2 minutes of your life reading this .",1,0
"i don't go for that many heist comedies , and i might not care for this one if it weren't for the actors , when it was made , and when i first saw it just a few years later . it's almost too similar to the happening even though it's obviously a much less serious comedy than that one mafia figure takes over his own kidnapping , or rather , turns it in a different direction altogether . of course , raquel welch didn't play the kind of sharp character faye dunaway did in the happening , but that doesn't make it a sexist film either she was practically playing a stock character , almost her version of a moll ! but , i'm completely biased it's among the first films i ever saw with her , and at the time i saw it , you couldn't turn around without seeing a poster of her luckily . i think robert wagner was really just right as the neither thoroughly likable nor dislikable leader of the group , as were edward g . robinson naturally and vittoria de sica . and godfrey cambridge , an actor who always managed to be funny .",1,0
"this is probably the greatest war film and certainly one of the greatest films . there's no sentimentality , no patriotic agenda , not even a hopeful message of universal brotherhood in this bleak glimpse of what we can only call hell . it's this quiet rigor and lack of manipulation that give the film its astounding power . there aren't any attempts to make a hero out of ichikawa's protagonist tamura either . he's just a poor doomed sap trying to stay alive in a world of horror who hopes , but isn't sure , he can hang on to his humanity in the process . ichikawa's fierce lack of cant and illusion make fires on the plain stand alone . ichikawa died february 2008 .",1,0
"who ever came up with story is one sick person . i rented it for our slumber party sleepover and all six of us got freaked out cause we're all in an acting class together , and we know a couple of the actors from class . besides everybody screaming the whole freaky night , i had freaky nightmares . i kept thinking oh my god , if i get up to go to the bathroom to pee i'm going to be stabbed in the middle of wiping or something . i couldn't even go to the bathroom because we watched this gruesome horror movie . i also thought why are all the girls topless in this movie but we don't any of the boys units ? you should make a horror film where the killer is a girl and chopping off units . i would watch that over and over . call it hard or soft or something stupid like that . i'm only giving this movie a 9 because you freaked me out freaks .",1,0
"ok , so there's always people out there that seem to make it a point not to like movies because they're good , but instead choose to like movies based on how depressing or boring they can be , or whether they're from a foreign country . all that aside , one crazy summer is the perfect example of what a great american teen comedy should be . the jokes are a good mix of slapstick a la bobcat goldthwait , surreal bobcat under the inspired direction of steve holland , and dry john cusack , one of the most morosely dry and funny actors in american cinema , and there is no character in this movie who does not deliver at least one funny line ok , except demi moore . br br yes , it's immature , yes , it's screwball , yes , bobcat dresses up like godzilla and trashes a scalemodel of a seafood restaurant . it's also funny as hell . watch it .",1,0
"if you like silly comedies like airplane you'll love this movie ! it's definitely in the style of airplane and scary movie . a fun film ! it has the strangest cast of characters all in the same movie . michael jackson , evan marriott , joyce giraurd , stuart pankin , charlie schlater and eric roberts . the special effects are hokey , but i think they're supposed to be since it's a silly comedy . there is apparently two versions of the film , one at blockbuster and one on the official website misscastaway . com . the one on the website appears to be a preview release version signed by the director . there's some fun behind the scenes material filmed at neverland with michael jackson as well . the movie was filmed in 2003 and says it's pg rated fun on the box .",1,0
"full disclosure i'm a cynic . i like my endings sad and my hankies dry . i didn't cry when bambi's mother was shot . will smith's new film happiness looks like a desperate plea for an oscar . basically i was born without an artistic soul . br br so why on earth did i like 10 items or less ? maybe it was the double espresso i downed before the show . or more likely maybe it was that even the most hardboiled of movie fans could use an occasional shot of sweetness . br br and sweet it is . from the moment him meets scarlet an event far from a nora ephron meet cute the view is taken on an intimate journey with two strangers learning to care about where their lives are headed . aided beautifully by phedon papamichael's cinema verity style camera work . br br the main argument about the film is that it's too far fetched . is the film far fetched ? i don't know . you tell me . i've yet to meet adrian brody at the market . however , not for lack of trying . do i enjoy considering the adventures that might occur should this momentous event take place ? darn straight i do . . . that's where most reviews of 10 items or less fall short . . . they fail to take into account that even we cynics have fantasies . and heck , sometimes , it's worth the price of admission to vicariously live them , 82 minutes at a time .",1,0
"it may be a remake of the 1937 film by capra , but it is wrong to consider it only in that way ! it was supposed to expose hilton's novel in a completely different way . as a musical is excellent . the scenery is terrific , the characters good and anyone like leonard maltin who considers the bacharach music awful must be completely deaf ! i strongly recommend it .",1,0
"this episode of twilight zone combines a silent section 1890 with melodramatic acting and sight gags , an homage to the early buster keaton films . lots of slapstick buster falling on a bulkhead door , falling in a puddle , running around pantsless . silly scientist's invention of a time helmet , reminiscent of a flash gordon idea of what the future would be . cheap prices , like 1 . 95 for ladies hats , or 17 cents a pound for beef seem outrageously high to buster . even the world of 1890 is too much for bustermulligan . how shocking when he is mistakenly transported to the modern world of 1960 ! buster was trying to go backwards ! the scientist of that time wants to return to a calmer world , the 1890 that he has studied and admired . they go back together , and bustermulligan is now happy and the scientist regrets not having electronic equipment , modern beds or an electric blanket . so buster sends him back with the crazy helmet . br br this twilight zone doesn't have a heavy message . since buster keaton died in 1966 , it is one of his last efforts . that's enough . br br one other cute thinglongtime underutilized maytag man jesse white is a repairman who fixes the time helmetforeshadowing his washing machine career .",1,0
"this movie is kind of good . it seem that they used the tyrannosaurus rex like a blown up balloon , just like godzilla , just maybe back in those 6070's days , scientist haven't got enough info . on all sorts of dinosaurs . back in those time scientist still making dinosaur , so i guess this movie was base on a tyrannosaurus rex movements back in the 6070's . there even a part where a giant rock , fired by someone at the tyrannosaurus rex , it damage the tyrannosaurus rex and it was knock out for a little while . at the end , the tyrannosaurus rex went back to search for food . there is something wrong in the movie as well , like a rifle , how can one rifle kill a tyrannosaurus rex , when it could be 1 , 0005 , 000 stronger than we are . if this film going to make a remake , i suggest make it more good and excited , because watching a old movie seems like to have a remake of it , if lucky .",1,0
"why a good actress like elizabeth berkley stars in this commonplace movie ? ? ? ! ! ! the cast gives some good performance elizabeth berkley as a barbie girl , ele keats as a girl without mother and justin whalin , a guy eternally lessened by his bother , but the direction is extremely boring and the story is not so interesting and original . i can not believe that a movie like this was produced for the big screen ! julie corman the producer are you crazy ? ? ? ! ! !",1,0
"i stumbled upon this movie by accident . i mean , how else could i find out ? it wasn't hyped at all by the studios , nor did i even hear about it's release from my normally plugged in friends . after throwing my money away on so many bad movies this year , i wish i could've seen this one in theaters as opposed to dvd . mike judge is the master of disguising deliciously intelligent humor in a low brow package . just watch king of the hill for a while . . . it's ostensibly redneck humor , but it's a very subtle jab at rednecks while being very sympathetic at the same time . i read the tagline for this film , and immediately i ordered it off the internet . i really don't understand where these negative reviews are coming from , except maybe from carl's jr . this movie is not only hilarious , but it's balanced as well . moments of levity are interspersed between hilarious sight gags and jabs at our current superstarcorporate culture . sure , there is some fart humor , but it's only there to laugh at derisively . the premise is only semiplausible , but since when did that even matter ? i don't see people heaping scorn upon futurama because the premise is very similar . just watch this movie . if you don't laugh , then something is really wrong with you . maybe your dad works for gatorade or something , and he was really offended by the movie . maybe you're an idiot . probably the latter .",1,0
"this is one of those movies when you are watching it you wonder whether it is documentary or fiction . after the movie , ramin bahrani answered many questions and we learned that the movie has a script . br br bahrani's camera is silent , he is not judgmental , he almost erases director from the movie by purpose , background is not organized to make the picture pretty , however don't get me wrong ; there is a lot of preparation for this movie . starting on personal level , being the part of environment , being to be ignored when you film . br br main character is a 'real' actor in every sense . br br i would like to thank all crew for this movie , showing us another country within nyc . i strongly suggest it if you like stories of others . br br bora kizilirmak",1,0
"the history of tv to film adaptations are littered with aberrations which almost conclusively prove that the tradition should never have started in the first place . there are , however , some examples which manage to pull it off , just . rising damp would , at first , appear to be the last sitcom suitable for the big screen treatment as this hilarious series was based within the tiny confines of a northern bedsit . also the writer , eric chappell , wasn't being paid enough to spend time crafting an entirely original screenplay so he harvested a batch of tv episodes and stitched them together to form the body of the film . this , in itself , didn't necessarily mean that the script would fail . david croft and jimmy perry did the same thing with their screenplay for dad's army and it worked superbly . although , the early dad's army episodes , with their staid pace and over arcing plot , lent themselves far better to film adaptation . the rising damp episodes , however , were high energy affairs from the first scene to the breathless climax . as a result , as one story is concluded and another started , the scenes within the film become disjointed . another pitfall for the movie version of a tv series is the inevitable comparisons that are made . in this respect the film pales in comparison to rising damp's brilliant series . despite all this , rising damp the movie manages to be entertaining and occasionally uproarious . it is perhaps not surprising that the finest moments occur during sequences written specially for the film . this includes a rugby match where rossiter does a brilliantly timed pratfall . indeed , while all the cast handle their roles perfectly bar a sub standard replacement actor for the late and truly great beckinsale , it is leonard rossiter as rigsby that shines the most . in fact rising damp should have been made as a film just so rossiter could have been eligible for an oscar , such is the magnificence of his acting talent . criminally , he wasn't even nominated . ultimately , the film fails to match the giddy heights of the tv series while managing to hold its own as a comedy in its own right with some beautifully played moments . recommended viewing . br br one last thing the opening and closing music is by far the worst in film history .",1,0
"i don't know if i'd go as far as to say that this movie belongs to the 'aussie trash' pile , but it's fair to say that there are no academy award nominees here . what must be considered is that most of the actors in this film weren't actually actors as such , just kids with nothing better to do at the time . there were many others that were offered roles in the film but turned them down to go surfing up the coast ; all things taken into account , it really wasn't a bad movie for its time . in some respects it's really not unlike today's times , where peer pressure is still alive and kicking , just without the mobile phones , computers and other similar gadgets that kids lived without , unlike this generation . anyway , i have to rate this flick as an old fave that i watch once in a blue moon and never take too seriously . . .",1,0
"time and time again , i've stated that if people don't want remakes or sequels made , they should stop seeing them and instead venture into the world of independent film . having said that though , the last time i saw an independent film myself must have been easily six months ago . so here's a review for an indie that i had my attention drawn to on youtube ; the cure . br br right away , you can tell that the film is going for an avantgarde film approach which is telegraphed in its use of extreme close ups , scopophilia and fast editing . it is proud of the way it looks and it has a right to be . for the most part it is a very nicely composed little piece , save for one inexcusable disregard for the 180 degree rule and a comically bad gunshot effect which is a phenomenon that seems to be the calling card for self funded projects . br br still , despite these amateurish mistakes the majority of the shots are actually a pleasure to look at . we're presented with a good use of props and locations , good visual acting and some very atmospheric , fluid editing , which is made more commendable as this is definitely something you won't see very often at all from a youtube submission . the plot is fragmented and although the basic premise is fairly simple some may find it hard to follow exactly what is happening , but what we are seeing here is avantgarde storytelling at work ; you can't really expect a straightforward three act structure and if you do you might not be ready for this kind of movie . br br where the film is unfortunately let down however is the sound . what you're going to hear throughout is a distorted voiceover which often sounds insincere and worse still is the continuous background music , which goes through minimal change and doesn't add much to anything . so much attention is paid to the visuals that the audio frankly sounds neglected , and this becomes really apparent when you realize you've just missed about four sentences of the narration and have to backtrack to pick up what slipped past your attention . br br so , give it a watch , but do it with the sound turned off . br br last thought ; was anyone else reminded of the cover for doug naylor's red dwarf novel last human early in the film ? if you have the book you know what i mean .",1,0
"i don't even like watching those late night talk shows , but i found this one really interesting . i imagine it's probably close to the truthit feels like an honest account , if that means anything . kinda feel for the people somewhat when you watch it . a nice movie for a saturday night .",1,0
"at first i didn't think that the performance by lauren ambrose was anything but flaky , but as her character developed the portrayal made more sense . amy madigan seemed too terse for her role and didn't really tie her daughter's characters together , even though it was apparent that her character was disengaged with the character played by lauren ambrose . br br christopher lloyd is a hit as usual and carried off his role to encourage the story line . his character development left the audience wondering why he was chastised by the younger characters and could have been accomplished more directly with br br the overwhelming glue to this somewhat vague story line was play by taylor roberts . her comprehensive delivery of a simplistic character held the movie together . in this pivotal role , taylor was able to encourage a realistic family relationship between the characters while acting as the antagonist for all of the other relationships in the film .",1,0
"most of these reviews are dead on , so i'll cut to a different chase and answer a couple of questions i've seen on here . br br while the characters seem and look young hence the controversy , the actoractress themselves were 17 and 18 at the time and so obviously over the 16 barrier . here in the usa , that's still somewhat controversial but the simplicity and innocence of the film does much to offset it . br br i'm sorry not to have seen more by sean ; in this movie at least his expressions are demonstrative and obvious ; you know exactly what the character is feeling whether he's angry , afraid , or confused . anicee had a healthy career , who's life was cut unfortunately short by cancer in late 2006 . she was a beautiful and talented actress . br br vhs tapes of friends can be found at amazon . com occasionally , but usually for a significant price ; i've seen it as low as 60 or so and as high as 152 as of this comment , there were two for that price . the sequel video paul michelle is not quite as pricey and can be obtained when available on amazon for between 16 and 70 on average .",1,0
"return to the lost world was filmed backtoback with the 1992 version of the lost world . br br in this sequel , the same five people , lead by challenger return to the plateau where a group has started drilling for oil which is threatening to destroy the land . gomez has something to do with this . they manage to defeat the drillers and the plateau is saved , much to the delight of the natives . br br like in the lost world , what few dinosaurs we see are made of rubber and these include a trex and ankylosaurus . br br john ryhsdavies and david warner reprise their roles as challenger and summerlee and three of the other actors are also back . br br despite reading several bad reviews of this and those cheap looking rubber dinosaurs , i enjoyed return to the lost world . br br rating 3 stars out of 5 .",1,0
"you'd be forgiven to think a finnish director from helsinki would be no good at directing an american horror movie especially one entirely located inside a us prison see this to prove yourself wrong ! it was produced in the 80's after all and the film was made on a budget more fitting to a modern diy company tv advert something i think anyone would really notice nowadays what with practically everyone being accustomed to 100m budgets for action movies unfortunately dominating the industry mind ! being mr harlin's first major production and the at least what nowadays would be considered a stellar cast . i still think most of the nordic contribution to the film industry as a whole is more to do with stellan stargaard's screen appearances not mentioning the well overrated mrs bergman directorial efforts at least for all female viewers but this flick really proves there does exist proper movie talent outside of the us and hollywood to make us watch a film in suspense . do try and watch this movie even if you're not a horror puff , imo it's definitely worth it !",1,0
"i was having a horrid day but this movie grabbed me , and i couldn't put it down until the end . . . and i had forgotten about my horrid day . and the ending . . . by the way . . . where is the sequel ! ! ! br br the budget is obviously extremely low . . . but . . . look what they did with it ! it reminds me of a play . . . they are basically working with a tent , a 'escape pod' , a few guns , uniforms , camping gear , and a 'scanner' thing . that is it for props . maybe this is even a good thing , forcing the acting and writing to have to step up and take their rightful place in film , as the centers of the work , instead of as afterthoughts used to have an excuse to make cgi fights starwars . br br the cgi is fine . it is not exactly 'seamless' . . . but imho it still works . why ? because there isn't too much of it , and what there is , is not 'taking over' with an army of effects house people trying to cram everything they can into the shot . it prompts the imagination . . . it's some relatively simple stuff , with decent composition especially the heavy freighter shot . . there is one long shot that must be at least ten seconds . . . that tracks the entire length of the ship . . . it must be a record for sci fi battle sequence film making in the past 10 years , to have an action sequence that lasts longer than 0 . 75 seconds , and some relation to the story . it might look old or not 'state of the art' , but it doesn't look stupid and it doesn't take away from the story . br br the acting is good , except the characters die too fast to get to know them . the captain was great , but a few of his scenes could have used another take . i also got confused with his character losing his cool and stomping on a corpse , i like to think captains are calm cool and in control . . . what was going on in that scene ? did the other crew worry about him losing it at that moment ? did he feel himself losing control ? br br now , as for the plot . . . . mostly it is good . . . why ? because it doesn't try to explain itself . it just happens . it's called 'the planet' , its a mystery , get it ? ? nobody knows why there is a statue , and they don't find out either . the mysterious cult ? the weird scientist with the tattoo ? what do you expect to find out in less than 90 minutes ? this isn't war and peace . and , thank god , it's not star warstrek either . no midichlorians , no 5 minutes of expository boring dialog that has no purpose in the story . the characters are stranded , and are only able to figure out a few basic things . . . it is not a star trek episode where they find out it's leonardo davinci or a child like space wanderer . it is mysterious , and i liked that . i don't know why , maybe i can identify with these guys more , since they don't know whats happening , and i don't either . . . they don't talk a lot of space gibberish or have magic boxes telling them what is happening . br br in fact , i would argue that one of the weakest moments is when the 'traitor' turns on the crew , and tries to 'explain' the reason for the planet , the cult , etc . this coincidentally has some of the weakest dialog , imho , in the whole movie , and it interrupts the flow and some of the characters look unnatural in that scene . br br ok , sometimes i felt it was a little too mysterious , though . like , why did the guy get fried through his eyes with lightning ? that was odd . just weird . the 'hamlet' ending . . . again i would have liked to have known some of these characters better . and would it have been so hard to have a 30 second rescue scene at the end ? this is not a serial show , it was a film , and we like closure in films , even if they can have a sequel . imagine hamlet with no 'flights of angels sing thee to thy rest'br br anyways . what can i say . this was well worth the dollar i payed at the 'red box' machine at the supermarket . it was also , imho , a better piece of storytelling than starwars parts 1 2 or 3 . like i said , it sucked me in , wanting to know what was happening , and i couldn't stop watching until the end .",1,0
"of course i am going to think it was a great movie . i recognized several people i didn't see during filming also . i was the one playing the guard about an hour into the movie in the death row exercise yard asking for a light for a cigarette . i also changed this one scene . they had originally had it set to go into the rec yard and straighten out the inmate and turn him around and walk him out . the director said it is taking to long , what would you do gower . i said , we need to go in and hook the arms and drag him out backwards . that way your camera can stay on his face as we take him off set . i also lived at this same prison as a young child as my father was the assistant warden of security . i am also a current employee with the tennessee deaprtment of corrections as a supervisor at the riverbend maximum security institution . even though a lot of the movie was a joke , the part i was in was reality enough . also in the bar scene the dancer kicking high in the air and leaving the stage was an actual stripper i use to work with at a club called the classic cat .",1,0
ask yourself where she got the gun ? remember what she was taught about the mark's mindset when the con is over ? the gun had blanks and it was provided to her from the very beginning . br br when the patient comes back at the end she was supposed to see him drive away in the red convertible and lead her to the gang splitting up her 80 thousand . br br the patient was in on the con from the beginning . br br mantegna does not die in the end the gun had blanks . br br there enough spoilers for you there ? this is why people are giving it such high ratings . it's extremely original because of the hidden ending and how it cons most of the audience .,1,0
it's a good movie maybe i like it because it was filmed here in pr . the actors did a good performance and not only did the girls be girlish but they were good in fighting so it was awsome ! the guy is cute too so it's a good match if you want to the guy or the girls .,1,0
"mirage 1990 is a very rare horrorchiller from 1990 , released here in the uk on the new world video label . br br it's a desert based horror film about a group of young friends who are partying for the weekend , only to be killed off one by one by an unknown force who drives a menacing black truck ! ! ! this film has some creepy scenes , and some gore here and there , but i have to say that the acting was so lame , even by low budget standards ! but the film was oddly addictive and i liked it , and i never fell asleep or turned it off , which is always a good sign ! i nearly gave this movie 610 , but seeing as it built up steam along the way , had some good moments of gore and suspense , had some good nudity , and the fact that the blonde in the main female role was a hottie too ! i'll give it 710 .",1,0
"see no evil is the first film from wwe films . yes wwe , word wrestling entertainment , pro wrestling . of course being that it's a wwe film a wrestler has to star in it , the wrestler being glenn jacobs aka kane . which is not really important as if you didn't know kane or what wwe stood for you would never know it had anything to do with the wild word of wrestling , as the movie has nothing to do with wrestling . see no evil is gross out horror film , it has some moments were the some people may jump but for the most part it's just saying , hey look how gross we can get ! not that there is anything wrong with that . jacob goodnight played by kane is sort of a jason type character , his mother tortured him as a kid with strict understatement christian beliefs and has warped his mind . now he's a big scary chopping killing machine . 90 of the movie takes place in an abandon hotel where jacob stalks six teenagers surprised ? and a handful of adults . i could explain why they are in a creepy old hotel but eh , who cares ? despite it's lack of originality see no evil is well made , for what it's supposed to be . kane plays an awesome killer and needs little make up to be scary . one flaw in the movie is the most annoying possibility people survive , i really looking forward to having them being horribly killed , but alas , does not happen . i wish the film didn't have the stigma of wrestling attached to it , although like i said the film has nothing to with wrestling , people are still closed minded enough not to want to see it because , given of course if they are a wrestling hater . then again the movie may also make money because wrestling fans will want to see it . either way , see no evil has top notch effects and little cgi , and like i said , it's quite brutal so like i say it's good stuff . . . . if you like that sort of thing .",1,0
"includes spoilers br br i've been a horror film fan now for many decades . just when i think i've seen all the great ones another pops up to surprise me . i had never seen this film before . it was a treat , off the beaten path too . . . not just the path to the swamp ferry boat either . here was a horror film made in the 1940s that dared to try something very different . the pretty girl is gulp fearless for a change and saves the men , including the man she loves , from the monster ! how is that for a twist . this girl was the complete opposite of most women in films of that time , no screaming at her own shadow , no fainting from fright , no tripping over a leaf as she runs . this gal wasn't afraid to live alone in a secluded hut far away from the rest of the villagers . not only that but the place was on a foggy swamp rumored to be haunted . heck she even takes naps on the swamp grass outdoors . . . like a regular 1940s version of ripley . no snake , gator or ghostly strangler would dare bother this gal . books on early feminist films should be sure to include this overlooked work . br br see this if you are a fan , like me , of those wonderfully atmospheric classic bw horror films they made only in the 30s and 40s . and be sure to wear your cast iron turtle neck for protection .",1,0
"i am normally not compelled to write a review for a film , but the only commentary for this film thus far on is rather unfair , so i feel it necessary to share my point of view . br br krisana or as it was titled at the theater i saw it , fallen follows matiss , a lonely latvian archivist , as he tries to learn about a woman whom he didn't try to stop from jumping off a bridge , as well as her reasons for doing so . that's the plot in a nutshell , but this film is not concerned with story as much it is in depicting the guilt of a man who failed to act . as a detective who investigates the incident tells him , we usually don't bother to care about the anonymous faces we pass every day until after they die . br br comparisons to michaelango antonioni and his blowup will most likely abound in any review you read about krisana . the influence of antonioni's philosophical and austere style and the story of blowup are clear and , in fact , writerdirector fred kelemen makes an obvious reference to that film in scenes in which matiss attempts to come to know the woman who jumped off the bridge , or at least who he thinks did . br br the only other person to share his or her views on the film detracts the college film class look and sound of the film . he or she neglects to consider the budgetary constraints that an existentialist latvian film most likely faces , but the atmospheric black and white cinematography and ambient sound succeeds at an artistic level to depict the solitude of matiss . the background sound of wind and street noises lend an ominous aura and reminds one of a fellini film , whether or not that was kelemen's intention . the filmmakers undoubtedly had little money , but this constraint is used to the film's advantage . br br krisana succeeds as a character study with enough humor thrown in to keep it from being too selfserious . it could have easily fell into the trappings of a mystery story , but it avoids that and becomes an intelligent film about loneliness and guilt . if you are more concerned with plot , this film and its ending may frustrate you . otherwise , take the time to be engaged by it . it is wellworth seeking out .",1,0
"i saw this movie back in 1984 , we first started watching this is spinal tap and after 5 minutes we were ready to fall asleep . so we went instead to see this movie . if you have any conspiracy theory's going around in your head , you will want to watch this one . br br the question you have to ask yourself when watching this movie are do you think the government would be capable of doing this ? in my opinion there is no doubt that they could br br but i don't want to give out too much information as that would be a spoiler and i think that you should view the movie for yourself . br br but , just to let you know , we still talk about this movie 20 years later and trying to explain it to people is not the easiest thing in the world to do .",1,0
"western union is something of a forgotten classic western ! perhaps the reason for this lies in the fact of its unavailability on dvd in the united states . however , all is not lost as it has now appeared on region 2 in england . this being a blessing in some ways is not only incongruous but totally ironic when one considers that a movie depicting the founding and establishment of such a uniquely american organization as the western union telegraph company is without a region 1 release . it beggars belief ! it simply doesn't make sense ! br br produced by fox in 1941 western union was directed by fritz lang . this was only the second occasion the great german director undertook to direct a western ! he had done an excellent job the year before with fox's the return of frank james and would have only one more western outing in 1952 with the splendid rancho notorious . lang was no ford or hawks but with western union he turned in a fine solid western that holds up very well . beautifully photographed in early three strip technicolor by edward cronjager it boasted a good cast headed by robert young , randolph scott and dean jagger . the female lead is taken by virginia gilmore who really has little to do in the picture . an actress who never made anything of her career . her presence here is merely cosmetic . br br it is curious that robert young has top billing over scott ! it is clearly scott's picture from the very beginning when we first see him in the film's terrific opening scene being chased by a posse across the plains . young doesn't have much to do throughout the movie and seems out of place in a western . he just looks plain silly going up against barton mclane in a gunfight ! an actor who never really distinguished himself except perhaps with crossfire 1947 young appeared in a string of forgettable romantic comedies in the forties and fifties culminating with his greatest success when for seven years he was tv's marcus welby md in the seventies . he died in 1998 at the age of 91 . br br western union recounts the connection by telegraph wire of omaha and salt lake city . scott plays a reformed outlaw hired by western union boss dean jagger to protect the line from marauding sioux and to also take on mclane and his gang who are trying to destroy the line for their own devious ends . robert young is the young engineer from back east who joins the company and vies with scott for the affections of miss gilmore . some comic relief is provided by and irritatingly so some would say by slim summerville and john carradine turns up in a meager role as the company doctor . br br altogether though a spanking good western , albeit on region 2 , but in sparkling good quality that fans will be delighted with . my only crib is that there are no extras , not even a trailer and that terrible cover with those dull graphics . ugh ! br br footnote interestingly the associate producer on western union was harry joe brown who later with randolph scott would create a partnership that would produce some of scott's finest westerns in the fifties .",1,0
this movie is a lot better than the asylums version mainly its war of the worlds . the tripods look pretty cool but their walking and deaths could have been better . the action scenes were really cool . walking . . . walking . . . walking . . . walking ! ! ! oh my god stop walking please or i'm going to kill myself . the thunder child scene was my favorite sequence mainly because a ship rammed bunch of tripods . good movie i recommend it for people ho have read the book . the music is awesome and the directors cut looks pretty cool . br br pros . good soundtrack 99 to the book cool violence tripods and handling machines are cool to look atbr br cons . some bad acting cheesy looking london,1,0
"how does an usual day start in point place , wisconsin . . . br br first of all , red , the tyrannical father of the forman family and a wwii veteran , sits at the kitchen table and reads his newspaper while his overjoyed wife kitty serves breakfast . then comes their skinny son , eric , he sits at the table as well , and his father starts his daily yelling , usually involving placing his foot in eric's behind if insert reason here . if his promiscuous angelfaced sister laurie is at home , she comes along , then red stops yelling and kindly talks to her , making eric feel left out of the family . br br once this daily painful ritual is over , eric rushes down to his basement , where all his friends are already hanging out . and when we get to see them , it becomes obvious eric and his redhead tomboy girlfriend , nextdoor neighbor and childhood friend donna pinciotti are the sanest people around . meet steven hyde , the conspiracy theorist who hates disco and doesn't really care about what's around as long as it's not funny to watch ; michael kelso , the kind of guy who thinks that he will get through his life only by his looks and that carrots grow in trees ; jackie burkhardt , the one who thinks of herself as the prettiest girl around , spoiled kid of a rich father , and , of course , cheerleader ; and fez , a naive but oversexed foreigner who loves candy and can't keep a secret . at first they simply hang out , gossiping and making fun of kelso , but then they all sit in a circle and let the real fun begin . . . before going out doing something they'll regret later . br br meanwhile red goes out and meets donna's weirdo parents , bob and midge . he's rude , but they don't mind , as they think he's joking . somewhere around is leo , an aging hippie , who's constantly confused and makes word plays without even noticing . br br did you imagine that seemingly peaceful neighborhood with all these awesome characters ? of course , most seem clichd , but the show takes the clich to a new level . now throw in some of the most wicked story lines a sitcom can offer , sit down and enjoy one of the best tv shows ever . the one that never does two times the same thing and which is , compared to most sitcoms that are cute funny , purely hysterical . if you get hooked , don't let this show let you go . bite on the hook over and over and , man , you will see the sitcom genre from a whole new prospective .",1,0
"opera was filmed in synchronization with a variety of other mass media productions start point for opera is the initial appearance of the raven eyebr br the wizard of oz synch start points are third mgm lion roar , dorothy's third knock on tin man's chest in the orchard , and dorothy's third heel click ; synchs with gone with the windbr br prince of darkness synch start point is the music score start pointbr br electric ladyland original release version songs and sequence onlybr br rocka rolla original release version songs onlybr br sad wings of destiny original release . . . br br sin after sin original release . . . br br stained class original release . . . br br hell bent for leather original release . . . br br point of entry original release . . . br br screaming for vengeance original release . . . br br defenders of the faith original release . . . br br turbo original release . . .",1,0
"after watching a texas tale of treason you feel a renewed disgust for the nature of the hollywood beast . inside the interviews and conversations of all involved with the project there is a common sense of comradery and rebelliousness that spans backgrounds , social classifications , and even geography . this can be attributed to hard work on the entire production's undying commitment to the project and the love the of the story from the original film , and the complete creation of vacuum that is it's creator . the scale of people involved in waldo's hawaiian holiday was amazing to me , at a no budget , no glory production . there were no trailers or craft services , no amenities at all , and yet everyone involved stuck right there with it . if nothing ever comes of this project , antstuie productions have laid their foundation for being a serious , honest company that's never going to lay down and take it or sell out and make a movie just for the money . i'd like to see any l . a . director go through the guerrilla process to get a shot . more realistic true to life cinema is lacking in this time of cg and green screens . the masses may enjoy their entertainment spoon fed to them in nice bite sized censored calm bits , but there is a large group of people out here in the world that share the opinions and insights of the filmmakers that still make films for the love of the material or love of storytelling , not dvd sales or box office . i loved this documentary , and i hope that ifc has the cahones to pick it up and air it so that maybe , just maybe , one more person will decide to pick up a camera and film some real life so we the viewer can have even a temporary understanding that everyone everywhere is the same , and anyone anywhere can be a true storyteller .",1,0
"i found this film to be the usual french slap in america's face . the camera , all too often , focuses on fat people , on sloppy homes and on tacky rural areas . while the narration seems to sympathize with and admire the small town folks who are introduced to the viewer , the cinematography exploits and demeans them . there were , undoubtedly , thin people to be seen in glencoe and neat , organized homes , but malle chose to show us the worst of what was there to be seen . br br i can only hope that some american filmmakers will go to france to reveal to the american public its worst elements . i can assure you , as a frequent visitor to france , that all is not well there . foreign immigrants are not readily assimilated , thus creating severe social inequities . but americans are not eager to unmask the french for their prejudice toward their own compatriots and their envy toward the u . s . , so we're not likely to see films on the subject .",1,0
"i just don't understand why this movie is getting beatup in here . jeez . it is mindless , it isn't polished and it is as i am reading wasted on some . the cast of this movie plays their characters to the 't' if you watched permanent midnight and became a ben stiller fan then yes you will be disappointed . these are misunderstood , wellintentioned misfits trying to save the cityworld with nothing but grit and determination . the problem is they don't realize their limits until the big showdown and that's the point ! this is 3 times the movie that the spy who shagged me was yet gets panned by the same demographic group , likely the same people who feel the first ap movie pales in comparison to the sequel . i just don't get it . the jokes work on more then one level ; if you didn't get it i know what level you're at .",1,0
"pretty good picture about a man being in the wrong place at the wrong time . if the murderer wanted to whack the dame , why not just off her and let the cops try to figure out whodunnit ? involving all these characters in the plot is dangerous , not to mention all the mouths you'd have to worry about staying shut . why did the depressed lady go out to the bar when she could barely sit up in a chair or say a word ? are there really cops out there who are wise cracking , gum popping , grinning apes who approach a suspect in such a glib manner ? this probably played well back before the wheel was invented , but it is so corny and unbelievable today . catch the manic drum break by elisha cook ; his frenetic hammering never once matched the recording . his mad facial expressions made up for the off kilter stick sync .",1,0
"i watched this film with my family over a long thanksgiving holiday weekend . i am thankful that someone insisted that we watch it , though i didn't pay much attention until the end of the film when a head shearing seems promised , but , alas , doesn't happen . br br on the other hand , i watched this movie some years later and loved its liveliness , absurdity , sparkle , and just plain fun . i think that the film has a female tone . women are not exploited in it even though i am sure that someone might think that the movie is pure exploitation . i think the movie plays with tropes of the period . br br i keep thinking someone ought to remake it . and flesh out some of the implications in the original .",1,0
"to fight against the death penalty is a just cause . everyone who is sane in europe would think so . in the usa everything is different . the film seems to demonstrate in a first stage that justice can be won against the racist bigot death penalty craving american justice . a young man is freed from death row thanks to a law professor who went back to defense counseling for this particular case . but the film has a sequel . justice in the usa is entirely governed by the aim of vengeance . miscarriage of justice is just the same governed by vengeance . one person in the local public attorney offfice has a young man prosecuted on false charges . this public attorney's officer drops the charges after a while and the young man walks out free . but he loses his college scholarship and he is castrated by some vengeful people for whom there is never any smoke without a fire . he hides his shame and swears to get his vengeance . but he also needs to satisfy his sexual needs which are more mental than hormonal for sure but even stronger because mental and no longer hormonal and he can only do that with little girls . he apparently teams with another serial killer who is after the same kind of preys . one day the local cops follow their intuition , guided by some vague circumstantial elements in the assassination of a young girl , and they arrest the young chap we are speaking of . they beat him up and interrogate him for 22 hours with nothing but blows and blows and telephone books and guns and russian roulette . he confesses . sent to death row , he asks his grandmother to go get the law professor in massachusetts who is the husband of the local public attorney's representative that had him falsely prosecuted some years ago and the vengeance is on the rails . it will fail but it shows that as soon as one in the line of justice , police work and other security forces steps off the line of absolute legality , some unjust act is done that can ruin even the best accusation case and that can nourish the worst deepest imaginable thirst for vengeance . to charge someone on circumstantial elements is just as bad as to let circumstantial elements ruin the work of the police or of justice . the best intentions on the police side are ruined by some personal involvement and vengeful intention , just as much as the life of a person can be jeopardized by circumstantial elements inflated to the size of evidence , which in its turn will jeopardize the whole case by being just circumstantial , hence easily discardable , with a good lawyer . the film then is a deep reflection on the necessity to respect standards and regulations all along the police and justice line if we don't want to make a mistake , which in its turn of course does not justify the death penalty since anyway it goes against the deepest belief americans are supposed to have we hold these truths to be selfevident , that all men are created equal , that they are endowed by their creator with certain unalienable rights , that among these are life , liberty , and the pursuit of happiness . declaration of independence life is an unalienable right that was given to man by his creator , which means no one but the one who gave it can take it away . only god can take the life of a person away . the death penalty is the arrogant appropriation of a power that we do not have . even if we do not evoke god , we cannot justify the death penalty except as an act of vengeance , and here the film shows vengeance is the worst possible motivation in the rendition of justice and in the establishment of public peace . if vengeance is pushed aside there is no other justification for this death penalty . and there can always be a mistake in that pursuit not of happiness but of vengeance . br br dr jacques coulardeau , university paris 1 pantheon sorbonne , university paris 8 saint denis , university paris 12 crteil , cegid",1,0
"is it a good idea to use live animals for department store window displays ? br br no , and here's why . . . . br br in hare conditioned the sale that bugs is helping promote is over and the store manager nelson is transferring him to a new department taxidermy . naturally , bugs objects and the fun begins . br br using nearly every department in the store children's wear , sports , shoes , costumes , women's nightgowns don't ask . , bugs comes out on top at every turn , even referring to the manager as the great gildersneeze . even when trapped in the confines of an elevator , bugs makes the best of the situation . br br director jones is on top of his pictorial game as always , as are blanc as bugs , natch and nelson the manager who does sound like radio mainstay gildersleeves go ask your grandparents . br br and a sage word of advice when confronted by a fuzzylooking woman wanting to try on bathroom slippers , always check her ears . br br ten stars for hare conditioner , the best argument yet for animal labor laws .",1,0
"these slasher pics are past their sell by date , but this one is good fun . br br the valentine cards themselves are witty , and well thought out . br br the film has one peach of a line . . . he's no angel . . . . when he in fact is angel ! ! ! watching buffy reruns will never be the same ! br br the cast is a sizzling display of young talent , but the story does not give them enough real depth . denise richards on the dvd extras seemed to think the girls on set bonded well together and this would give the feeling that you empathised with their characters . sorry but no ! br br the direction is very good , managing to show very little actual gore , and relying on your imaginations implied threat . much can be said also for the similar manner in which miss richards and heigel do not remove their clothes . . . br br essentially , the main directorial plus , lies within the borrowing of various other ideas from previous slasher flicks . psycho's shower scene is tributed , along with halloween's masking . br br murdering someone hiding in a bodybag though is a pretty original one as far as i know ! ! ! br br light viewing , not very scary but a few good jump moments . if it was a choice between the hole and this though , choose the hole . slasher movies have had their day , and this is just another slasher . a very good slasher , but nothing groundbreaking ! ! !",1,0
"loved the movie . i even liked most of the actors in it . but , for me ms . davis' very poor attempt at an accent , and her stiff acting really makes an otherwise compelling movie very hard to watch . seriously if any other modern actor played the same role with the same style as ms . davis they would be laughed off the screen . br br i really think she 'phoned this one in' . now if it had myrna loy or ingrid bergman playing the part of the wife i would have enjoyed it much more . br br i guess i just don't 'get' bette davis . i've always thought of her as an actor that 'plays herself' no matter what role she's in . the possible exception is now voyager . br br i'm sure many of the other reviewers will explain in careful and i hope civil detail how i am totally wrong on this . but , i'll continue to watch the movies she's in because i like the storieswritingsupporting casts , but , i'll always be thinking , of different actresses that could have done a better job .",1,0
"mel torme and victor borge , in their younger years , serve to make this film interesting and especially viewing a young sinatra , on the sunny side of 30 , and definitely conveying that this was his yes , i'm a popular singer , but hardly an actor yet stage . michele morgan is an annoying , inane presence , and jack haley is an actor whose appeal has always been totally lost on me . leon erroll is silly , as always , but overall pretty funny . 7 stars of a potential 10 is about the right grade , because with the combination of its positive aspects , along with the lack of much of a story , and a silly one at that , and the forementioned annoyances it is overall average at best . most of the fascination is from the viewing of the three entertainment icons in their early years .",1,0
"this movie was recently shown subtitled not dubbed , on australia's special broadcasting service . i thought i read here that there is sometimes an assumption that revenge of the rats is a sequel . in fact , the rats are getting revenge for something that is done within this movie , or in human history . there is no prequel as far as i know . br br now , let's get the pied piper of hamelin out of the way . perhaps this tale crossed my mind when i was watching the film , but that's all . there was the use of the word coffers at the end of the movie . a dazed mayor tries to justify her actions by saying the coffers were empty . coffers isn't a word you hear around much these days , unless you read folk tales to your children , as i do . since seeing revenge of the rats , i've read two versions of the pied piper of hamelin . now i see the comparison . a metaphorical fat but literally ugly mayor promises more than the city can afford , to get rid of the rats . this is about as far as i can follow the analogy . the children are not led to a door in a mountain , with one lame boy left behind to tell of a land of winged horses and fountains , where it is always spring and everyone is always happy . br br there's a lot that is quite mainstream about this movie . the romance and the resolution especially . the female characters have potentially powerful roles in society but are really quite impotent . where this film is quite rebellious as compared with american cinema is that it is antiauthoritarian . the helicopter pilot is sacked by the mayor for doing good . the mayor and local government are portrayed as corrupt and pandering to big money . finally , it is left to one doctor in frankfurt to solve an epidemic of a fatal and contagious disease . apparently there is no national infectious diseases authority to coordinate things or send in backup . br br i'm not a horror aficionado , so any horror i do see is usually mingled with humour . right from the rat in the blood bank you can see this is going to have the right balance of horror and comedy for most viewers ; the huge number of rats is impressive and the horror fans seem to be satisfied too .",1,0
"existenz combines director david cronenberg's traditional love of blood and gore and exploding heads with the more confusing aspects of a reality twisting david lynch film . and it actually works effectively . i won't bother trying to give even the bare bones of a plot synopsis here because it'll only cause more confusion . all you need to know is that the film is about a virtual reality computer game that is so incredibly lifelike that it becomes difficult to tell the difference between reality and virtual reality . the film almost seems to abandon its technology fearing point at the end , but then it throws in the final twist in the very last line of dialogue . br br there's also some very gross sexual imagery based around the 'bioports' in the protagonists backs , as well as some very gross acting from jude law . he manages to come off as naive and stupid and boring and any other annoying habit you can care to think of . jason jennifer leigh comes off much better , and everyone else can be called a supporting character , including willem dafoe in a functional , if unspectacular , role as a moneycrazed mechanic . overall , existenz is a very effective scifi film about the possibilities technology can present and the possible consequences it will receive .",1,0
"the only reason i saw this movie was for jimmy fallon , who i've had a crush on since 9th grade , which was his first year on snl . i am a diehard yankees fan , and i didn't find the movie painful until the last 15 minutes , when they begin showing clips of the alcs games . i had to cover my ears and make small noises so i wouldn't have to hear that which must not be heard , but otherwise it was completely bearable . br br i thought jimmy played the role very well , because the character was supposed to be nervous and quirky , and he is a nervous and quirky guy . i know that it may not be a academy awardwinning stretch , but the movie is just a light , fun , romantic comedy that is actually appropriate for both women and men to see . br br jimmy and drew worked well together , and they had much better chemistry on camera than other actors in the past . ed burns and angelina jolie in that stupid movie ? what ? i think jimmy has a positive career ahead of him , and thank goodness , because taxi could have killed it . i think fever pitch will help him out a lot . everyone needs to stop being so critical of his acting ability because he is just starting out in movies . i imagine it must be difficult , and if you look at any of the other great actors of our time tom hanks , russell crowe , etc you'll see that they started off in some flops . busom buddies ? australian soap operas ? here's wishing jimmy a successful career on screen . i never wanted him to leave snl but what can you do ?",1,0
"seeing that this movie was on the imdb bottom 20 , i simply had to rent it . br br suprise ! suprise ! i have no regret of seeing this movie at all . in fact , i really enjoyed it . there's a level of camp in this movie that puts cult classics of the 80's to shame . is it stupid ? yes , but jim wynorski proves that stupid is not necessarily bad after all . br br rent it for a laugh that seems unintended but is actually meant to be funny . wynorski is a genius . hope he directs the next ninja turtles movie",1,0
"there wasn't a day in 2002 where i wasn't chased by a scarecrow i felt that this film handled a serious issue wellbr br it brought back a lot of memories as it was so realisticbr br even today i have nightmares about corn on the cob , and can't even go near the tinned stuff in fear of my lifebr br i have to admit though , at one point in the film i did have to turn it off as it hit too close to homebr br for those of you who have never been attacked by a scarecrow , by watching this film you could be educated about how it felt for us victims br br this film teaches us not to take life for granted or to mess with corn , believe me , i've been there and i have the scars br br watch the film , its amazing and educational",1,0
"man , i can't believe the largely harsh and negative comments for this movie . okay , it sure ain't no sophisticated work of cinematic art . but it is a good deal of entertainingly tacky fun . for starters , the titular pumpkinheaded supernatural killer dude has to be one of the single most laughably silly and unscary things to ever stumble in front of a camera ; he looks like something you would see in a fourthrate carnival spookhouse . secondly , the moderate gore is ridiculously fake and unconvincing , with the definite highlight occurring when this annoying uptight ultraconservative woman gets electrocuted by a toaster . then there's the always welcome presence of the everlovely linnea quigley , who's memorably introduced taking a nice , long , utterly gratuitous shower that goes on for two minutes . amazingly , we also have appearances by deceased schlock picture legends john carradine as an evil warlock and cameron mitchell as a horror tv show host . moreover , scream queens brinke stevens and dawn wildsmith have fleeting cameos . lead child actor ryan latshaw projects all the charm and acting ability of a moldy old tree stump . pretty brunette rachel carter pops her top and bares her cute little breasts . the cruddy special effects are decidedly less than special . the score is suitably overwrought . yet this film overall has a certain endearingly hokey appeal to it which in turn makes this honey a real delectably cheesy hoot to watch .",1,0
"i saw this film as it was the second feature on a disc containing the previously banned video nasty 'blood rites' . as blood rites was entirely awful , i really wasn't expecting much from this film ; but actually , it would seem that trash director andy milligan has outdone himself this time as seeds of sin tops blood rites in style and stands tall as a more than adequate slice of sick sixties sexploitation . the plot is actually quite similar to blood rites , as we focus on a dysfunctional family unit , and of course ; there is an inheritance at stake . the film is shot in black and white , and the look and feel of it reminded me a lot of the trash classic 'the curious dr humpp' . there's barely any gore on display , and the director seems keener to focus on sex , with themes of incest and hatred seeping through . the acting is typically trashy , but most of the women get to appear nude at some point and despite a poor reputation , director andy milligan actually seems to have an eye for this sort of thing , as many of the sequences in this film are actually quite beautiful . the plot is paper thin , and most of the film is filler ; but the music is catchy , and the director also does a surprisingly good job with the sex scenes themselves , as most are somewhat erotic . overall , this is not a great film ; but it's likely to appeal to the cult fan , and gets a much higher recommendation than the better known and lower quality 'blood rites' .",1,0
"after seeing the 'oh so acclaimed' fargo and thinking it was nothing more than average , i was wandering if it would be a good idea to rent another coen 'masterpiece' . this time i was much less disappointed than i was with fargo and i must say that most of the credit for that goes to the good jokes and the good acting of george clooney . well done mr . clooney , make more of these and less 'perfect stormish' movies . you can act and you showed it here . br br 7 out of 10",1,0
"saw this for the first time on uk tv , with good musical accompaniment . the elevator scene is class , especially when he does the goingdown thing in the phone booth , and then fiddles with the floorindicator . the jump through the transom is really impressive , and there's so much more . apart from all the stuff that's been mentioned before , there's the fight with the man who's been bullying the woman with the dog it just looks so simple . the only drawback is the plot he gets mixed up with dead eye dan , who then escapes but doesn't reappear , even when some more gangsters get involved later on . the scene where it looks like he's shooting at the fat inspector is funny , but would have been better if dead eye was the one pulling the trigger .",1,0
"seeing this show gives me respect for mtv , though i imagine that mtv sees this random , edgy material as its main selling point and is much less concerned with the pertinent truths it expresses . br br i write and play music for a living and this show gets me really emotionally riled up . for me , wondsershowzen serves a completely distinct function from most tv . instead of dulling or distracting the senses , which can be often really nice at times , it awakens my spirit of right and wrong . it makes me very uncomfortable , but in a very comforting way . br br i don't think a lot of viewers absorb most of this show's content , but if they do , kudos to television viewers everywhere .",1,0
"ever wonder where the ideas for romance novels and other paper back released come from ? according to 'jake speed' they are based on real people , living out the adventures they write about and publish . this movie is quality family entertainment , moderate amounts of violence , and skimpy clothes at the worst . the language is is also not a problem , and the jokes are funny at all levels . this is a 'austin powers' look at 'indian jones' , without the overthetop antics of michael myers . i highly recommend this film for kids in the 10 to 15 range .",1,0
"this is a delightful , theydon'tmakeemlikethisanymore kind of film . well performed by everyone and peopled with interesting character actors . an intelligent , witty script acted with the right blend of broad comedy and understated humor . holds up for repeated annual ? viewings . br br warning the remake of this film with the same name , directed by arnold whatwashethinking , is an unbearable mess painful to watch without a scintilla of the charm and wit of the original .",1,0
"i must say that i really had no idea that i was going to sit down and watch this movie . i guess it was the fact that i had nothing better to do between class . but , for once a tv movie caught my interest . more importantly helen hunt caught my eye . i really wasn't a big fan of hers prior to this film . sure i liked twister and as good as it gets . but , something about this movie really did it for me . i would now see myself as a huge fan . this movie comes with high marks from . . . me . give it a chance , it won't let you down .",1,0
"i have no idea why this flick is getting such a bad rap by so many imdb users some are saying it's his 'worst movie ever . ' what ? ? haven't any of you seen cradle 2 the grave ? my favorite criticism is that the plot is totally stupid , and just an excuse to hang all of the action sequences on . duh ! what the crap were you expecting from a jet li movie ? did you honestly believe that someone thought up the story , then just loaded it up with action ? of course not ! black mask is awesome , walltowall action throughout nearly it's entire running time . it's also deliciously gruesome , and we get plenty of severed limbs , decapitations , and creative ways of watching the bad guys and quite a few innocent people , too ! get slaughtered . most of li's other martial arts films are nurseryschool when compared to black mask ; there is no holding back on the gratuitous violence , bloodshed , or action sequences whatsoever ! and that made me a happy camper . again if you go into a jet li movie expecting magnificent dialog and an intriguing plot , you are going for the wrong reasons . black mask is probably my favorite of his movies though , beware of the horrendous dubbing .",1,0
"though i really didn't feel anything for lance's character , and felt his wife could have done much better with anyone else . it could have been a much stronger movie if they had spent more time on character development , perhaps with lance i would have liked it better . br br however , i have to completely agree with doyleluver , when they said and to quote glenn quinn's character ben 'i'm the star here in it , that's right i'm the talented one ! ' if you watch the movie , just watch him , even when he's in the background . . . just his facial expressions , all in the eyes , you know for sure what motivates ben , exactly how he feels about comments , even if it's a quick look behind a character's back . great acting in a fair film .",1,0
"a young solicitor in sent to a remote area to wrap up the estate of a recently deceased client . when he arrives he finds that he is made less than welcome by the local villagers and that his deceased client was not liked . to speed things up he decides to move from the local inn and take up residence in her home , a house that is usually fogbound and approached only by a causeway that is blocked off by the sea most of the day . once there he sees visions of a woman in black , is she real or imaginary , he is also subjected to the blood curdling cries of a woamn and child apparently drowning in the marshes , these events take their toll on him and he soon becomes quite terrified . atmospheric tv adaptation of a famous play by susan hill , that spends it first third building up its characters , before moving to the creepy country house , its poor colour contrast give away its tv roots immediately , this really should have been in black white , but still as a ghost story it had a couple of unsettling moments , still though after waiting so long to see it i must say i was sadly just a little underwhelmed .",1,0
"the famous french detective henri cassin takes his first vacation in 11 years in st . margot where he meets nanette , the daughter of the vacation spot proprietors . despite nanette being promised to childhood sweetheart leon , henri and nanette fall in love and decide to marry , despite nanette's father objecting due to henri's age . on the day of their wedding , leon returns and nanette runs after him . nothing is heard of the two until both are found dead , and henri swears he won't rest until he can find the killer . the only clue henri has to work with is a footprint found by leon , but he is also getting written warnings that others will die soon . soon nanette's mother is found dead and henri has no idea as to the identity of the killer . thinking himself a failure he returns to paris , then he realizes and fears that the killer can be only one person , even though none of his colleagues can believe his explanation . out of the ordinary murder mystery that doesn't really follow the formula in other of the genre by columbia or other b studios . credit to that certainly goes to director lewis who does manage to turn this into a noirish film despite the setting of the film , also aided by the use of good camerawork and lighting . geray turns in a very good performance in probably his only lead and the rest of the cast is able to carry their performance . rating , 8 .",1,0
"coming from oz i probably shouldn't say it but i find a lot of the local movies lacking that cohesive flow with a weak storyline . this comedy lacks in nothing . great story , no overacting , no melodrama , just brilliant comedy as we know oz can do it . do yourself a favour and laugh till you drop .",1,0
"i thought this film was just about perfect . the descriptionssummaries you'll read about this movie don't do it justice . the plot just does not sound very interesting , but it is . just rent it and you will not be sorry ! !",1,0
"this movie is a ripoff of james cain's novel , the postman always rings twice . apparently , the director and producer never bothered to pay for rights to this storyperhaps the fact that we were in the middle of fighting the italians in wwii might account for their forgetting to consider royalties ! despite this , the movie isn't really just an italian version of the hollywood movie . in some ways it's a lot better and in other ways , it is definitely not . br br the three central characters in this movie are really pretty ugly people . in fact , the male and female lovers are a bit ickylooking . the male lead is pretty ordinary except for his profuse body hair particularly on the back and shoulders and his lady love is , to put it frankly , unattractive . they are a very , very far cry from lana turner and john garfield in the hollywood version . and the illfated husband is really , really obese and loves to walk around shirtlessand his counterpart in the american film , cecil kellaway is definitely better looking and probably better looking than the other two italian leads , actually . and this unattractiveness is generally a reason i actually preferred the italian filmsince i just could not imagine a finely coiffed dish like lana turner in the middle of nowhere married to kellawayi am 100 sure she would have had dozens of better offers ! whereas , the italian wife frankly might not have been able to do much better and this made the marriage actually believable . br br part of the italian film's believability comes from the blunt way it handles sex . the sanitized american film tries to make you believe that although turner and garfield kill kellaway , they never actually get around to sex ! this is pretty silly and totally unrealistic . in addition to the casual sexuality of the film , it's also pretty casual in showing the seamy side of lifewith lots of sweaty people , a fly strip hanging over the kitchen table and everyone appeared to need a bath . br br the movie is also pretty fastpaced compared to the overlong american film . and what you get due to brevity isn't all good . the film lacks a lot of the style and polish of the american filmwith grainier footage , relatively poor orchestration and sets . it sure ain't a pretty film , but the neorealisticlike style makes the film seem more realistic . but it cannot make up for the shortcuts in the plot . many of the plot elements in the later american version are either missing entirely or glossed over . and the ending seems a lot less interesting than the american filmand misses the entire human nature dilemma when turner and garfield turn on each other like rats the best part of the american film . br br so which is the better film ? well , a lot of this probably depends on you . as for me , the warner brothers film was simply too polished and too unrealistic though many like this style and may dislike watching films with subtitlesbut it packed a great ending . and the italian film was much , much more realisticuntil the crappy ending that seemed too rushed . so neither film is exactly great , but i'd give my nod to the italian one being a bit better . it's too bad they couldn't have combined the best elements of both films into one exceptional film .",1,0
". . . may seem like an overstatement , but it is not . br br what is so hard to comprehend is why didn't they make more musical shorts like this ? wasn't the beauty of it totally apparent to everybody involved ? i guess not . so many shorts were made for commercial reasons only , and with some luck there may be some artistic value in there . this is one exception the only one ? where it seems they were the director had a vision and clearly could appreciate the music as art . why didn't anybody ever think to shoot lester or charlie parker on a live date ? crazy , man . br br a pity there were no sequels . if you've seen anything of similar quality please share it !",1,0
"i grew up with the abbott and costello movies , a . because my dad grew up with them and both our last names are abbott so we owe the deo a bit of respect , i didnt realize the flack this movie and others of theres gets . it was a really clasic due , it was funny cause abbott and costello were always the same characters , but it was sooo funny , now what i like about jack and the beanstalk is that even though the love story is totally boring and that one song the prince sings , omg , awefull , but i like the angle they took on the love , story , the couple has to get married cause one kingdom is running out of money , they meet in the jail cell and fall in love becaue they both pretend not to be royal and they end up being the couple , so happy ending , i dont think that was the orginal version , if it was they should have cut it out of this movie , but i think it was orginal and i love it . but watching it sucks , lol , also when the movie really kicks in with the giant abbott and costello it is sooooo funny . when the giant is beating jack into the door and jack is screaming open the door , open the door that stuff is really funny . and that once joke where jack starts screaming prince , prince and all those dogs jump him . kinda cheezy but really orginal . i wish they would have al least tried to remaster it , though i got that africa screamsjack and the beanstalk , and i dont mind the quality cause when i had it on tape it was bad quality also so whatever i guess . the begining is mildly funny the middle is really really funny , and the end is not funny in the least , but i am 19 years old and when a movie made in 52 makes me laugh this hard , it rocks , this movie is really funny . i love their style . also the chapters suck . also the part where jack is climbing the beanstalk and they are all singing a song about what a dipstick jack is and that he will be killed , thats pretty funny",1,0
"this is an interesting little flick made in 1967 , with cool jazzy twangy soundtrack music and a plot that will make you laugh . . . ok , it's not really stupid but it's cheesy fun . i saw many similarities between this and 'creature with the blue hand' aka the bloody dead and they do have the same director ! scotland yard's finest is investigating the murders of young ladies at a college . seems that criminals are being let loose from a local prison to do the bidding of some evil person and then returned when their work is done . there's a nifty device hidden inside a bible that squirts prussic acid , and there's another device that is neither nifty nor clandestine , it looks like a large squirt gun and the victim must be pretty near soaked before they expire . joachim fuchsberger plays an inspector and he mostly chews gum and looks off into the distance . there's a monk , and how anyone identifies this thing as a monk is beyond me , it carries a whip and dresses in a red outfit with a red hood , more of a klan member of a different color than a monk . there's all kinds of nifty devices like a fireplace hearth that goes up and down to admit the monk , and it steps right over the fire without setting his robe alight , a nifty trick right there . this is an odd combo of crime drama with goofy overtones , and while it's rather silly at times it is fun to watch . 7 out of 10 , not bad . . . .",1,0
"watched this flick on saturday afternoon cable . man , did it drag . i got the metaphors , symbolism , and all that stuff . no , i didn't care one way or another about the sexuality of the characters . but , the pacing of the story and the scripting almost put me to sleep . br br that is . . . . . until ruth marshall got naked . if you're a breastman who is not homophobic , you may want to rent it . ruth has a lesbian sex scene that's pretty hot , and then a hetero sex scene that is a notch higher than most standard movie fare . her jiggly dcups made the film worth the watch . br br the mighty avatar",1,0
"i can only echo the praise of the other reviews here . it's a delightful film with a feelgood factor that it achieves without crossing the line into soppy sentimentality . naturally sweet no added sugar . br br one small point it seems to me that the mild objections raised about ustinov's character pendelton being able to walk in and defeat the system security ignore the fact that pendelton is clearly a geniussavant at this sort of thing . yes , the film was pretty computer illiterate , but it did show pendelton 'studying computers' at his flat , and i believe the implication was supposed to be that his gifts allowed him to simply engulf the whole subject , practically overnight . br br there were a few odd moments when it appeared in some scenes that gnatpole was trying to test pendelton's knowledge and call his bluff . i'm not sure whether we were supposed to believe that pendelton cunningly weaselled his way out of these situations , or whether he was actually knowledgeable enough to pass the tests it was a little unclear . br br certainly he had to know enough to set up the dummy accounts . presumably wallach and ustinov were relying on their own rather foggy notion of how computers worked in those days , and in order to understand in detail what they were getting at , it's necessary to know quite what their concept was . they knew there was something about 'procedures' which was important ; they thought that the 'smart light' could actually control security , rather than just indicate its state ; they thought that the dumb user terminal's features would strongly influence what could be done on the mainframe itself though apart from things like graphics feature i don't see it meself . br br mostly , i think they tried to avoid the subject of actual computer operations as far as they could , and they did that rather well . allowing them a bit of artistic license , i don't think their efforts had any flaws worthy of note . br br cd",1,0
"i finally got around to seeing this after hearing great things about it . it actually exceeded my expectations . considering the budget involved this was a surprisingly competent and wellmade film . the lack of finances actually helped this film in several ways , especially given the plot . just like the blair witch project , this film was all the better for being shot on video instead of film . another bonus whereas most lowbudget horror films even the best of the best suffer from mediocretounintentionally hysterical acting , this film actually had a talented cast save one or two characters , particularly the two leads . the only thing missing from the film was an original storyline . it borrows heavily from betterknown films like deliverance and wrong turn but if you're like me , films of this nature never cease to be terrifying . plus , the director keeps things interesting throughout . i'd be very interested to see what the director would do with a bigger budget and i have a feeling it will only be a matter of time before we find out . . .",1,0
"as a long time fan of peter o'donnell's greatest creation , i watched this film on dvd with no great hopes of enjoyment ; indeed i expected to be reaching in disgust for the remote control within fifteen minutes . but instead i thoroughly enjoyed this production , and i especially enjoyed and appreciated how the producers and director succeeded in telling the modesty blaise back story . they managed to avoid the trap of making a bad film version of the books we are all so familiar with , choosing instead to concentrate on a period in modesty's life only alluded to in the novels . br br as for the production values and i am no student of cinematography ! yes , the film was filmed on a tight financial and time budget and maybe that shows . . . but does it spoil the viewer's enjoyment ? in this case i think not . instead we are introduced to one of the world's greatest literary heroines and given a taste of her capabilities . br br in regard to the casting because we in unfamiliar territory the only people who really matter are modesty and perhaps professor lob . for me they were totally credible . alexandra staden , described by some as wooden , and too thin to be an action heroine , brought to the screen modesty's poise and coolness ; her technique when martial arts were needed but most importantly personified the integrity which is at the core of the modesty blaise canon . br br ok , so we all know this film was produced to stake miramax's claim to the modesty blaise character , it was made quickly and cheaply , but . . . i for one cannot wait to see the next production in this series by these producers as long as they keep to the core values and characterisations of the original stories !",1,0
"what this movie is not cool , entertainingbr br what this movie is visually interesting , difficult to get through , intentionalbr br i feel that this movie puts the viewer if he or she is willing through a clip of time where they experience a world without language . much like how animals must experience the world . you don't really watch this movie as much as you witness an awful series of events in what feels like real time . br br consistently , it goes on much longer than is comfortable . this movie could be edited down to a 20 minute short and it would be a totally different movie . it would be cool and entertaining , but the experience would be lost . i have seen a lot of cool movies , but i have never experienced one like this . if you can get your head in the right place for this one , you should be able to really appreciate but likely not enjoy what they accomplished here . 10 out of 10 .",1,0
"i first saw this movie about 3 years ago . i was shocked at how stupid the fbi was not to prevent such a tragedy . it could have been easily prevented . this movie was just unbelievable . br br now seeing it after september 11th , i am appalled and can say that this could have been prevented more easily that most people would want to know . br br this film is 100 truebr br in the final scene of the film , when the mastermind of the 1st attack is being taken to prison by helicopter and flies over the towers , he makes a spine chilling remark , that was laughed at when he said it . next time we'll bring them both down . this was actually said by ramzi yousef after his arrest . br br this movie reveals the shocking truth about how the first attacks were carried out right under the noses of the fbi and nypd . it shows how the 1st and 4th amendments are partially to blame for the attacks . br br i watch this movie now and know that both attacks could have been prevented .",1,0
"in the 1930s studios would use short films like this one sort of as testing grounds for new actors , given their relative ease of production in comparison with full length feature films , so it's interesting that this one should star shirley temple , who had long since established herself as the most famous child star of all time . then again , she probably wasn't the one being tested , i would imagine that would have been frank coghlan jr . , who played shirley's brother sonny in the movie and delivered a comparatively less impressive performance . then again , a 9yearold shirley temple was probably not an easy act to accompany . br br the film opens with an unimpressive sight gag involving a leaky ceiling , which i suppose was designed to have shirley temple give a scornful look at the ceiling , illustrate the working class status of the family in the movie , and provide a clean transition into the next scene , which features shirley gleefully stomping in the rain . br br it's sonny'y birthday , and his father makes occasional and horrendously botched efforts to hide the fact that he wants to give sonny a dog that he really wants for himself , but sonny is afraid of dogs because he was bitten by one once and has been creeped out ever since . it's curious that , when his father insists on getting a dog , sonny decides to run away from home rather than have a dog in the house , and as he is running away with no destination in sight , it's also curious that the movie illustrates what seems to be an indifference to homeless people that surpasses even the astounding indifference that exists today . br br sonny passes a man cooking bacon in an iron skillet at the side of the train tracks right after a train flew by which , given how close to the tracks he was , you would think would have blown the guy right off the tracks , but no matter . after sonny gives up on sharing breakfast due to the sour stare that his gleeful smile receives from the guy , he continues on and the homeless guy disappears from the movie . it's interesting to consider what a longer film would have done , because this one leaves this poor guy as a loose end . br br not that that matters , sonny soon hears a dog whining underneath a trestle as he passes over it , and jumps down to find a dog covered in burrs . it might seem trite that he immediately takes the dog up and adopts it since he just left home because of his fear of dogs , but it seemed to me that he just needed to be reminded not of his power over dogs , but of their lack of power over him . as soon as he saw a dog in need he overcame his fear . br br hey , if that's all it takes , all i have to do is find a helpless spider and i'm set ! br br it's a very convenient movie in which everything works out exactly as it is supposed to , but it's cute enough and enjoyable enough and short enough , as it were to still be a fun movie . we already don't expect an epic plot in a 19minute film , but pardon my pups still packs in a substantial amount of story and character development in its short running time . and it also features a fight scene at the end of the movie that must have made charlie chaplin proud . i am hardly an expert of shirley temple's films , but it's not hard to see how she became the most famous child star of all time .",1,0
"hmmmm , want a little romance with your mystery ? this has it . i think if the romance was ditched this would have made for a better movie . but how could the romance be ditched when the story's borrowed from something called a harlequin romance novel , whatever the heck that is . had the romance been ditched , the story might have been a little too weak . the mystery here wasn't too bad , quite interesting but nothing on the level of mission impossible international espionage . oh well . i thought mel harris was pretty good ; her short skirts , i think , added some sex appeal . . . but this rob stewart guy probably could have been better cast , maybe with a more well known tv movie actor . the directing was decent and the writing could have been improved on both could have been a little edgier , a little darker , more adventurous . one thing that was great about this was the use of real european locations . that could easily have been changed so this could have been filmed in canada but they really were in magnificently beautiful places like budapest . possibly a drawback was the director andor cinematographer's choice to frame certain shots picture postcard perfect . not good . had this been a more dramatic motion picture shot for the big screen , picture postcard perfect scenes really need to take a backseat and just be a nice part of the background . this was just a tvmovie , though , so they had to add some ummmph to the picture and some of that ummmph came from the scenery . overall , twasn't really a bad movie . i'll tell you what , this was absolutely the best canadianhungarian production i have ever seen ! and the only that i know of . i hereby proclaim this to be a mediocre madefortv movie , giving it a grade of c",1,0
"i am a massive fan of jet li ! he is the best hk action film star alive . . . and consequently this film rocked ! i saw it in the video store and , as it was in the mainstream section of this mainstream video store , i didnt register its presence at first , and had to look twice . i immediately knew what i would be renting out . my only qualm i suppose i expected it is that it was dubbed aaargh and not subtitled . elsewise , the movie's originalstrangecool plot , and full on action made it one of jet li's better movies . . . even though they all fall under that category . . . .",1,0
black tar can't be snorted there's a documentary dark end of the street about s . f . street punks and b . t . abuse not bad quite heavy . in wasted there's this stuff that looks like coke but should be something else . . . no big deal . black tar can't be snorted there's a documentary dark end of the street about s . f . street punks and b . t . abuse not bad quite heavy . in wasted there's this stuff that looks like coke but should be something else . . . no big deal . black tar can't be snorted there's a documentary dark end of the street about s . f . street punks and b . t . abuse not bad quite heavy . in wasted there's this stuff that looks like coke but should be something else . . . no big deal .,1,0
"ok . . . . so , by minute 15 in the film , there's still no dialogue . br br this film arrived to me in a padded sack from down under , with sharpie encrypted info on the front . i am a programmer from a north american fest , and mod love was sent thru to me by our chief as a potential starter having preem'd at the faraway moscowkarlovy vary interface . br br straight away i thought this film is not for us no dialogue by minute 15 ? ? but kept watching anyway . well , well , well . it built and built and built , and half way in i was involved in this film , because , like when you go to the zoo , at first you're reticent , but by the time you get to the dangerous snakes bit , you're totally 'there' . br br this film has a dangerousness , not at all like the much hyped wolf creek , but because it is so totally 'other' in every way shape and form , and seems to weave a web made up of all the fantasies of most independent firsttime helmers ie . gloomy weather , redneck intrigue , odd splicing , eerie music , and a plot which , though imperfect and basic , has a bit in common with one of the 'great aussie movies' ie the cars that ate paris , by wier . but modern love is actually not really a very aussie movie in the sense of ockerishness and playful selfdeprecation that pervades many of that country's films . it works on a more nightmarish realm from the start . no cellphones , no brand names , no ipods , no gritty urban middleclass angst just a dude married to a goodlooker , an old volvo , and a little boy son who has weird teeth and chucks stuff around . oh and it's set in weird seaside village where people all look slightly 'wrong . ' photographed by nick matthews 237 and music by tom huzenroeder ten canoes mod luv succeeds where many aust . movies fail ie it stands up without regard to the godforsaken country that it comes out of . instead , it revels in a warped but entertaining riddle which the film itself cannot solve and herein lies the weak link . . . what on earth does this film have to do with modern love ? ? ? ? the final minutes of the film seem to give an answer , or at least hints at one . . . . and as i sat and drank a coffee and ate my hershey's afterwards , all that i could surmise was that this film's helmer , alex frayne , will prob have a lot of fun with this one .",1,0
"if you love japanese monster movies , you'll love this action packed battle pitting an alien invader , intent upon conquering the earth , and a giant robot with an armory of super weaponry . the alien , emporer guillotine , from the planet gargoyle , has a army of thugs called , of course the gargoyle gang , as well as an endless supply of immense hostile creatures that are routinely loosed upon the earth to smash buildings , make loud noises , panic the populace , etc . a little kid , named johnny sokko , has the giant robot at his beckon call , and sends the robot , as needed , to beat up , and then blast these creatures . johnny joins a group of good spies called unicorn , and endeavors to help save the world . br br in spite of the campy nature , unintentionally humorous dialog , and the fact that the target audience was obviously children , this movie has nonstop action , colorful characters , decent special effects , and just happens to be downright fun to watch . battle scenes are well executed , and frequent , as the storyline requires . the good guys and bad guys both made sure they had an inexhaustible supply of bombs , lasers , ammunition , and schemes to attack each other . in spite of the fact the movie was constructed from edited episodes of a tv series , the plot actually develops , and reaches an ultimate conclusion . br br the film has a positive outlook and appeals to everyone's especially kids' desire to destroy evil in its many forms . kids may be the target audience , but it's fun for everyone to laugh at its comical silliness ; yet , at the same time , root for the good guys to prevail and save the world . the acting is cheesy in places , but that is the charm there are several lines of corny dialog possibly translation errors or possibly intentional jokes by the movie makers , and you'll find yourself quoting these absurd lines later . br br admittedly , this film is not high in production quality or budget . however , for what it is , campy scifi , it's enjoyable for some laughs . i recommend it to anyone with a sense of humor for that sort of thing .",1,0
"not being a fan of first person shooters i was very hesitant to play this game . after having played the demo however i was sold . undying really manages to pull you in the game and be part of the universe that your character is in . you have this green amulet , called the gel'ziabar stone that has special powers and warns you of particular events or things to look at . with a special spell the scrye you can see certain things that otherwise would be invisible to you . walking in a hallway you suddenly hear the magical stone whisper look , with the stone glowing at for example a painting . and then using the scrye spell you can see some weird and creepy stuff on the painting . let me tell you to witness something like that is scary as hell . people who expect to finish this game in a few hours can forget about that even with the use of cheats . this game relies on the character using wits and walking carefully around . because like in any horror movie your surroundings are usually pretty dark . and ghosts and monster appear at random when you don't expect them and can kill you very quickly . there is this one scene where you want to enter a room where you are pushed back with such great force that it takes moments for you to realize what happened . this was a scene that could have come straight out of the horror classic evil dead ! to experience something like this is a real accomplishment . there are a lot of elements that take undying to the level of the best classic horror movies ever produced . but sadly i have to report that there are some flaws . for one thing the universe you are playing in is huge . you start out in a big mansion with all sorts of hidden , secret rooms and even a hidden hell dimension called oneiros . that is all fine in the beginning . but with all the loading times and some difficult enemies in between that can become frustrating . and there is no map . the game demands you memorize your surroundings . so patience is required . also there are some jumping puzzles that you have to do otherwise you can't progress . i don't mind jumping on platforms in third person adventures . but in first person mode that can be an annoying task . luckily you can save at anytime and anyplace . and trust me you will need it . overall undying is an extraordinary first person shooter that deserves to be played by any horror or game fan .",1,0
"sunny , a cocktail waitress in the d . c . area , is a bit dim , to put in mildly . she drives an old clunker and rents a tiny room from a gay male couple . however , she saves the life of a prominent arab , by taking a bullet in the behind that was meant for the official . she charms the national press with her zany remarks and her sweet looks . sniffing an opportunity , presidential aides get her installed in the protocol department for the u . s . government . even then , she messes things up at times , but she tries hard and learns a lot . she even grabs the romantic attention of a state department official . but , is there another sinister plot in the making , involving an arab man who wishes to take another wife ? a blonde one ? lol , lol , lol . this movie features goldie as pretty as a picture and as dumb as a fox , as they say . sunny learns her way around the jungle of the u . s . government very , very well . she even has important things to say about honesty and the lack of it in her protocol surroundings . perhaps , the arab community would be less than thrilled with this work , but for those who like to laugh , rent this today .",1,0
"i thought this was a splendid showcase for mandy's bodacious bod . if you don't expect anything else , such as clever plot twists and believable character development , you won't be disappointed . consider this a sports illustrated shoot whose character goes around killing people , especially those who threaten to come between her and her 'mommy' suzanna arquette , who obviously doesn't want to play the sex kitten she leaves that up to her daughter . br br mandy's face is a little too perfect , but her body is a complete 5alarm fire , up there in the ranks of sophia loren when it comes to natural bustiness , a perfect 7to10 ratio of waist to hips , and splendidly configured legs , right down to her feet . there has to be some ideal configuration of thighs to knees to calves to ankles that is altogether pleasing to the eye ; mandy certainly is the model for this idealized ratio . br br and no flat butt to boot , which seems to be the undoing of many a busty babe with curves everywhere except in the 'nether hemispheres' . mandy might have used a body double in the rear shot of her losing her towel as she descended into the candlelit hot tub with her blindfolded germanguy victim no . 2 , but from all i could see from her bikini shots , she had the butt for it and didn't need a double to prove it . br br mandy's acting abilities had little to do with her impression of a psychotic 'mommy's girl' , with the obvious erotic lesbian overtones . her bisexual nature allowing herself to be boinked in the hot tub after a long flirtation with german guy no . 2 , who also happened to be her mother's lover added an additional dimension to an otherwise onedimensional caricature of adolescent female horniness conflicted with pathological murderous impulses always by water with the men the ultimate fate of the latina housekeeper was edited out in the televised version for some obscure reason . br br mandy's ubernordic facial features coupled with her ubervoluptuous body could either be a blessing or a curse . if mandy really wants to further her career as an actress , i'd advise her to immerse herself fully in the romance languages , especially italian and spanish and maybe french , although i don't know if they would go for her type . but this would enable her to reconcile her bo derek face with her vida guerra body but maybe her face is just a little too nordic , and she has shown off too much of her extraordinary body in a cheesy movie to enable her to advance to any more fame that was enjoyed by michelle johnson of the 1980's whose early fame in blame it on rio was followed by a series of skin flicks that failed to make it off the ground . br br vambo drule .",1,0
"film follows a bunch of students in the nyc high school of the performing arts . there's coco irene cara a black singer who will make it to the top despite everything . she's helped by bruno lee curren a white musician . then there's doris maureen teefy who wants to be an actressbut she's shy and scared . she becomes friends with motgomery paul mccranepurportedly the only gay student in the school and is romanced by raul barry miller . then there's leroy gene anthony raywho sadly died in 2003 who's homeless and a great dancerbut can't read . then there's various teachers albert hague , anne meara stand out trying to teach the kids . br br the songs are great the title tune and out here on my own were nominated for best songfame won , the dances are energetic and the young cast shows plenty of ambition and talent . but this film misses the boat in the drama department . many plot lines are brought up and completely left openended by the end of the movie . why did coco do a porno ? did doris and raul remain together afterwords ? did either make it ? how about montgomerywhat happened to him ? and did leroy ever graduateand how ? there are too many long speeches raul has two and moments that just lead to nothing . i'm assuming there were cuts in the scripti can't believe the movie just left all this open . br br still , it's worth seeing for the acting and , again , the music . there's basically not one bad song and the dances go full force and at one point stop trafficliterally ! . my favorites are fame , out here . . . and i sing the body electric which is a great closing song . so i recommend it but can only give it a 7the script really needed to tie up loose endsand it didn't . br br trivia they wanted to shot this film at the actual school for performing arts but couldn't get permission . the dean of the school read the script and said there was way too much swearing in the film . that is truethere is a lot of foul language but that's how high school kids talk . avoid the tv version which abysmally overdubs it .",1,0
"long before tim lahaye and jerry b . jenkins would shake the world of the christian subculture and make millions in the process with the left behind books , mark iv pictures , the christian film distribution company of the billy graham evangelistic association , gave us this masterwork . what i love most about this genre is its incredible attention to detail , sitting in a living room . instead of taking us to the dramatic scenes of this postrapture tribulation , we sit in the living room , hearing about it on the news because the filmmakers can't afford to show it . the film's premise is grounded in premillenial , pretribulation eschatalogy , believing that christ comes once for the secret taking of the true church , and then comes again at the end of the seven years of hell on earth . what used to terrify me in junior high now makes me laugh . the intriguing adventures of patty and her journey throughout the tribulation and two of the film's three sequels tells her remarkable story of unbelief and ultimately damnation . i hate to admit it , but i still thoroughly enjoy watching this . it even has the same exact score of monty python and the holy grail . i think i'm the only person in history to make that observation .",1,0
"i haven't read the anne rice novel that this movie was based on , but who knows , maybe reading the book is cheaper than renting queen of the damned and is probably better for your health . it isn't that this movie is necessarily bad for your health , but a book can be very relaxing and certainly exercises the active part of your brain more so than this movie . you can count the number of pages by anne rice that i've read on one hand , but after seeing this movie and interview with a vampire , i get the feeling that she writes really good novels . the plots for both movies hint at a whole sea of deep and interwoven vampire history . br br still , stuart townsend's voiceover narration gets a heck of a lot more annoying than brad pitt's vampire narrative ever did , and you can tell that queen of the damned's limited production resources barely give enough flesh to the anne rice storyline . while interview decided to go with lace and elegance , queen relies on low budget special effects that try really hard to be taken seriously . one can see that the original novel had potential as a movie and that the production team focused its attention in the wrong places . the costumes and rock roll stage could have been replaced with more blood and an eerier soundtrack . br br however , i'll give credit where credit is due . the soundtrack is excellent . korn and disturbed had me down with the sickness bobbing my noggin like butthead . br br the film opens with a very cool gothrock zoom splice montage , but after the first ten minutes or so , the directing degenerates quickly . it's as if the movie was so long that the director realized that there wasn't enough time and enough money to do an anne rice novel justice . what results are some mediocre vampire scenes and plenty of cheesy special effects . unfortunately , queen of the damned fails to do the genre justice just as its john carpenter counterparts fail to impress . where are the yellow contacts ? where's the pale blue makeup ? scene after scene , i shook my head reminiscing about the days of salem's lot and fright night when low budget was done right . br br there are redeeming qualities though that save this movie from being garbage . props to aaliyah , and may her soul forever rest in peace . she might have become a renowned actress , had her life not been taken from us so prematurely , for she did give this movie a decent performance with plenty of nice belly dancing . did i mention that the soundtrack was good ? let's see , what else can i say ? it wasn't too long . the anne rice novel could have easily been a three hour movie if an ambitious director like francis ford coppola got his hands on it . there are a few twists and turns here and there in the plot . but all in all it was a legitimate rock and roll addition to the slew of secondrate vampire movies out there . the director of this movie went on to direct a new battlestar galactica mini series if that tells you anything . br br jybr br jimboduckdotcom",1,0
"wizards of the lost kingdom is a movie about a young prince simon who is banished from his kingdom due to his father the king being killed by the cliche evil adviser . this movie's about simon's adventures . the special effects , plot , acting , and generally everything about this movie is bad . however , it's so bad that it's funny . you will keep watching this movie simply because it's so bad it's funny , and , like the other reviewer of the movie said , it's so bad it's good .",1,0
"not the most successful television project john cleese ever did , strange case has the feel of a first draft that was rushed into production before any revisions could be made . there are some silly ideas throughout and even a few clever ones , but the story as a whole unfortunately doesn't add up to much . br br arthur lowe is a hoot , though , as dr . watson , bionic bits and all . good lord .",1,0
"okay . yes , this was a verytightbudget movie with continuity errors like single scenes obviously filmed in sunshine and then in shadow and then mixed together , and as much as i love nick mancuso he was often a little too good at the burntout part , and some of the minor supporting cast was really bad plus at least one actor was used for two different but conspicuous roles . but come on . richard grieco was hysterical his hair alone is worth the trip . steven ford was very likable . mancuso had some great lines , while nancy allen , ironically , was completely bland and uninteresting . classic ? no . bad parts ? yes . entertaining ? big yes . i would have loved to have been onset the day they decided what kind of hairstyle grieco would have . are you fast ? . . . y'ain't that fast .",1,0
"this is one of the better marion davies talkies and one of the few to allow her to exhibit her skill as a physical comedian which was so endearing in her silent films . ok , so she does a clunky tap number , but even ruby keeler's dancing from the era does not hold up for younger generations . the problem here is the script . the story falls into unbelievable melodrama in the last reel . it's quite stagey , and is obviously adapted from a play . . . but not well enough . still , there is some snappy dialogue and slapstick throughout . worth a look .",1,0
"i really liked this version of 'vanishing point' as opposed to the 1971 version . i found the 1971 version quite boring . if i can get up in the middle of a movie a few timesas i did with the 1971 version than to me , it is not all that great . of course , this could be due to the fact that i was only nine at the time the 1971 version was brought out . however , i have seen many remakes , where i have liked the original and older one better . i found that the plot of the 1997 version was more understandable and had basically kept true to the original without undermining the meaning of the 1971 version . in my opinion , i felt the 1997 version had more excitement and wasn't so blase . boring",1,0
"i hadn't laughed this hard for a movie in a really long time . the garbage that hollywood has been putting out lately drives me up a wall ! this one was definetely fresh and witty . if you look at the demographic figures for the ratings , only a few women have voted ! i don't want to ruin the movie for you but i'm sure that every guy who saw this ran to their computers to rate it and gave it a poor score , why ? because the movie puts men in their place , that's why . if more women vote for this movie because of its actual humor value and not because it is damaging to men . . . it could easily be a 7 rated movie !",1,0
"good action show , but nothing new . this one took place high in the mountains , which showed some nice scenery and such . one man takes on a group of mercenaries , the lead flies , and he kicks butt . it could have been called rambo goes to the rockies , it was that pat . it did have one very effective scene right at the first of the film which had me cringing in horror . not a bad picture , but just same ol' , same ol' .",1,0
"the argentinian music poet , atahualpa yupanqui , once said that some folk music repeats similarly at any country of the world . they look the same but everybody consider them as their own folk music . . . br br this film , as i feel it , is about the same music that repeats all over the world at some time of each country's history . first , a few listen it playing and try to make the others hear it . then some , believe that they hear it , but they don't . then , nobody says anything and some people appear to listen to it . and others recognize that they have heard it , but didn't think that others might be hearing it . finally , everybody listen to the same music , and suddenly it doesn't sound any more . . . br br love and poetry , as a real nationalism and the legacy of a father to his children . . . br br why would he call the film , the dead when nobody dies ? the spanish translation of the title refused to follow the same rule and we call it dubliners , following james joyce's title . . . br br a nice 1900 irish filmed postcard !",1,0
"critics and audiences both pretty much panned this movie , but i actually didn't think it was too bad ! even the critics i normally agree with thought it was crap , and i normally despise pg13 horror films . so this means one of two things either 1 i'm too easily pleased , and my taste in movies has dwindled over the years , or 2 'when a stranger calls' isn't nearly as horrible as it's made out to be . now , to be fair , some of the criticisms of the movie are truethere's not much character development , and not much happens in the story . but man alive folks , how much were you expecting from a movie about a babysitter being stalked ? cut them some slack ! as a former babysitter who was watching this flick late at night with the lights out , i can safely say the stalker dude was one creepy mofo ! who knows ? i guess stuff like this just gives me the willies . br br yes , i admit i had fun watching this , and i don't care how big of a minority that puts me in . ;",1,0
"i would like if they brought back surface . i really enjoyed the show along with my family . i felt the plot development and storyline were first rate . like the other person said , it seems that everything gets reduced to the lowest common denominator . nothing but bland , politically correct junk survives . just look at the internet to see how many people were watching the show . also it is not nice to leave us hanging as to what happened the all of the characters on the show . this is the same thing that happened to the time travel show i think was called 8 days but should have been called backstep . did the olympics kill surface ? i know the writers strike killed another one of my favorite shows years ago called greatest american hero .",1,0
"there was a video out in america called 'cartoon scandals' that featured about an hours worth of banned cartoons . br br most of them were wwii era . that's where i first saw and heard of this one . br br the rooster during the opening news broadcast turns into a vulture with an asian face saying 'cockadoodledoo please . ' after that it's eight minutes of propaganda played out like a newsreel . br br viscously racist , but when you look at it as the piece of history it is , it can and should be forgiven . br br slicing ration cards to make sandwiches . br br showing the ruins of rome while calling moussolini 'ruin 1 . 'br br a minesweeper using a broom . br br a manned bomb with the pilot saying 'ret me out of here . ' br br and of course the stereotyping . every japanese was drawn with big teeth , constantly bowing , and saying 'please' at the end of every broken sentence . br br the funniest bit ? the air raid siren that was two bowing men stabbing each other in the tush with pins . oooooooooo br br hey aol . let this one out . it deserves notice . my wife laughed at this . and she's 100 japanese .",1,0
"there's no other word for it . . . fox dumped this out , with no marketing of any kind . nobody in the country , other than those who have been looking forward to this film , know anything about it . all the red flags have flown . it has to be a mess , it can't be anywhere near as good as office space , right ? wrong . though office space it ain't , this film definitely has satirical bite and wit . it's a misfire on certain levels , but who's to blame is left to mystery . br br based on what is currently showing in theatres , i can say idiocracy is a good movie . it's funny , sometimes laughoutloud funny . it's effective , sometimes ingenious . what it isn't as far as i can tell , is finished . we will see something come of this film again , whether it's an extended cut or reshoots . alone it can be hilarious . it's ballsy at times . br br leaving the theatre , looking around at the mall , i was surrounded by advertisements and billboards , commercialism and stupidity . it's not quite as damning a dystopia as 1984 , but this movie paints an ugly future for our culture . and there doesn't seem to be much anybody can do about it . anyway , go see this if you can and try to find out what happened that it was so specifically buried .",1,0
"it's not citizen kane , but it does deliver . cleavage , and lots of it . br br badly acted and directed , poorly scripted . who cares ? i didn't watch it for the dialog .",1,0
"its a shame she didn't get screen credit , she by far did the best job in the film has the girl on the cross , best part of the movie . she had much more impact than avril , or just about anyone else in the film . she almost made sm look like fun ! she really was believable has the sm model that gets scared of her situation . although they seem to really have messed up that sort of dreamy feeling of looking for the bad guy , those sets were very well built but they just sort of skimmed the surface of what was shot . this is one film were both cuts should be made available . it seems they left out a lot of what was shot , and almost all of the really dark stuff that would have made the film much more demented . its kind of like they stopped short of the mark they were going for during filming . what was shot would not have gotten a r rating probably a nc17 or x , but that is what it would have needed to make the film they way it should have been .",1,0
"initially , i would have thought that secret sunshine had something critical to say of religion and here being christianity , and wondered if it would be something of a rant against the ills of blind faith , or the manipulative power of those who are supposedly holier than thou . surprisingly , it was none of the sort and was largely nonjudgemental , putting in place events as a matter of fact , and allowing the audience to draw their own judgement and conclusion . br br and i can't help but to chuckle at the role of song kangho , a man who's taken a liking for widower shinae jeong doyeon , and starts going to church when she does . the reasons for church going are many i suppose , either to find inner peace , to seek help , being afraid of eternal damnation in the fires of hell , to reaffirm faith , or even things like wanting to get married in a church , or to skirt chase i kid you not . but to each his own reasons for turning up in church every sunday and participating in prayer groups for fellowship , what is indeed dangerous , is when the underlying ulterior motives , do not get satisfied , and that's when frustration sets in . or when you discover how hypocritical man can be , portraying one face inside the house of god , and displaying yet another outside . br br shinae and her son jun moves to the town of miryang , which is the birthplace of her deceased husband . wanting to start life anew , she opens up a piano shop to give lessons , though in discovering her new found freedom and in a moment's lack of good judgement , has another tragedy befall her . and that takes one hour to get to . secret sunshine really took its time to get to this point , where things then begin to get slightly more interesting with shinae now taking to embracing religion to deal with and accept her current state , reveling in the comfort that religion , and fellow believers , can offer . br br what began as crying out for sympathy turns into acceptance and belief that religion offers that silver bullet to solve the ills of all mankind , and sometimes you wonder if it's because of your personal myopic view of what the almighty is doing for you , that you begin to adopt a somewhat selfish opinion that everything's good going your way , and in shinae's case , her magnanimous attitude in wanting to forgive others who had trespassed against her , forgetting something very fundamental that it the feeling can cut both ways too . br br the last act is probably the most fun of the lot as it says plenty , where most of us can identify with why me , and why not someone else , as we rage against our faith and start questioning , unfortunately , with no hard and fast answers available . it is then either we fall by the wayside , or continue with destructive deeds so rebelliously . but somehow the plug gets carefully pulled in secret sunshine so as not to offend , and what could have been an ugly character mouthpiece , got muted . br br if you bite into the hype this movie is generating , then perhaps you'll realize only jeong do yeon's excellent portrayal is worth mentioning , as she totally owns her role as the widow shinae who is probably the most unluckiest person on earth in having to deal with that many tragedies over a short period of time , and if you look at it carefully , most of which are of her own doing . watching her transformation , is worth the ticket price , and despite having my personal favourite korean actor song kangho in the movie , this is something he just breezed right through .",1,0
"what about dj cash money ? ? ? this film fails in part by not covering the mid to late 80s . there was only a small mention of dj cheese in 86 . br br also , it's grandmixer dst , not dxt ! ! ! ! !",1,0
"while i can't say whether or not larry hama ever saw any of the old cartoons , i would think that writing said cartoons , file cards , and some of the comics would count for something . br br for fans of the old cartoon , this is pretty much a continuation of the same , except with a few new characters and a more insane cobra commander . br br we still have all the old favorites too , but on a personal note , one thing that always irritated me was this duke in charge stuff , when there are tons of other officers around instead . br br the battle sequences are similar to the old series as well ; the main trick here seems to be the cgi . it's overall pretty good , if not a little overthetop .",1,0
"when originally screened in america in 1972 , 'the night stalker' became the highest rated madefort . v . movie in history . based on jeff rice's unpublished novel , it told how a fearless investigative reporter named carl kolchak the late darren mcgavin discovered the existence of a vampire in modernday las vegas . when it arrived on british television four years later , it did not quite have the same impact , but my friends were talking about it at school on monday morning , as indeed was i . we all agreed that it was one of the most exciting things we had seen . br br i did not know of the existence of 'the night strangler' until it turned up nearly a decade later . i . t . v . , who screened the 'kolchak' movies , had apparently decided to pass on the spinoff series ; they felt 'barnaby jones' starring buddy ebsen to be more of a draw , and anyway , viewers might confuse 'kolchak' with 'kojak' ! for years my only source of information concerning the show was an article in fangoria magazine . i could not even purchase the jeff rice novels . br br then something wonderful happened . in 1990 , b . b . c . 2 put out the show as part of a latenight friday series devoted to the supernatural called 'mystery train' , hosted by richard o'brian . 'kolchak' found himself rubbing shoulders with the likes of 'the brain eaters' and 'earth vs . the spider' . the opening titles were trimmed , removing kolchak's whistling , and the closing credits . . . well , there were none . br br the first episode screened was 'werewolf' . i cannot say i was overly impressed , but stuck with it , and am i glad that i did ! br br i really wish i'd seen it in 1974 . my twelve year old self would have adored it . creepy , humorous , exciting , no wonder it fired chris carter's imagination . br br the show's biggest asset was , of course , mcgavin . unlike the recent kolchak , the original was an everyman figure , eccentrically dressed , rather conservative . he was to the supernatural what 'columbo' was to crime . the late simon oakland was great too as kolchak's badtempered boss tony vincenzo . the scripts overflowed with wonderful , dry wit . i found myself enjoying the programme more for the humour content than the horror . when the twenty episodes ended , i felt bereft . br br 'the xfiles' came along a few years later and filled the void but only to an extent . i wanted kolchak and vincenzo back . i am glad that the show was never revived though . without oakland it would not have been the same . br br i have the rice books now and have read them several times . i was very surprised when stephen king slated the first in his book 'danse macabre' as it is as good as anything he has written . br br alright , so some of the monsters were hardly stateoftheart , but so what ? the new 'kolchak' totally missed the point of the original . what you don't see is sometimes more frightening than what you do . . . br br best episode 'horror in the heights' worst episode 'the sentry'",1,0
"this is a totally awesome movie ! if you haven't seen it yet , you damn well should . sure , the plot is slow to develop , the special effects are laughable , the acting is ridiculous and the action is badly choreographed , but as wrestler ddp would say ; that's not a bad thing . . . . that's a good thing ! everything about this movie is hilarious , especially if you get the dubbed version , which has even worse actors . it's countless laughs until you get to the end , yearning for the sequel , where the mummy fights wrestling women . thus , i give it ten stars . unless you're one of those 'discriminating' and 'intelligent' people with good taste , who likes only 'high quality' films of the highest calibre , i recommend this utterly monkeydellic movie !",1,0
"just want to inform you guys that this movie was actually pretty good ! ! ! br br thought it was a lame ass movie , but not at all , many moments in this movie wore pretty horrifying . br br this movie has enough blood , gore , and some sexy make out scenes of course , to keep any horror buff like me 100 satisfied ! the cast was also pretty good imo . br br even though its not a high budget movie , the effects wore definitely kinda creepy sometimes . br br worth watching if u like a kick ass horror movie thats for sure ! ! br br tom",1,0
"this is a weird movie about an archaeologist studying the culture of the ancient hohokam indians . she takes a really fake looking mummy out of a burial cave and brings it home to study it . well , pretty soon she starts acting weird and talking to this mummy . and shortly thereafter her son becomes possessed by the spirit of the mummy . even stranger events take place as the spirit then tries to destroy the woman's family . this is actually really boring , overall , and it will make you fall asleep the first couple of times you try to watch it . but if you keep at it , you may just make it to the end . br br ahah ! what is the secret of the mummy ? is the mummy's spirit angry that it has been removed from the cave ? you may not be able to ascertain what the spirit's motivation is , but if you like spooky shenanigans on a lowbudget and 70's hairstyles ! this will have a certain comforting appeal . br br the way i have described the story is much clearer than the jumbled , boring way the film lays the story out . can a boring movie really be fascinating ? well . . . somehow this one achieves that . maybe this is a good movie at heart but executed in a rather awkward way . i don't know . what i do know is that i enjoyed it quite a bit , despite its dullness . br br fans of spider baby will be interested to know that a couple of music cues from that film are used in this one including an instrumental version of the theme song . br br featuring one frightening and fairly welldone sequence showing possessed boulders and rocks rolling around by themselves and eventually attacking some people in a camper . other scenes in the movie are merely spooky or quirky ; but this one scene is actually pretty scary . br br see this ! it's weird and it's worth your time . you might even want one on your shelf .",1,0
"a surprisingly good movie ! it has quite a few good jokes thru out the whole movie . the only negative thing is that some scenes go to the extremes to show just how stupid the two main characters are . we get it , stupid blondes , get on with it ! br br the plot just barely dodges being called corny . and boobies are always a plus altho the movie for some strange reason doesn't play with that card very much even tho the plot line introduces two black haired women who act as the evil counter part of our two blondes . br br so all in all , a good movie to watch . i almost gave it an 810 , but let's not get crazy .",1,0
"i found this film by mistake many years ago wondered then still do why it didn't get the acclaim it should have . well written , beautiful acting , one ironic twist after another , and there is plausibility in what the nefarious characters are attempting . i would not recommend this film for people with short attention spans ; it requires sufficient intelligence to comprehend that there maybe a kernel of truth in this story .",1,0
"warning spoilers ! br br five young people ignore the warnings of forest ranger george kennedy and hike up to the misty oregon mountains where they are stalked and butchered by a pair of huge , deformed , inbred hillbilly twins . when only two are left , warren and his girl connie , they resort back to their animal instincts to stay alive . the film ends with connie shoving half of her arm down one of the killers' throats , choking him to death . a very powerful , if somewhat overrated , backwoods slasher flick thats effective use of lighting , sound and photography make it a cut above the usual friday the 13th cashin . lead by an attractive , likeable cast , especially deborah benson where is she now ? and gregg henry , this nifty companion piece to director jeff lieberman's squirm 1976 and blue sunshine 1977 shouldn't be missed .",1,0
"kurosawa , fresh into color , losses sight of his usual themes of truth and perception of reality and opts for a depressing take on tokyo's slums . kurosawa stretches for a style that was , in my opinion , his antithesis that is to say , i feel as if kurosawa wanted to make an ozu picture . poorly paced , poorly conceived , this movie is a rare dud in this auteur body of excellent work . while ikiru , while being mundane and depressing , was still interesting and well paced , and while stray dog depicted the slums and social poverty of japan without being too heavy handed or boring , do desu ka den has all the somberness that one could expect with its content , with none of the redeeming qualities of earlier kurosawa pictures . br br be warned , this is not a movie that kurosawa should be judged by .",1,0
"the grudge is a remake of shimizu's own series of popular japanese horror films . shimizu knows he is not dealing with anything new , so he does what any intelligent person would have done in his place he forgets logic and concentrates in giving viewers a fun ride . he uses commonly known clichs associated with ghost stories but shimizu plays with these elements in an imaginative manner . the nonlinear narrative is not a mere gimmick but an interesting way to present sequences from different perspectives . at the end , all i can say is that if the only purpose of a horror film is to scare the audience the same way a comedy is to make people laugh , this movie succeeded with flying colors . i watched it in a theater with an audience and it was fun to see viewers go wild over this one . it probably doesn't play as well in your living room .",1,0
"seriously , i dont really get why people here are bashing it . i mean , br br the idea of a killer snowman wreaking havoc on a tropical island paradise is pretty absurd . the good news is , the producers realized it and made it a comedy in the vein of army of darkness . br br especially in the second half of the film , when the little killer snowballs attack , i laughed my ass off . for example , the put one of the little creeps into a blender a la gremlins 1 and mix it . after that , it morphs back into a snowball and squeals with a high pitched voice that was fun ! . br br bottom line incredible movie , rent it .",1,0
"the problem with this series is that it is too real . i am watching it on amazon unbox and having just finished episode 2 i hate , absolutely hate , fark , the leader of the cell . i cannot recall any television series ever having this emotional impact . remember the old tag line for horror movies just keep telling yourself its only a movie ? well i find myself repeatedly reminding myself that its only tv . but of course it isn't only tv is it ? the possibility of a cell such as the one portrayed here actually operating in the united states is certainly within the range of plausibility . that's what gives this program its vicious authenticity . and that's why i hate it so much .",1,0
"style over substance . but what a style it is . the cell is the internal version of most serial killer movies . unfortunately , the story hardly supports the visuals . br br psychotherapist catherine deane jlo goes into her patients' dreams via artificial means to discover and help them over come their phobias and obsessions . a new patient whose fallen into a coma , is brought to her attention by the fbi . he's a serial killer who drowns his female victims then poses their bodies in grotesque scenarios like mannequins . deane must enter the killer's mind and navigate through his sick fantasies in order to find and save his latest victim . br br director tarsem singh has incredible visions and set pieces for this production . each dream sequence is like a nightmareish painting in motion , from the landscapes to the costumes . br br but the plot suffers from lack of history of its characters . stargher is the only person with a thorough background and he's the last person you want to care about . without him , you basically have a movie that moves in the present tense only , which is a shame since the movie is so visually stunning and genuinely scary . lopez is wasted but she's not that amazing an actress anyway , though she's as gorgeous as ever . and vince vaughn ? i don't even know why he was chosen . this is not his forte and he overacts to boot . he tried too hard to become his character and it showed . stick to comedy , vince ! even so , this movie is so visually frightening , i still watch this movie with the lights on and can never fall asleep right away afterward .",1,0
"track listing 1 . spiderbait outta my head 2 . lash take me away 3 . lavaland everwonder 4 . machine gun fellatio the girl of my dreamsis giving me nightmares 5 . butterfly 9 growing pains 6 . grace good thing 7 . katchafire giddy up 8 . james lick a lounge 9 . klee 111 10 . the international noise conspiracy smash it up 11 . cartman shock living with you 12 . pollyanna rebound girl 13 . filler machines don't sleep 14 . giants of science complete this progression 15 . rocket science hyperspace 16 . the cruel sea three legged dog 17 . lazaro's dog home entertainment system 18 . drag secret design 19 . grinspoon chemical heart acoustic mix 20 . subware come on jp mix br br loved this movie , sure it wasn't hollywood material some people complained about the scriptacting but thats the beauty in australian movies .",1,0
"jingofighter i agree with some of your comments , but i have to disagree on a couple of things . first , this film is nothing like the cars that ate paris . not imho . nothing like it . br br i think the film had elements of surrealism , but i think the basic approach of the film maker is not surrealist per se . therefore its not really like cars paris , i think more like a weird euro work , with some scenes bearing the hallmark of wierd not surreal . br br secondly , i think the music by heuzenroeder is brilliant . they used whistling , that old sound from country and western records , and its waaayyy better than most aussie films which usually team the film maker up with a dumb sounding indy band that the company wants to push . br br as for the name of the film i don't know why it's called modern love , i was kinda hoping for david bowie to appear dressed in drag and lipstick . . . opps i'm starting to show my age .",1,0
"we have to remember that the 50's were practically a blank slate when it came to movies . hollywood was in transition from patriotic war movies , noir , two reel oaters , etc to movies with a message . we had blackboard jungle , on the waterfront and so on . some folks might think that was an improvement . i don't . who was the mogul who said if you want to send a message , call western union ? he was right . these psychological thrillers are less entertainment than some kind of remote therapy . br br this one is a pip . it's about three sisters trying to wrest control of their dead father's estate . one of them , maybe the only one worth redemption enlists the aid of the company pilot to help her keep the rest of the family at bay . he's initially in it for the bucks , but eventually falls for her . meanwhile the rest of the family schemes to sabotage the romance . the results are predictable . you get a little bit of everything in this movie . sexual tension between the sisters . a little subtle masochism . hereditary insanity if there is such a thing . we never get to meet the parents , but they must really have been screwed up the cast is practically unknown . one or two of the actors sound vaguely familiar . the acting is so bad it's hard to believe . it was released under the united artists umbrella by a company called belair productions . it was shot in and around la mostly at night and probably without permits . the end was so bizarre that i thought it was a joke . it was as if they ran out of money and the producer decided to wrap it up in the middle of a scene . br br i can't explain it not even to myself but i gave this pile of trash an 810 . i'm familiar with the term it's so bad it's good , but i don't think i ever ran into the phenomenon before . well , maybe hot rods to hell , but this one certainly fits . you might want to try this if you love movies that seem like they were made in somebody's basement .",1,0
"three distinct and distant individuals' lives intersect with the brutal killing of one by another . the onehour film only reveals the event that brings the three individuals together only after half the film is over . i have seen other segments of the dekalog but this one struck me as the most sparse one in dialogue and yet most fascinating in structure . br br the film opens with a law student practicing a mock plea of defense for a man charged with murder . obviously the same arguments must have been repeated by the man as a fullfledged lawyer but this is never shown on screen at least in the short 1hr version of dekalog 5 . we are made to imagine that this must have been the case . a cab driver who is a misanthrope , has two facets to his character the good side feeds a mangy dog , cleans his cab meticulously , picks up dirty rags thrown by people who lack civic sense , and remembers his wife while dying ; the bad side frightens small poodles , refuses to give a ride to a drunkprobably worried that he will puke in the caband ogles at pretty girls . the repulsive protagonist who murders without mercy , drops stones from bridges on fast moving traffic , and pushes strangers into urinals without any provocation , is also a person who can make innocent young girls laugh . kieslowski's film and the script thus present the good and the bad side of two of the three main characters . br br yet the film is not about capital punishment but more a treatise on killing . the fifth commandment thou shalt not kill is explored theologicallyeven god spared cain . . . ' , sociologically the tenderness of brutes to children and poor forlorn dogs , and psychologically after effects of drunken night with a male friend that led to the accidental death of his sister , whose photograph he carries with him . what makes ordinary persons turn into killersthis is never fully explained but suggestions are legion . br br in kieslowski's world there is a pattern where events and people are interlinked in a cosmic sense note the resemblance of clown to the killer , as it hangs from the mirror in the cab . kieslowski and the young idealist lawyer seem to ask us to look at the commandment literally and figurativelywhy do we kill ? are the people legally killed truly bad ? is there a force beyond society the drunken night that led to life of a girl that makes us into abhorrent murderers ? br br it would be missing the forest for the trees to discuss the two detailed killings in the filmboth without mercy . the film invites the viewer to contemplate why we are asked by god not to kill . br br i understand a longer fulllength version of the film was made by kieslowski . but even this short 1hr version is superb with its bleak and sparse script , intelligent editing , interesting cinematography and topnotch direction that provides much more than the sum of its parts . br br this segment anticipates the more wholesome dekalogs 6 , 7 and 8 .",1,0
"there have been numerous productions that tell of the development of the atomic bomb . the robert taylor film above and beyond flag waving interservice propaganda really ; if you believe this one you think that the army air corps , in the person of paul w . tibbits , ran the entire show ! , the nbc produced enola gay probably a lot closer to the mark , and the bbctv series , oppenheimer , with sam waterston in the title role . br br fat man and little boy takes the same approach that the bbc series did but widens it ; it avoids the gee whiz technology of the manhattan project and focuses on human aspects ; the personalities involved in the work . instead of focusing on oppie , it covers a wide swath of mythical but pretty typical people who were part of it . br br with reservations , dwight schultz did a good job as oppie , presenting a dreamy , ivory tower academic who struggles to relate his contributions as a physicist to his inclinations to view the world in a wider social and moral context . . . only to have that struggle won by an overriding lust for personal power and glory . in the day after trinity it was made clear that oppenheimer viewed himself as a superior being by virtue of his vast , wide ranging intellectual prowess . in the end that was robert oppenheimer's downfall ; he saw himself as a sort of philosopherking , a moral and intellectual superior who could and rightfully should wisely prescribe what was best for the rest of the world re . nuclear weapons development and deployment . br br unfortunately , wisdom doesn't dictate the actions of nations or direction of events on a global scale . wisdom doesn't bestow temporal power . when it tries to exercise such nonexistent power as oppie found when he opposed the development of the super , the hydrogen bomb , wisdom is ignored and banished by those who really have the power . br br i found myself faulting schultz character in one way ; his oppie exposes himself too closely and personally to the manhattan project , despite the doubts and fears that tore at his intellectual basis . the real oppenheimer would have had to take a different approach ; at the beginning he would have had to come to the firm resolution that the project would result in ultimate good . the ugliness it produced along the way would be an incidental price that must be paid to attain that ultimate good , and it must be ignored . . . at least until the end of the project when there was leisure to assess the gains and losses . oppie clearly did that , and it resulted in his controversial postwar statements to the effect that science had now known sin , and that was a knowledge it could never lose . br br while the project went on , such considerations had to be pushed aside if he was to maintain his sanity . br br because of this ambiguity , schultz character comes off as a weak , frightened little boy who could never have served as coordinator of rapid rupture , as oppenheimer unofficially dubbed his post . br br paul newman's take on gen . leslie r . groves is fascinating , and a bravura performance , if possibly a little bit over the top . br br groves was a civil engineer by training , but first and foremost he was a soldier , and a general to boot ! he's accustomed to demanding that things go his way . . . intensely driven , a foul mouthed , spoiled child who has tantrums at the drop of a hat , who reveres his country and isn't too proud to fall on his knees and pray . in other words , very much like real ie , non civil engineer soldiers , aka george patton ! grove's mission not only comes first , it is his only consideration . . . feelings and egos be damned , except for his own , of course ! br br groves couldn't admit it , but he knew full well that he needed oppenheimer ; military rank meant nothing in the world of theoretical physicists . oppie was a necessary interface between the two worlds he had to straddle . br br again . . . i have to fault the script on this , and for the same reason . br br in reality , groves already owned oppie ; if he didn't , oppie would never have been chosen for the post in the first place . history tells of many cases where other scientists , some as stellar as oppenheimer , simply walked away from groves recruitment efforts . at one point groves was so desperate that he proposed drafting the physicists he needed ! br br groves attempts in the film to maneuver and control oppie were unnecessary . . . they only exist here as a dramatic device which indeed helps make the atmosphere of the film quite ugly . br br kusak's michael merriman is a composite of several real characters , but they're from a different time frame . several research accidents similar to the one depicted happened in postwar weapons research . br br merriman's radiation overdose creates another ugliness in the film , but one which is , imho , necessary , and pretty accurate . people with weak stomachs will have a hard time handling the hospital sequences ; they're all too real . br br the main idea that comes across , but not strongly enough imho , is the big truth of the los alamos experience . the scientists who signed on were young , idealistic and naive as well as talented . most were on their first excursion out of the shelter of the campus . to them the project was a patriotic adventure that allowed them to practice experimental physics on a large scale without the constraints of budgets or excessive bureaucratic oversight . br br it was not only their brilliance , but their youthful exuberance that produced the atomic bomb . br br there's plenty here to make the thoughtful viewer intensely uncomfortable about this movie . just the same , if you filter out the hollywood bs there isn't that much of it really , this is probably a pretty accurate view of the inside of manhattan project .",1,0
"yes this a b grade horror . but at least the producers , directors , and cast does not pretend this flick is manna from heaven . the plot is corny , a psychotic serial killer on his way to execution is splashed with genetic acid turning him into a snow man . the snowman a . k . a . jack frost then goes on a murdering rampage to find the small town sheriff that finally arrested him . with a limited budget the crew had to make do with limited special effects , most of the money appears to spent on the snowman's costume . particullary difficult shots are managed by cartoons or pan away shots shots where the camera moves away to disguise the details . br br this is no kid's movie and should not be confused with disney movie of the same title . if you do not let your children watch pg13 movies alone than parents should not let their kids watch this movie . this movie has two claims to fame . 1 . the beatiful shannon elizabeth american piedid her first major movie role . the scene where jack frost attacks shannon elizabeth is worth watching a few times . 2 . this movie has the worst snowman joke ever . the joke is so bad that the directors credit the joke teller in the credit list .",1,0
"not too bad entry in the series , heavily ladled with war propaganda , but rathbone bruce's sincerity keep me happy . br br it's a rather fantastic story from start to finish , just how many mcguffin's are there ? holmes and moriarty independently reeling out the dancing men code uncoded so fast was amazing watson so why weren't you amazed ! the post explaining the bombsightenlarger tickled me , it was just the kind of cheap trick universal would play once again reminding me that they didn't expect people to be critically watching this over 60 years later . this and i think every other potboiler from universal at this period were meant to be viewed the once or twice and forgotten . they perhaps should have realised that basically people don't change , that what was entertaining to ordinary people in 1942 would still entertain a select group now 2005 and tightened up on the script and sets ! br br lionel atwill was going through his hollywood rape court case at about this time , i wonder if it was that or particularly effective makeup that made him look so haggard as moriarty ? br br the important thing about sw though is that this was the first holmes film roy william neill directed , i think he directed all of the rest and produced all but one , thus establishing a marvellous ambient continuity .",1,0
"i thought how the grinch stole christmas was a pretty good movie . it wasn't horrible , nor was it great , but it was enjoyable to watch . i felt as if jim carrey got a little annoying at times . they made the grinch seem like a special education person , when all he needed to be was evil and devious , but yet he turned out kind of retarded . i did think the scenery , when not inside the grinch's cave , was beautiful , and there was a few parts where i laughed , but most of the time i thought it was just annoying . this movie could've been so much better if they had changed the grinch's personality , and they had included some more laugh scenes , because most of the humor wasn't funny . i liked how the grinch stole christmas anyway , but it's not anything to get excited about seeing .",1,0
"like tarzan the ape man 1932 , only more so . there's more of everything , more animals , more varied african tribes , and scenes in which the thought must be , if this was good with three or four lions , forty would be better . tarzan wrestles with crocodilesthe the crocodile machine spins in the water like a rolling pin , around and around , jaws flapping . tarzan can kill it with his ubiquitous knife if the blasted saurian would hold still . tarzan kills lions and rhinos and a steadily increasing number of animals . his friends are real chimps , people wearing larger ape costumes , and elephants . in fact , they use indian elephantsfar more friendly and trainable than african oneswith costume ears attached to their heads . the human story another white man , worse than the rest , shows up to join with holt to go after the ivory from the elephant graveyard . tarzan won't show them the way , so the bad guy shoots an elephant so they can follow it to its deathbed . tarzan intercedes , and the bad guy shoots himbut , of course , he survives and returns to save jane . everybody else dies , holt and the bad guy and every single one of their boys . people are expendable , especially africans , and there doesn't seem to be much distinction between the black fellows who die because they work for the white men travelling through taboo country and those black fellows who kill them . this must be the last tarzan movie before the hays code made jane wear more clothes . there are a number of underwater scenes in which jane swims nude , and though the light is flickering the movement and the glimpses are very appealing . apparently one of weismuller's friends from the olympic swim team did the nude scenes , and not maureen o'sullivan . she , however , moves through the movie wearing the same sort of loincloth weismuller wears plus a bikini top , showing a splendid glimpse of thigh and hip . they still don't need to talk a lot . they sleep together and hang out with cool animals and stay away from cities . no wonder they're happy .",1,0
"first of all , you should watch this only if you don't mind the lack of subtitles , pornography , kinky sex and utter , horrifying and truly shocking depravity . i mentioned kinky sex , but to call sex in the second half of the movie kinky would be a great understatement . it's more like a punch in the face if you aren't prepared for this sort of sickness . that being said , i can go back to reviewing this morbid piece of pseudo snuff genre brought to us by our fellow japanese . br br the plot seems to be fairly basic , almost nonexistent a girl is hired to perform in amateur porn movie . don't expect much in first 30 40 minutes . there is some dialog if you don't speak japanese it's not going to mean much to you that seems to be an occasional chatting between the girl and the crew performer , then there is some porn straight sex , and after the scene is finished the performers and the crew take a break . and then . . . it starts to happen . br br it seems that the girl is talked into performing one more scene this time tied with the rope . the abuse begins whipping , slapping , hot wax . . . in the end , girl breaks down and cries . they untie her . br br then we see performers and crew sitting at the table as if nothing had happened except for the girl . she is visibly shaken and looks like she wants to leave . she walks to the door , sits on the floor to put her shoes on . . . and that's when hell breaks loose . br br she is hit in the head with the baseball bat , her wound is treated , she is tied to the bed . what ensues can be briefly described i'm not going to spoil everything for you as rape during dismemberment . think of flower of flesh and blood , mix it with porn and you will get the idea . it goes on for about 20 minutes or so . sfx are very good , makeup too . everything is shown , with no mercy for the viewer . you have been warned . br br i thought visitor q was a very sick movie . after watching niku daruma it looked like a fairytale to me . this movie is so sick , so depraved , so twisted , so disgusting that the harshest words pale in comparison to it's finale . too bad it's released only on vhs so there are no subtitles available . but the movie still works without them . so , if you are into ultra sickness , extreme sadism and other beauties of this beloved genre , check this out . i hope you won't have nightmares . 810 .",1,0
"b movie ? yes . diy ? yes . first movie ? yes . but aestheically a . this movie definitely had some bad soundeditinglightingactingetc . etc . problems . however , this movie has many positive things about it . first off , the most annoying character dies first ! second , its made to be a parodyfunny b rated horror movie . the comments our killer makes to his victims left me and my friends rolling around on the floor laughing . br br the problem is a lot of people try to take every independent movie and expect it to be a masterpiece . take it for what it is , a bunch of kids right out of high school made their first movie . for what it is , just that , it is really good .",1,0
"i saw this movie recently . 2 hours later , my head still hurt from laughing . the plot was soo awful , the jokes were soo bad , but what i didn't count on werebr br 1 . the 2 scenes before and after the movie that had pat and jay posing that caused more than enough laughterbr br 2 . the kick through the windshield that decapitated the evildoer . br br this movie is about 20 times better than the rush hour series , and my copy even came with a disclamer saying if you didn't like the movie , send certificate to hbo . while i considered it , the date you had to send it in was january 1991 which also caused wackiness to ensue .",1,0
"this 1955 producers' showcase version of the musical peter pan with mary martin has the benefit of showcasing most of the original broadway cast , including kathleen nolan as wendy , who was more natural an actress than the girl they hired for the 1960 color televised play . it's a shame that most people won't sit through anything black and white anymore because in many respects this earlier production which doesn't even show up in the imdb listings when you put peter pan into the search engine ! is superior to the cutesier color version most people have watched . i obtained the original on disc and then did work on it to make it look and sound better digitally . now when i put the 1960 color version on it looks garish in comparison . i suspect mary martin herself no doubt preferred this original 1955 bw producers' showcase televised version . br br as an added plus the disc i got also showed the original commercials and opening promo . how far away the 1950's seem now such an innocent time compared to today . i miss it .",1,0
"these are excerpts from a ninepage memo to mr . cohn from mr . welles , written after orson had seen studio mogul harry cohn's edited version of the picture he took an hour out br br . . . the preview title music was written by a first rate composer , george antheil . although not written for our picture at all , this temporary title music had an atmosphere of darkness and menace combined with something lush and romantic which made it acceptable . . . the only musical idea which seems to have occurred to this present composer heinz roemheld is the rather weary one of using a popular songthe themein as many arrangements as possible . throughout we have musical references to please don't kiss me for almost every bridge and also for a great deal of the background material . the tune is pleasing , it may do very well on the hit paradebut lady from shanghai is not a musical comedy . . . mr . roemheld is an ardent devotee of an oldfashioned type of scoring now referred to in our business as disney . in other words , if somebody falls down , he makes a falling down sound in the orchestra , etc . , etc . . . if the lab had scratched initials and phone numbers all over the negative , i couldn't be unhappier about the results . . . just before i left to go abroad , i asked vi viola lawrence , the editor to make a cut which would involve dropping the near accident with the taxicab and also quite a bit of dialogue . i am convinced that this would have been an excellent cut . . . saving much needed footage in the slow opening sequence this was not done , accounting for the main weaknesses of the film's opening reel . . . there is nothing in the fact of rita's diving to warrant a big orchestral crescendo . . . what does matter is rita's beauty . . . the evil overtones suggested by grigsby's character , and michael's bewilderment . any or all of these items might have inspired the music . instead , the dive is treated as though it were a major climax or some antic moment in a silly symphony a pratfall by pluto the pup , or a wild jump into space by donald duck . . . there is no sound atmosphere on the boat . a little wind and water is sorely missed . there's no point in photographing a scene on a real boat if you make it sound as though it all happened in front of a process screen . . . at the start of the picnic sequence . . . in the temporary score , we used a very curious , sexy latinamerican strain . . . this has been replaced with a corny dramatic sequelbad stock stuff . . . this sort of music destroys that quality of strangeness which is exactly what might have saved lady from shanghai from being just another whodunit . . . there is a big musical outburst after grigsby's line , i want you to kill him . this is absurd . . . the hawaiian guitar music which comes out of the radio . . . was supposed to be corny enough to make a certain satirical point . as it stands now , it's on about the same level as the rest of the scoring . nobody in the audience could possibly suspect that we're kidding . . . the aquarium scene needs more echo . please don't kiss me is in again ! . . . a bad dubbing job and poor scoring has destroyed the character of michael's run down the pier . from the gunshot through to the phone call , a careful pattern of voices had been built up with the expenditure of much time and effort . for some reason , this has all been junked in favor of a vague hullabaloo . as a result , the whole sequence seems dull . . . the audience should feel at this point , along with michael , that maybe they are going crazy . the new dubbing job can only make them feel that maybe they're going to sleep . . . the gun battle with the breaking mirrors must not be backed with music . . . the closing music again makes reference to please don't kiss me . . . this finale is obvious to the point of vulgarity , and does incalculable injury to the finish of the picture . br br all of these edits from orson were ignored",1,0
burt reynolds stars as an undercover cop who is after a crime boss . . rachel ward as the high price call girl he falls for . . burt does well in this role and i think he would've done well in more roles like this . . br br rachel ward is beautiful and sexy in her part . . good pacing and story but something is missing in the equation . . on a scale of one to ten . . 7,1,0
"i just can't believe that these games can get so much better , but they do . unfortunately i had to rent a dreamcast to play it , but even though i did beat it i can't wait to buy it for ps2 . this is the only series of games that i must own all of them even if i have beaten them many times over . i hope they never stop making this type of game even if the series must come to an end . br br",1,0
"when a small town is threatened by a child killer , a lady police officer goes after him by pretending to be his friend . as she becomes more and more emotionally involved with the murderer her psyche begins to take a beating causing her to lose focus on the job of catching the criminal . not a film of high voltage excitement , but solid police work and a good depiction of the faulty mind of a psychotic loser .",1,0
"i've read some terrible things about this film , so i was prepared for the worst . confusing . muddled . horribly structured . while there may be merit to some of these accusations , this film was nowhere near as horrific as your average dvd programmer . in fact , it actually had aspirations . it attempted something beyond the typical monsterslasher nonsense . and by god , there are some interesting things going on . br br ms . barbeau is a miracle to behold . she carries the film squarely on her shoulders . br br this is not to say that it's a masterpiece . unholy ultimately collapses under the weight of its own ambition . there are just too many unexplained subplots trying to coexist . and the plot loopholes created by time travel are never really addressed for example , if hope knows that her mother is evil and that she will ultimately kill her brother , then why doesn't she just kill ma in the film's very first sequence ? seems like it would have beat the hell out of traveling into the future to do it . br br still , i give unholy points for trying . a little ambition is not a bad thing .",1,0
"it is an interesting fact that metaphysics by platon and aristoteles , formal logic and abstract ontology form about those sciences that most people are not interested in . but then , around one thousand years after aristoteles , the computer began to usurp the human thinking , and the humans who were refusing to reflect questions of being other than biological , physical and chemical ones , suddenly felt paralyzed because they could not cope with the consequences that this computers would bring over night . r . w . fassbinder's welt am draht , together with tarkovsky's solaris and godard's alphaville , is probably the first movie who took the philosophical questions of emerging computer science as a basis of a story to be told in a movie . the confusing questions about identities and realities are cleverly built into different interwoven criminal stories which the audience really tries to follow because it is interested to solve the cases . fassbinder was a master to sell highly abstracts contents to his public by embedding theoretical knowledge into practical , appetizing forms . the basis problem to understand is that an identity defines a reality , but on the other side , a reality also requires identity in order to be perceived . the idea of a person with multiple identities is known to us solely from the standpoint of psychiatry . however , logically spoken , the only reason why we have just one identity , is the fact that our logic has only two values right and false . now take a logic with just one more value , i . e . with three then , as you can easily see , you have already three identities . what happens now , when , let us say , dr . stiller gets killed ? then , it is quite possible that only one of three identities is abolished and the other two remain and are able to rescue the individual from death . another question is , if a person with multiple identities actually feels these identities at once . the idea , however , to display such sets of identities in a updown or downup way as shown in the scene with the elevator in the hotel , is misleading , since identities and hence realities are not structured in hierarchical , but in a heterarchical way . strictly speaking , there is no artificial identity either , since each identity is defined over two objects who share all of their features with one another . therefore , the idea of assuming that every individual has just one single identity is nothing but a consequence of ancient twovalued logic either a second identity would imply that a person , at the same time , exists and notexists . but now look around and see that one and the same object which is by definition selfidentical is perceived by every subject in its own way . if therefore every subject sees an object differently , why should it no be possible for the single individual to open the borders of his twovalued individualitycorset , with the effect that different persons can exchange their different individualities ? fassbinder would five years later pick up this topic in his masterpiece despair . a trip into the light .",1,0
"i tuned in to this movie because there was nothing else to watch . i was immediately sucked in by the characters . br br robin tunney is nothing less than spectacular in this film . her portrayal of a mentally ill woman is both moving and 100 believable . really , this sort of thing is not easy to do . she pulls it off fantastically . br br we know early on this film is going to end tragically , but you cannot take your eyes off of it . the characters do stupid things , but unlike most hollywood movies where people do stupid things because the plot demands it , these people do stupid things because the are not right in the head and the things they do are completely consistent with their characters . br br this is just a great example of film making imho . great writing , great acting , great directing . a film for people who think film can be more than mindless entertainment .",1,0
"husbandandwife doctor team carole and niles nelson are doing modestly well in their careers , but niles has a gambling problem . his luck changes when he unknowingly saves the life of a gangster from joe gurney's mob and gets a big bonus from the gangleader himself . loving his change of fortune and snazzy new apartment , niles continues to receive payoffs for patching up other injured members of the gang . unfortunately , his shady deals come to light in a police raid , which hangs a shadow over his wife's career as well . br br at this point the plot comes into focus , as carole nelson has to rescue her career before her license is suspended . this involves bringing the gang to justice more or less single handedly . br br this is not a hardedged gangster picture , but a plot that might have been comfortable on a show like matlock or murder she wrote . there is some tension , but the mood is kept light by bogart's tongueincheek performance of a stupid gangster who imagines himself as the napoleon of crime . his other gang members also function more as stooges than hoodlums . and there's some snappy dialog between bogart and francis , especially when she's treating his injuries at his hideout . of course , as in all gangster flicks , there's a big shootout ending , but with a humorous twist . this is a good short film showing bogart on his rise to stardom .",1,0
"this show has all the typical characters in a comedy the good guy , the idiot , the pervert , the rich girl . . . but it's set on the 70's . that's the only difference that it has with other tv comedies . i don't know how you can like this show . its humor is pathetic ! i mean , the jokes are so direct . . . a typical dialog is this fez oh , jackie i want to have sex with you . audience laughs jackie fez you're a pervert . audience laughs fez oh yes i am . audience cheers and applauds this isn't funny . i think that if it didn't have those laughs i don't know how you call that in english , sorry you wouldn't laugh at all . this isn't intelligent comedy , this is an insult to the public . i like most of the american comedies , but this isn't good at all . i would give it 4 out of 10 . sorry for my poor english again .",1,0
"as i saw the movie i was really shocked to see what the 60's was about . i know i may be wrong about some things , but it seemed like the 60's really had an effect on people of the time . some people said they would want to go back to the 60's . from what i saw i would say yes for the excitement and no for the outcome . but that's my opinion .",1,0
"yes . . . i'm going with the 10 on this and here's why . in the last few years , i have watched quite a few comedies and only left with a few mild laughs and a couple video rental late fees because the movies were that easy to forget . then i stumble upon nothing . looked interesting , wasn't expecting much though . i was wrong . this was probably one of the funniest movies i have ever had the chance to watch . dave and andrew make a great comedic pair and the humor was catchy enough to remember , but not over complex to the point of missing the joke . i don't want to remark on any of the actual scenes , because i do feel this is a movie worth seeing for once . with more and more pointless concepts coming into movies you know , like killer military jets and fresh remakes that are ruining old classics , this movie will make you happy to say it's ok to laugh at nothing .",1,0
"legend of dragoon is one of those littleknown games that people either love or hate . some people claim it's far too similar to other games , namely the final fantasy serieswhich is understandable , since it was originally intended to be sony's equivalent of final fantasy . honestly i can't comment on the similarities beyond that , as i'm not very familiar with the ff games . br br i think my favorite aspect of the game is the battle system . not only do you have the ability to change into a more powerful dragoon form , but every time you attack , you have to pay attention in order to complete the attack by pressing buttons at the correct time . not only that , sometimes enemies will attack you back right in the middle of a sequence , which means you have to press different buttons in order to avoid taking damage . even the use of certain attack items requires a bit of buttonmashing . if you don't want to attack , you can always guard , which not only cuts any damage taken in half , but raises your hit points without the use of healing potions . br br the fmvs are quite welldone , about the same quality as final fantasy 8's . however , the graphics during game play aren't quite up to that standard . they're nice , but they could have beenand honestly , should have beenbetter . the translation as well leaves something to be desired . not only does it raise interesting character relationship questions , but there are also some grammatical mistakes that simply shouldn't have been allowed to pass . br br another thing i found interesting was that you lose main party charactersone dies , and the other basically becomes useless to the party and leaves . while the death of the one character is often said to have no point , it makes you realize early on that the characters , while heroes , are still just as mortal as the next person . the people who replace the lost characters simply gain all their stats , so the transition game playwise is fairly smooth . perhaps my one complaint about the characters is the main character's love interest , shana . she is the epitome of the helpless female in need of rescuing , pathetic to the point of driving a player to screaming with frustration . while you can use her in your party , she is insanely weaki don't even know what her dragoon powers are like , as i disliked her so much i never used her . the character rose , by contrast , is probably my favorite female character in any game ever . she's no wimp , and some of her dragoon magic is extremely useful . meru is quite strong as well , while sometimes being an annoying talkative brat . br br the character designers were , as most are , inclined to make the female characters appear pretty or whatever , and didn't give much thought to the actual usefulness of the outfits . seriously , no armor and having most of your skin exposed is not helpful when fighting monsters . but i will give them props , as they do have females serving as knights in the various countries . br br i can't comment much on the plot , as honestly i didn't pay much attention to it beyond where i needed to go to next . i'm not sure if this says something about the plot itself , or my gaming style . br br all in all , it's a very enjoyable game . it has its flaws , but for me it struck just the right balance of having to think and just pressing buttons and killing monsters .",1,0
"henry thomas showed a restraint , even when the third act turned into horrible hollywood resolution that could've killed this movie , that kept the dignity of a redemption story and as for pure creepinesssniffing babies ?",1,0
"the problem with so many people watching this movie is the mindset they watch it in . people come looking for a bgrade horror film , or a so bad it's good movie . jack frost 2 is neither of these . br br it is , to put it simply , a very good movie cleverly hidden inside a very bad one . to view it as anything other than a screwball comedy easily funnier than all three absolutely meritless scary movies combined is to misinterpret the movie on a basic level . it would be like watching shawshank redemption and then complaining that there were no explosions . br br the premise is simple ; the characters from the first movie , haunted by memories of jack frost , take a vacation to a tropical island . a new , improved jack comes after them , now with essentially the powers of hydroman from spiderman ; essentially , he can turn from water to snow easily and quickly , divide himself , multiply himself , and , worst of all , he's managed to grow an immunity to his only former weakness . . . antifreeze . br br what's sad about this movie is that the brain dead fans of the first jack frost a simply horrible movie can't appreciate the change of tone for the sequel . just as alien was a horror film and aliens was all about action , jack frost was a weak attempt at gimmick horror and jack frost 2 is a cleverly written parody of the gimmick horror genre . br br most of the entertainment comes the live action actors , who serve admirably . particularly funny among them are ray tooney playing a caricature of a retired british colonel from the early 1900s , christopher allport offering an insane , hilarious spin on his wooden performance from the first film , and david allen brooks taking the once serious role of manners to new , totally bizarre heights . br br the lack of memorable quotes disturbs me . br br as a horror movie , jack frost 2 revenge of the mutant killer snowman , rates a zero . but you have to understand , it's not a horror movie .",1,0
"i'm a fan of cc , going back to their records , and liked this movie , but at one point in the mid1980's on cable television in san jose california , it was aired with an alternate plot line that destroyed the entire point of the movie . all references to marijuana were replaced with diamonds . the bag that red drops to chong has diamonds in it instead of marijuana , but the conversation still remains the same . . . it's worth 3000lb . there is also a subplot in which clips of aliens on a ship were added observing cc , and talking to each other about getting the diamonds . at the end , instead of space coke , it's something else . i'm not sure who created this version , but it was horrible , and obvious that they were attempting to make it familychild friendly . it would have been better if that network had not aired it at all .",1,0
"this is a tepid docudrama that covers no new ground , reworks all the cliches and is sloppy with facts . for example , munich is a very flat city . so why is it hilly in the movie ? for example , the end of the great war in 1918 was not a surrender but an armistice . yet it is announced as a surrender . for example , european news vendors did not and do not shout headlines as they hawk their papers . yet this strictly american custom is employed in the film . for example , the nazis did not adopt the german eagle until after they had taken power but there it is on the lectern as hitler delivers one of his stem winders . indeed , most of this disappointing production consists of little more than hitlerian oratory . the movie also perpetuates the myth that the beer hall putsch was hatched at the munich hoffbrauhaus . it was not . robert carlyle does a fine portrayal of his subject . but his supporting cast is adequate at best and very often not even that . these comments are based on the first episode only . one only can hope the second will be better but don't bet on it .",1,0
"the first series of lost kicked off with a bang . . . literally and slowly decreased in pace . this may have put some viewers off and people who started to watch halfway through would either be bored or just plain confused . br br i would advise people new to the world of lost to simply watch from the beginning and don't get pt off by the slower episodes . the acting throughout is excellent but why have 5 series' planned . . . why ? ? ? all this means is that there will be no answers for at least 4 years , oh well , i'll keep watching if it keeps the tension up and dialogue flowing .",1,0
"rented the movie as a joke . my friends and i had so much fun laughing at it that i went and found a used copy and bought it for myself . now when all my friends are looking for a funny movie i give them sasquatch hunters . it needs to be said though there is a rule that was made that made the movie that much better . no talking is allowed while the movie is on unless the words are sasquatch repeated in a chant . i loved the credit at the end of the movie as well . thanks for the jeep , tom ! whoever tom is i say thank you because without your jeep the movie may not have been made . in short a great movie if you are looking for something to laugh at . if you want a good movie maybe look for something else but if you don't mind a laugh at the expense of a man in a monkey suit grab yourself a copy .",1,0
"although this show has been off the air since 1973 , after viewing a dvd set i borrowed at our library , i felt compelled to say a bit about it . br br i can remember when it was the only color show on television in the 1960s , and sometimes there would be a little sunday night party with friends to watch this on nbc on one of the few color televisions . br br i really enjoy history not so much for the names and dates but how it influences us today and how so much can be so profound based on the most inconsequential actions of the time . case in point virginia city , nevada , which became one of the richest cities in the world because of the silver , got its name from a character named old virginny , who , in the town's early days , stumbled out of a saloon , fell and broke his whiskey bottle . br br old virginny didn't want to waste the occasion so as the precious liquid was seeping into the dirt he decided to christen the town virginia town . the area became known as the comstock lode because another character , henry comstock , had the reputation of trying to jump everyone's claim and the area became known as the comstock lode . br br i just watched an early episode that dealt with these 2 subjects . other episodes dealt with mark twain's literary rise while a reporter for the territorial enterprise . . . br br it was wholesome and frequently educational family entertainment . as someone else remarked , each episode would really be considered a movie in its own right rich scripts and characters . br br one thing it twisted the truth on was the proximity to virginia city and the ponderosa . in truth , to ride from the ponderosa all of northern lake tahoe , one would have to ride his horse about 3 , 000 feet 1 , 000 meters down the spooner summit to the high desert 3 , 0004 , 000 feet of the carson valley then another 3040 miles to virginia city . br br needless to say the cartwrights would have some sore rear ends doing this on a regular basis . but every writer should have some leeway with the truth . br br how i miss that show , even today .",1,0
"the '7' rating is not necessarily a smear this movie was done on a low budget but done well within its limits . br br a usual potboiler plot ship carrying a prisoner is destroyed in space , people and prisoner escape in pods , land on unknown planet where their presence wakes something up . mayhem ensues , a lot of ammo is expended . br br the special effects were spare and properly done , emphasizing future technology with holographic displays and controls instead of relying on bulky , cheap looking plastic props . plus the pacing of the story moved without allowing the viewer to lapse into boredom where they start picking things apart . br br i peg this one as a lite saturday afternoon flick . you can get up and hit the fridge without pausing it and it'll still be enjoyable . even better , your girlfriend can talk all the way through it without damaging your enjoyment and she'll be happy after all , she got to talk to you ! it's that type of movie . br br anyways , the actual story line has s few holes in after they hit the planet , but hey , this is a guns 'n' ammo action movie . cohesive story lines are not necessarily required so long as you have beer and chips at hand . so don't get get yourself into a braincramp over the ending .",1,0
"it's possible to have a good time with this film while , at the same time , regretting all that it isn't . in the 1980s , a raffish u . s . congressman tom hanks engineers support for afghan partisans resisting the soviet union . br br hanks is in breezy , hailfellowwellmet form as roguish , politically incorrect charlie wilson , first glimpsed sharing a hot tub with three deeply available looking women . if only the film had the same air of insouciance ; but apart from philip seymour hoffman's turn as a cynical cia agent , it tries to be perceived as patriotic too . aaron sorkin's trademark staccato dialogue serves its purpose , but the story is no more plausible than one of wilson's tall tales . and there's an oddly unspoken subtext wilson's afghan pals later mutated into the taliban and other antiwestern groups , leaving the world worse off than it was when these events occurred .",1,0
"this is simply the funniest movie i've seen in a long time . the bad acting , bad script , bad scenery , bad costumes , bad camera work and bad special effects are so stupid that you find yourself reeling with laughter . br br so it's not gonna win an oscar but if you've got beer and friends round then you can't go wrong .",1,0
"i can't stand people who comment on this program or other hbo programs as too graphic or unnecessarily graphic or that they contain gratuitous nudityviolencesodomy etc . br br guess what ? prison life isn't pg13 . the gratuitous graphic content is true to life of this situation . prison contains inmate rapekillingsdrug deals and showers . if you don't like it , then don't watch the program . i'm certainly no fan of prison rape , but if it was left out of the show i'd be surprised and lend the show less credibility . if the prisoners didn't curse , it would just be silly . sure it's gratuitous language , but that is realistic . br br the show is good , some of the viewers . . . . not so much , i guess .",1,0
"it's unbelievable but the fourth is better than the second and the third . after the third that was awful , it's incredible how they could have an unexpected sequel with new ideas . chuck is the same nasty doll of the previous movies . interesting the final that lets know that a fifth can be done . . . .",1,0
"i think the film is educational . however , it fails to treat the issue which sparked so much controversy plural marriage . also , the film fails to reveal what the lds church espouses . big opportunity was missed to tell the world what they actually believe . i could not get a clear idea of what it is lds views are on central topics of religion . br br i have many lds friends and they are nice people . would have been nice to get a clearer picture of how they view their prophet's more controversial statements . maybe these statements are just too controversial to be treated in a film format , but it would have been great to hear the whole story of joseph smith's truly interesting life . after all , it gives insight into american thought on religion in the 18th century . hope they do some documentaries on this fascinating subject , allowing historians to comment on smith's life . we may have a mormon president some day . after all , smith ran for president .",1,0
"count me as being one who is happy to see no hastings in this episode . the poorman's dr . watson does nothing for me , as he simply drags down every scene he's in . japp is often necessary to the story as the representative of officialdom , and a little miss lemon is fine for seasoning , but hastings swings from painfully dim to overmannered in different episodes . if i have to sit through one more vacuous oh , i say there ! i'll take the gaspipe . br br as a general rule , the more poirot you get in a poirot story , the better . every line for hastings is one taken away from poirot . and i've never read the books , so i really don't care about fidelity to christie's characters . a lot of viewersreviewers seem to have a problem with separating the movies from the books . if you want the book as written , then read it . i don't see the point of watching the television version if you know what will come next at every stage . theatre is not prose don't expect a transcription .",1,0
"usually , when we use the word escapist , we mean it negatively ; warren beatty's big screen version of dick tracy proves that escapist can be good . this is truly one entertaining movie . as the eponymous , yellowclad , fearless title character , beatty creates a detective to whom we can all relate ready for action , but not without his weaknesses . br br from there , the rest of characters are almost a world unto themselves . tess truehart glenne headly is as glamorous as one would expect the hubby of any crime fighter to be ; breathless mahoney madonna is possibly the most perplexing person imaginable ; big boy caprice al pacino is the average villain ruthless but cool . other characters include the speechchallenged mumbles dustin hoffman , the overmusical 88 keys mandy patinkin , and the kid charlie korsmo . charles durning , james caan , dick van dyke , estelle parsons , catherine o'hara , seymour cassel , paul sorvino and kathy bates also star . br br oh , wait a minute . i haven't even explained the plot ! the plot involves tracy trying and failing so far to find some way to nab big boy . simultaneously , some very bizarre events have been going on in town , the answers to which may or may not be closer than everyone thinks . br br of course , the main thing about this movie is that it's fun to watch . if warren beatty was having trouble acting his age , then he made good use of that here . dick tracy is one cool movie .",1,0
"i'm not sure where to start with this . in short , it was a disappointing movie . having taught the novella , i was aware that it would be a hard story to turn into a movie . the movie has a couple of interesting lines mainly between alfred and aschenbach but it doesn't represent the debate on art that basically shapes the novella . br br for one , i was expecting an older aschenbach and a younger tadzio . in the book , tadzio is fourteen , but he is described as pure , ideal , innocent , whereas in the movie he reeks of sexuality and is a tease . he is an accomplice to aschenbach , he always looks back at him , almost provokingly . in the book , it is aschenbach who steals glances at the boy . as for aschenbach , i imagined something closer to the professorturnedclown in the blue angel based on a story by thomas mann's brother heinrich than this fortyyear old with hardly any gray hair . in all fairness , i do think that dirk bogarde did a good job , but either someone else should have done that , or he should have made to look older at the beginning . br br i know that the discovery of homosexuality is important to the story , but the movie minimizes the talk about art and the duality between the apollonian and dyonisian inspirations and focuses instead on aschenbach's obsession of tadzio and does not justify it . i liked the fact that mahler's music was used , because ultimately he did inspire mann to write his story . i'm not sure turning aschenbach into a musician was a particularly good move . or the creation of alfred who i don't remember in the book . br br and one thing that really got to me was the sound and how it did not match the actors' lips . i was wondering if it was dubbed because i expected it to be in italian . but then i remembered that each italian movie i have watched has this problem . it just bothers me because these directors fellini is the other person i'm thinking of are supposed to epitomize perfection in italian cinema , and here are their characters laughing without sound , then you hear a noise that doesn't correspond to their faces i'm thinking of the scenes when aschenbach almost collapses and starts laughing . this scene couldshould have been the strongest , but it was annoying instead .",1,0
"one of the classic low budget 70's movies , this film was found in a bargain video shop in london for only 50p . interestingly , the package lists the star of the film as 'charles bone' , who sounds like a porn star , but once the credits role it's obvious that the picture is aligned to far the right of the tv screen , so that all the cast members have the last letter missing from their namesbr br from the moment the narrator lamely introduces us to the situation that the desperate tenants of a grimy new york city apartment block , you know you're in for a rollercoaster ride of fromage . the direction is from the 'ed wood onetake' school if one or two extras were looking at the camera crew , then what the hell ? br br the films finishes with a plot twist that puts the usual suspects to shame . buy it now .",1,0
"when i saw this animation for first time i was 15 maybe i was really impressed ! it has completely different style compared to the japan animation and i kinda like it more . tho whole impression of the movie is more sinister and dark . . . the colors are not that . . . colorous . the characters don't talk much , there are no long and boring conversations of this and that like in ghost in the shell . with its dark pictures , views of strange beasts and sense of magic , it looks like one of those ancient scandinavian stories , full of violence and horrendous creators , enchanted forests and deep caves , dwelled by dragons , throlls , orks . . . and one mysterious hero to stop evil . . .",1,0
"a lot of things in this futuristic satire are more theoretically funny than actually funny though it does have some laughoutloud moments but a lot of that is because it seems to have been cut by the studio to better appeal to exactly the idiots it's mocking . many situations aren't allowed to develop , there's obvious overdubbing of expository material , and worst of all a narrator explains everything most of which needs no explanation , probably because some preview audience didn't understand what was going on . in other words , a movie about dumbing down has been . . . you guessed it . br br one hopes that a longer , better version of this comedy will eventually surface on dvd , and it will become the cult fave it deserves to be , but even in this mutilated and somewhat comic spiritdiminished form it's one of the more memorable films of the year a screech of disgust against our culture and all the ways it's become trashified , stupidified and uglified in the name of appealing to the yahoos . i watched it right after land of the dead , george romero's latest milking of the single idea that consumers zombies , which is basically the same point judge is making ; yet where romero's counterculture viewpoint now zombies underclass that needs to revolt against the rich seems hopelessly out of date , judge's take is fresh , deadon and far more disturbing . just listen to the yahoos in your movie audience whooping it up for president camacho's state of the union just like their counterparts on screen , and you'll know that we're all doomed .",1,0
"since frame number 1 you know the good guy in the suit and necktie is doomed he has no luck sorte nula , or so he believes with that music on the car radio , and the dubious talk by his best friend and company associate who is taking him to parts unknown through a desert road . alberto wished simply to be left alone , to take a flight abroad next day , with well , someone we're left guessing . br br the film goes a long way that'll find short to a closing scene with the man hearing the same music on a cab to the airport . in between , a number of lucky people have found different ways out of the story , some dying , some being born , others falling into harrowing distress . this time he's really doomed or is he ? the film is a sort of oneman show by director fernando fragata who only left the sound recording and the special effects to other , competent people . those who typically reject portuguese films due to sound problems and unclear speech recording , must go searching for other topics to criticize this time . the car crash this isn't spoilers , the film is too clever for that makes for a great scene , and apparently was done with cheap equipment . us studios take notice you may spare a dollar or two by hiding competent portuguese directors ! br br the rest was done by fragata , from the script to the dialogue , from camera work to editing . if part of the dialogue were adlibbed , then he again must be congratulated for the acting direction , and the casting with mostly inexperienced actors . a large number of nonspeaking parts are credited , but most of those people were used for the music video clip and the making of , used extensively in the film's promotional trailer . the cast has a dozen actors and actresses , of whom ten relevant persons , and a huge number of relationships that are revealed stepbystep , in a thrilling , suspenseful way , reminiscent of the best genre authors . 'alfred hitchcock' qv and 'claude chabrol' qv do come to mind , by the catandmouse play between the director and his public , and the nature of his characters . br br i recommend this thriller and comedy to portuguese language speakers and , if the film gets to have a decent translation of its colloquial dialogue , to anyone abroad who enjoys those genres .",1,0
"perhaps the best isabel allende's book , house of the spirits describes an alternative chilean history , this one full of magic , a mystic veil , plus some kind of omnipresent sadness . this movie gathers a great cast , plus a great art direction , with a script that cannot contain all this book's quality . it's unusual for a nearly unknown country like chile to get so well represented as it is by this movie , whose perhaps only sin is to aim too high , and because of that left the illiterate public a little upset , mostly because they understood very little .",1,0
"spoilers aheadbr br it is really unfortunate that a movie so well produced turns out to bebr br such a disappointment . i thought this was full of silly clichs andbr br that it basically tried to hard . br br to the american guys out there how many of you spend yourbr br time jumping on your girlfriend's bed and making monkeybr br sounds ? to the married girls how many of you have suddenlybr br gone from prudes to nymphos overnightbut not with yourbr br husband ? to the french would you really ask about someonebr br being la fac when you know they don't speak french ? wouldn'tbr br you use a more common word like universit ? br br i lived in france for a while and i sort of do know and understandbr br europe and i love it , but my german roommate and i found thisbr br pretty insulting overall . it looked like a movie funded by thebr br european parliament , and it tried too hard basically . it had allbr br sorts of differences that it tried to tie together not a bad thing inbr br itself but the result is at best awkward , but in fact ridiculoustoobr br many clashes that wouldn't really happen . then the end of thebr br moviethe last 10 minutesruined all the rest . why doesn't xavierbr br talk to the erasmus students he meets back in paris ? why doesbr br he just walk off ? why does he just run away from his job , is thatbr br freedom ? and in the end , is the new europe supposed to rest onbr br a bunch of people who smoke up and shag all day ? is this whatbr br it's made up of ? br br besides , the acting was pretty horrible . i can't believe judithbr br godrche's role and acting . why was she made to look likebr br emanuelle bart so much ? at first i thought xavier was ok butbr br with retrospect i think he was pretty bad . br br and that's all really too bad , because technically opening credits , br br scenes when he's asking what papers he needs it was reallybr br good except for sound editing around the british siblings , and thebr br soundtrack was great too . so the form was good , but the contentbr br pretty horrible .",1,0
"what kind i say about this movie . well for starters , i thought that this film was okay , not the greatest not worst . i said this cause i thought that the script was great and original , really different and refreshing . now i wouldn't say that it's the greatest film that i've seeing cause of the acting . the actors that played each role , seems that they played them without emotions , as if they took the life out of them . when the wife laughed or cried , this didn't look real to me for some reason , that's just an example , but sincerely all the characters didn't act real at all . i wish i could say more positive things about this film so you guys can see it at least once but how can i do that since i know that i'm not going to see this movie again . i rented this film from the library of my school , without hearing anything about the film itself or the director . i took a chance because the story that was describe on the back sounded really interesting and it really was .",1,0
"there was nothing else on tv yesterday afternoon , so i thought okay , let's watch this . i didn't know the plot and i had no expectation whatsoever , i was thinking in a few minutes or so i will channel surf again . but then story started to unfold , and the characters played beautifully by the two boys . the story did have unrealistic parts and scenes , but overall it was a real good movie . very well worth watching .",1,0
"no matter how much it hurts me to say this , the movie is not as good as it could have been . maybe i was misled by the countless exaggerated reviews here on imdb , but i expected so much more . . . br br sure , the idea is a good one , the violent scenes and the camerawork are outstanding , the imagination of genius dario is breathtaking , but the movie is soiled by a couple of mistakes that i find unforgivable . first of all , am i one of the few people who feel that the heavy metal music played in the most intense scenes simply rips the atmosphere apart ? ? ? with a different kind of music goblin ? ? ? ? during the needle scenes , it would have been soooo intense ! . . . instead , the soundtrack destroys any chance for tension . . . secondly , the final killing scene and the last few moments of the movie are simply silly and uninspired . i don't want to say amateurish , cause i love argento's movies . the ending left me feeling empty . talk about a final impression ! this is hardly what happens in most of dario's films ! though , admittedly , suspiria also suffers from a rushed finale even if most of it is brilliant . . . . br br in short , watch this movie , try to make the most of its good points , but be prepared for some bad ones as well . this is not a perfect movie by any means .",1,0
"superbly trashy and wondrously unpretentious 80's exploitation , hooray ! the precredits opening sequences somewhat give the false impression that we're dealing with a serious and harrowing drama , but you need not fear because barely ten minutes later we're up until our necks in nonsensical chainsaw battles , rough fistfights , lurid dialogs and gratuitous nudity ! bo and ingrid are two orphaned siblings with an unusually close and even slightly perverted relationship . can you imagine playfully ripping off the towel that covers your sister's naked body and then stare at her unshaven genitals for several whole minutes ? well , bo does that to his sister and , judging by her dubbed laughter , she doesn't mind at all . sick , dude ! anyway , as kids they fled from russia with their parents , but nasty soldiers brutally slaughtered mommy and daddy . a friendly smuggler took custody over them , however , and even raised and trained bo and ingrid into expert smugglers . when the actual plot lifts off , 20 years later , they're facing their ultimate quest as the mythical and incredibly valuable white fire diamond is coincidentally found in a mine . very few things in life ever made as little sense as the plot and narrative structure of white fire , but it sure is a lot of fun to watch . most of the time you have no clue who's beating up who or for what cause and i bet the actors understood even less but whatever ! the violence is magnificently grotesque and every single plot twist is pleasingly retarded . the script goes totally bonkers beyond repair when suddenly and i won't reveal for what reason bo needs a replacement for ingrid and fred williamson enters the scene with a big cigar in his mouth and his sleazy black fingers all over the local prostitutes . bo's principal opponent is an italian chick with big breasts but a hideous accent , the preposterous but catchy theme song plays at least a dozen times throughout the film , there's the obligatory we'refallinginlove montage and loads of other attractions ! my god , what a brilliant experience . the original french title translates itself as life to survive , which is uniquely appropriate because it makes just as much sense as the rest of the movie none !",1,0
"trick or treat , quickie review this zany romp of a film revolves around the 80's culture of heavy metal and horror moviestwo things which i love dearly . so , as you can imagine , this movie appealed to me pretty easily . plus , for no apparent reason , ozzy osbourne plays a preacher . br br this film is about an unpopular high school youth who , like all us losers , ended up drenched in a world of evil heavy metal . his favorite metaldude dies and , of course , is miraculously resurrectedby playing his latest unreleased album backwards . this allows the corpsified singer to go around killing people with demons and sht helping out . br br okay , it's pretty cheesy at times , but you know what ? it's got a surprising number of good qualities . decent acting including gene simmons as a radio dj , pretty good special effects , very brief nudity , decent atmosphere . . . all in all , it's actually a decent horror film . but what really sucks is the music . ironic , huh ? well , this uberevil metal guy is one of the most obnoxious , highpitched , wailing , motley crue rejects on the planetand the metal is little more than putrid 80's pophair metal . he hits all the clich's here , from prancing around like a gay fairy , to looking mean , to screaming rock and roll ! ! ! in a pitch high enough to make king diamond retch . aside from that atrocious musical representation , it's actually pretty good . 710br br www . residenthazard . com",1,0
"this was one of the worst columbo episodes that i have seen , however , i am only in the second season . br br the typical columbo activities are both amusing and irritating . his cigar ashes causing him trouble have been seen before , and the bit where he always identifies in some way with the murdererin this case cooking , tho the scene on the tv cooking show distracted from the main theme . br br also not explained was why the brother at the beginning of the show was cutting part of the wires of the mixer . the reason was never explained , nor did it serve any purpose . but the part i disliked the most was the death of the bride to be . this was never explained and it is the main reason why i give this episode such a low grade .",1,0
"let's start from this point this is not a movie intended for the common audience . utterly bizarre , somehow incomprehensible , totally unpredictable , it just keep you stoned watching at the screen trying to figure out what will happen next . if that by itself doesn't make you agree it is an excellent movie , then go back to your family movies and forget about motorama . it has material to be considered a cult movie , it can be placed in the same category with movies that win awards in cannes or other intellectual film festivals , but , sadly , hollywood already let if fall in oblivion , simply because it is not commercial . the performance of young jordan christopher michael may not be oscar material , but he gives the right touch to the story . even the genre is difficult to describe ; it is not a comedy in the proper sense , you don't know if you are supposed to laugh at the strange situations in which gus gets involved . it is more like an impossible adventure that some kids may wish to have , but don't let them watch it either . . . it is not a movie for kids . so , if you like disney movies or are looking for a home alone style , this one is definitively not for you . but if you enjoy reading edgar alan poe or the works of tim burton , then you will like motorama . so , jump in your red mustang , get a tattoo spelling tora and cruise strangeland with gus . i'd like that . . .",1,0
"i was surprised that i liked this movie . but it reminded me of a 2004 version of the first friday the 13th . there were a number of cheesy elements , yet at the same time there were many cool ones . the story line was goodpredictable if you have seen more than one or two horror movies , but full of oneliners to make it worthwhile . there are some memorable scenes worth watching . a few issues i had with the plot had to do with the continuity of the characters . for instance in the opening scene the scarecrows which were humans on stakes , whose blood was drained to grow the crops , looked very real , but later in the film they looked more like fake scarecrows wearing blue colored masks . there were more than several gaps in the plot , and the acting was mediocre , but at least it sounded like how real people talk , unlike hollywood movies where the dialogue is really fake sounding when you think about it . the culmination of the last scene , when the main character says i'm not a baker , i'm a connell ! and lops the head off of the scarecrow is satisfying , as his friends have for the most part been killed off by these creatures at that point .",1,0
"over the years , we've seen a lot of preposterous things done by writers when the show just had to go on no matter what , keeping 8 simple rules going after john ritter died comes to mind , but this is probably the first time i cared . the idea of having that 70's show without eric or to a lesser extent kelso is ridiculous . they tried to cover it up with a comeback of leo and increasingly outrageous story lines , but it always felt like why bother when you don't have a main character anymore . it just didn't really connect , it was a bunch of unrelated stuff happening that most of the time wasn't even funny . the last season felt like the season too much for every single character , simply because eric used to take a lot of screen time and now we'd be smashed in the face by how stale and repetitive the rest of the characters were . focusing on the gimmick that is fez was thoroughly uninteresting and the character would simply stop working , because the whole deal was that he'd say something weird from out of nowhere , and you can't say stuff from out of nowhere when every second line is yours . they also brought in the standard cousin oliver , only this time it just wasn't a kid . whenever you heard somebody knock on the door , you started praying it wasn't randy , please let it not be randy . the deal with randy was that he'd do really awful jokes , usually as red would say , smiling like an ass and totally screwing up delivery and donna would be in stitches . i think more than half of the last season was donna pretending to be amused . the problems had started earlier though what once was a truly great show with an equally great concept that for once wasn't about a dysfunctional family slowly got into the territory of soap opera . everybody started being in love with everybody , emotional scenes were dragged out at nausea , with just one usually lame joke placed somewhere to divert attention that we were watching as the world turns . i'm guessing this was character development , but come on that was written almost as clumsily as the moral lessons from family matters . to be fair , the last episode , also because it had a cameo by topher grace a cameo in his own show , was really good , even if not that funny either . br br by the way , yet more criticism on season 8 what the hell was with the opening theme ? not only did they use the same joke twice a character not singing , fez scared the hell out of me . dude , don't open your eyes that far . but the first five seasons or so , among the best comedy ever broadcast .",1,0
"i saw this show about 34 years ago . it was dam funny ! when i first time i saw it was playing on etvestonian television and i started to like it . too bad that that show is on bad time for me . hyde is like a cool guy who likes to sing frank sinatra ! and he comes on stupid ideas . he got these glasses which h are brown . i like it . and there's fez . the group pervert . we all know what he does when his alone . . . . . he wants to get laid badly . he even had it with his boss in one episode . his from india . and there is michael , the stupidest guy on whole group , probably stupidest in town and his a cop ! he is so stupid that i remember follows hyde says did u called cops ? no michael comes in and says . does anyone know how to turn off siren ? he is a town playboy . then comes jackie , who is former girlfriend of michael and then she's hyde's girlfriend . then is eric who's son of grumpy war veteran and son of kitty the housewife . his one big pussy . but he loves donna , his girlfriend with who they plan for they're marriage . donna is one hot girl . hmm what i forget ? ah hyde lives in a basement .",1,0
"a small funny film . it is totally incredible , unbelievable , impossible . but it is funny how an introverted masochist can become totally dependent and mesmerized , even hypnotized by a girl he hardly knows but who was able to get down into his phantasms . of course it is a denunciation of the foolish deals you can get to on the internet . you must not believe ten percent of what you're told there and never , ever , ever accept to tie up your hands in a way or another to someone or something or some organization you do not know personally . most of their businesses there are in a way or another going to fool you and raid you . but here the chap deserves being the victim of such gangsters because he is not only naive , he is absurdly silly . but then the film becomes funny because it ends up with the victim of the crooked business having the upper hand and ending up playing the same game with his victimizer and winning . one think is sure too . security in english airports is not exactly what it should be , but i guess it's not better anywhere else in the world and even now they have tightened up all rules and regulations it is just fun to go through their procedures and foil them systematically . then they have their vengeance by losing your luggage , a real plague on modern airports , and don't expect to get fair compensation . or even confiscating a bottle opener or a can opener because it may be dangerous . i can see myself cutting my way through the side of the plane with a can opener . funny , isn't it ? dr jacques coulardeau , university paris dauphine , university paris 1 pantheon sorbonne university versailles saint quentin en yvelines",1,0
"believe it or not , inspector gadget's last case is what got me hooked on the whole gadget thing . br br my name is miriam and i am twelve years old , so obviously i wasn't around when inspector gadget was at the top of his career . sure , i'd heard of him , but i didn't really know him . br br while reading , note that i never saw the original series i would if it came on ! . this is just about the only gadget thing i've ever watched even though i am now obsessed and i will be focusing on what i liked about it since everyone else is so negative . for all you pessimists , i've got some cons down there , too . p first off , for a childish sense of humor , you could deem this movie pretty funny . i thought it was , so sue me . i also thought the animation and character designs were good , and i'm also happy there was more gadget in it , since he's my favorite character . i do not like penny . then there was claw his voice was awful , though and the madcat ; i thought they were done fairly good too . gadget's idiocy seemed pretty well in place , if not a bit exaggerated i . e . sucking his hathand thing's thumb . would make a good screen shot , though . p oh , and i liked the song that ran in the credits . yes , i am strange . br br and , like all movies , there are some negatives , too . br br talking cars ? what's up with that ? you can tell this was aimed at younger boys . that wouldn't bother me quite so much if there wasn't the fact that the cars basically saved the day . i would have much preferred if penny and brain had taken their place . and , apparently , gadget loved his car more than would be called natural . a bit weird , to say the least . br br oh , and the chief was downright mean to gadget . i mean , sheesh , yeah , he wasn't always the most cheerful of people , but he didn't hate gadget , from what i've read . like the inspector , his personality was exaggerated . br br well , that's pretty much all i have to say about this movie . i thought the animation made up for the carcentered plot and that it was overall pretty decent ; more so than the liveaction gadget films butchered , butchered , butchered ! at least . maybe i'm just biased because this is what got me into gadget in the first place , or maybe my mind is twisted , or maybe i'm just odd , but i really liked this movie , even if i'm the oldest it's recommended for .",1,0
"the show is really funny . nice theme . jokes and one liners are really good . with little extra tuning it can become a very popular show . but the only major negative point of this show is the cast . david spade does a great job as russell , megyn price does a good job . but who the hell did cast patrick warburton , oliver hudson and bianca kajlich . br br technically russell and jeff are the main characters of the show , which make viewers wanna watch the show . russell is a playboy and jeff is a kind of frustrated family man , the relationship wiz . . . with an experience of all the problems a married couple face in a relationship . br br patrick warburton does a horrible job as jeff , he is not at all suited for the role . he is like a robot , literally there is no punch in his dialog delivery . br br cast is really very important for viewers to like it . the bad acting certainly will take the show downhill . . .",1,0
"i was forced to see this because a i have an 11 yearold girl and b we had shown her the bonita granville nacy drew movies from the 1930s , which she thoroughly enjoyed . personally , i didn't think it was as humorous as the 1930s flicks , but on the other hand , it wasn't the nauseating piece of intelligenceinsulting fluff i feared it would be . it was an inoffensive , mildly entertaining movie . although i'm pleased that they didn't try to upgrade nancy to 21st century hipness veronica mars holds the title as the modern nancy drew , i do think that they made her a little too bland , that they didn't do enough to develop nancy drew the movie could have been titled jane doe , girl detective . i have to blame the script i think each actor did a good job with what they had to work with . i liked emma roberts in this role , but they gave her a madefortv , not theatrical release , script . . .",1,0
"most people know paul verhoeven as the director of many good and bad scifi movies in hollywood . but long before that he was churning out generic thrillers in his native land . the story is a basic femme fatale premise , nothing new or enthralling . verhoeven thinks he can make it better by adding in a series of dream sequences , which instead of defining our main character and his situation , are just used as a way to drive forward the predictable plot . the screenplay was solid , the dialogue helping to pad the effects of the bland story . what really made the movie at at least good was some terrific acting . jereone krabbe was amazing as the tortured artist , and the supporters were very good as well . also , jan de bont's cinematography adds at least some life to the film , helping to make verhoeven look at least capable as a director . br br 6 . 510br br 12",1,0
"as shallow as it may sound , i actually delayed my viewing of the barbarians several times just because the vhs cover as well as the picture image displayed here on the website looks so incredibly gay ! by now i wish i had watched it earlier because the movie isn't so much gay . just trashy , cheesy , campy and enormously fun ! it's almost unbelievable that ruggero deodato , director of cannibal holocaust of all people , was the man responsible for this comical cashin on the contemporary popular sword sandal fantasy flicks , particularly schwarzenegger's conan movies . the film opens with a terrific 'onceuponatime' type of offscreen narrator , introducing us to the ragneks . their founder once traded an entire mountain of pure gold for just one magically powerful ruby that would allow them to travel in freedom and access every country as entertainers . in other words , the ragneks are a bunch of traveling circus freaks ! their happiness abruptly comes to end when the greedy kadar kidnaps the ragneks' beautiful queen canary and continuously attempts to discover the whereabouts of the ruby . meanwhile , and as some sort of amusing waste of time , the two orphan twinbrothers gore and kutchek are trained to become muscled warriors and they're unwarily prepared to fight each other to the death . instead of that , however , they escape and develop a plan to free their queen . actually , the plot isn't half as bad as i initially feared , but still the most fun is provided by the beefcake brothers' on screen chemistry , the crazily inept dialogs and of course the utterly cheesy fantasymonsters , like a dragon with adorably cute eyes , some kind of werewolf creature and zombies that randomly appear to pop out of the swamp . the soundtrack and makeup effects are great and our almighty director deodato maintains a terrifically fast pace . the barbarian brother's acting capacities are much better than i anticipated , apart from the fact that one of them constantly produces gross belching sounds . the supportive cast is splendid as well . eva la rue never looked more beautiful as the witty savage girl cara , virginia bryant is indeed bewitching like richard lynch states on several occasions and the lovely sheeba alahani makes her first and only appearance on film as a vicious sorceress with a donutshaped hair style i kid you not ! . last but not least , the barbarians stars everybody's favorite eyes in the hills creep michael berryman as the appropriately named dirtmaster . i know the displayed picture looks gayer than a promotional campaign for the musical version about the rise and fall of the village people , but the barbarians really is a mustsee italian exploitation highlight .",1,0
"if you want to really terrify people , choose the devil as your subject . after all , a good deal of the population believe that he is real . therefore you are plugging into a whole meaty swathe of preexisting religious and mythological imagery . and bound to cause quite a few nightmares in your young audience . br br this episode had all the appearance of a hollywood blockbuster . in fact , having finished watching it i flicked over to another channel which was playing a recent bond film and quite frankly couldn't split a hair between the differences in sfx . with a minimal cast , restricted by its situation on a space station ; complete with overwhelming panoramic views of an imploding universe , it was as claustrophobic and intense as alien or event horison . the black hole outside made it feel as if the black hole's weight of dark matter was pressing the station onto the planet and to whatever was sealed inside . and as the horror is intensified by the knowledge that the dr and rose are stranded , the sinister ood start channelling a disembodied voice and then the characters start being picked off one by one . . . br br this has all the best qualities of the cream of this new dr who endeavour ; girl in the fireplace and the empty child . emotionally engaging , frightening and humorous all without seeming cheesy . this is far scarier than any amount of flying daleks . but it has to be asked , is this really suitable viewing for children ? this is not a family friendly episode . pity the poor parent who has to put their kids to bed after this one . i'm not sure i even want to see what happens next !",1,0
"a quick glance at the premise of this film would seem to indicate just another dumb '80's inbredbackwood slashfest ; the type where sex equals death and the actors are all annoying stereotypes you actually want to die . however , jbd delivers considerably more . br br rather than focus on bare flesh and gore though there is a little of each no sex however , the flick focuses on delivering impending dreadmounting tension amidst a lovely scenic backdrop . these feelings are further heightened by a cast of realistically likable characters and antagonists that are more amoral than cardboard definitions of evil . oh yeah george kennedy is here too and when is that not a good thing ? br br if you liked wrong turn , then watch this to see where much of its' methodology came from .",1,0
"i just want to say that chris diamantopoulos's role as williams for that entire show , was emmy worthy . it was uncanny how well he did . and to be as rapidfire and as random and as creative as robin williams really is . . . . wow . there were scenes where diamantopoulos had to say probably 20 rapid fire lines and do 15 different characters while delivering those lines , all while sounds as much like robin williams doing those characters . . . . . well , that my friends is impressive acting . its one thing to do a robin williams impersonation for a couple of minutes . its another to do it for a whole tv movie . br br i don't know how i felt about the whole show , and i don't know how much they played with the facts , but i do know that it was chris diamantopoulos that kept me watching . so for that , i give him a 10 .",1,0
"br br wellknown comedians meekly admit they wish they could do real satire like bill hicks . inbetween these pitiful testimonies , we are treated to what an exceptionally talented comedian can achieve when he could otherwise be chasing fame and fortune . he didn't get his own talk show , but at least he was no one's puppet .",1,0
"there is a certain genius behind this movie . i was laughing throughout . the scene in the phone sex office , discussing how love heals the doppelganger was a nice attempt at this geniushumor . execution is poor , but you can see the writer's message and they do have some talent . the doppelganger split at the end was like . . . ok , wasn't quite expecting that but let's see what the movie has to say . certainly ridiculous , but a sweet idea and actually very coherent to the story in a strange way . br br is the point of a movie to be logical or is it to be entertaining or communicate on an emotional level ? i'm easily bored by many movies , but this one kept my interest throughout . br br i think the story may have some autobiographical roots , but that's just a guess . horribly bad , but good . i'm looking for other movies this person may have done with more experience .",1,0
"you got to love this movie ! i mean , what other swedish splatter movie could be so evil , bizarre and totally cruel . . . the whole movie is stuffed with some kind of weird humor , like the old cencoreguy just blows his head off and the boss just wipes the blood off his glasses and says with a mean voice your fired ! ! ! wouppie ! ! !",1,0
"well , i'm not about to add to the diatribe that's been 'preached' about this film . br br all i can add is that at no time does it even pretend to be a 'historic' picture . unlike 'braveheart' , 'titanic' or 'the patriot' all of which have very credible and serious historical amendments , purely for theatric effect possible the worst of excuses . br br has everyone taken a sense of humor bypass ? br br all i can add is a paraphrase from the good captain macleane 'it lookedbr br fantastic and we have a bloody good laugh' . br br one last point . what astonishes me is that there are comments relating to the 'modern music' in a historic setting . i wonder if the same people made the same judgment about moulin rouge . i suggest not .",1,0
the first review i saw of page 3 said what is madhur bhandarkar finally wants to say ? . should he say something so decisive . br br the most beautiful thing about page 3 is it doesn't take sides . no propaganda whatsoever . this is the film that captures so many angles of an issuei don't know what do i call as an issue here and yet like any mediocre movie doesn't come up with an solution . i was so intrigued when i realized that the movie ended almost in the same scenario just like it started . br br the movie defines so many characters who are completely with completely different priorities and different ideologies and yet they are all a part of the system which is all the more apathetic . i wish i can say more but there would be more spoilers ahead . so watch page 3 if you wanna see one of the most mature films of the recent times .,1,0
"remember that friend in college who always insisted you rent the weirdest movie possible ? this is the movie he would have made if he'd had the chance . br br i wish i could tell you exactly what sea of dust was about . it pretends to be the story of a doctor who gets sucked into weird goings on in the black forest . he goes there to help , but ends up being caught between two young women , both of whom he seems to have a thing for . but that's just scratching the surface . this is the kind of movie where things just randomly happen . . . and not nice thing . people are constantly being whipped and stabbed . there's a pair of creepy little girls who appear to have walked out of the shining . tom savini is some kind of imaginary religious figure who decides he doesn't want to be imaginary anymore . he's got a plan to take over the world by sharing jesus suffering . br br on some level , this is a movie about sex . it's one without nudity , which was a disappointment , but there's no mistaking the intent . on another whole level , it's a stoner's paradise . unexpected stuff happens so often that it stops being unexpected . by the time the doctor travels through his girlfriend's birth canal to be reborn , you'll just chalk it up to the crazy nature of the flick . br br on the down side , the film is pretty wordy . some of the points are hammered home over and over . if you're watching it with a bunch of stoned friends , this might prove an asset .",1,0
"before i begin , let me tell you how great this standup special sounds when you play sonic adventure i dx director's cut at the same time red mountain level in particular . so while watching this standup special , i suggest no , demand you do it . br br carlos mencia takes his standup to the extreme in san francisco , california . there , he makes fun of everybody with absolutely no apologies . br br i am pretty much thanking god here that carlos didn't do his thing in which he uses the same joke over and over and over and over and over again . he does a tremendous job making fun of everyone and at the same time be truthful about it ; i know a couple of times i said , after carlos said a joke , damn , this guy makes a good point ! and then the game over screen came over my tv because i forgot i was playing sonic adventure i dx director's cut . my bad so yeah , there's nothing to complain about this standup special . if you have tivo or something like that , please do yourself a favor and record this historic hour .",1,0
"totally disgusting and cheap bawdy humor . i loved it ! ! ! it is the most disgusting and totally horribly acted film , except for nicolas read , who plays an undead court jester , to comic brilliance . but being that as it may , i laughed so many times and i have to hand it to the film makers , it wasn't pretentious or ordinary in any way . raping , fighting , zombies vomitting on their rape victims . what other movie has this ? not for the quesy , but with a pizza , a bong , and a six pack of beer , you got it made , if you have a cast iron stomach and a juvenille sense of humor like myself .",1,0
"ugh , what an embarrassing episode last night ! it was either a failed script for abc afterschool special , or the product of an earnest rookie writer , just out of college , making an homage to that classic pc antigun homily from 1974 , the gun . in fact hubby were disappointed that the closing shot wasn't of the gun being melted down like in the movie ! br br no , i'm not some nra shill . it's just that when the producer of an intelligent nuanced series gets it in his head that i should be subjected to a didactic dramatization of his personal cause , i'd appreciate it if the lecture at least wasn't delivered via 2by4 . geez ! br br ok , the sociology lesson is over . the message has been delivered . the important episode has been aired . now let's get back to some entertaining episodes that try to respect our intelligence .",1,0
"overall , i agree wholly with ebert's review . in a sense , i feel that i should not even be commenting since it is so much a vet's movie and i am not a vet i was a resister . the flaw is that martha is badly underdeveloped and does not act consistently . my guess is that stephen metcalfe is a vet himself and spent too little planning time on her character .",1,0
"may i never have to go to this hospital or hospice , if i want to be politically correct which ass coined this asinine phrase , anyway ? , for anything other than directions on how to get out of town . george c . did a masterful job playing the burned out , over worked cynic who has come to the conclusion that his life has been a waste , but is helpless to change his environment or conditions even when given a golden opportunity which probably wasn't so golden anyway . i got several laughs out of this brutally black comedy , however at the same time was sobered and often chilled to the marrow because i fear this very atmosphere pervades most houses of healing even as i write .",1,0
"generally it was a good movie with an ideal ending ; the acting was spectacular and the characters didn't stray from their persons . i especially liked the plot , although you knew what was going to happen it still gave the element of surprise through out the entire movie . however , i find that coming on to the ending it could have been a little longer extended maybe to me it seemed like it was rushed a bit ; as if the writer was trying to take linens off the lines before the rain fell . for instance what happened to tristan's brother , hayden ? for all we know he died in the hospital . maybe he was the one that setup the entire thing ? ! who knows ! maybe there will be a sequel ? maybe ? if there is . . i cant wait to see it .",1,0
"this movie is a piece of the time in which it was made . . . . . realistic . movies were not candy coated during the late 60s and early 70s . the producers did not try to create some happy ending that didn't exist . the lack of a happy ending would create agitation in the audience that , hopefully would spur them on to action . at least that's how it seemed at the time . in today's movie world this movie would probably not be done . there would , definitely , not be this ending , however realistic . the sad fact is that the movie depicted a situation which could not be improved upon without action from the improvement of the relationship between the white southern traditional thinking and the progressive movements of that time .",1,0
"one day a red alley cat is fed up of being kicked by people and attacked by dogs and muses that life would be better if he were a skunk . he then paints himself black with a white stripe down his back and adds a bit of limburger cheese to make him stink . at first life couldn't be better for him , the dog flees and the butcher abandons his shop letting the cat walk off with a pile of meat . just as he is thinking everything is perfect he is noticed by a real skunk , not just any skunk but the overly amorous pep le pew . pep mistakes the poor cat for a female skunk and pursues him thinking his protestations are just shyness . our poor cat thinks he has escaped when he throws a skunk skin from a tall building so that pep will think he is dead , at first it seems to work but as he sneaks off pep sees him and instantly forgets the dead skunk . in the end the cat realises he was better off being kicked and attacked than being lusted after by a randy skunk . . . there is a nice ending for the skunk too when his wife finds out what he has been up to . br br this was a fairly funny introduction to pep le pew who back then was just overly amorous but now looks like a randy sexually harassing stalker , although he was punished for his behaviour in the end .",1,0
"it was a movie that made ya think a little . some parts a little cheesy , some parts pretty good . plot did thicken at times and just when you thought angella sandra found a friend the friend was fraud or dead . all i got to say is that dennis miller should have been in the whole movie . his character was the best , very refreshing after all the crap angella went through . he would have lifted me and angella through the dumps .",1,0
"how good is this film ? apparently , good enough that they plan to remake it in 2011 . jeanpierre melville , who gave us le doulos and the good thief , wrote and directed this film . br br the film is almost a silent . these are men of few words , preferring to let their actions speak for them . they live by a code that governs their every move . br br there are some great actors in this film alain delon the leopard , yves montand jean de florette , let's make love , and gian maria volonte el indio from a fistful of dollars a few dollars more . the film does not shine on them ; they are along for the ride that melville has for them . melville makes the film ; they make it better . br br you see melville's work in the ocean films , but they just get the idea . the can't make it work like he did . a great loss in the seventies , but his work remains for our pleasure .",1,0
"it's hard to imagine a director capable of such godawful crap as 'notting hill' pulling off something as sensitive and as attractive as this , but well , here's the evidence and it's quite compelling . several have alluded to tv drama , and yes , this does have a seventies play for today feel at times , but is always a cut above , mainly i think owing to some quite superlative acting from anne reid and to a fine script which shadowboxes with clich without ever getting one on the nose , except maybe right at the end . i didn't like either the tracking shot of indifferent goodbyes through the hallway , nor the ohwhatabeautifulmorning final scene she deserved a more studied finale than that i think , after all that hard work . the slippers business was a bit ott too , on reflection . br br what i mean about avoiding clich well , i for one had a sinking expectation that the mature man may's daughter tries to set her up with would be cast in 2 dimensions as a repulsive old bore , so as to point the contrast more painfully with the attractive , virile young geezer he is unwittingly competing with . instead , we get an unexpectedly subtle and sympathetic cameo of a lonely , clumsy , not entirely unlikeable and very human fellow , who nevertheless doesn't have much of a clue about entertaining a woman . it was around that point i started to sit up and pay more attention . here was a script that let the actors breathe and do something interesting with fairly minor parts . almost mike leigh in that respect minus the contrived catharses that the latter inexplicably goes in for . br br and of course i was , as everyone probably was , dumbfounded by what anne reid does with her character and with her body . she's not the repressed , dutiful housewife discovering herself for the first time , this is far too simplistic for the character we have . again and again there are allusions to her having been a bad housewife , not to mention that thing she does with trays , trying to look nurturing and comely and only succeeding in looking awkward . the daughter accuses her of having sat in front of the tv all day instead of , well , whatever her motherly duties might be presumed to have been she has no answer . she never was a model wife and mother , at least not to herself that's where a lot of the poignancy comes from , the sense of someone having wasted a life trying to fulfil a role she simply wasn't good at , ever .",1,0
"i hate reading reviews that say something like , 'don't waste your time , this film stinks on ice . ' it does to that reviewer yet for me , it may have some sort of nave charm . if you like the other 'whistler' series films , this one will be watchable . if you like 40s noirish films , this one will be watchable . br br this film is not as good , in my opinion , as any of the earlier series entries which starred richard dix as the protagonist . it's much slower , and the plot is trite . you've seen this same narrative device used in many other films , and usually better . br br but the acting is good , and so is the lighting , and the dialog . it's just lacking in energy and you'll likely figure out exactly what's going on and how it's all going to come out in the end not more than a quarter of the way through . br br the 'whistler' series is seminoir , and there character , mood , lighting , camera movement and angles are more important than the story itself . but this film is not noir . it's too light weight and hollywood innocent for that . neither richard dix's character nor those of any of his ladies in the previous films had to come to a good end . you just never knew until the end . br br but still , i'll recommend this one for at least a single viewing . i've watched it at least twice myself , and got a reasonable amount of enjoyment out of it both times .",1,0
"previously , i wrote that i loved titanic , cried at its ending many times over , and i'm a guy in his 60's . i also wondered about why this great movie , which won so many awards and was applauded by so many critics , was given only a 7 . 0 rating by imdb . com users . br br well , i looked at the breakdown of the user ratings . while 29 . 0 of all votes gave it a 10 rating , 10 . 7 gave it a 1 rating . these 10 . 7 of these irrational imdb users , in effect , pulled the overall rating down to 7 . 0 . br br in my previous comments , i blamed this very unusual voting pattern a sudden surge in 1 ratings , with a high 10 rating , dropping only gradually and then suddenly reversing course and jumping at the 1 rating level on only one thing hatred for leonardo dicaprio . believe me , i've tuned into enough chat rooms to see the banter by young people young men , mostly , who defame him left and right . they absolutely hate the man , and they will have no part in giving him any credit in titanic . to answer one other user i am not talking about someone who just really doesn't like the movie that much , and gave it a 5 or a 6 , etc . everyone has , and is entitled to , hisher own taste . but no one can convince me that the imdb rating of only 7 . 0 overall for titanic , pulled to that level by an inordinate number of ridiculous 1 ratings , is a fair reflection of the overall motion picture . br br let me demonstrate my point by comparing the imdb user voting pattern of titanic to 5 randomly chosen box office and critical bombs there are many more , but these 5 will prove my point . heaven's gate 1980 was pulled from the theaters quickly after a very poor box office showing , and imdb voters' ratings were 23 . 2 10 ratings and 9 . 2 1 ratings overall rating of 6 . 1 . big top peewee 1988 got 4 . 3 10 ratings and 9 . 9 1 ratings overall rating of 4 . 5 . cat people 1982 got 6 . 1 10 ratings and 2 . 6 1 ratings overall rating of 5 . 8 . blind date 1987 got 3 . 0 10 ratings and 2 . 8 1 ratings overall rating of 5 . 3 . jumpin' jack flash 1986 got 4 . 4 10 ratings and 3 . 7 1 ratings overall rating of 5 . 2 . what do all of these films have in common with titanic ? all of the percentages of their 1 ratings are lower ! ! ! ! than titanic , and none of these stinkers ever was nominated for a single award . again , titanic got 10 . 7 1 ratings ! compare that to the other 5 movies i just mentioned . br br can there be any explanation other than the hatred of leo factor ? br br",1,0
"forget easy rider head is the film about the 1960s . br br almost laugh as the monkees reduce their entire career to a oneminute tv commercial about dandruff ! see the 50 foot victor mature try to figure out what the heck he's doing in this film ! hear frank zappa with his pet cow on leash tell davey jones your music is awfully white ! experience the monkees' only live performance as a real rock band play the honesttogosh firstever real punkrock song circle sky ! listen as davey jones sings a harry nielsen song about having a transsexual father ! be confused be very confused , as confused as terri garr is when mickey dolenz makes sexual innuendos about her in her film debut ! witness futile protests against the vietnam war leap out of nowhere and just as quickly disappear ! watch mike nesmith spit on christmas while wearing a velvet victorian smoking jacket in a cobwebbed gothic horrormovie soundstage ! let yourself drift into the karmic bliss inspired by a comicbook version of indian mysticism delivered by a hammy white characteractor in blackface , while peter tork pretends that he knows how to play a guitar ! discover academy award winning director bob rafelson's first feature length film , as written by academy award winning actor jack nicholson ! pretend it's not happening when the monkees commit group suicide by jumping off the golden gate bridge ! take drugs take a lot of drugs take as many drugs as the cast and crew evidently did while making this film ! br br with head , the monkees revealed themselves as the angriest , snottiest entertainers in hollywood history , bar none . it is bewildering to discover that they blamed the failure of this film on bad promo . to be sure , the promotion was virtually nonexistent ; but did they not recognize how angry , how downright depressing , how selfdestructive this film actually is ? ! i mean , this film is a trip on bad acid to the suicide ward of a mental hospital . the only film i know to be this depressing is terry gilliam's brazil ; and like brazil , this film reveals why life in the later 20th century was almost unbearable if you were lucky . it's not simply that western culture was suffering from serious informationoverload , but the information itself was just bad , bad , more bad , and dismal . in fact , it was the overload effect itself that kept people going , since this allowed people to keep distracting themselves with one crisis or another if news from vietnam became too much to bear , they could turn the channel and watch a documentary on the rising unemployment rate . br br the positive response to the reality revealed in head was woodstock three days of peace and love and nudity and mud and bugs and bad food and dirty drink and poop and pee and bad acid and peter townsend almost killing abbie hoffman . all taking place behind a steel fence , under the lovingly watchful eyes of a veritable army of ny state troopers meaning that the freedom of woodstock nation was as illusory as the song john sebastion thought he was singing while so strung out he could barely speak . 500 , 000 assholes too stupid to come in out of the rain , was one critic's judgment on woodstock i think it was andy warhol . br br the one good thing occurring there was jimi hendrix's star spangled banner . two years previously , the jimi hendrix experience had gone on their first national tour of america , as the warmup band opening for the monkees . br br see , it's all connected somehow . br br you owe it to yourself nay , you owe it to your unborn children to see the real 1960s , only to be found on film in this bizarre , miraculous , and utterly absurd tribute to one of the more interesting capitalist scams of the later 20th century .",1,0
"definitely needed a little work in season 2 . such as the virus between max and logan , and ames white along with his ancient , super cult . during season two , however , the only thing that kept me watching was to see if max and logan would ever get rid of the nasty virus infecting max . very good drama in season two . but of course like all tv shows , if there's something a little wrong with it , the broadcasting company takes it off the air . i was seriously hoping for a third and final season . season 2 leaves you hanging , unless you read the books by max allan collins , then you will know what happens . br br dark angel should be put back on the air for one more season even though it might cost a lot just to get all the original actors again . since jessica alba's carrier sky rocketed after the show . if that would be the case , then there should be a movie to complete it . just like the show firefly , which of course fox canceled as well .",1,0
"to start with , i have done some further research on the film . firslty , jules dassin directed and acted in this extremely imaginative and different film noir crime film . secondly , this was a very low budget film , created in the rennaissance of the prime moment of film noir . thirdly , the jewelers where the robbery was attempted is an actual jewelers . the producers of rififi asked them to film their , surprisingly , i quote jules dassin in a recent interview on the subject , surprisingly , for some not very obvious reason , they were delighted at the idea of a crime film being set in their shop . br br it's impeccable characters and plot fit in so beautifully with their surroundings . to add on to my praise i will say this ; some might say that this was a typical hollywood film , on the contrary , this set the base for the regular plot of a hollywood crime film . br br laslty , i would like to say that i support this fresh idea of a film where not only one side wins , and that side doesn't always have to be the good one . for once , i can say that a film is not predictable ! ten stars !",1,0
"i was completely drawn into the story , but i wonder if perhaps i shouldn't have been so sympathetic to the hurt character's plight for respect . because when it boils down , i really think that glam reporters such as barbara walters is the devil . . . . or maybe the filmmakers were telling us that we're all unknowing supporters of fluff news stories .",1,0
"one thing that came across to me in watching this film is that it was funexciting for the cast and crew ; i could sense that they were going up against the budget constraint with enthusiasm dedication because they apparently liked the people involved . br br i tend to like b movies that are original and have heart , and i think this is one such work . the actors seem to me to be putting there hearts in it more than usual , maybe because of some good direction from the lead actressdirector , and they evidently were clear enough in their parts of the story to make a coherent , watchable piece of art . br br the critiques of this film that more or less say , why not just rent a hardcore porn movie , make the point as to why they didn't like the film . going to this film hoping for a lot of ta without patience for the material of the plot is why it is so unenjoyable for them . one could say the movie is more of a romantic work than a softcore porn movie , even though i take it the star has done her share of soft porn . i think she graduated . br br in terms of the writing , the dialog is not a huge part of the movie , like in a tarentino film , but the plot is decent and the twists are original and sometimes fun . particularly the ending is not a disappointment but a pleasure , with the villianessheroine and the leading man learning from their complex web of feelings . br br i understand that the producer got a 3 film deal out of this . hats off for proving a few tens of thousands of dollars can go pretty far if you have some artistic sensibility and pride . br br gabriella and the other girls with scenes of nudity were likable along with being hot , not just airhead bimbos , so as an erotic science fantasy piece with some gorgeous nude art , even with the limits of bmovie land , not disappointing .",1,0
"so here's a bit of background on how i came to see this movie . as you probably know , this is the original french film , that was then remade quelle surprise by hollywood as wicker park . well i avoided that movie like the plague when it was first released , simply because , a i knew it had absolutely nothing to do with wicker park , and living in chicago , i didn't see why they called it that it was filmed in fricking canada for a start ! b i have a very hard time bothering with pointless remakes , done purely because hollywood thinks we're too bone idle to read a few subtitles i am dreading the remake of infernal affairs by the way and c i can't stand josh hartnett , 'nuff said there . br br however , i came across wp on tv the other day , probably about half an hour in , and i have to say initially , it made no sense at all , until about half an hour from the end , when it started coming together . by the end , i was really surprised to find myself really into it , and then the ending just seemed so good a perfect combination of story , passion and ending with possibly one of the greatest musical choices i've ever seen heard ? ? . br br since then i've heard a lot about the l'appartement vs . wicker park argument and looking at wp , i still say it has bugger all to do with chicago , but there seemed something about it that i liked , so when it was on again , i watched it again unfortunately , still missing the first chunk i've still yet to see it ! , and i still thought it was pretty good . heck , even josh hartnett seemed good ! but i was curious about l'appartement and wanted to see what all the fuss was about . so i waited and waited to catch l'appartement somewhere somehow . netflix let me down , so i ended up getting a copy from some website in ireland . and i've just watched it . br br it's really kind of weird , but a good weird . a classic french film . great acting , romane bohringer is an absolute gem sorry , but she acts monica bellucci off the screen in every scene . vincent cassel was a weird choice for the lead but by the end he works . and i've seen jeanphilippe ecoffey in a lot of movies and i just love him the scene where alice dumps him in the restaurant and he just looks like someone's told him his puppy's been run over was excruciating ! but , i can honestly say , having seen wp and pretty much expecting that to have been a scene for scene copy as about 75 of the rest of the movie had been maybe in a different order , but come on , the scene with the coffee in the glasses ? ? word for word ! ! , you can imagine my surprise when i watched the ending of l'appartement ! ! i can literally say i was blown away hmm , a bit like poor old lucien was through the cafe window really ! so , be prepared , if you've seen wicker park and you fancy taking a look at the original like i did , do not make the mistake of expecting an identical movie , because you'll either be disappointed , or exhilarated at a piece of french movie history a prime example of how you can watch a movie , think you're going to watch a pithy happy ending , and get whiplash from the total spin in the opposite direction right at the end . definitely catch this movie . oh and while you're at , maybe not too near the same time , but down the road , take a look at wicker park , it'll surprise you too .",1,0
"i completely disagree with the other comments posted on this movie . for instance , the movie is based on the book and if the writer had a gay character in it then how could hollywood just throw in a token gay character in the movie . and besides there was two gay characters and i thought they reflected each other great . one was normal and the other was more feminine but it wasn't over the top . and diane keaton gave a wonderful performance and if the other reviewer had the decency to actual watch the entire film they would have seen that her character developed through out the film by interacting with the other characters . for instance when she and adam went to look at the car that sara crashed in the junkyard you could see the maternal side of her come out and later in the film you saw that she too was invincible . but i guess if you're too worried about gay characters and characters that are flawed then this movie is bad . but if you're more openminded and i don't know actually have some inkling of what is good then you'll enjoy this film .",1,0
the knowledge is a typical british comedy for the period . to someone who is not familiar of the process of becoming a london cabby the film is bound to seem very average with a few laughs from a few old faces . br br the knowledge however comes into its own for knowledge boys like myself or their wife's who know what these poor individuals are going through . and find yourself comparing incidents of your own to that of the characters .,1,0
"the night listener 2006 12 robin williams , toni collette , bobby cannavale , rory culkin , joe morton , sandra oh , john cullum , lisa emery , becky ann baker . dir patrick stettner br br hitchcockian suspenser gives williams a standout lowkey performance . br br what is it about celebrities and fans ? what is the near paranoia one associates with the other and why is it almost the norm ? br br in the latest derange fan scenario , based on true events no less , williams stars as a talkradio personality named gabriel no one , who reads stories he's penned over the airwaves and has accumulated an interesting fan in the form of a young boy named pete logand culkin who has submitted a manuscript about the travails of his troubled youth to no one's editor ashe morton who gives it to no one to read for himself . br br no one is naturally disturbed but ultimately intrigued about the nightmarish existence of pete being abducted and sexually abused for years until he was finally rescued by a nurse named donna collette giving an excellent performance who has adopted the boy but her correspondence with no one reveals that pete is dying from aids . naturally no one wants to meet the fans but is suddenly in doubt to their possibly devious ulterior motives when the seed is planted by his estranged lover jess cannavale whose sudden departure from their new york city apartment has no one in an emotional tailspin that has only now grown into a tempest in a teacup when he decides to do some investigating into donna and pete's backgrounds discovering some truths that he didn't anticipate . br br written by armistead maupin who cowrote the screenplay with his former lover terry anderson and the film's novice director stettner and based on a true story about a fan's hoax found out has some hitchcockian moments that run on full tilt like any good old fashioned potboiler does . it helps that williams gives a standout , lowkey performance as the conflicted goodhearted personality who genuinely wants to believe that his number one fan is in fact real and does love him the one thing that has escaped his own reality and has some unsettling dreadful moments with the creepy collette whose one physical trait i will leave unmentioned but underlines the desperation of her character that can rattle you to the core . br br however the film runs out of gas and eventually becomes a bit repetitive and predictable despite a finely directed piece of hoodwink and mystery by stettner , it pays to listen to your own inner voice be careful of what you hope for .",1,0
"i only gave this nine stars instead of ten because i really don't approve of pornography all that much . pornography has a useful purpose in societycan't say i can always think of onebut it probably does . br br personal viewpoints set aside , i really thought this film was pretty funny . i didn't buy this movie because it was pornography , i bought it because i am one of those 'alice' obsessives who will watch anything about 'alice in wonderland' . i own just about every version there is on dvd so it was an obvious choice to complete my dvd collection with this . i must admit i was scandalized beyond my expectations , and the whole thing would have been thoroughly offensive if it hadn't been so damned funny . besides , the music is really good and i like musicals . br br not everyone can make a good nudie musical . anyone that has seen 'the first nudie musical' knows what a stinkbomb that was . considering what a low budget bill osco worked with , 'alice' is pretty remarkable as a musicalit's better than some musicals made on costly budgets . br br the film can't totally escape the dirtiness of porn . i usually watch the xxx version for full shock effect and some of those scenes are scandalizingscandalizing because we are talking about lewis carroll . i found myself feeling very uncomfortable and embarrassed during the scene where 'alice'kristine debell starts masturbating . it made me feel like a voyeur . and the gratuitous lesbian scenes with 'alice' and the kittycats were a bit too racey . br br the film has a great sense of humor about everything however . there is one especially funny moment during the queen's orgy when one of the actresses gets up and says who do i have to fk to get out of this movie ? . hilarious . br br i'm not sure i buy the whole sex is good for you ball your brains out philosophy here , but sex is human , and nothing human disgust me . i don't know if i really feel that way , but i couldn't resist saying itsome people think everything should be about sex . i dunno . jeez , just show some frick'in responsibility and decorum . this movie definitely scores points for the sexminded , but i wouldn't push your luck , next time you might really freak someone out . i mean we are dealing with children's literature here .",1,0
"the melting man . . . a tragic victim of the space race , he perished melting . . . never comprehending the race had long gone by . . . ! br br a man burr debenning burns his hand on the kitchen stove . but instead of screaming something a normal person would scream , he shouts something that sounds like aaaaatchkah ! ! this movie you've popped in . . . isn't a normal movie . you've just taken your first step into the incredible melting man , the famous late70's gore film featuring rick baker's wonderful makeup effects . baker was just on the edge of becoming a superstar , and did this at the same time as his famous cantina aliens in star wars . for some strange reason , star wars became a household name , and incredible melting man did not . br br it might have something to do with the fact that this movie is just mindnumbingly awful . from the opening credits starring alex rebar as the incredible melting man . . . that's really what it says ! , to the chubby nurse running through a glass door , to the fisherman's head going over a waterfall and smashing graphically apart on some rocks , this film provides many , many moments of sheer incomprehensibility . why did they . . . but how come he . . . why are they . . . ? after a while , you give up wondering why and watch it as what it isa very entertaining piece of garbage . br br an astronaut returns to earth in a melting , radioactive condition ; he escapes and , his mind disintegrating as well as his body , begins a mad melting killing spree . the authorities quickly decide that the melting man must be stopped , but probably not wanting to cause a panic want him captured as quietly as possible . so they send one guy with a geiger counter after him . wow . br br storywise , surprisingly little happens during the movie . the melting guy wanders around killing people . a doctor searches for him with a geiger counter . various characters are introduced , ask questions , and leave . eventually the doctor catches up with the melting man , but is shot by a security guard for no reason , after he explains that he's dr . ted nelson . the melting man wanders off and finally dissolves into a big puddle of goo . the end . br br it's so brainless that it somehow ends up being a lot of fun , despite a fairly downbeat ending . supposedly , a widescreen dvd release is planned . a very special movie .",1,0
"this movie makes me want to fall in love all over again ! i am naming my next daughter adelaide . just so that someone who sings like ol blue eyes can swoon her one day , and feel the butterflies i felt hearing it sung , and it wasn't even to me ! i give it a 910",1,0
"honestly , i was expecting to hate this one , and really only checked it out because jenna jameson is in it . . . but i have to say i got a kick out of evil breed . a group of college kids and their teacher go on a field trip to ireland . their lodgings are located near the woods where it is rumored that strange things happen and tourists often disappear without a trace . the group of postteens is warned by the property's caretaker not to venture into the woods but being the stupid bmovie characters that they are of course they pay no attention and pay for their mistake onebyone . . . first off , there is plenty wrong with evil breed . the actingdialog is pretty weak , and my major gripe is that a film that has jenna jameson , chasey lain , ginger lynn , and taylor hayes should have far more gratuitous nudity than was on display here and jenna's role in this production is grossly overhyped , as she has a combined total of about 2 minutes of screen time . even less with chasey , and ginger lynn shows no skin and has the worst irish accent ever . also the last scene of the film makes absolutely no sense and feels like it's thrown in just to end the film . those gripes aside there is some good stuff as well . richard greico and chasey lain are both dispatched early on , with greico's nude torso ending up on a roasting spit and chasey's guts hanging out from being torn in half though how she ends up this way isn't shown onscreen . . . not bad for the first 5 minutes . the other kill scenes are pretty inventive , including jenna's forced breast implant removal , a guy getting his colon pulled out through his ass , a knife through the face , and a few other notables . the implant and colon scenes also have uncut versions that are on the special features and it's a shame the producers made them chop 'em , so to speak . also the film moves along at a pretty good clip once it gets moving so you don't really have too much time to be bored . the creature fx are also done competently which definitely helps . overall , evil breed was not nearly as bad as i expected . this one , along with satan's little helper have almost renewed my interest in american lowbudget straighttovideo films . i usually steer clear of them as a whole , but these two have been decent enough to give me some faith . evil breed is no masterpiece , but it is a decent way to blow 90 minutes might not hurt to suck on a bottle of cheap bourbon while you're at it i know i was , and i'm sure it didn't hurt the experience . 7 . 510",1,0
"i saw this movie when it first came out in 1973 and loved it . since then i've searched for a video but never found it until now , 33 years later , when i ordered it from moviehunter . sorry to say it doesn't hold up . this glamourized version just can't rise up to the 1937 production level . i love burt bacharach's musical score , that is if listend to by itself , and i even bought a cd of it , but for my taste it doesn't lend itself well to this mysterious and compelling story . just doesn't fit . michael york is lost here . sally kellerman tosses off a fine performance but olivia hussy is just ridiculous and not worth lugging through the himalayas . the best performance is charles boyer as the head lama .",1,0
"most yeti pictures are fatally undermined by a grave paucity of energy and enthusiasm . not so this gloriously bent , batty and berserk overthetop italianmade shotincanada kitsch gutbuster it's a wildly ripe and vigorously moronic ghastly marvel which reaches a stunning apotheosis of righteously overbaked what the hell's going on ? crackpot excess and inanity . br br a freighter ship crew discovers the body of a 30foot yeti that resembles a hirsute 70's disco stud complete with jumbo wavy afro perfectly preserved in a large chunk of ice . they dethaw the beast , jolt him back to life with electric charges , grossly mistreat him , and keep the poor hairy goliath in an enormous glass booth . before you can say hey , the filmmakers are obviously ripping off 'king kong' , our titanic abominable snowdude breaks free of his cage , grabs the first luscious nubile blonde euro vixen the gorgeous pheonix grant he lays lustful eyes on , and storms away with his new lady love . the yeti gets recaptured and flown to toronto to be showed off to a gawking audience . of course , he breaks free again , nabs the vixen , and goes on the expected stomping around the city rampage . br br the sublimely stupid dialogue sample line philosophy has no place in science , professor , cheesy far from special effects the horrendous transparent blue screen work and cruddy tonka toy miniatures are especially uproarious in their very jawdropping awfulness , clunky misdirection , and a heavyhanded script that even attempts a clumsily sincere is the yeti a man or a beast ? ethical debate all combine together to create one of the single most delightfully ridiculous giant monster flicks to ever roar its absurd way across the big screen . better still , we also have a few funky offbeat touches to add extra shoddy spice to the already succulently schlocky cinematic brew the vixen accidentally brushes against one of the yeti's nipples , which causes it to harden and elicits a big , leering grin of approval from the lecherous behemoth ! ; the vixen nurses the yeti's wounded hand while he makes googoo eyes at her , the yeti smashes windows with his feet while climbing a towering office building , and the furry fellow even breaks a man's neck with his toes ! ! . overall , this singularly screwball and shamefully unheralded shouldbe camp classic stands tall as a remarkable monolith of infectiously asinine celluloid lunacy that's eminently worthy of a substantial hardcore underground cult following .",1,0
"it's fun to watch a young james cagney doing his thing . he plays the cheapskate weights and measures guy who takes his job very seriously , stepping on the toes of a group of crooked politicians . he is offered the world , but keeps his integrity . he is beaten and set up , but that's the problem . we never know if he is really in danger . they say he's in a spot , but still seems to have carte blanche to move around and do what he needs to do . at times he's so cocky he doesn't do much to protect himself . his allies are in the police department but just about everything else is pretty corrupt . he perseveres almost too good to be true , of course , and we pull for him . the problem for me is a lack of sustained suspense . it would have been much better if he had had to clear his name . he never drops into the depths , even when rejected by his wife to be . it's still fun with the bad guys kind of imploding . see it just to watch cagney do his tough guy posturing .",1,0
"basically an endearingly chintzy and moronic 1 . 50 version of the nifty early 80's subterranean creature feature favorite the boogens , this entertainingly schlocky cheapie centers on a nasty , squirmy , wriggling monster who makes an instant meal out of any unfortunate souls foolhardy enough to go poking around the notoriously off limits gold spike mine . your standardissue motley assortment of intrepid boneheads hectoring hardnosed mine boss , cute , but insipid blonde babe , feisty lady geologist , boozy , inexplicably aussieaccented ! seasoned old mine hand , charmless doofus , hunky , jolly guy , and , arguably the most annoying character of the uniformly irritating bunch , a nerdy bespectacled aspiring writer dweeb who's prone to speaking in flowery , melodramatic utterances trek into the dark , uninviting cave in search of gold . naturally , these intensely insufferable imbeciles discover that the allegedly abandoned mine is the home of a deadly , ugly , multitentacled beast who in time honored hoary bflick fashion proceeds to gruesomely bag the group one at a time . directed , cowritten , coproduced and coedited with dumbfounding maladroitness by melanie anne phillips , acted with dismaying flatness by a rank noname cast , further marred by lethargic pacing , a drably meandering narrative , murky , underlit , eyestraining cinematography , a shivery , redundantly thudding pseudojohn carpenter synthesizer score , and a cruddy , herkyjerky stop motion animation wormoid thingie that's only quickly glimpsed at the very end of the movie , this extremely clunky , amateurish and hence quite delectably dreadful wouldbe scarefest commits all the necessary bad film missteps to qualify as a real fourstar stinkeroonie .",1,0
"i bought this cheap from the rental remnant at our local store . it was in almost mint condition , and i'd never heard of it before . clearly nobody else had either . br br i can't believe my luck . you go through the whole realm of emotions and it attempts to get over a complex message the very moral and nontriumphalist stance of the mandela party , undoubtedly . despite its enormous length i had to watch it in two sittings it was like a book one couldn't put down . perhaps the songs are not all that memorable , but the spirit of the thing glows on forever . i cannot understand comments that a musical clearly designed for stage is not realistic ! i've seen south pacific and read the book too , and can guarantee that musical is not realistic compared to the book . i'll treasure this little find until it wears out . one day they'll make this again on a better budget . br br",1,0
"after having watched guinea pig , two questions come in mind besides 'am i really a psychopath to watch that ? ' 'is it a snuff ? ' the answer is no ; although it's the closest thing to a snuff movie i've ever seen . and then 'where the hell have they found that girl ? ' . because she gets tortured for '45 min , without any reasons given in fact , there is nothing else in this movie ! fingernails teared off , beaten with hands , feet , tools , infested by maggots , . . . and many more until the final scene i'm still not sure how they did that . because it belongs to the 'japonese underground scene' , it's obvious she didn't get a lot of money . so what were her their motivations ? br br i saw it in japonese without subtitles , but it's not a problem no real dialogues , the boys are just insulting her in a few scenes . i haven't seen yet all the serial , but the first guinea pig is not known for being the best one . still i've rated 8 , because if the purpose was making people believe this a snuff , the issue is quite good ask charlie sheen , the actor . but i think they could have gone further , which they did in the following ones . br br another movie i'm hiding from my parents . br br 810",1,0
"hey there army sgt . i'm sorry dude but being a sgt in the army and being in the army national guard does not make you qualified to comment on a marine movie . you are not a marine and just because you wear a uniform doesn't mean you can relate to being a marine . we simply are the best , we have the hardest training , yes we have big heads about ourselves , but hey when you are the best , you like to strut your stuff . i was in the iraq invasion and in fallujah . i fought next to soldiers . you are not qualified to say anything about my marine corps . i hate to be the one that starts the whole which branch is better , but you have no right to say you are qualified to judge a marine movie . oh yeah . . . . . . we are drill instructors . . . . . . . not drill sgt's . that's the biggest clue you have no idea about what you are talking about . yeah we do not curse at recruits anymore . tell me , how is cussing at someone going to make them a better marine ? how will me hitting someone make a marine a better marine ? yes it is a kinder boot camp from what i went through . but we are dealing with different times and people . we are training people who are over all smarter than our generations recruits . we want smarter recruits , not meaner . and anyone who signs up to be a marine in the first place , has a dedication to be the best his country has to offer . we don't have to reinforce that in bootcamp . marines come to bootcamp wanting to be killers . we don't need to teach them that by demoralizing them by swearing at them and beating them . at least that is how i feel . and yes , i am qualified to say that . i have been on the battlefield numerous times and i have trained marines and recruits who eventually ended up on the battlefield . but then again , what do i know . i was just there , done that , got the tshirt . sgt of the army . . . . . . . get a clue !",1,0
"you can debate prince's acting talent , or even his choice to parody his own life in this film . there is no debate about his musical talent either then or now . he seems like a shadowy hasbeen twenty years later , but the music remains relevant and fantastic . br br having lived through the hype of this movie graduated high school in'85 i can tell you that there was nothing bigger at the time . from tipper gore al's wife trying to censor little nikki and every thing else under the sun via the pmrc parents music resource center to every air band at the time impersonating prince , it was the absolute hottest thing out . for a few weeks at least , prince was bigger than madonna and michael jackson . br br we all waited for the film and were soooooo excited when it premiered . it didn't disappoint . everyone was caught up . i was an mtv junkie at the timethey actually played music then . . . . all the timeprince played at least once or twice an hour . i must qualify this commentary by saying that , at that time , my favorites were billy idol , oingo boingo , the fixx , flock of seagulls and others in the punk new wave genre' the music of prince at the time transcended all types and styles . one of the reasons that some of it seems so cheesy and contrite now is that it was soooooooo big then . all the things that remind you of the 80's were iconic then . it was mainstream and it seems like a clich' now . it got so popular that it became ridiculous . it's like the rappin' granny commercial for wendy's hamburgers . br br it looks stupid now because everyone was caught up in it sadly , kind of like a bizarre purple macarena or something . anyway , i hope this gave you all a little insight .",1,0
"the brain that wouldn't die was considered so distasteful in 1959 that several cuts and the passage of three years was required before it was released in 1962 . today it is difficult to imagine how anyone could have taken the thing seriously even in 1959 ; the thing is both lurid and lewd , but it is also incredibly ludicrous in a profoundly bumptious sort of way . br br the story , of course , concerns a doctor who is an eager experimenter in transplanting limbsand when his girl friend is killed in a car crash he rushes her head to his secret lab . with the aid of a few telephone cords , a couple of clamps , and what looks very like a shallow baking pan , he brings her head back to life . but is she grateful ? not hardly . in fact , she seems mightily ticked off about the whole thing , particularly when it transpires that the doctor plans to attach her head to another body . br br as it happens , the doctor is picky about this new body he wants one built for speed , and he takes to cruising disconcerted women on city sidewalks , haunting strip joints , visiting body beautiful contests , and hunting down cheesecake models in search of endowments that will raise his eyebrow . but back at the lab , the head has developed a chemicallyinduced psychic link with another one of the doctor's experiments , this one so hideous that it is kept locked out of sight in a handy laboratory closet . can they work together to get rid of the bitter and malicious lab assistance , wreck revenge upon the doctor , and save the woman whose body he hankers for ? could be ! leading man jason evers plays the roguish doctor as if he's been given a massive dose of spanish fly ; virginia leith , the unhappy head , screeches and cackles in spite of the fact that she has no lungs and maybe not even any vocal chords . busty babes gyrate to incredibly tawdry music , actors make irrational character changes from line to line , the dialogue is even more nonsensical than the plot , and you'll need a calculator to add up the continuity goofs . on the whole the brain that wouldn't die comes off as even more unintentionally funny than an ed wood movie . br br director joseph green actually manages to keep the whole thing moving at pretty good clip , and looking at the film today it is easy to pick out scenes that influenced later directors , who no doubt saw the thing when they were young and impressionable and never quite got over it . the cuts made before the film went into release are forever lost , but the cuts made for television have been restored in the alpha release , and while the film and sound quality aren't particularly great it's just as well to recall that they probably weren't all that good to begin with . br br now , this is one of those movies that you'll either find incredibly dull or wildly hilarious , depending on your point of view , so it is very hard to give a recommendation . but i'll say this if your tastes run to the likes of ed wood or russ meyers , you need to snap this one up and now ! four stars for its cheesybizarreness alone ! gft , amazon reviewer",1,0
"citizen kane . . . . the godfather part ii . . . . d'urville martin's dolemite . this is the single greatest piece of celluloid ever created and unleashed upon humanity . rudy ray moore , in a role that transcends academy awards stars as dolemite , the baddest cat in the universe . he clearly does not take any jive from no turkey i myself am unfortunately a turkey and proves it with his powers of rapping , pimping , and karate chopping . this is blaxploitation at its absolute finest , a shining example of the genre with its low budget , continuity errors , and hatred for ratsoup eating honkey expletive expletive . the true godfather of rap not this new ali nonsense moore is something of a juxtaposition of acting technique ; somehow managing to be the most charismatic awful actor of the 1970's , and thats saying something . this one is highly recommended folks , if not for the oneliners alone .",1,0
"de sica is becoming one of my favorite directors , but this one was a hitandmiss for me . a grinning idiot youth becomes the leader of a community of illegal settlers in a deserted area outside milano . it is a detailed and sparkling story of the innocent poor masses , complete with evil capitalists and triggerhappy police forces , but slowly it evolves into a magic fantasy tale , as the boy wonder toto develops unlimited superhero powers . i had it up to here with the eversmiling toto after 10 minutes , and when the magic took over , i was left in the dust . there were so many wonderfully orchestrated shots , so many good characters among the settlers , that i kept thinking it was a waste the movie wasn't more serious with its material . the coupling of neorealism and fantasy comes out more as an experiment of the lookwhatwecanalsodomum sort than as a fully developed piece of workart .",1,0
"ok , i saw this in the theaters when it came out and i don't know why . i haven't seen it since , but i ended up on this page because i found myself thinking about this film again i don't know why . but the fact that i remember it speaks volumes . br br comedy is hard much harder than any drama . doing it right makes it seem easy , but doing it wrong . . . is there anything worse than a bad comedy ? steve martin , pay attention , you are falling in this category again for some reason . br br elvira mistress of the dark must have done it right for me to remember this movie fondly . done at a quick pace , with tongue in cheek and knowing it isn't the philedelphia story , it entertains from start to finish . brain donors is another that fits right in this category sans most of the gratuitous boob jokes . br br one point of contention the ending . it seems the writersdirector had no idea how to finish a comedy . the ending tries to be a love story , somewhat undermining the quirky fastpaced dialogue up to that point . then there is the tassle scene . whereas this has to be seen male opinion , it is so over the top and out of place it's like a shock . one more rewrite for the ending was needed . br br this is not comedy genius like spinal tap or the producers or the holy grail . but if you don't try to dissect it and just let the puns and sappy fun come to you , you'll laugh , i guarantee it .",1,0
"i saw sea of dust as part of a nyc screening audience several years ago . i enjoyed the film at that time , so i was a little confused by some of the amendments that had been made since . perhaps it's my memory , but there seemed to be chunks of exposition missing from the version that was shown at the rhode island film festival . i'm really not sure which version i prefer , but i can honestly say that i found something to appreciate it both . br br let me begin by warning everyone that this is not a popcorn movie . although it's been promoted as a hammer films tribute , people expecting a showdown between van helsing and dracula are going to be sorely disappointed . there's some cleavage , but no nudity a staple of the british production house's later movies . and while sea of dust is filled with gorgeous eye candy it really is shot like a sixties film , and features hammer starlet ingrid pitt , it's not like any of the company's pictures in tone or execution . this film is very dark , very confusing , and at times very funny . i don't remember the earlier version being quite as nutty as this one , but that's not a bad thing especially the showdown in the black forest that plays like a three stooges short . and some of ms pitt's rantings are quite entertaining . it's like somebody wound her up and turned her loose . br br the uniqueness of this film doesn't lie with the borrowed details , though . it's in the ideas . as an occasional sci fi channel viewer , i've regularly taken the network to task for its onenote variations on a theme cgi monster kills , then gets destroyed . sea of dust is so full of ideas that you start to trip over them after a while . br br but don't get me wrong . i'm not complaining . if anything , i applaud these guys for making such an enterprising lowbudget picture and for having the courage to pack it with so many concepts . it's not going to be a picnic for people who hate to think at the movies you know who you are . but for the rest of us , those of us who are tired of the formula of modern horror films , the predictability , the lack of respect for the audience , this may just be your ticket .",1,0
"i thought i should qualify my position after reading other reviews . the movie is not great , but it has a lot of great elements . the lighting and scenes along with the camera work are great . the story is slow and weak , but entertaining . the acting is bad , but no worse than you will find on the syfy channel . the music is pretty good and the gore is good . it has the great leather face in the film and is produced by bruce campbell . i watched the complete movie and while mostly predictable , it was still enjoyable . the women are attractive enough and the lead actor does a good job of being brooding and creepy . the movie was remarkably clean for a modern film and the violence appropriate for children 13 and up . there was no sex scenes . i gave it 7 out of 10 and i think that is fair . i would watch it again if i had nothing better to do . the gay sounding angel was the most annoying aspect of the film , the devil is quite creepy .",1,0
"rohmer returns to his historical dramas in the real story of grace elliot , an englishwoman who stayed in france during the apex of the french revolution . one always suspected that rohmer was a conservative , but who knew he was such a redblooded reactionary . if you can put aside rohmer's unabashed defense of the monarchy and that is not an easy thing to do , given that , for instance , the french lower classes are portrayed here as hideous louts , this is actually an elegant , intelligent and polished movie . lacking the money for a big cinematic recreation of 18th century france , rohmer has instead the actors play against obvious painted cardboards . it is a blatantly artificial conceit , but it somehow works . and newcomer lucy russell succeeds in making sympathetic a character that shouldn't be .",1,0
"we went to the cinema expecting a biggish budget release and got an arthouse movie . the movie was projected digitally onto about two thirds of the screen real estate with sloping edges classic of digital projection , and had a limited stereo soundtrack which was wasted on the cinema experience . br br the content of the film was the same old historical content we have all seen before , but heavily sanitized to prevent the audience being sick . live action scenes what little of them there were , were reused constantly in classic documentary style , which became annoying after a while . br br i was somewhat amazed that only 4 people turned up to watch it , guess the rest knew something we didn't . br br i suspect the producers made the film to recognize the ninetieth anniversary of gallipoli . i have to question whether they should have bothered . br br seven out of ten for trying , and out of respect for the anzac's .",1,0
oh my gosh i live in kentucky and when mellisa joan hart came to louisville she went right through my neighborhood and waved at me i am filthy rich so she wanted to look at my neighborhood oh and i love being rich any ways she came for the derby back to my interest in the show . . . . . . that show makes you want to point your finger at something and make it disappear i mean it is just so creative and i love it i would love to be on that show . . . . . . . that show is just amazing i mean who ever came up with that show i want to just give them a big kiss i mean it makes me feel better when i'm sick and makes me happy when i'm mad i mean if someone tells me they don't like it i will talk some sense in to you ok ok,1,0
"i guess i do not have too much to add . i found the comedy to still be funny after more than ten years since it came out . br br the one thing that i did notice was the music during the dialogue to be distracting and often made the movie very hook than it should have been . the use of songs is fine during the movie but the orchestral background is too busy , too contrived and if the movie was ever to be edited for dvd , i would seriously recommend that the background music be toned down to an almost inaudible level . it has cheapened the overall feel for the whole film and i can see subconsciously why a lot of people have passed it up . br br the film had a lot of levels working for it on the script , plot and comedy level . it is too bad that the producer and director felt they needed the musical schlock to enhance the mood . now knowing this , i find it hard to watch and i quietly curse whoever was involved with the musical editing in the film . it had all the subtlety of a jackhammer .",1,0
"so dark the night poses a tough challenge it's very hard to write about it in any detail without ruining it for those who haven't yet seen it . since it remains quite obscure , that includes just about everybody . the movie will strike those familiar with its director joseph h . lewis' better known titles in the noir cycle gun crazy , the big combo , even my name is julia ross , which in its brevity it resembles as an odd choice . br br for starters , the bucolic french countryside serves as its setting . steven geray , a middleaged detective with the surt in paris , sets out for a vacation in the village of ste . margot or maybe margaux . quite unexpectedly , he finds himself falling in love with the inkeepers' daughter micheline cheirel , even though she's betrothed to a roughhewn local farmer . but the siren song of life in paris is hard to resist , so she agrees to marry him , despite the disparity in their ages , which inevitably becomes the talk of the town . br br but on the night of their engagement party , she fails to return to the inn . soon , a hunchback finds her body by the river . her jealous , jilted lover is the logical suspect , but he , too , is found dead . then anonymous notes threaten more deaths , which come to pass . for the first time in his career , the bereaved geray finds himself stumped . . . . br br a particularly weak script all but does the movie in ; it plays like bad cornell woolrich crossed with the murder of roger ackroyd . but lewis does this creaky vehicle proud . he takes his time near the beginning , but then the story and the storytelling gain momentum alas , just about the time the script breaks an axle . burnett guffey lighted and photographed the film , with an intriguing leitmotif of peering out of and peeping into windows ; there's also an effective score by hugo friedhofer , who supplied aural menace to many noirs . a good deal of talent has been lavished on so dark the night , but at the end it boils down to not much more than a gimmick and not a very good gimmick at that . it's a onetrick pony of a movie . br br",1,0
"beautiful to watch , but what would be the first thing you would do the moment you discovered atlantis ? explore it ! here was a golden opportunity to take viewers someplace special . instead , disney reverted to the same old formula story telling .",1,0
"those of the instant gratification era of horror films will no doubt complain about this film's pace and lack of gratuitous effects and body count . the fact is , the empty acre is a good a example of how independent horror films should be done . br br if you avoid the indie racks because you are tired of annoying teens or twenty somethings getting killed by some baddie whose backstory could have come off the back of a count chocula box , the empty acre is the movie for you . br br set in the decaying remnants of the rural american dream , the empty acre is the tale of a young couple struggling with the disappearance of their sixmonthold baby . as the couple's weak relationship falls apart , a larger story plays out in the background . at night , a shapeless dark mass seethes from a sun baked barren acre on their farm and seemingly devours anything in its path , leaving no sign that it was ever there . br br the film is loaded with enigmatic characters and visual clues as to what is happening , and ends with a well executed ending that resonates with just enough left over questions to validate the writerdirector's faith in an intellectual audience . br br there seems to be a subtext concerning the death of the american dream , but i would hardly call the film an allegory . riveting , well acted , and technically astute , the empty acre is a fantastic little indie that thinking horror fans should love .",1,0
"i got a few laughs out of this one , more than a lot of other so called comedies . the big ship was a knockout and getting to see a lot of it's scenery was fun as was getting to see some of dyan cannon's curves . this wasn't the height of lemmon's and mattheau's career , but it wasn't a total dog as some suggest .",1,0
"it's probably a year since i saw uzak , but it has left strong memories of the two main characters , jaded photographer mahmut and his naive cousin from the village yusuf . br br it's a long film with very little dialogue and a quite limited plot . this has evidently annoyed a fair few viewers . but the film constructs such a painfully believable portrait of mahmut and yusuf that there's just as much emotional tension as in the paciest thriller . br br just to be clear , there's no padding in this film in the long pauses where no one speaks there as much happening in the characters' emotions and in yours , watching them as you could bear . go to see it awake and alert , and you'll be gripped rather than anaesthetised . br br uzak rings true in so many ways , and that sincerity is probably its greatest accomplishment . people don't grapple with events and problems , so much as with each other . in fact , in the whole film , there's probably not one point where the main characters mahmut , yusuf and mahmut's exwife nazan are not opposed . br br much of it is true the world over country cousin yusuf's perhaps wilfully naive expectation that a job on a ship will drop into his lap ; mahmut's urbanised cynicism and unwillingness to sympathise with yusuf . br br other truths are morespecific to turkey yusuf's incomprehension that mahmut might be tolerating his stay with gritted teeth ; yusuf veering between macho ambition and wideeyed awkwardness when he tries to get to know a woman . br br uzak is undoubtedly a pretty bleak film , and one ceylan's strengths is not to beat us over the head with the themes he explores . for me at least , i believed entirely in the behaviour of his characters . all the little failed attempts to connect and petty cruelties ring so true . and yet i didn't leave with a message that the world is like that , but instead i got this is how we sometimes treat each other .",1,0
"un gatto nel cervello , or nightmare concert as it's more commonly know amongst english speaking audiences , starts as horror film director lucio fulci played by the man himself lucio fulci goes to lunch after filming a very gory violent scene , however he orders steak has a horrible vision relating to cannibalism . the grotesque visions , hallucinations dreams continue begin to affect his mental state , fulci decides to seek help contacts professor egon schwarz dvid l . thompson for psychiatric help . schwarz claims that fulci cannot separate fantasy from reality agrees to help him , however schwarz has a more sinister ulterior motive as a serial killer starts to brutally kill prostitutes fulci thinks he might be responsible . . . . br br this italian production was cowritten directed by lucio fulci who also stars in the film as a horror film director named lucio fulci which doesn't really feel like a lot of effort went into it , anyway un gatto nel cervello is gory if nothing else for that alone i rather liked it . the script by fulci , john fitzsimmons , giovanni simonelli antonio tentori is nothing more than a threadbare excuse to edit together lots of gory footage from other italian films . it serves it's purpose well enough i suppose to see fulci on screen has a certain fascination if your a fan of his or are familiar with his films , the ending is very rushed almost as if they ran out of money as it just has a policeman telling fulci they killed the killer that's it . another thing about that ending when the two cops put the white sheet over the dead killer in the field then they walk away leaving it there without any other police presence , i mean would the police in italy just leave a dead body in the middle of a field on it's own ? it moves along at a good pace if you like your gore then you have to see this although if you don't like gore then you'll hate it with a passion , it all depends on your disposition so the choice folks is yours . br br director fulci was never the most artistically adept filmmaker it shows here as his footage is bland , flat looks like it was shot for tv , the footage from the other films 7 in total doesn't match the stuff fulci shot it is obvious that this has been pieced together from different films . if your looking for gore you've hit the jackpot , people are dismembered with chainsaws , put through meat grinders , faces are melted , there are a few decapitations , there are some slit throats , someones body is gorily crushed under a car , a tongue is ripped out , someone has their throat crushed as a wheelchair runs over it , there are loads of stabbings , someone has their guts removed with a hook , there's a rotten corpse complete with maggots , someone hand is cut off , someone has their head bashed in their eye falls out , a gory death by piano wire as it slices through someones throat , there are loads of severed limbs , gallons of blood splashed around a scene of some cats eating brains there's more as well . having said that some of the special effects are a bit fake look cheesy . br br with a supposed budget of around 100 , 000 it shows , this is pretty cheap looking , it has no visual style or artistic merit but then again why would you want those when you can see a nazi orgy sequence walltowall gore ? the acting in this is terrible including fulci . br br un gatto nel cervello is a top film if your a gorehound like me , however if your looking for something with a little bit more substance or indeed any substance then this ones not for you . this is the sort of film which divides people straight down the middle , you'll either love what it does or hate it .",1,0
"i caught this film late on a sat night sunday morning with my brother . we had been drinking . this is one of the best films for ripping apart i have ever seen . from the 'luxury' ocean liner actually being a 'roll on , roll off' ferry , complete with cast iron everything to the doors with adhesive stickers saying staff , then seeing the same door being used for something else in another scene this film rocks ! ! the continuity is so poor you cant help but notice it , it slaps you in the face with the holes . in the final scene he jumps off a life boat with the ferry in the distance . cut to his son and new girlfriend the ships pr director who knows kungfu and used to be in the police but was dismissed for doing things her way trueon the ferry going very fast away from the explosion . . . . . . . then the dad is there hugging them . how ? ? ? ? who cares , its magic . there is not one redeeming feature to this film . the casino is the size of a large bedroom with one casino table . when being chased by the villains there is only one place to hide , you've guessed it . enter the villains who , instead of checking under the one table , proceed to shoot up four fruit machines and a little corner bar a corner bar in the casino fantastic . they walk straight past the only hiding place thus allowing our casper to get around them and 'take them out' . br br get some mates over , get a few drinks in , put this film on and howl .",1,0
"i can't believe i am just now seeing this film i think perhaps i thought it was another movie about slaves being mistreated , and i avoided roots for the same reason just as i have yet to see schindler's list i don't want to be entertained by other peoples' pain , not matter how authentic or informative it is supposed to be . br br so i guess the main thing i noticed about the color purple was that it was not about black people being mistreated by whites . the black people were perfectly capable of raping their own daughters or giving them away to be treated as slaves by their husbands . it was painful to watch , but everyone redeemed himself in the end , and the acting was phenomenal ! i couldn't believe the character oprah played at the age of 35 ! and i adore whoopi to start with she was amazing . i'm so glad i was feeling lousy yesterday afternoon and showtime was running the color purple .",1,0
"goebbels motivation in backing down was not explored . in the aftermath of stalingrad the reich had decided to go for 'total war' . this is referred to in the film . part of this was to use women in the war effort , which germany had not previously done to any great extent . an ss massacre of women would have faced goebbels with a public relations disaster of massive proportion . his preference was to make the problem go away as quietly as possible , on the basis that the jewish men could always be rounded up later . i understand the majority survived the war . br br his other problem was that the 'red' berlin had never been very enthusiastically behind the nazi cause and had to be handled cautiously . again a massacre of women could have cost the nazis what mediocre level of support they had in their capital city . br br it was interesting that the majority of ss uniforms showed patches which indicated that the men wearing them were not of german nationality , but were from german origins in other countries such as lithuania or latvia",1,0
"i saw two movies over the weekend , one was kaal and the other waqt . both movies are made in bollywood but they are worlds apart . the fundamental difference is the story and the director . vipul shaw made his indelible mark with ankhen , one of the best comedy hindi movies . his casting of the charecteres is perfect . the story apparently taken from a gujerati play is awesome , the treatment is superb with some exceptions . in bollywood when a movie is put together the first thing a bollywood director is prone to do is sign up a music director and this guy mediocre malik in this instanceis obligated to drum up six songs to fulfill his contract . so even a good director like vipul shah has to use them to appease the finacier and the grandma's who just cant get enough of these numbers . no music director can churn out good songs relentlessly as clearly evident in this movie . none of the songs have any melody and they are clearly intrusive to the narration of the story except the background music and the westernized version of the bharatnatyam . the duelling and role playing the father and son is good acting by bachachan and akshay kumar . his stunt scenes are clearly outstanding . a good director surrounds himself with good actors and he is willing to wait till a good story comes along as in this super movie . then we have a cheap classless tasteless producer like sharukh khan who will stoop low as to shamelessly plug and promote a trash like kaal to enrich himself at the cost of the betterment of art , and they surround themselves with borderline talent , and they recoup the investment before the word gets around . these are the bollywood locusts who prey on the unsuspected audience to garner film farce awards given by bollywood chamcha's and most of them are in the media .",1,0
"normally i try to avoid scifi movies as much as i can , because this just isn't a genre that really appeals to me . light sabers , ufo's , aliens , time traveling . . . most of the time it's nothing for me . however , there is one movie in the genre that i'll always give a place in my list of top movies and that's this twelve monkeys i remember to be completely blown away by it the first time , but even now , after having it seen several times already , i'm still one of its biggest fans . every time i see it , this movie seems to get better and better . br br somewhere in the distant future all people live underground because an unknown and lethal virus wiped out five billion people in 1996 , leaving only 1 percent of the population alive . james cole is one of them . he's a prisoner who lives in a small cage and who is chosen as a 'volunteer' to be sent back to in time to gather information about the origin of the epidemic . they believe it was spread by a mysterious group called 'the twelve monkeys' and need the virus before it mutated , so that scientists can study it . but their time traveling machine doesn't work perfectly yet and he is accidentally sent to 1990 , where he meets dr . kathryn railly , a psychiatrist , and jeffrey goines , the insane son of a famous scientist and virus expert . . . br br what i like so much about this movie is the fact that it is never clear whether all what you are seeing is real or not . is this just an illusion , created in the mind of a mentally ill man or is it real ? does he really come from the future and can he really travel through time ? was the population really wiped out by a virus , released by the army of the twelve monkeys ? those are all questions that will leave you wondering from the beginning until the end . if the makers of this movie had chosen to make it all more obvious , i'm sure that i would never have liked it as much as i did now . it's just that mysteriousness that keeps me interested time after time . but that's not the only good thing about this movie of course . the acting is amazing too . normally i'm not too much a fan of bruce willis , but what he did in this movie was just astonishing . together with madeleine stowe and brad pitt he should have won several awards for it , because together with the amazing story , they made this movie work so incredibly well . br br even after several viewings , i'm still a huge fan of this movie . except for this movie , i have only seen one other terry gilliam movie and that's fear and loathing in las vegas , which wasn't bad , but didn't really convince me either . however , it's this movie that really makes me look forward to his other work . i give it a 910 , maybe even a 9 . 510 .",1,0
as most off you might off seen star wars return off the jedi you may knows its a good movie but as you might have seen on video they mmight have a party at the end and they just probably end the movie with the party with no a spirits or anything but on the original one live tv when they are partying but before i say more when ben obiwan dies in the imperial ship or death star they saw him disappear and yoda dies from either old age or internal illness but because luke killed darth vader real name anakin skywalker when they all are partying at the end when luke or someone stops the spirits off ben and yoda stands starring at him and smiling while another spirit appears is its darth vader but not as a sith as the old usual selve off him and started smiling with ben and yoda i reckon that made the movie ending a little bit interesting but the producers or anyone should off made a spirit off padme and mace windu and other jedis that got killed with younglings under there arms in the back ground,1,0
"more a snapshot of the most popular pinup of all time than your typical dragged out biopic , this fun and fabulous film has the look and feel of the era with an excellent soundtrack and everything you would want in an indietype film . i think the tendency would be to portray bettie page as some sort of sex vixen , like a jayne mansfield . but if you've truly looked carefully at bettie's poses , she always looked happy . not a you wish you could get with me haughty look , nor the i'm just doing this because my acting career didn't work out look of a porn star . and so , the ladies involved with this film three female producers , a female writer director , female cowriter and the lovely gretchen mol , who i'm sure helped shape this role with her own sugary influence really captured the idea of a sweet , somewhat naive , southern girl who really enjoyed having her photo taken and hoped that good ol' jc wouldn't be too upset with her . br br gretchen mol turns out a career high performance she may just have the most perfect breasts ever , which i am happy about , because she did have the curse . several years ago , she made the cover of vanity fair when no one really knew who she was , touting her as the next itgirl . and let's be frank , that was a bit presumptuous . i mean unfortunately she has never made it to gwyneth status , though not for lack of talent . making a few poor film choices when you are a pretty blonde in fickle hollywood renders you forgettable i'm afraid . if this doesn't put her back on the alist , well i'll be a monkey's uncle . br br intensely private , bettie herself has not seen the film yet . bettie left the pinup party on a high note and fell in love with her old flame , jesus . whatever floats your boat honey . you were one helluva woman . i hope you're happy wherever you are . br br congratulations mary harron , you've done our cult idol justice .",1,0
"i taped this on sundance and had no idea that it was a miike film . i thought it was just another kung fu movie . br br then i saw things like the dancing sax player br br who sounded like an oriental gato barbieri , and i knew this had to be miike . br br i missed the beginning opening credits and had to wait till the very end of the closing credits to see miike's credits . br br so far he hasn't disappointed me yet . audition , city of lost souls , ichi the killer and the happiness of the katakuries were all good flicks , and now i've found out that this was the third in a trilogy . br br other than miike and todd solendz there's nobody making interesting films nowadays .",1,0
"i must admit the only reason i bought this movie was because i am a big fan of gackt and a huge fan of hyde . i was expecting a good movie with a lot of shots that were , shall we say , pleasing to the feminine eye but a slightly cheesy story . i mean , the synopsis sounded really out there . and now that i have just finished watching it i feel the need to tell the world of its brilliance ! hyde and gackt both gave heartwrenching performances , and my eyes are still hot from the crying that lasted throughout the last half of the movie . you get sucked into the story , and you really feel for the characters by the end . the element of vampirism which i love , but is very easy to overdo or to ruin a movie with is subtly mixed into the storyline as to make it something merely exotic , normal to this setting , rather than a random unnecessary addition to the story . i ranked it at a 9 out of 10 at first . . . and then i went back and tried to think of why i wasn't giving it that last point . came up with nothing . so a ten out of ten it is . after all i'm not much of a critic the fact that i'm bothering to write a review at all means i either really hate the movie or really love it . you can tell what side i'm on with moon child .",1,0
"i knew little of this movie when i entered the theatre for an advance screening . i gathered from the ads that it was a thriller . br br what we have is like compulsion meets matlock . two teens decide to commit a perfect murder . a victim is selected at random and then carefully executed so that no traces of the actual murderers is found . then a bunch of false leads are planted that point to an innocent bystander . innocent of the murder anywaybr br enter sondra bullock as the investigating officer . imdb says that she's fbi , but i don't remember that . i thought that she was a regular cop she's frustrated by the inconsistency of the killers profile the profile doesn't fit the profile ! and by the power and influence of the father of one of the boys . br br she's also has demons of her own which figure prominently in her decicision to become a cop . but this is the only character that is really more than onedimensional . all others are pretty flat . br br for a thriller , there are really no big thrills . it's mostly a catandmouse game like an episode of matlock which she's watching at one point in the film . the twist is that there are two involved in the killing . just who is the real murderer , justin or richard ? it'll cost you eight bucks to find out .",1,0
"pearl harbor , buddy . this movie is brilliant ! sure it doesn't exactly flow like an multimillion dollar comedy does , but the jokes that are constantly thrown in are unbelievable . i'm one that goes for silliness , much like dumb and dumber , airplane and wet hot american summer and i have to say this easily ranks up there . movies just aren't written with this kind of sporadic comedy anymore . too many jokes in this are such a surprise to the viewer that it's honestly amazing that more don't know about and praise this slapstick masterpiece ! when watching this , you will easily find over 20 quotes from it that you will find yourself quoting afterwards . . . and after to watch it again you'll find even more !",1,0
first of all that i would like to say is that edison chen is extremely hot and that sam lee is looking much better than before xd ! this is probably one of the most original movies i have seen so far ; shows a poverty lifestyle background of a cambodian . the cambodianedison aka pang goes around killing people to survive himself ; has done it throughout his entire life . sam lee'swai duty is to capture the cambodian for good . there are tons of violent actions but has a good story to it . the movie shows the struggles between those two characters ; they both beat each other like angry dogs . go and watch ppl . . . strongly suggessted ! ! ! go hk films,1,0
"this movie had no parts that were hilarious , mostly just average funny units , but it did not have any parts that were really bad either . the worst part was the voice of sid . his slothy slur was just too much for me . by about 5 minutes in i was sick of hearing him talk . aside from the annoying sloth voice the movie was good . there were numerous side jokes which if you catch them make the movie much better . this is a good movie for kids . it has enough in it to keep adults content and enough in it to entertain kids . this one is definitely worth renting if you have kids and want to watch a movie with them .",1,0
"when we are young , we all pick out an ideal occupation for ourselves artist , actor , writer , rocket scientist , etc . . while most of us grow out of our pipe dreams , the main character of american movie , mark , has yet to let go of hisand at a thirtysomething age too to become a wealthy acclaimed director . despite the fact that murphy's law won't leave mark alone and something always seems to go wrong , mark is able to persevere during each deterring incident with an even greater drive to reach his goals . his desire to be a director so controls his character that he sees any person or thing in his life as something to exploit to reach the goal . while i noticed other imdb commenters are lambasting mark's selfishness , i think it's an almost justified sortof selfishness because for mark , not becoming a famous director is equivalent to death . he talks incessantly about leaving some kind of mark on the world , and he sees filmmaking as a way to do this . br br unfortunately any viewer of this movie picks up early on the fact that mark has a nearzero chance of ever achieving his dream . is he aware of this ? no , not in the slightest , and none of his family or friends want to let him in on the secretin fact even some of them believe in him . strangely enough though , the disappointing future the viewer feels is sure to occur for mark doesn't impede the ability to find humor in the film . this is a very very funny documentary . most of the laughs come from when mark is filming scenes for coven . there's a scene where an actor has to have his head break a cupboard , and it's just not working . another scene has mark's very old uncle bill saying a few lines to the camera ; needless to say , after 20 takes of a lot of headscratching and linestumbling bill finally decides he's had enough . a lot of humor sadly comes from mark himself . his screenwriting , which he seems to think is worthy of a pulitzer , is laughingly bad it's alright , it's ok , there is something to live for ; jesus told me so . br br american movie is , contrary to what people might think , a documentary that anyone can enjoyeven though my sister , who watched some scenes , seemed to think it was downright bizarre . the fact that chris smith can successfully bring to the screen a film that inspires both sadness from mark's depressing lifestyle to hilarity with scenes with billwho unfortunately passed away before the film was released says quite a lot about him . i wonder how the dreamer mark regards this documentary . does he realize that it casts him in a bad light ? or that it sets up to show him as a fool in many scenes of the film ? or does he see it as something that will be shown prior to his own ae biography segment ? it's an intriguing subject of wonder , and i hope the latter comes true for him some day . br br i highly recommend this movie 910 .",1,0
"this movie has to be my favorite of all time . its not supposed to have a plot , because its makers wanted people charlie sheen , i thinkto believe it was a real snuff film . this was an exercise in visual effects , and doesn't cut away when the action happens like every other film does . movies these days are now all about sound effects , leaving the visuals to be made by computers cause its easier to deal with cgi blood . there still are movie makers who still can't get fake blood to look like the real thing . there is no rape scene because that wasn't the point of making the film . have you seen the hills have eyes 2 ? the rape scene was funny instead of shocking . although i'm sure there are some gonzo porn film makers that have tried to marry porn with horror . but since they probably suck at making films , they probably wouldn't be able to pull it off . the movie baise moi has a disturbing rape scene because the actresses are actually porn stars and they show everything even though the movie overall sucks . br br its too bad that a movie can't be made without thinking of the money aspect of it all , especially when talking about an ao or nc17 rating . i'm sure eli roth has the abilitytalent to make his hostel film series much much better , but he has too tame it down to get an r rating . . . or at least i hope that his movies sucked because of these limitations . br br watch traces of death or more than smashed pumpkins if you want no frills real footage accident crime scenesfootage . don't forget that this movie was made in 1985 . the fact that this film can still stand up against most crap made these days says a lot about this film . that would be like someone saying the 8bit super mario brothers sucks because the ps3 has better graphics .",1,0
this movie was so good . leon phelps is hilarious . i went out after and bought a case of cognac ! ! ! ! ! i went out after and bought a case of cognac ! ! ! ! ! i went out after and bought a case of cognac ! ! ! ! ! i went out after and bought a case of cognac ! ! ! ! ! i went out after and bought a case of cognac ! ! ! ! ! i went out after and bought a case of cognac ! ! ! ! ! i went out after and bought a case of cognac ! ! ! ! ! i went out after and bought a case of cognac ! ! ! ! ! i went out after and bought a case of cognac ! ! ! ! ! i went out after and bought a case of cognac ! ! ! ! ! i went out after and bought a case of cognac ! ! ! ! ! i went out after and bought a case of cognac ! ! ! ! !,1,0
"gespenster question of to be cool in the german cinemabr br there are not many german films in the last ten years , who have made me so interest . yes , the problem of the most german films are in this film gespenster too . he is on some places to uncooked to be good to see . special the figure of toni sabine timento is too cool . but thats is in german films always so . everybody must to learns this coolne is the realism in this films . thats difficult to understand . but in this case it makes some sense , because she steals and she lies she is the kind of girl is better you never love it , because you lose it . thats not clear for the other girl nina in this film . she love her and she would lose her . but nina lost everything . she will play with soft emotion and a sad feeling . there is no way but you must take it said herbert achterbusch for twenty years . thats so often the way it goes in german films . why ? nina julia hummer is not inside of the laws of society the is outside and there she have no chance . this films tries not on every place to gave her a part inside . thats one of the problems the stupid break with conventions the criminal fascination . throw it all away and go nowhere ! but the actress plays this difficult part very interesting . on the other side there the parents who are the pendant to the two girls . the have a car a hotel suite the have money and live in world with music of the opera . but the film stand always in some distance to seem . there is no much explaining of them . br br in the center of this film , there is one scene you will never forget . the two girls got to a casting . and there they should say how they find together . in this scene toni will lying on . she said a fantastic storyhas nothing to do with her . and then nina will say the truth . she said it in an introversion way . there is no exhibition in it . she looks to the bottom and said what will happened for here . thats a great moment . in the next scene on the party with pictures in red this feeling is going on than toni goes away . . . br br okay , the film will end in the german way of coolne rubbish here the circle of sadness is closing . but there was a moment where is happening something else and this moment was important . he is more than german coolne and this moments are rare in the german cinema in this time !",1,0
"china o'brien 1990 was an attempt to make cynthia rothrock a star in the united states . this golden harvet production was helmed by veteran director robert clouse . sadly he was either lucky with enter the dragon or he's lost his touch because he's not that great of a director . the only reason to watch this movie is to see the fighting skills of ms . rothrock and richard norton . if this movie was directed by corey yuen or hoi meng it could have been an action classic instead of a cheesy straighttovideo action flick . br br china o'brien returns home to help out her dad . he's having trouble with the local mob and he needs her help . so she returns home and restores order with the help of two unlikely people . but will they be enough to topple mister big and his evil cronies ? br br if you're a big cynthia rothrock fan then this movie's catered for you . i only enjoyed the fighting scenes , everything else is rubbish . why didn't raymond chow shell out a few shekels and hired a top notch action director ? br br recommended .",1,0
"i love this movie . br br yes , the main character lies , but that's why it's called big fat liar . even though this kid runs away to hollywood , it doesn't give kids the idea that they can . besides , he doesn't just do it for fun or to get away from anything , he does it to regain trust . br br i don't think it was just one big ad for universal studios , because i liked how it gave an inside view of what it's like for kids who don't know how cool moviemaking is . br br it has good music and fun characters . this familycomedy is totally fun for kids and parents alike . it has humour , excitement , and real life difficulties like lying . br br in the end , big fat liar sends out a moral don't expect lying to be easy .",1,0
"i must say , i thought i had seen it all . i am an extremely jaded movie buff . this movie didn't shock me , by any means . i'm way past that point . but it did take me to certain emotional places i didn't know i could go to . i had no idea i could ever find ick the idea of beastiality erotic . never never never . ever . ever . but there you go . he did it . i have to give the director credit . he pulled it off . br br for the first 40 minutes this movie is a total bore . we start off with some very explicit footage of two horses having sex . after five minutes of this i started wondering if buying this movie wasn't a mistake . then an old guy in a wheelchair talks to some other old guy about two people getting married . then some nervous guy shaves . then we see briefly a hot chick getting it on with a butler but this is very brief . at this point i was cursing the movie out loud while trying to stay awake . in fact , i fell asleep at about the 40 minute mark and forced myself to finish it the next night . br br we finally get the good stuff when a girl who knows who she is , or who anyone is in this movie has a dream about a victorianera gal being ravaged by a beastthing in the forest . the scene goes on for quite some time and is really the meat hehheh of the whole deal . it's beautifully shot , superbly edited , and does deliver the goods . they do try to wrap up the plot at the end and it sort of makes sense but sort of doesn't either . oh well . i would definitely recommend this film . the first 40 minutes made me want to shoot myself and my tv but the last 50 minutes totally redeems it .",1,0
"spoiler nothing but spoilerbr br i have to add my name to the list of folks who feel that the other viewers just don't get it . but no one has even mentioned the s word so far as i have seen . br br while i agree that the kid died i think we can be more specific he committed suicide . he races down the slope in an old wagon , shoots off the cliff and . . . flies away . maybe the whole account of the form of death is allegory or maybe he does commit suicide in a wagon as laid out . in either case , he flies away c'mon , not that tough a metaphor . br br maybe i just have a thing for tom hanks , but i was ok with the narration . besides he is raising for the ww2 memorial and you gotta love him for that . br br oh yeah , i loved the movie and found it incredibly moving .",1,0
"this is a documentary unlike any other . it has so many layers and shows us so much that trying to analyze it all at once is nearly impossible . documentarian william greaves shows us the process of filmmaking from a different perspective . we see the struggles of the actors , the director , the sound crew , and everybody else trying to hang in there and make this film successful . if this was just about a movie being made it would be ordinary . what greaves does is make it more complex by having a crew film the actors , and then this will be filmed by another crew , only to have another crew film the whole thing . three cameras , each with a different goal . it has an almost dizzying affect on you but at the same time is exciting . i like the parts where the crew organizes together and discusses what is going on . even they are somewhat in the dark as to what greaves is trying to do . half see this as an experiment while the other half sees it as a chaotic and confusing failure . no matter what side you choose , you can't argue that greaves doesn't get you involved in this process .",1,0
"this movie is about a group of four friends who wreck a car while driving . they build a campfire to get though the night and wait for help . to pass the time , they tell each other scary stories . to tell about it would ruin the movie , so rent and enjoy it ! ! br br i will say it starts out a little slow , but each tale get better and better . this movie stars some of today's hottest actors christine taylorthe brady bunch movies , james marsdendisturbing behavior and ron livingston office space . so you can see there are big name stars just not the really big ones ! ! go rent or buy it asap ! ! this movie is awesome ! !",1,0
"i thought the original of this film was quaint and charming as well as having me sitting on the edge of my seat trying to figure it out . br br since i had already seen the original , when i saw this on sci fi channel i don't know if this remake was deliberately made for sci fi i knew what it was within the first few minutes . since i like richard burgi as a character actor , i wanted to see how he would pull it off . br br the writersproducers etc , modernized the film a bit by trying to explain the plight of the aliens they could no longer reproduce their own kind and needed help using the same pseudo science that has been crammed in our ears in the 90's . maybe it added a bit of polish to the film , or not . br br this film . film ? this production takes on a more sinister edge than the original did the original ended with a confrontation between the young woman and the alien and an understanding of sorts took place , although no resolution of the alien's problem . br br i sort of remember that in this remake , the woman became rather hostile towards the burgialien i think it could have ended better . but the ending is just the ending , and the yarn is a swell yarn , being of the basic 1958 science fiction pulp stock . many great science fiction stories were written in the 50's and some of them even made it to film . br br this is a swell thing to watch on like a rainy day or something . i rate it highly cos of all the remakes of old 50's sci fi , this one came off well . i actually enjoyed this quite a bit . br br but if anyone really wants to see this story told well , i suggest the original 1958 version with tom tyron and gloria talbott , directed by gene fowler jr .",1,0
"it might not be the best movie of 2006 but it was a just a movie to excite and to think about . the sentinel is a good political thriller movie which seems similar to or even borrows some elements from other political thriller movies such as in the line of fire and the manchurian candidate . the basic plot of this movie is similar to other movies like this a plot to kill the president of the united states . michael douglas stars as secret service agent pete garrison who spearheads the operation only to find out later that he has been framed . kiefer sutherland costars as a sort of rival by the name of david breckinridge and eva longoria as jill marin who is a rookie agent going under the guidance of agent breckinridge and academy award winner kim basinger as first lady sarah ballentine . one improvement for this movie could have been more action as it is by some sources considered just as much an action film as is a thriller film but a good thing about this movie is instead of just an assassination plot to kill the us president , it also concerns a moletraitor in the secret service who is leading the president in the wrong direction .",1,0
"considering all the teen films like the breakfast club and pretty in pink that are lionized . it is surprising that this one is so ignored . br br there is no sex in it , but sex is thought of , including the idea that it may matter what others think about it . the kids do not always get along with their parents , but neither the parents or the kids are seen as always right or wrong , and the parents are not seen as monsters . br br it deals with heroworship . how one girl does a dangerous thing , which could have lead to real dustier , before realizing that she was wrong . br br the movie is kind of ahead of its' time . one kid asks another kid what birth control she uses . she says she is doing nothing to need birth control . she replies wrongly oral sex .",1,0
"rko radio pictures made a real classic in 1947 and even managed to get it nominated for the best picture academy award . the acting , script , continuity , et cetera , are all just about perfect ; and the story is well worth the viewer's 82 minutes . although the picture softpetals the true life story by making the murder victim a jew rather than a homosexual , most viewers will see the victim as a jewish homosexual such disguises never work , perhaps weren't intended to . br br i could nitpick about a few details , but just for fun . there was no allnight movie house in washington , dc in 1947 and if there was i wish robert mitchum and his pal wouldn't talk through the show . there weren't any bars where a gi could pick up a pretty blonde . none ! if robert ryan wanted to read the latest murder scoop he ought to have bought the daily news ; not the timeshearald , evening star and certainly not the knownothing washington post . but these little things take nothing away from this classic . br br the film benefits a lot from the absolute lack of a musical score , except during the credits . i've only seen this done in a few films . br br on the negative side , since 1995 it comes with a tmc introduction where some liberal blabs about what the public was ready for in 1947 . . . blah , blah , blah ! as if this fool has any business judging his betters . i'd say the exgi's in 1947 the greatest generation were much smarter and had better values than some commentator , film historian , or other wisemouth in 1995 . put a sock in it !",1,0
"i found this a bit hard to follow to the extent that it seemed to dip in the middle while i tried to make head or tail of who was fighting who and why . one of the problems is the culturallanguage one . here we have a chinesetaiwanesejapanese problem of which we know little and because we are simply reading english subtitles inevitably loose some of the subtleties . another problem is that there seem to be just too many only half explained twists and coincidences . nevertheless , it seems unlikely that there is a wholly bad miiki film and this certainly is not that . plenty of stylish and bone crunching violence , a window upon some less than orthodox sexual goings on plus the family aspect . all in all a decent ride but maybe checking out the storyline might actually be helpful before watching this one .",1,0
"surprisingly not terrible and well animated for one of disney's straight to video throw away sequels . like the previous sequel the lion king 2 i was glad that disney brought back most of the original voice actors which makes a big difference and they kept a good level of traditional animation . the plot wanders around for a while but we are distracted by an unending string of jokes ranging from hilarious to dull . to break up the detached plot and jokes they gave us some silly musical sequences , which much like the jokes , range from entertaining to a quick trip to the fridge . for the most part the mst3klike moments are bland and full of untapped potential and really don't add a whole lot to the movie other than to act as a vehicle for an hourlong flashback . the new characters are at least likable , and the old characters are out doing their thing so i can't fault them there . overall this movie in not bad and it makes for a nice frivolous filler between the more serious lion king titles .",1,0
"once again , i was browsing through the discount video bin and picked up this movie for 4 . 88 . fiftypercent of the time the movies i find in the bin are pure crap i mean horrible beyond belief but half the time they turn out to be surprisingly good . this movie is much better than i expected . i found it very engaging , though it was obviously made by an amateur . br br the direction is nothing special , but the story is intriguing with some good thrills . i expected it to be more of a comedy , but i wasn't too disappointed . br br for a thriller , this movie is surprisingly goodnatured . there's no bloody violence , no profanity , no nudity , no sex . usually , these movies require all four of those elements . the pg rating is welldeservednot like sixteen candles where the f word is used twice and there's a brief gratuitous nude scene . br br i just wish the romance between corey haim and his love interest could've been developed more . the film does tend to be plotheavy , and the potentially good subplots are pushed off to the side . instead of developing a chemistry between the two of them , we end up watching a careless threeminute montage of them on their romantic endeavors . they end up kissing at the end , but there's so little chemistry that it seems forced . br br the dream machine is no gem , but it's good , clean entertainment . it's quite forgettableespecially with a cast of unknowns , except for haimbut it's also much better than you'd expect . br br my score 7 out of 10",1,0
"ok clara bow silent film from 1927 , it's a spinoff of rain , with bow playing the halfhawaiian wild daughter of the local pineapple king who falls in love with the staid english engineerclive brook . bow competes with the local widow arlette marchal for his attentions , but both women get a big surprise when his wife shows up patricia dupont . the predatory wife is ready for a divorce until she discovers he might be on the verge of a fortune . bow settles her hash fast . br br bow has personality to spare and has a few great scenes her opening nude bath , her hula in a grass skirt , and the dog rescue scene with bow and brook doing their own stunts . br br note the imdb credit list is wrong . the film credits from the dvd i have list patricia dupont as playing mrs . haldanenot margaret truax as listed on imdb .",1,0
"the shooter was a different type of film for michael dudikoff . although normally associated with action flicks that incorporate martial arts , this film , because it was a western , enabled him to display that he is a far more capable actor than certain formula story lines have allowed . br br the major problem , of course , is that the film does not allow any solid character development . the fleshing in is really left to the viewer . we can only guess at the sadness that has made the shooter , whose real name is michael atherton , the killer that he is a killer , mind you , that a little town , terrorized by a local bully , welcomes as a hero who can release it from its misery .",1,0
"when liv ullman's character says , i feel like i'm in someone else's dream and they're going to be ashamed when they wake up , she is referring not only to being an unwilling player in society's war games , she is referring to being an ignorant participant in life itself . at the film's end , when she says that she had a dream that she had a child and she was trying to take care of it , but she forgot something else , the implication is that she has forgotten what she has learned in the war she's just survived , that like her own mother before her , she will be unable to pass on any vital lessons to her own child . and , therefore , the cycle of the shame of ignorance will continue . . . ad infinitum . . .",1,0
barney is about imagination what you guys do not have if my preschooler never wanted to play pretend like they do in that show then i would be worried . what 2 or 3 year old actually gets all that anyways its all about the colors and the singing . for those of you saying that all they do on barney is eat junk food and recommend sesame street better well what about cookie monster thats all he eats but i haven't seen anyone comment that one . i do agree that sesame is a better educational show but barney is just like a show for fun don't be too serious if you didn't like your child watching tv and worried about them understanding things you don't believe then you shouldn't be propping them down in front of the tv in the first place because all of that is fake everything is fake actors are fake so why don't you take your fake brains and put it to use and think if you have a problem with a fake television show for kids then turn it off and play with them yourselves and teach them what you want them to learn not big bird or bert ernie or barney someone who used to watch all those shows and turned out fine .,1,0
"comanche moon had everything going for it . for starters , simon wincer's back , a man who's name is synonymous with highquality tv westerns . unfortunately , the problems with moon are something even the most talented director couldn't solve a poor script based on a lackluster novel . br br forget historical accuracies as any reader of the novels can tell you , the biggest travesty in moon is that it's not even consistent with information from the original lonesome dove masterpiece . so many wonderful , rich moments in the miniseries and , to an even greater degree , the book , are completely missing in moon . considering the fact that most viewers of moon are probably coming with at least some sort of dove background , the lack of characterdriven and emotional backstory is downright painful . br br that said , moon is one instance where the adapted version could and should have been altered to make it more suitable for the screen . for example , the novel moon focuses largely on the comanches themselves . to its credit , the miniseries tries to service the comanches , but in the end it gives them just enough that the viewer just gets a sense they're missing out on some important part of the story . similarly , val kilmer's scull loses out here too the role should have either been expanded so kilmer and rachel griffiths , for that matter actually had something to do , or the roles should have just been reduced to smaller , supporting parts . instead , kilmer gets top billing for a character that just leaves you scratching your head after his appearance in the completely bizarre final act . br br there's strange moments throughout the film that just make no sense to those who haven't read the book a killer parrot ? what ? further , there isn't a single scene that shows us that call and mccrae are anything near the amazing texas rangers they claim to be . not a single one of their expeditions in moon or dead man's walk , for that matter ends successfully , and call and mccrae just seem to blunder their way through one pointless mission after another . br br frankly , larry mcmurtry should never have been given the job of writing the script , and only did so because of the praise surrounding that other cowboy movie , brokeback mountain . mcmurtry can write good novels although there's some dissension over the consistency of that statement , but he's never exactly established himself as a scriptwriter . this production would have benefited from not only bringing back director wincer , but original screenwriter bill wittcliff to adapt the novel to screen . witcliff doesn't exactly have a mountainload of material to his screen writing credit , but no one can deny he did a fantastic job at whittling down the original lonesome dove . with all this said , comanche moon is almost a brilliant production , aided by a terrific cast that unfortunately just aren't given enough to do . steve zahn's portrayal of gus mccrae or rather , his portrayal of robert duvall as gus mccrae is deadon . and while some have criticized karl urban as woodrow call , saying his performance doesn't imitate the quiet , stoic woodrow of the original movie , all i can say is blame mcmurtry , because mcmurtry is the one who both in the moon novel and now the miniseries turned woodrow from socially inept , awkward , but natural leader , into some emotionless character whose lines are just dull and whose character motivations are only clear if you've seen them portrayed far more adequately in the sequel . br br still , it's the cast that sparkles in moon , to the degree that i left the miniseries with that same feeling of melancholy i felt watching the original lonesome dove this time because i realized it's probably the last time we'll see these characters appear on screen for a long , long time to come and quite honestly , this cast could have done so well in a wellnurtured , fullblown network tv series . br br all in all , aside from wasted opportunities with the cast , the biggest travesty is that the original lonesome dove novel contained so much rich backstory for the characters that would have been fascinating , utterly fascinating , to see translated on screen . unfortunately , all that has been tossed aside in favor of mcmurtry's tedious , inconsistent and ultimately irrelevant , prequel .",1,0
"valentine dogkiller dussaut and joe the judge kern join forces to clean up the mean streets of geneva ! thrill as they put the kibosh on international heroin smugglers , polish fugitives , peeping toms , philandering girlfriends , renegade dogs , and litterbugs who are too lazy to bin their recyclables . don't be fooled by the deceptive miramax ad campaign that paints it as a pretentious , art house flick . this movie is 100 action !",1,0
"ok . finally , a horror film that's done well . as soon as i heard the music , i knew that some effort had been made in creating what i consider to be an almost masterpiece of good ol'horror . zombies , whores , booze , grave snatching and a lot more . a great cast , well acted , well directed , well writtenthere was hardly a flaw . even the american actors with irishenglish accents really pulled it off . i thought that the actor larry fessenden looked familiar to me . it was that missing tooth . finally i realized that this guy was the lead in habit a film about vampires in nyc . i thought he was excellent in that role . now i'm wondering if he's an american or not . his accent was so convincing in i sell , that i thought he had to have grown up in the emerald isle , not in the us . well apparently he's a born and raised new yorker . a great actorreally made the role his own in this movie . nothing beats a horror flick set in early 19th century europe like the old hammer flicks . i encourage anyone that wants to have a great time to watch this well crafted movie .",1,0
"there is absolutely no doubt that this version of tarzan is the closest to burroughs' vision . while he gladly collected his royalties from the films produced during his lifetime , he frequently made it clear that they were little more than the bastard children of his tales . the film studios' ludicrous obsession with casting olympic swimmers as tarzan was beyond laughable . i guess we should consider ourselves lucky that they did not set their sights on shotputters . br br prior to this film , the most faithful adaptations were in comic strips and comic books . as fine as some of these were , we had to wait seven decades for a filmmaker with the integrity to respect the character as he had been created .",1,0
"this is a cute little horror spoofcomedy featuring cassandra peterson aka elvira mistress of the dark , the most infamous horror hostess of all time . this was meant to be the pilot vehicle for elvira and was so successful that it was picked up by the nbc network . they filmed a pilot for a television series to feature the busty babe in black but unfortunately the sitcom never made it past the pilot stage due to it's sexual references . this film however , is very amusing . elvira is the modernday chesty morgan and the queen of the oneliners . this film was followed up a few years later by the abysmal elvira's haunted hills which was meant to be a takeoff of the old roger corman movies but falls flat on it's face . watch this movie instead for a much more entertaining experience !",1,0
"a gem of a british capercomedy . poor american schlub pinky green richard jordan , playing another bad guy but this time an adorable one gets out of a british jail and tries to go straight , but his maintenance man job in a bank is too attractive for his neverreformed criminal friends , headed up by a really nasty ivan david niven in one of his last roles . pinky resists , but the lure of all that money is just too much for him . things unravel and reravel and it's all joyous to watch . jordan must have played 20 bad guys in his career , but he never played the same one twice this one is just too lovable to hate . niven never played a slicker bad guy , oil all over . two fine actors we've lost that i wish we had back .",1,0
"plotwise this is a rather silly little whodunnit masquerading as a period dramabiopic . br br however the only reason i wanted to see it in the first place was because i was curious about what the great henry fonda was really like at his peak . i wasn't disappointed he produces a truly warm and charismatic performance . br br in addition i can honestly say that i was never really bored at any stage during the film , so a strong 12 out of",1,0
"kureishi hasn't exactly been blessed with movies that justify the quality of his writing . recent adapted travesty's like 'intimacy' have ruined great writing . but the mother surpasses all his previous incarnations , eclipsing even my beautiful laundrette . a middleaged woman overcomes widowhood by having a very carnal relationship with the boyfriend of her emotionallyweak daughter . the fact that you believe all this is credit to the quality of the acting as it is to the finite gift of the writing . and in daniel craig we have a strutting , brash , gruff antihero who denies the audience to ever question why a young stud would contemplate bedding a sagging grandmother . beautifully shot , the film fails only in the weak depiction of the peripheral characters , but as a study of inconceivable lust , it's a winner .",1,0
"author msgreen1 from canada the big problem was the china syndrome claim that if the reactor error occurred and radioactive waste leaked out it could burn its way straight through the earth to china . a lot of people have made fun of this and if the movie makers meant it seriously then yes it should be made fun of . the spill wouldn't make it anywhere near the center of the earth or even the molten rock . even if it did make it to the center of the earth how would it come out in china ? it would have to flow against gravity the rest of the way ! also china is not the opposite side of the world , the indian ocean is . . . . . . . . . . . . . . . . . . . . . . . . . . . . . . . . . . . . . . . . . . . . . . . . . . . . . . . . . . . . . . . . . . . . . . . . . . . . . . . . . . . . . . . . . . . . . . . . . . . . . . . . . . . . . . . . . . . . . . . . . . . . . . . . . . . . . . . . . . . . br br this point is brought up by the characters of the film , saying that of course it could not happen , as the core would hit ground water and release a radioactive cloud , raining down on the population . br br before you try to find a weak point in the film , you should watch it first ! ! ! ! don't judge a book by it's title . . .",1,0
"an enjoyable movie , without a doubt , and very evocative of both its era and that very particular stage in any boy's 'rites of passage' . but i have to say that having read the very positive comments here , i was a bit disappointed . the period was captured , but the plot was desperately thin . the whole thing revolves around the most egregious bit of miscasting in the history of school plays . the idea that quack quack would ever be chosen to play not only one of only three star turns , but a philanderer , is risible . and without that , nada . the subplots bore no relation that i could see to the main plot all of them could be removed in their entirety without in any way affecting the main story which surely suggests a fundamental flaw . when all your subplots look like padding , you know a central idea is being stretched beyond its limits . nevertheless , it's a benign movie with its heart in the right place , there are some fine performances , and you just get the feeling that everyone involved felt deflated at the final 'cut ! ' that good feeling permeates the film . and that has to count for something . a flawed really quite good movie . 7 out of 10 .",1,0
"i have seen this movie a while back , after ordering it for my friend , who is a big dominic monaghan fan . the movie itself was very interesting , though it had its positive points , which for me was the donnie darko kind of wtf ? factor after the movie had ended . br br of course , with positive also come negative points . to me , the young girl in the film was incredibly good , and dominic monaghan did a good job as well . unfortunately i don't have this opinion about daniel burke , who played lonnie . this might just be me , and i'm not claiming to be a serious critic , in the way that i don't find myself skilled enough , but he just didn't seem convincing as an actor . but perhaps it's even more striking then , for although i am not a critic , this does get my attention . br br to conclude , over all i think it's definitely a film worth watching . it's interesting , confusing , and you just should have seen it .",1,0
"don't get me wrong . goldeneye was revolutionary and is definitely the best fps game to be based on the 007 franchise . but the series had fallen into a fps rut . enter everything or nothing , which puts bond in thirdperson . when i wrote my earlier review for from russia with love , i had finished frwl and just started eon and judged eon a bit harshly . even though frwl definitely has the edge in nostalgia and capturing the essence of the movie franchise , eon definitely is superior in terms of indepth controls and gameplay variety . missions range from standard runningandgunning to driving an suv , driving an aston martin , driving a limousine that is wired to explode , commandeering two different types of tanks a la goldeneye , riding a motorcycle , flying a helicopter , repelling down a shaft guarded by laser tripwires , and free falling after a plummeting damsel . sure , vehicle controls are a little clumsy , but the issue here is the variety . br br as movie adaptations , goldeneye and frwl were all that i could have hoped for . but eon's original storyline adds to the feeling of controlling a james bond adventure . this is helped by the impressive cast list of willem defoe , shannon elizabeth , heidi klum , and misaki ito . judi dench and john cleese reprise their movie roles of m and q , respectively , and pierce brosnan , while no sean connery , adds credibility to the game's proceedings . all characters resemble the stars , with the disappointing exception of heidi klum , who's ingame model doesn't do the reallife model justice . mya's theme song is on par with at least some of the big screen bond title tunes . br br the game also plays tribute to some of the older bond movies . willem defoe's character is a former colleague of christopher walken's baddie from a view to a kill . richard kiel appears as jaws , the hulking henchman from the spy who loved me and moonraker in three fight scenes , the first and best of which proceeds in the same fashion a fight in the movies would have . br br singleplayer gameplay mainly consists of standard onfoot missions as bond . like bond , you will be able to choose whether to use stealth or go out with guns blazing . the game provides plenty of opportunities to utilize stealth , with plenty of wall and object cover . unfortunately , unlike frwl , only one button in eon controls both crouching and wall clinging , so bond may end up crouching low when he's supposed to be peeking around a corner , and viceversa . the game also allows players to go into bond reflex mode . while you browse your inventory , everything around you will go into super slomo , allowing you to analyze objects around you that can be interacted with . while this takes some getting used to , eventually this mode will allow you to perform many spectacular bond moments , such as shooting down a chandelier to take out four goons underneath , and greatly add to the bond movie feeling . br br there are 3 available difficulty levels operative , agent , and double oh . on operative , you can breeze through in a few hours . on agent , a few weeks . on double oh , a few months . the difficulty level can be changed for each individual mission . garnering high scores on missions will unlock gold and platinum awards and effect features such as vehicle upgrades and the skimpy outfits the bond girls wear . some missions can be extremely frustrating due to a scarcity of checkpoints , but when all is said and done , no mission is any longer than a single action scene in a bond movie . br br multiplayer , unfortunately , is not as thrilling . goldeneye still has the best multiplayer mode of any bond game . eon's main multiplayer is a coop campaign mode that puts players in charge of lesser mi6 agents on a less important mission than bond's . a more standard thirdperson death match can be unlocked from this mode . but the singleplayer mode is the most complete bond experience to date . the ending , as with most bond games , is anticlimactic . while the final mission is one of the most aggravating of the game , the final confrontation with the villain is disappointing . also , levels that require bond to be speedy become largely a matter of trial and error . still , for any serious bond fan , not playing this game is tantamount to missing one of the bond films .",1,0
"the stone boy is an almost forgotten drama from the 1980s . considering how many famous or soon to be famous people are in the film , one wonders how it could have been so overlooked . this is a slow , moody , but touching account of a tragedy that befalls a farm family . the film is more or less an indictment of midwestern stoic values and suppression of emotion . the film will not be for all tastes , but anyone who can appreciate real human drama should like it ok . br br in the early moments of the film , we see two brothers head off in the early morning hours to pick some peas and maybe shoot a duck or two if they're lucky . while climbing through a barbed wire fence , the gun accidentally discharges and the younger boy fatally shoots his older brother . these boys have apparently never taken a hunter safety course . the way for two men to properly go through a fence like this with one gun would be as follows first man climbs through . second man then passes him the gun through the fence . the first man then sets the gun down and helps the other through the fence . at no time should either man have his hands on both the gun and the fence . br br anyway , once his brother is killed , 12yrold arnold regresses into his own world . he does not even run for help after his brother is shot . he simply goes ahead and picks the peas and tells his family about the accident later . at no point during the funeral or inquest does arnold seem to show any regret or sorrow at all . his family seems to shun him . perhaps they are even angry at him for killing his brother . an ornery uncle played by frederick forrest is outwardly upset with arnold , even though the older brother's death allows him to hit on the kid's girlfriend . arnold's parents don't seem to understand how to deal with their son . they really don't even try to talk to him . about the only person he can communicate with is his grandfather who is played in typical grandfatherly skill by wilford brimley . after a while , arnold even moves in with the old timer . br br nothing seems to get arnold to open up until he takes a bizarre road trip to reno nevada to inexplicably look up his uncle's exwife . once he meets her , he begins to emerge from his shell after apologizing to her for breaking up her marriage by starting all of the family's turmoil with the accident . from here on , the film becomes a quick study in reconciliation and reawakening . br br the acting is hauntingly distant in most cases . robert duvall and glenn close make the perfect stoic farm parents . forrest is good , but maybe trying too hard to channel paul newman's performance in hud . the cinematography is exceptional , too . if you like moody pictures about common folk , this one may be for you . some even may be advised to bring some tissues . 8 of 10 stars . br br the hound .",1,0
"there are two ways to turn a tv series into a film . br br the first , most common , and least successful , is to basically make a featurelength tv episode see the disasters of the steptoe son movie . the second is to do something else something quite different , la monty python . br br thankfully , the creators of the cult tv series have gone for the second option , and they've come up with something unique , clever and funny it couldn't feel less like a tv episode . br br try to get your head around this the writers , playing themselves , are confronted by their royston vasey alteregos , played , of course , by them , and told to continue writing the series , otherwise apocalypse will befall the village . br br highconcept , contrived and easy to screw up ? yes , but somehow they managed to pull it off . not for every taste , perhaps , and the ending does drag , but fans will be delighted , and it might even win over the uninitiated .",1,0
"yeah , the poster is quite a horrible piece of work . br br i thought the movie was ok . . . nothing really outstanding . . . i just was hoping that he would be a hardcore druggie and totally trash his life . br br ahh , but that can't happen to rich kids now can it ? not to the son of a wealthy businessman who holds big ballroom parties and has a nice manicured lawn on the front of the mini mansion . br br no . . . the kid is too good to have his life totally trashed . after all , who will drive the brand new suv and who will go to law school ? br br ah , the poor little rich kids . . . in their quaint pretty house , with their ivy league schools , ultra clean homes and socialite parties . . . what will the world do without them ? br br i hope they all get addicted to drugs , passaway their life and end up in jail . . . so maybe we can see movies that don't all revolve around the poor little rich boys and girls of the surreal world .",1,0
"as a reviewer has already commented , this made for tv comedy is up there amongst the best football parodies ever . but . . . . having failed to video it when it was first aired , i now find that it isn't around in any format . ok , so this has only polled 17 votes to date , but a 9 average does seem to suggest something special . basically , i suppose it's a case of tough luck if you missed it 'cos it's no longer available to view ! ! aaaaaaaargh .",1,0
"i waited ages before seeing this as all the reviews i read of this said it was horrible ! i rented it expecting the worst , and while it is hardly the best sandler film out there , there are much worse ! sandler frequently talks to the camera and the film does not take itself seriously , but that is all part of the fun ! a great way to waste an afternoon , and you might even find yourself laughing once a twice ! a good film , well worth renting !",1,0
"lovingly crafted and terribly interesting to watch garfield's gritty , breakthrough performance introducing a new kind of rebellious acting style that would carry over to the brandos and clifts and so on after the war but all that sisterly affection is a bit suffocating . priscilla lane is a bright , engaging performer but the other sisters don't really register though they're all allowed to be tart and witty and i just had a hard time buying any of the other male characters besides garfield . jeffrey lynn is a pleasant enough actor , but he lacks the movie star weight to match up with garfield's hard luck mickey borden and that throws the film a bit out of whack . imagine a jimmy stewart or someone in the part . also , i was not convinced that garfield would make the pivotal to say the least final decision that he made . the film needed another half hour of running time to better explain that action ; it feels awfully rushed and undermotivated . br br still , it's not hard to understand how anybody who grew up with this picture would remember it fondly . it falls short of being a classic , but it does contain a few classic moments . the two gate swinging scenes are pure movie magic .",1,0
"this movie is outrageous , funny , ribald , sophisticated hits the bullseye where 99 of hollywood movies don't even make the target . paul bartel should be recognized as one of the great directors of this or any era . he's the american renoir bunuel combined ! ! ! glad i have the videodisc .",1,0
"there's a legion of mick garris haters out there who feel he couldn't direct a horror film of quality if he had to . and , sleepwalkers . . screenplay written by stephen kingis often used as an example of this . i like sleepwalkers , though i fully am aware that garris just says fck it and lets all hell break loose about fifteen or so minutes into the movie . forget character or plot development , who needs them anyway . it's about violent mayhem and bloody carnage as a mother and son pair of sleepwalkers . . felinehuman shapeshifting creatures who suck the lifeforce from virginal female innocents , moving from town to town , living a nomadic existence , truly powerfulset their sights on a teenager who doesn't surrender without a fight . before all is said and done , many will be slaughtered as a mother shan't tolerate the possible death of her beloved son . br br garris wastes little time setting up those to be executed , as a teacherglenn shadix , suspecting handsome , all american charmer charles bradybrian krauseto be someone entirely different from who he claims , gets his hand ripped off and his neck torn into . charles lures pretty virgins into his arms , drawing their energy , in turn feeding his hungry mama , maryalice krige . the fresh new target is tanya robertsonmdchen amick , and she seems to be easy pickens , but this will not be the case and when charles is seriously injured in a struggle . . thanks to a deputy's cat , clovis , mary's vengeance will be reaped on all those who get her way . mary , come hell or high water , will retrieve tanya in the goal of refreshing her dying son . br br like many teenagers , i had a crush on certain actresses i watched in movies . such as amy dolenz , i was smitten with mdchen amick . she's simply adorable in this movie and i love how she bites her lower lip displaying an obvious attraction towards charles , unaware of his ulterior motives . i just knew that mdchen amick would be destined to be a scream queen , but this would never be the case . too bad because i would've welcomed her in the genre with open arms . br br krige is yummy as the menacing , damn sexy , but vicious and mean bitch who wipes out an entire police force and poor tanya's parents in one fail swoop , in less than ten or so minutes . she stabs one in the back with a corn cob ! she bites the fingers off of poor ron perlman , before cracking his arm . . a bone protruding , knocking him unconscious with his own elbow ! she tosses tanya's mom through a window after breaking a rose vase over her father's face ! a deputy is stabbed in his ear by charlescopkebab ! , falling on the pencil for extra impact . poor tanya is dragged by her hair from her home by mary , driven to the brady home , and forced into an impromptu dance with the crippled monster ! the sheriff is hurled onto a picket fence and we see how cats combat the sleepwalkers unlike humans . we see mary and charles' abilities to dim themselves and his car using a power of invisibility . writer stephen king even finds time to include himself and horror director buddies of his in a crime scene sequence with clive barker and tobe hooper as forensics officers , joe dante and john landis as photograph experts . br br the film is shot in a tongueincheek , letitallhangout manner with music appropriately hammering this technique home . it's about the ultraviolence , simple as that , with some deranged behavior and jet black humor complimenting garris' direction and king's screenplay . the incestuous angle of the sleepwalkers is a bit jarring and inyourface . without a lick of complexity , this is closer in vein to king's own demented maximimum overdrive than his more serious works .",1,0
"some people don't appreciate the magical elements in ros , but they are what sets this series apart , that and the fact the producers actually decided to dress the actors in proper period clothes and armournot anachronistic feathered caps , multicoloured tights and plate armour ! br br but i am really writing to comment on an earlier poster's article . um , michael praed did not leave ros to do jules verne ! there are 15 years between these two series . yup , i agree and michael might well agree too that leaving ros was not a good movebut it was a coveted broadway role that tempted him in '84 and then dynasty with its megabucks paychecks . . . .",1,0
"i loved this . it starts out as a fairly normal , slightly ponderous french art movie and then all of a sudden , halfway through it's turned on it's head . this part is brilliant as you realise you have been watching 2 plots not one . sadly , the ending doesn't make much sense , which is a great shame . oh yes , and it's brilliantly filmed .",1,0
"the legendary boris karloff ended his illustrious career by making four cheapie fright flick clunkers in mexico . this is the token moody period gothic horror entry from the bunch . karloff gives a typically spry and dignified performance as matthias morteval , an elderly eccentric patriarch who invites several of his petty , greedy and backbiting nocount relatives to his creepy rundown castle for the reading of a will . pretty soon the hateful guests are getting bumped off by lethal lifesized toy people who populate the place . onetime mexican sex symbol andres garcia of tintorera infamy portrays the dashing police officer hero and julissa looks absolutely ravishing as the sole likable female character . the clunky , plodding nondirection , trite bythenumbers script , ugly , washedout cinematography , ridiculous murder set pieces a gross fat slob gets blasted right in the face by a miniature cannon ! , overwrought string score , morbid gloomdoom atmosphere , largely lousy acting karloff notably excepted , cheesy mild gore , poor dubbing and rousing fiery conclusion all lend this enjoyably awful lemon a certain endearingly cruddy and hence oddly amusing ratty charm . a real campy hoot .",1,0
"okay , i'm not sure if this counts as a spoiler so i just ticked the box anyway to save the hassle . br br i've noticed that the opinions on this film seem to be a fair split . personally , i loved it , although i must say that i think that some of the cameo's were there for the sake of having a cameo . peter kay ? personally , i am just thankful that it wasn't the edward , tubbs and papa lazarou show , and that they chose the 3 best characters in the series to headline the motion picture , especially sir goeff tipps arguably the funniest of the bunch . br br actually , this is less of a summary more of a fairly obtuse bloglike thing , but what the hell , the film was awesome , and i guess that's all that counts .",1,0
"i was hardly aware of the time in history depicted in this 1971 brazilian black comedy , however that is not to say it wasn't accessible to me because the movie makes it very clear . it's set in 16th century brazil , where rival french and portuguese settlers are exploiting the indigineous people as confederates in their battle to assert dominance . what is particularly interesting about the movie is that it is made by the portuguese from the point of view of the french . the hero is a likable frenchman , the portuguese are barbarians , and the rest of the french are oppressive and greedy . the film's portuguese makers are objective because when all is said and done , we see that it makes no difference whose side one takes . it's about heredity overpowered by environment in a time starkly defined by tribes . enemies are made and perpetuated , and like so , the environmental integration never progresses . br br a frenchman is captured by the portuguese is then captured by an indigenous tribe , the tupinambas , after they massacre a group of portuguese . the tribe's shaman predicted they would find a strong portuguese man to cannibalize as revenge for the chief's brother being killed by a portugeuse musket ball . thinking the frenchman is portuguese , they believe they now have one . nevertheless , the frenchman is granted unrestrained course of the village , is sooner or later given a wife , and assumes their accustomed appearance rather than his western clothes , or any clothes . another frenchman comes to the village and tells the tribe that their prisoner is indeed portuguese , then assures the incensed frenchman that he will tell them the truth when the frenchman finds a secret treasure trove that another european has hidden nearby . br br i found the opening scene funny , because its narration apposed with its contradictions on screen serve as great satire , even if the movie didn't seem to want to maintain that tone very much more often . it's actually not a terribly riveting film . the bountiful , essential locale , fierce way of life and ripened native women make not only the frenchman , but us , too , forget any threat , and we have the feeling of him as a free man . it should not be that terribly hard to escape . the cannibalism is as scarce of desire as the fullfrontal nudity of the cast , suggested in lieu as the representative core of pereira dos santos's dry political cartoon of new world mythology and undeveloped social coherence . at any rate , this 1500sera social commentary , shot on location at a bay with 365 islands , played almost entirely nude and almost entirely written in tupi , encourages effective breakdown of established ways which are topical because they've repeated themselves for centuries .",1,0
"the history of the fbi , as told from the point of view of agent stewart via flashbacks , interwoven with his personal life story . stewart and miles as his wife are pretty good , as is hamilton as an earnest agent . the problem is that the episodic nature of the story makes it difficult to get involved . it's like watching bits and pieces of a dozen different movies as we get glimpses of a who's who cast of gangsters . some of the episodes are too long , some too short , and some just look out of place stewart's daughter's school sequence . overall , it goes on way too long . nevertheless , it's worth a look for its handsome production values .",1,0
"the famous closeup of their breakfast meat , crawling with maggots still is recorded by fire in my neurons or the wind filling the right places of the sails , the fog better than carpenter's the fog cos is the real terror bursting out from human history instead of pirates ghosts . but , i tell ya' something not even the magnificent scene in homenage performed by brian di palma with the excellent music of ennio morricone in the untochables filmed in slow motioncan equal the effect of the original masterpiece of the crowd climbing down the ladders . we see not merely the baby stroller but i remember the hand of a baby stepped by militar boot , someone with no feet escaping at the last minute , someone wearing glasses then a cut edition and then the same glasses broken by a bullet that passed through . . . . mini stories in a single scene .",1,0
i'm surprised how many people give this move less than 7 stars . br br but they just don't understand the movie . br br the story is about growing up in a difficult situation . br br there is a crazy grandmother who really wants the best for your grandchildren . br br and there's good reason why so many critics like this movie . br br and the reason is because they understand the movie . br br i feel sorry for the low scores given by some people . br br i wish i could just write a brief summary of a movie but imdb requires you to write 10 lines . br br i frankly don't have anything else to say .,1,0
"this is a very dark movie , somewhat better than the average asylum film . it was a lot better than i thought it would be , is a combination of a psychological thriller and a horror film . br br the voice on the telephone is really creepy this voice without a face , this unknown and threatening voice works really well in the film , since we never see the killer face is left to the imagination of the spectator . br br the action and suspense never decay and after the first half of the film , it becomes vertiginous ; there is not much gore in this film , just enough to serve the story and also the director does a good job at holding your attention . br br i gave this movie a 810 because some clichs .",1,0
"does anyone happen to know where this film was shot ? the aviation scene on the cliff is beautiful . it appears to be england . however , ivy's apartment building certainly looks like the brill building , with its fascinating elevators . br br charles mendl is listed as playing sir charles gage . maybe i blinked , but i never saw him . perhaps he was the husband's lawyer , but , again , i don't recall that character being in the film , other than being mentioned as having made a phone call . perhaps he was in the aviation scene ? or the ballroom scene ? did anyone spot him ? br br herbert marshall was 57 years old when he shot this film .",1,0
"the problem with other actors cast in the rle of dorian gray is that they either looked too old for the part hurd hatfield , helmut berger , josh duhamel , david gallagher , ben barnes or that they were unable to pull off the english aristocratic manner without being stilted . dorian is the perpetual 19yearold or so , all milky skin and honey'd locks , as described by wilde , so the challenge is finding an actor that has the maturity and range for the part i . e . , who can portray the naivit , callousness , and manipulativeness , but at the same time looks like someone in his late teens . and peter firth pulls it all off in this excellent british tv adaptation . br br gielgud as henry wotton , while considerably older than what wilde had in mind , does wonders with his sceneswilde's aphorisms have never sounded so natural and unforced . especially george sanders in the 1945 version was pretty feeble by comparison and his costume didn't fit . br br finally , jeremy bratt plays basil as the most masculine and at the same time the most gay of the trio , again a fitting interpretation . in general , the film includes enough gay subtext without turning dorian himself gayhe's all things to all people and supposedly there's no drug or sexual perversion he hasn't tried in the 18 years covered by the story , but that makes him more narcist than homosexual . he seems to equally wreak havoc on both sexes here , as he should according to the novel . br br of course the budget of this production was not very large , so everything feels a little stagey . particularly dorian's encounter with sybil's brother suffers from the obvious studio look . also , the final shot of dorian a puppet i suppose in his white toadlike makeup is more hilarious than convincing and basil's death scene is inadvertently funny . also , as far as i recall , basil should have been killed seated at the table . br br but all in all , this is a very worthy adaptation . i'm sure wilde would have liked it . the only thing missing is the sensual side . not so much sex scenes , but wilde's decadent world of fragrant flowers , luxurious cloths , and precious gems isn't really explored here , i . e . the aestheticism is completely missing . but like i , claudius , the excellent acting makes one easily forget these shortcomings of production values .",1,0
"something i think some people miss about great science fiction is that it predicts some part of the future . no other theatrical movie that i can recall predicted that when the space shuttle went to study halley's comet that a disaster would occur ! some differences were the churchill the shuttle in the movie actually went to the comet , the challenger was only in low earth orbit ; the churchill was merely burned out inside , whereas the challenger explodedhey the vampires had to get back to earth . one great similarity and this is always bad luck ! both had mixed malefemale crewsthe legend of halley's comet and disaster continues ! br br other than this there is not much more to be said about this movie that hasn't been said before . as a outer spacescience fictionhorrorsex film individually it provided nothing really new , but as in all great dishes it is the combination that counts . and taken together , this was a highly original and satisfying combination . br br i just wish mathilda may would drain her victims through another part of the body !",1,0
"spawned by the same monty berman dennis spooner partnership which produced the champions and randall hopkirk deceased the latter retitled my partner the ghost for the us market department s remains a classic example of the actionadventure series which the uk produced in bulk during the late 1960s . like those two shows , its internal dynamic of two guys and a girl might seem to indicate a progressive attitude towards equality dept s also has a black superior , but it's mostly facade the launch episode , six days , is barely halfway through before rosemary nichols is called upon to parade around in bra , panties and one yes , one stocking in order to extricate herself from a dodgy situation . still , it's an interesting time capsule , even if the appalling fashion sense of peter wyngarde's character which , amazingly , degenerated even further in the spinoff series jason king should definitely have remained buried .",1,0
"this has long been one of my favourite adaptations of an austen novel . although it is definitely not in the same category as the spectacular pride and prejudice , emma is a lush and relatively faithful tv version of austen's novel especially considering its short length . the biggest change between the novel and the movie is a good one , as the unnecessary snobbishness that austen exhibits at the end of the story is removed here and replaced with someone much more akin to emma's character in the rest of the book . i thought the characters chosen to portray the roles were wellpicked . kate beckinsale walks the fine line between girlishness and the social snob with a grace completely lost in gwyneth paltrow's '96 version . samantha morton's wispy blonde locks suit her attitude and character as the simper that accompanies her role in previous characterisations is replaced with the harriet we know from the book . mister knightly's role is carried out extremely well in my opinion ; both the seriousness and the gentle compassion that the hero is painted with in the novel are present here in this muchneglected , sumptuous film .",1,0
"house of dracula is a good sequel to house of frankenstein . there isn't as much action but the acting is just as good . onslow stevens is the benevolent doctor who turns bad after receiving blood from dracula via a transfusiondracula was actually receiving the transfusion to overcome his affliction but he puts a spell on a hunchback nurse and then transfuses his blood into the doctor . . it turns out that dracula really didn't come to seek a cure but instead drain blood from a beautiful nurse . dracula is destroyed and the wolf man is next in line for a curewhich is successful . in the meantime , frankenstein's monster is discovered and revived briefly before burning to deathdon't worry , the same trio came back in abbott and costello meet frankenstein . john carradine again plays a sinister draculabaron latos is his alias at the start of the film and in house of frankenstein . lon chaney is the sympathetic wolf man and glenn strange returns as the frankenstein monster . lionel atwill again plays an inspector , which he often does in the universal studios monster films . a keeper for your collection .",1,0
"all of the reviews here about how much zp lacks plot , the acting is wooden , the orgy scene makes no sense , etc . , all miss the main point . br br let's be honest . this is a movie made in the heady times of late 1960s and early 1970s los angeles . it is a movie meant to be watched while your are high out of your mind on some psychedelic substance . br br find some kind bud and smoke up , or get a mild hit of acid . seriously , these straight and sober reviews of zp miss the point . you can't get anything out of this movie in a straight frame of mind . br br until you've watched this movie on the big screen which i am lucky to have done three times in the 1990s when zp was quite rare tripping out , you have no idea what this movie is all about . br br if you insist on watching it not intoxicated , you can at least appreciate the ending when the crap blows up to the soundtrack of pink floyd's wonderful reworking of careful with that axe , eugene , come in number 51 , your time is up .",1,0
"i've never read a good review for vanity fair and i can't understand why . for something that was rushed through in ten days it all comes off surprisingly well . though admittedly becky sharp is a better movie and miriam hopkins a better becky , there's nothing to stop this one from getting a solid 910 . at times , myrna loy might seem just too cute and nice to be playing an utter bitch , but at other times she just has to squint her eyes and the air temperature drops a dozen degrees . meow ! the move to a more modern setting did not work against vanity fair and the only thing that really causes some conflict is the casting . barbara kent amelia was under 5 feet in height , and few of the leading men were very tall either this all coming together to make loy look like an absolute amazon woman ! br br vanity fair is similar to craig's wife in that no matter how bad the main character is , you have to love her . and you know she deserves her comeuppance , and then some , but you still feel sorry for her when she gets it . though based on the same story as becky sharp , this version had a different ending , which is interesting to see because most of the rest of the films were almost identical . for pleasure value , the ending of becky sharp is ultimately more enjoyable , although aesthetically , and from the flow of the story , there is no doubt that the ending of vanity fair is the better one , whether or not you actually like it .",1,0
"anyone that is looking for an episode of law and order or csi would have to look elsewhere as the most basic elements of police or forensics work were totally ignored in this case . br br a murder took place , and all the police did was to grab a 15yearold boy off the street and take him to the only witness a 65yearold man and say is this the guy who did it ? sure , the old man thought that the kid in the back of the police car had to be guilty . never mind that he looked nothing like the real killer and was dressed completely differently . he must have shrunk , reversed his age by 510 years and changed clothes . br br the police made absolutely no effort and they admitted it ! the did no forensics on any of the evidence , they questioned no other witnesses , and they beat a confession out of a 15yearold . br br the saddest thing about this compelling look at the criminal justice system is that it occurred right down the road in jacksonville , florida . let everyone now start talking about southern justice .",1,0
"this was the first movie that joan crawford and clark gable made together and they would go on to make several more . crawford stars a young rich girl who's father is wiped out in the stock market crash and there is nothing left for her and her brother . they have never worked before and the brother , william bakewell , gets a job with gable , who is a gangster and bakewell thinks it will be an easy job but gets in over his head pretty quick . crawford becomes a reporter at a newspaper but wants to work on the big stories but is given worthless stuff to work on . their is a massacre in which several of gable's men are killed and crawford was a witness to the whole thing . it's a good movie but not one of their best .",1,0
"let me be the first non australian to comment on this i got the movie for hugo weaving and i watched it to the end . it's one of those drama of life films , as my mother used to call a movie that depicts a real life story with no extraordinary events and that is mostly descriptive . br br i liked the light and the girls . the rest was without too much fault , but without too much merit either . i yearned for something like the interview , or at least some matrix villain element here and there , but nothing out of the ordinary . the story does teach one about facing one's own destiny and break free from the environment others build for you , but this happens when the life giving peach factory in the area is about to close , so not much of an effort to change things is required . br br the smart american beauty soundalike song in the background could have been part of a larger soundtrack , but just that one playing over and over again became annoying after 100 minutes of film . br br in the end , i guess it did his job of presenting a part of australian life , but to me it didn't seem specifically australian it could have been placed anywhere and it didn't seem attractive as a story . br br i guess one must be in a certain mood to like the movie .",1,0
"this is one of those movies that make better trailers than fulllength feature films . the concept was really cool and different , the humor was unique , i just felt there were missed opportunities to put the punch into this movie . so many lines and gags were left hanging too long , with no definite ending and really didn't leave me laughing . wilson , wilson , farris thurman were great . wanda sykes was underused in this film and needed more exposure , and more opportunities to spin her character into more screen time . 7 out of 10 for me , more of a dvd rental . also , i was looking for some sort of a feelgood music video during the end credits , something that has become sort of a trademark to these romantic comedy films , a la something about mary , meet the parents but again , i was left feeling a little cheated by fact that this could have been a much better film with a little more music and punchier punch lines . it felt like it was rushed into theaters .",1,0
"this particular joe mcdoakes short subject was obviously inspired by the all star warner brothers spectacular thank your lucky stars , one of those all star wartime morale boosters of the period . in that one eddie cantor played both himself and a would be comedian who'd like to break into films except for his resemblance to cantor . br br george o'hanlon who starred in the mcdoakes shorts is both himself and mcdoakes who's just trying to get a break in film . like thank your lucky stars a few warner brothers contract players with a free moment strolled through this film . br br o'hanlon's been sent by central casting for a small one line role in a world war i film , but lookalike mcdoakes gets the message . the poor guy is so nervous about his big moment , he starts thinking of ways to deliver his one line . maybe sounding like a real movie star would help . br br 86 takes later to the exasperation of director ralph sanford and the patient clyde cook who plays a british cockney soldier they do find a niche in the film business for poor mcdoakes . it's worth seeing this very funny short subject which was nominated for an oscar to find out what happens to o'hanlonmcdoakes . br br both of them .",1,0
