text,true,pred
"i see this movie as a poor tribute to the old slasher movies . because it really doesn't hold a candle to the 70's and 80's goldera of horror , this is of course where personal taste comes in . br br this movie just falls into the category of new generation of slashers in my book , the cast is the typical ones 1824 years and potential models . i'm personally quite tired of that image in horror movies , the old movies at least had some variation in people . one or more fat people , and dorks in general . just plain looking persons , of course having a couple of good lookers is fine they always been there . but when the entire cast is just a bunch of nice racks and butts it's getting silly . i mean , ok yeah i like to watch hot chicks . but not in a horror that is supposed to reflect some ordinary people getting hunted down by for example a knifewielding maniac . . . you expect the people being hunted to look something like any random person you see on the street . i think . there are of course a few movies with just good lookers that is perfectly alright , but they aren't many . wrong turn is one example of the better ones . br br next point is the killing scenes that slashers should be all about . in this poor movie , all you get to see is 23 frames of sudden high pitched soundscream and music in crescendo . and that's it . the little you do get to see isn't very graphical at all , not for people who have seen some horrors during the years . the oldschool slashers compared to this had much more and better death , blood and gore . not to mention the killers in those movies , who surpassed the one you'll get to see here . br br as for true horror fans it is more fun and exciting to watch horrors with new approaches because of the originalities that pops up , the killer in this one doesn't add anything new and fresh to the genre in my opinion . i have to agree with what someone previously stated as well , the cgi is something i hate to watch . personally i preffere the makeups in that sense i'm conservative , unless the cgi is really well done . but most importantly is to set a good setting of mood which allows you to get into the movie , a good background story is one very good thing . also revealing and explaining too much of everything in a movie to the viewers takes away all sense of mystic that adds very much of the mood , and doesn't give you much to think about . just as an example keeping the killers background a complete mystery for the viewer is a good move in many cases . i mean if everything about the story or the people in it has to be explained or shown in detail , then it's not much content left over for the viewer at all to ponder about . . . that's like watching a porno movie and hope for a great story in the meantime . br br why the oldschool slashers still works , at least for some people . is because they are established cult movies from the era when they were a new thing , making new ones of that sort today is admittedly hard . the exception might be for people who are newer to that sort of horrors of course . i have noticed that many people does like this sort of horror movies , so there are of course not a right taste for horror movies . br br but for people out there that might share my opinion ; here you have a frame of reference what to expect of this flick .",0,1
"despite being a huge fan of fred astaire and ginger rogers' movies , it wasn't until about 6 years ago that i first saw 'follow the fleet' . i knew all the songs from an old astairerogers record yes , vinyl but knew nothing of the plot . br br unfortunately , while the songs are catchy and ginger rogers' character is sweet and funny , you just can't like 'bake baker' . while trying to make up to his longtime partner , he continually sabotages her career . his character doesn't have the usual humour and elan of the other films' astaire characters . br br worth watching for the songs and a great solo tap routine by ginger rogers .",0,1
"i'm both amused and disgusted by the people who claim that this movie is so accurate about vietnam , and were never there . this movie is about as true about the whole vietnam war as the rodney king beating is true about all police officers . yes , bad things do and did happen , but in general the people there are just like you and me . they have morals , they are not killing machines , they do not all do drugs . atrocities were the exception in vietnam , not the rule . they happened far more infrequently than the hype would lead you believe . oliver stone has a knack for making movies that show the vietnam war as this brutal bloodbath , but are based as much in reality as star wars . if you honestly believe the stereotypes of vietnam , do yourself a favour and learn the truth . fact the viet cong and nva did far worse things to the south vietnamese than any soldier in the us armed forces ever did . fact the soldiers in world war ii treated the enemy far worse in general than the soldiers in vietnam did , and they were welcomed when they came home . the fine americans who served this country in vietnam deserve our respect ; though the war was badly fought from a political standpoint , no one could have asked for more from our soldiers , and it is a great disservice to assert that this kind of mostly true fiction is the way things really were there .",0,1
"cybrog 2glass shadow stars elias koteas as colton hicks rhymes with kicks ! a karate instructor who helps a cash jolie escape from pinwheel , her creators who look to detonate her and destroy a rival company . along the way billy drago and karen shepherd show up to displace the duo , while jack palance is there to deliver guidance to the duo on the run . one of the things that is quite shocking about the cyborg franchise , is how the series has managed to have quite prolific and off beat actors in the cast . the original had jeanclaude van damme and dayle haddon don't know her ? well she was in a bunch of 70's pornos this one has jack palance , elias koteas , billy drago and angelina jolie . the third one has william katt , zach galligan and malcom mcdowell . okay so , cyborg 3's cast isn't that impressive . i've never seen cyborg 3 , but i did see this on scifi channel and must admit i wasn't impressed . actually strike that , cyborg 2 is an often lovely looking movie , it's shot with excellent style and the visual detail make this easy on the eye . however cyborg 1 was the same way , indeed the movie was directed with a certain amount of style , slow motion and music that made it all easy on the eye . unfortunately like the first , this one doesn't have any new ideas or anything resembling a plot or texture . most of the ideas are taken from blade runner and max headroom , so for various reasons the movie doesn't have much to offer beyond it's look . another aspect is the terrible acting . karen shepherd and billy drago are absolutely terrible and angelina jolie isn't much better . elias koteas and jack palance come off fine but seriously palance is playing a cyborg warrior and koteas is a karate instructor . i guess on the positive side you can't accuse michael schroeder of not being ambitious with casting . still the movie is dull and i for one lost interest in the story fifteen minutes in . also why did they tie it in with cyborg anyway ? it has nothing to do with it's predecessor , which this manages to be worse than . br br out of 4bad",0,1
"writer director robert downey , sr . , a pioneer of the underground film movement in the 1960s , satirized the new york madison avenue advertising world with his avantgarde comedy putney swope . downey doesn't confine his ridicule to advertising , but tackles black militant culture , the dynamics in hollywood's portrayal of race , the elite white power structure , and character of corruption in any power struggle . as audacious and ambitious as putney swope strives to be , it qualifies as a terrible film , amateurishly made on a shoestring budget with a noname cast and humor that lacks hilarity . everything about this movie reeks with improvisation . putney swope stirred up controversy during its initial release with its politically incorrect handling of race issues and consumer culture . like most marx brothers movies , the plot is thin , providing an excuse for downey's anecdotal gags , most of which are terrible . br br the chairman of a prestigious madison avenue ad agency dies during a board meeting . before the body has been removed , the board holds a secret ballot vote to determine who will replace him . each member understands that they are forbidden to vote for himself . sheer accident occurs when everyone votes for the token black member , putney swope arnold johnson , since none thought anybody would cast a ballot for him . swope pink slips all but one of the white executives , surrounds himself with black , pistol packing employees , and renames the firm truth and soul advertising . swope decides to alter the face of american advertising . he refuses to accept clients whose products are alcohol , tobacco , or war toys . swope's clients stage an exodus after he becomes the ceo , and grandstanding attracts a new lineup of clients that show up at his office lugging bags of money and prepared to suffer abuse from swope's militant employees . swope exploits his africanamerican staff , too , ruthlessly appropriating their ideas after he fires them and conjures up a number of offensive advertising campaigns , all of which are hailed as a 'new wave' of marketing genius . incredibly , swope's conservatism proves successful but the agency becomes the target of government operatives who argue swope's advertising tactics constitute a threat to the national security . the high point of this black white , 85minute comedy are the television commercials shot in color . unfortunately , downey doesn't know when to cut off these ads that consistently start out cleverly but wear out their welcome . the funniest part of putney swope involves our eponymous protagonist's dealings with u . s . president mimeo in washington d . c . pepi hermine , a marihuanatoking midget with a kissingerlike teutonic adviser larry wolf spouting tasteless jokes while trying to convince swope to come up with an advertising campaign for his new car , the borman 6 .",0,1
"ok , let me again admit that i haven't seen any other merchant ivory the distributor films . nor have i seen more celebrated works by the director , so my capacity to discuss before the rains outside of analysis of the film itself is mitigated . with that admittance , let me begin . br br before the rains is a different kind of movie that doesn't know which genre it wants to be . at first , it pretends to be a romance . in most romances , the protagonist falls in love with a supporting character , is separated from the supporting character , and is sometimes united with his or her partner . this movie's hero has already won the heart of his lover but cannot be with her . his name is henry moores and her name is sajani , and they reside in southern india during the waning days of the raj british imperial rule . henry has been away from london for a long time and has fallen in love with his married indian maid , despite his legal marriage and child overseas . what could be better than that ? they often sneak away for intimate afternoons until some children notice them . word spreads to sajani's husband who questions her involvement with moores . she denies any contact with him , but moores asks her to leave the area . sajani refuses because of her devotion to him and commits suicide . please take note that these events occur in the opening third of the film . the film changes tone and becomes a crimedrama in its final portions . br br sajani's body is discovered right as moores' family comes to visit . the alleged perpetrator is moores's englisheducated assistant t . k . t . k . knows of his master's affair but keeps silent until his life becomes threatened . once he is declared innocent , he attempts to regain his honor by killing moores . t . k . is too squeamish and leaves him in a dirt path as the rains fall . br br i want to warn you , this isn't a romance film . the dvd cover and theatrical posters show an indian woman and caucasian man embracing in an idealized tropic setting . this image is captured directly from the film's opening , but quickly disappears . then it's over . it seems like an effort to capitalize on western fixation on forbidden love . it isn't effective , at all . not only is the movie not a romance , but its characters lack any personality . they are bundles of walking clichs . moores is an arrogant white man who doesn't recognize his indian friend , t . k . 's intelligence . t . k . is torn between his own heritage and his educative background . sajani is a woman incapable of having a choice in her romantic life . oh , and , of course , moores' family is inquisitive into sajani's death but still slightly racist to indians . if the tone wasn't so serious , i would be willing to overlook these problems , but it isn't . the film is presented with a didactic overtone which highlights its poor character development . br br no , this film isn't terrible . other than the laughable screenplay , it isn't poor . the actors are all experienced and perform well here . nandita das , who plays sajani , was part of wonderful indian drama water . even director sivan has an impressive resume . he recently oversaw the terrorist , which is part of roger ebert's great movies collection . what happened here ? why is this movie so bad ? well , sivan mentioned how he was inspired to direct this film because of a short he viewed in israel called red roofs . apparently , the story was timeless , and sivan sought to create a similar experience set in 1930's india . i don't have any problem with that approach , but i think sivan may have been too motivated this time . the actors , cinematography , and set design are acceptable but unless you share sivan's aura , you'll probably not enjoy it . my recommendation is that you presume you aren't in accordance with him and watch something else . final consensus and out of",0,1
"i'm not a big fan of romcoms at the best of times . a few have been quite good check of dream for an insomniac , but this one is just more of the same but less . br br with a running time of 100min , i expect more than 1 laugh every 30mins . the only real belly laugh are when male strangers and friends instinctively help out lee's character . br br all i can say is avoid . i guarantee there is at least 10 other movies on the shelf that deserve you br br 3 of out 10 and only cos i'm a big lee fan",0,1
"i watched this movie recently together with my sister who likes the performances of sophia loren . i'm a person who they call a cultural barbarian . i hate art in any kind of shape or form . rambo is more my kind of movie , action , kills , blood , horror . if you recognize yourself in this avoid this movie like the plague . no one dies , no action , no nudity , nothing of the kind . let me give you a rsum in a few sentences . it starts out with 5 minutes in black and white nazi propaganda . every italian in a housing block attends a parade in honor of hitler , except for a housewife , an anti fascist and a caretaker . the housewife who is cheated by her husband , meets the anti fascist . she falls in love with him , wants to make love to him , but the anti fascist is gay . despite of this they make love with each other . at the end of the day , the housewife reads a book from her gay lover , and the guy himself is deported by agents . the end . you want an even shorter rsum ? boring . . . that short enough ? the guy should have used his gun in the beginning of this movie and shoot himself , to save the audience from this atrocity . on a side note my sister loved this movie . like i said , i'm a cultural barbarian . . .",0,1
"black vengeance is an alternate title for ying hung ho hon aka tragic hero 1987 . i have just seen this on vhs , together with the first part of the story , gong woo ching rich and famous , also 1987 . the poster and 2 stills featured on the page are for a 4dvd set of movies starring rod perry the black gestapo , fred williamson black cobra 2 , richard lawson black fist . the fourth movie is called the black six . strangely , while the characters retain their original names in rich and famous , in black vengeance chow yunfat's character is named eddie shaw , alex man man tze leung is harry , and andy lau is called johnny . also confusing is the fact that 1994 is given as the copyright dates on both films . perhaps that was the year they were americandubbed . according to the release dates given on imdb tragic hero was released before rich and famous . was there any reason for releasing the sequel first ? despite some users' comments , i enjoyed these films , although they aren't among cyf's best such as the killer and hardboiled which are truly astonishing . however , if one day i come across a 2dvd set of rich and famous and tragic hero i won't hesitate to buy it . hopefully , these comments about black vengeance clear up , which was also for me , a mystery as to where it belonged in chow yunfat's filmography .",0,1
"this is among one of many usa attempts of remaking a old classic british tv show , that's more famous than this one . from what i see none of you haven't mentioned or even acknowledged that you knew there was a tv 50's60's called secret agent man the original secret agent man starred the great patrick mcgoohan the prisoner , braveheart , ice station zebra , the phantom , etc a man who was tapped to be the first james bond , but he turned it down because mcgoohan was a very devout man and he considered james bond's bed hopping and violent ways to be against his values . br br this show was done in black and white , and it's a pity for those who haven't seen it , you are missing out on a lot . the character mr . mcgoohan played in secret agent man was named drake , and after he finished with that show he went on to the do the very popular though at times bizarre and controversial tv series called the prisoner . the character he played in the prisoner was that of a agent who's identity is not revealed is kidnapped and transported to a island where he does not know where he is or who it was that is responsible for kidnapping him . what he does know is that his captors want to know the reasons behind his resignation from the british secret service , and on this island the populace don't have names but they are referred to by numbers and patricks character is assigned a number which is 6 it was argued that his prisoner character was in fact the same character he played in secret agent man but mcgoohan himself disputed this . br br ofourse there is the unmistakable famous theme song that the original secret agent man spawned . it was written by johnny rivers a famous 50's and 60's pop musician and from what i read some of you are actually think that the song comes from this version of the show . you're very wrong about that . it was johnny's and it comes from the original tv series so let me help to set the facts straight . to those of you who complained about the name of the show being stupid , well in england , it was actually called danger man and in the us it was retitled secret agent man for such a supposedly stupid name the show did well enough when it was first aired . br br granted this current show has little to do with the original , no such main character named drake in this one , and i guess they did their best to make this show their version of secret agent man . but it does use the redone version of the original theme song so that does tell you that this show was indeed meant to be a redone albeit however inferior redone version of the original series .",0,1
"so on the chills network on cable they are having vampire month , i'm such a dork , but i love vampires . so after a few duds that they showed i was pretty disappointed , but then i noticed sleepwalkers was written by stephen king . so i decided to go ahead and check it out , well much to my surprise , this movie was really bad . most stephen king films are entertaining and some are very scary . while sleepwalkers was bad , it was a beautiful kind of bad . i had a good time laughing at this movie and just taking it for what it was . i've never read sleepwalkers , from what i understand this is the only real vampire story by king , so i can't really compare book to film . i don't know if it was just my tv , but sleepwalkers looked like it was made for tv . the special effects were corny and the story was a bit far fetched , even if it is fantasy , it had a lot of problems . br br charles brady and his mother mary are vampires who feed off the life force of virgin women . they are considerably more resilient than humans and have powers of both telekinesis and illusion . their one weakness is cats , who are not only able to see through their illusions but whose claws are capable of inflicting severe to fatal wounds upon them . they also maintain an incestuous relationship . charles and mary have taken up residence in a small indiana town . charles attends the local high school , and there he meets tanya robertson in his creative writing class . tanya does not suspect the real reason why charles wants her so much ; to take her life force for his mother , who is starving . at first , it seems that charles has fallen in love with tanya . on their first date , however , a picnic at the nearby cemetery , charles attempts to drain the life force from tanya while kissing her . as it happens , deputy sheriff andy simpson who had earlier tried to pull charles over for speeding , drives by the cemetery and notices charles' car . when tanya runs to him for help , charles tracks andy down and kills him . when charles then turns to resume his life forcedepleting make out session with tanya , the deputy's cat , clovis , rises to the occasion and nearly kills charles by scratching him in the face and chest . mortally wounded by clovis , charles staggers back home to mary . mary then seeks vengeance on tanya's family . br br so to sum this movie up basically you should expect the cheese to overflow . the scene where charles attacks tanya for the first time is very clich and you almost vote for charles to win just because tanya is one of the dumbest female leads in horror movies . then you gotta love the scene where mary has a gun and shoots it at a cop car and somehow the whole thing explodes , god bless hollywood explosions and exaggerations . i'm taking the movie for what it is , it's just so deliciously bad that it turns into a dark comedy for me that i could just enjoy making fun of . i'm not sure if this is what stephen king wanted to see for his story , but he does have his typical cameo in the film . so my suggestion if you watch this movie , just take it for what it is and don't over think it , it's mindless entertainment with corny effects , bad casting , a silly story and enough cats to make the crazy cat lady from the simpson's say wow , that's a lot of cats . br br 410",0,1
"i saw this movie in 1956 and again on cable a few days ago . the movie hasn't improved with age . quite the opposite . it's a true spaghetti epic . br br the trojans are heroic and likable ; the greeks are nasty , petty and sneaky . br br so what if paris ran off with the king's wife ? hey . . . love is love .",0,1
"pretty awful but watchable and entertaining . it's the same old story if you've lived through the 80s . vietnam vets fight together as buddies against injustice back in the states . ateam meets death wish , my favorite ! br br time goes on , the soldiers go home , and years later a friend is in trouble . no , wait in fact , the friend is dead and it is his dad that's in trouble . our first hero , joey , is killed by an exceedingly horrifying super pointy meat tenderizer as he tries to defend his father's small store from the local protection gang despite being wheelchair bound from the war . desperate for help , the father talks to sarge , the leader of joey's old unit from vietnam , when sarge shows up for the funeral . br br well , the squeaky wheel gets the grease , and the old gang saddles up for the city . you can pretty much imagine most of the rest of the movie . br br the one thing that drove me crazy is that sarge keeps haranguing his men about planning , and about how they're really good at what they do when they plan ahead . but joey wouldn't have been put in a wheelchair by a gunshot in vietnam in the first place if the unit hadn't been messing around ! then when things are going really well in the city as they battle the gangs , they do it again . for no reason at all , they completely bypass their plan and try to nail the gang without everyone being present . phh ! ! ! ! i raise my hands in disgust . foolishness ! br br there is also a suspicious moment when all present members of the unit make sure to try out the heroin they snatch from the gang to make sure it's real . every single one of them . hmm . . . . br br what are you going to do ? keep watching , i guess . the movie isn't too horrible to watch , but it is a tease . there are all these climactic moments when nothing actually winds up happening . the most dramatic things that happen are those at the beginning of the movie the explosives in vietnam , joey's death battle , and the gang brutally kicking an innocent teddy bear aside poor teddy ! . br br i guess my main beef with this movie is that i feel let down by it . even the confusing subplots with mystery helpers and their bizarrely crosspurpose motives wasn't enough to save it at the end . but someday maybe it'll all come right and they'll make a sequel . ha ha ha ha ! ! !",0,1
"in the muslim country of khalid fictional , its benevolent leaderdictator , reed hadley as amir , is dying of cancer . amir dies and a desperate plot unfolds . his body is wrapped in aluminum foil and taken in a clandestine operation the population does not know of his death consisting of his doctor nigserian and mohammed , out of the country to perform a risky brain transplant . the surgery is being performed by the disgraced dr . kent taylor , who believes there is no chance of failure and has two assistants . one of them is about 3 feet high master blaster did indeed run barter town and the other is a mutilated traumatized 7 foot giant named gor . what could possibly go wrong ? ? br br did i forget to mention amir's deathbed american , blondebarbie wife , tracy or that dr . kent has a dungeon with female slave test subjects delusions of grandeur ? how about a brain transplant that didn't take ? there is a lot of doubledealing throughout this and people are killed , but i'm not going to lie to you anymore mission accomplished . the ends justify the means . if you can accept that then you will not have to waste 80 minutes . i hope that is warning enough . don't say i didn't warn you . if you must watch , then don't watch alone and have plenty of medicine standing by . br br celluloid rehab",0,1
"this appears to be two movies spliced into one . in the first , zasu pitts is a renegade in a small town . she wants to help the romantic life of marjorie woodworth . ok i'd never heard of her before either . but she and pitts are in both parts of this concoction . br br before we know it , pitts is no longer miss polly . she is emmie . i had to rewind to see if i'd fallen asleep somewhere . i hadn't . she no longer in a small town but on her way to the title honeymoon destination . br br the movie has some cute moments . the first part is better , with roles for what seems to be every thirdrate character actress working in hollywood at the time . br br and what of ms . woolworth ? she sounds a little like betty hutton . she sounds a little like marie wilson . she's pretty , certainly . but she's no comedienne . br br pitts often was used in very small roles . here she has the largest role . she's always fun , though this movie made me wonder if a little of her doesn't go quite a long way . as a comic . when she was a tragic actress in von stroheim silents the wedding march and greed are the two i have seen she was brilliant .",0,1
"now i have seen two movies by the director chen kaige , a very good one farewell my concubine , and this bad one , the assassin . both movies depict crucial events in chinese history , fmc in the 20th century and ta the first unification of the whole chinese nation in the 3rd century bc . fmc succeds with memorable characters , gorgeous cinematography , convincing sets , good acting and an interesting story . the assassin fails on nearly every level okay , the sets are great , the cinematography is good , and the few battle scenes are quite exciting . but . . . the pathos . call me a cynic , but too much is too much . if you felt that saving private ryan was too pathetic , be aware , this here will make you sick . the dialogue is lifeless , many lines seem like political statements , subtle or entertaining is this pic not . the film is overpowered by its own pompousness . i am really surprised that the assassin gets such high votes here on imdb . 410",0,1
"i saw the trailer for this film a few months prior to its release , and man , did it look scary , especially how this film was based on a real life phenomenon . i was incredibly interested , and thought that this could finally be a decent horrorthriller film after years if crap . well you know how movie trailers make a film look better than it is maybe by showing all of the creepy parts or by overdramaticizing certain elements . the advertisements for the movie did both , which lead to my ultimate disappointment . br br by no means is this the most disturbing movie in years . hell , i doubt it was the most disturbing movie of that week's release . this movie takes the whole based off of fact thing too far . br br this movie wasn't complete crap . i must admit , it held my interest and micheal keaton was believable as a man searching for answers by supernatural means . other than that , though , this film is one big clich . after john's wife dies , he learns about evp , which transmits the voices of the dead into everyday electronic appliances . he all of the sudden receives messages from his wife ! my god ! it's not just his wife reaching him , it's other dead people . gee , imagine that . a movie about helping dead people . come on , give me a break ! the clichs don't stop there . there's also the obligatory clockstoppingatthesameexacttimeeverynight trick and three evil spirits that menace our hero . not only was the movie clich , it wasn't scary . the film literally had two jump scenes , and those two scenes are almost identical . the ending is horrible , as it leaves the door wide open for a sequel . there's also an ending message with a message saying how only 1 out of x voices heard through evp are threatening , with a nice happy tune playing . way to break the mood , you guys . jeez ! in the end , if you want another forgettable horror film , see white noise . the only reasons i could possibly think anyone would watch this film for is that either that the person is a keaton fan or that they are interested in evp . sure , the evp aspects may be slightly interesting , but i don't like my movie concepts to be shoved down my throat and blown up in my face . this film tries to be scary , original , and disturbing , but it's just the opposite . you know you have a lame movie when the commercials use the ghosts to talk about there film . i will see this film no more .",0,1
"this straight to video cheap flick is based on a true story . i don't doubt it . doesn't mean it's particularly interesting unless you are one of the main characters who actually lived though this experience . a young woman named angela buys a great , big old country home really really cheap . well , as we all know from watching horror movies , when you buy a big house cheap it usually means it's haunted in some way , shape or form . in fact , the second the house is being handed over to angela the wise guy kid who lived in the house up to now takes a moment to introduce angela to one of the ghosts ! nice guy , huh ? angela gets in touch with a psychic and a paranormal expert and tells them that her house is haunted and invites them to come over and see the ghosts for themselves . they come to a party and sure enough there are ghosts walking around , sitting on the couch , hanging in the garage and trying to seduce people in the bathroom . a few friends sleep over the night of the party , see the ghosts and vow never to come back in the house again . check out the girl who deadpans i'm so scared . i'm so scared . totally emotionless . if she was so scared why didn't she get up , turn the knob and leave ? ! the ghosts don't really do anything menacing aside from show up and there is no blurriness or aura about them . they look just like regular people . they steal celery from the kitchen , move chairs around a la poltergeist and one bisexual female ghost seduces angela , who , get this , doesn't seem to mind ! this scene plays like the kind of softcore porn you see on the spice channel . ummm . . . not that i'd know ! hahaha . the actresses aren't your typical porn stars though . they should hit the beach and the gym more . when angela'ss not making love to the dead she gets mad at them and stands alone in a room screaming why won't you leave ? ! this is my house ! get out ! they don't leave . i couldn't help but think of all the times i've heard psychic sylvia brown on tv saying that if you have a ghost in your house you should calmly rationalize with the ghost and say look , you're dead . it's time to cross over to the other side . in other words , get out ! according to sylvia brown , as long as your not hostile and nasty about it , they'll leave ! this movie looks like it cost about 50 to make . it has a really cheap feel , and bad acting . i could have made this movie with 5 friends and a camcorder .",0,1
"with all the excessive violence in this film , it could've been nc17 . but the gore could've been pg13 and there were quite a lot of swears when the mum had the original jackass badhairdewed boy friend . there was a lot of character development which made the film better to watch , then after the kid came back to life as the scarecrow , there was a mindless hour and ten minutes of him killing people . the violence was overly excessive and i think the bodycount was higher than twelve which is a large number for movies like this . almost every character in the film is stabbed or gets their head chopped off , but the teacher who called him white trash and hoodlum though the character lester is anything but a hoodlum , not even close , i know hoods and am part hood , they don't draw in class , they sit there and throw stuff at the teacher . the teacher deserved a more gruesome death than anyone of the characters , but was just stabbed in the back . there were two suspenseful scenes in the film , but didn't last long enough to be scary at all . as i said , the killings were excessive and sometimes people who have nothing to do with the story line get their heads chopped off . if the gore was actually fun to see , then it would've been nc17 . two kids describe a body they find in the cornfields , they describe it as a lot gorier than it actually was , they explained to the cop that there were maggots crawling around in the guys intestines . his stomach had not even been cut open so there was no way maggots were in his stomach , though i would've liked to see that . the acting was pathetic , characters were losers , and the scarecrow could do a lot of gymnastix stunts . i suggest renting this movie for the death scenes , i wont see it again anytime soon , but i enjoyed the excessive violence . also , don't bother with the sequel , i watched five minutes of it and was bored to death , it sounds good but isn't . the original scarecrow actually kept me interested .",0,1
"wow ! br br i just was given this film from a friend of mine , who bought it for 1 . 98 at walmart , and he felt that he got taken ! it is beyond boring , most of the scenes are filmed in front of a green screen , the acting is somewhat improvised , almost as if they didn't have a script . the martians are cgi , which look like they were done by a novice , or a fan produced movie . i cannot stress just how bad this dvd really is ! br br example in one of the scenes , the martians are torturing a local female captive . she goes from a woman in front of a green screen , to a cgi copy of that woman . the change is totally noticeable , and when she is killed , you can see that it is a computer figure , looking like something from a game back in 1990 ! br br if at all possible , avoid this movie like the plague ! you can download two trailers from their site , and see how godawful it really is !",0,1
"i always thought people were a little too cynical about these old andy hardy films . a couple of them weren't bad . modern film critics are not ones who usually prefer nice to nasty , so goodytwo shoes movies like these rarely get praisebr br nonetheless , i can't defend this movie either . you can still have an dated dialog but still laugh and cry over the story . watching this , you just shake your head ask yourself , how stupid can you get ? this is cornier than corny , if you know what i mean . it is so corny i cannot fathom too many people actually sitting through the entire hourandahalf . br br the story basically is andy mickey rooney trying to get out of jam because he makes up some story about involved with some dbutante from new york city as if that was the ultimate . people were a lot more socialconscious in the old days . you'd hear the term socialclimber as if knowing rich or beautiful people was the highest achievement you could make it life . it's all utter nonsense , of course , and looks even more so today . br br however , it's about as innocent and clean a story and series there were a half dozen of these andy hardy films made as you could find . also , if you like to hear judy garland sing , then this is your ticket , as she sings a couple of songs in here and she croons her way into andy's heart . oh man , i almost throw up even writing about this !",0,1
"there's a lot the matter with helen and none of it's good . shelley winters and debbie reynolds play mothers of a pair of leopold loeb like killers who move from the midwest to hollywood to escape their past . reynolds , a starstruck jean harlow wannabe , opens a dance studio for children and winters is her piano player . soon winters as helen begins to crack up . it's all very slow going and although there are moments of real creepiness nasty phone calls , a visit from wino timothy carey , the movie is devoid of any real horror . nevertheless , it's still worthy entertainment . the acting divas are fine and the production values are terrific . a music score by david raskin , cinematography by lucien ballard and oscarnominated costumes contribute mightily . with this , a place in the sun and lolita to her credit , does anyone do crazy as well as winters ? directed by curtis harrington , a master at this type of not quite amovie exploitation . in addition to carey , the oddball supporting cast includes dennis weaver , agnes moorehead as a very aimee semple mcpherson like evangelist , yvette vickers and michel macliammir the irish orson welles as hamilton starr , aptly nicknamed hammy .",0,1
"nothing i dislike more than a kungfu movie that plays for laughs . it is the main reason i can't stand jackie chan or his lookalikes . he was not always a clown , i must add . my young auntie is slapstick martial arts of the worst kind . it is a perfect example of how the subgenre was brought down to the mud by endless silly antics and childish behavior . unless you are 5yearold , i really don't understand how anyone could find this kind of film funny . but humor is indeed a very subjective thing . personally , i think this type of approach did permanent damage to the beloved subgenre . i did think leading lady kara hui was very good here . but i had such a hard time sitting through this one that i could not enjoy her fine performance . if you don't mind all the silliness , you might enjoy it . i know i didn't .",0,1
"so after the initial disappointment of the first final fantasy movie , which seemed to bare next to no resemblance to the final fantasy series , final fantasy advent children has released itself to a warm reception and , now , a dedicated fanbase . and the reason for the films success is understandable as it has lush graphics , fast moving fight sequences and some cool as hell characters . however , if you haven't played ff7 then it is likely that you will not enjoy this film as it's storyline carries on from the game without previous explanation and your likely to get lost from the plot even if you have played the game . secondly , there is no character development , without previous knowledge from the game your opinions on the characters are limited to 'cool' and 'not cool' . of course , for ff7 fans the film is almost guaranteed to entertain , at least for nostalgic reasons , and it's cool seeing all the characters you grew to love from the game rendered in some pretty amazing computer animation . one last complaint , the film , at least in my opinion , attempted to cram too much into less than two hours and therefore the last half hour or so seems horribly rushed . if you played and enjoyed ff7 than it is a worthwhile watch , though nothing too special . if you have not played ff7 then it is best that you play it first before watching this film .",0,1
"a film about the harlem renaissance and one author in particular . it contrasts it with a modern day story about a young , gay , black artist . br br if that sounds vague it's because the movie itself is . it's welldirected , fairly wellwritten and for the most part wellacted . also the scenes in the past are shot in moody black white . also this is one of the few film dealing with gay men that does not shy away from sex scenes not that explicit and no frontal . still , i mostly hated this . br br the film meanders all over the place , is full of unlikable characters including the main protagonist and this is the killer moves at a snails pace . three times i considered leaving the theatre because i was so utterly bored . but the director was there so i stayed . br br his talk afterwords shows this was a labor of love and took 6 years to complete . i really wish i could like this more there are very few films dealing honestly with gay blacks but i can't . unless you're very interested in the harlem renaissance there's no reason to see this .",0,1
"i will leave it to my bettors , uhh , betters here to gape and gawk at this wonderful wonderawful movie , and just say that i thought it stunk . the great thing about this site is you always get a variety of views , and seek them out , by all means . no telling what you will come out of the film with . for me , the ones who saw through the simplicities and shenanigans of it have my money . there was one , dead on perfect when he pointed out the two grand moments of the thing , which belong to pacino . the meeting and the airport . other than that , well , what a waste of time . utterly . pacino is just doing the same thing over and over and over , he would have been better served by taking the performance down about five notches at about the level of his protg . everybody always says , but this movie could have been so much better . sure they all could have been . but really most of them just should never have been made . including this one .",0,1
"this film is the culmination of everything that is bad about modern film . unnecessary slow motion , unnecessary flippingjumpingsomersaults , unnecessary characters , unnecessary dialogue . . . . basically unnecessity . is that a word ? well , it's just been invented by i , robot . br br what happened to practicality ? i . e . the car garage , the skin spray the only tool that shows a combination of futuristic and realistic function is the card swipe at the coffee shop . br br what happened to showing respect for women ? i . e . smith's character does nothing but degrade the doctor for the better part of the film , and yet she still wants him . where is the tension ? i'll tell you where , good looks and not admiration or common groundbr br what happened to a detective that detects ? smith did nothing but sit around and feel sorry for himself , complaining to other people , and when they said something that sparked a thought he was off . this is such a lame way to get the story from point bcdetc . . . it was ok once , but not several times in a row . speaking of several times in a row , what was the i'm snoring and not listening to you joke ? twice in one scene ? br br what happened to the small parts in a movie being somewhat meaningful and not just a tool to promote rescue scenes ? shia labeouf the kid is in the movie for a total of two scenes , we know that ahe degrades women , and bhe knows smith . . . . . . . so of course we should care about him and whether or not he comes to harm , br br what happened to hero's ? let's just forget that there are people , women and children everywhere getting attacked by robots and selfishly save the only person withing my view that i have an acquaintance with . and why did he have to ramp his bike through the air , showing off , while the doctor was somehow able to reach the same distance in a matter of seconds on foot . br br don't get me wrong , i'm all for spectacle . but i'm also all for a shred of realism and meaning . br br i have to say i've never laughed quite so hard at a film in a long time . so thanks alex . br br i pray for the swing of the social pendulum back to simpler techniques , simpler stories and simpler everything else in films . . . . . . but mainly simpler techniques . br br big budget action films you so have to die",0,1
"it is not obvious from viewing this film so i recommend viewers research the people who present their case in it but this presentation on the realities of islam , and its encouragement of violence and intolerance against all nonmuslims is lacking objectiveness , and also completely fails to factor in the human condition . it is one thing to document that the koran says many things about how a devout muslim is required to interact with nonmuslims , but any realist is able to realize that not every human who feels himself or herself to be a follower of islam , will agree with and comply with all tenets of that faith and system . there is reason to call much about the presenters into question , such that viewers need to see the presentation with a healthy skepticism ; don't swallow it all , hook , line , and sinker , without some thinking of your own . br br one specific , for instance , is researching the person walid shoebat ; who claims to be a former muslim who perpetrated an act of terrorism in bethlehem . there are many wise people in the world who believe neither of these assertions . i am not nor have i ever been a muslim . i have never read the koran . i am not a christian , nor a member of any faith . but i am an intelligent and discerning human . while the film is quite disturbing , in its presentation of how some muslims view their obligation to islam ; i remind you that there is more to islam than the views of the fundamentalists . just as their are fundamentalists and evangelical christians , so , too , there are variations in the intensity of belief and obligation among jews and muslims . br br when you watch this film , you need to have the salt shaker on hand . one grain will not be enough , you'll need more . please use your own mind and think for yourself , research what is presented , and evaluate the state of the world and how islam fits within it based on more than what is said in 98 minutes of video . there is a common thread of political affiliation among those who put this film together , indicating a definite bias . be your own brain .",0,1
"this film doesn't have a very clear picture of what it is or wants to be . there are some good bits when stewart is on screen and they give him some lines to work with . it works best early on as romantic comedy , but the story keeps heading for more dramatic territory and gets itself lost in the process . by the last fifteen minutes or so , the plot twists are just a series dramatic clichs . br br the part with the airplane feels like some leftover footage from another film spliced in . br br the main reason i can think of to watch it is if you want be able to say you've seen all of jimmy stewart's films .",0,1
"nothing more than a soccer knockoff of the mighty ducks , this film proved to be annoying in most aspects . this was one of those times where you're parents ask you to take your younger siblings just so they don't have to deal with them for a few hours . to say the least , my younger sisters liked it , but it proved to be too much like the far superior mighty ducks . oh well , at least olivia d'abo was hot and steve guttenberg still had a job at that point in time .",0,1
"two page boys working at a radio network go from trying to solve murders to performing in blackface in between work shifts . jack moran and sidney miller star in this whodunnit from 1945 . lots of fast talking , everybody yells at everybody , and the two page boys call the police detective marty played by ralph sanford . it's a real shortie at 59 minutes , and it has the feel of being adapted from a play , since it mostly takes place in a radio station soundstage . we don't really care about any of the characters , which is probably why its hardly ever shown . no big deal . this was phil karlson's second film as director . we're not given any clues as to who might be knocking people off , so we just kind of follow the police detective and the page boys as they all try to solve the mystery first . i'll say no more so as not to give away any spoilers .",0,1
"so you might be reading some of the comments posted on this film , and you might be thinking to yourself , huh . there were sure a bunch of rave reviews posted on december 30 . funny thing is , most of these rave reviews sound like they're coming from the same person , or at best a small , coordinated group of open house groupies . the truth , my friends , is that this film is truly unwatchable . just because it's independent doesn't mean it gets a free pass . if you're going to make a musical , whether on film or on stage , whether on broadway or at the local community playhouse , you should probably make sure that a . your actors can sing , b . your actors can dance , c . you have decent sound equipment , d . you have a wellwritten score , and e . you have lyrics that are witty and charming . even anthony rapp can't save this one . it's one of those unfortunate moviegoing experiences where i actually felt deeply embarrassed for everyone involved .",0,1
"this was a classic case of something that should never have been . gloria was now a single mother , her husband had left her because she wouldn't live in some commune with him he was mad that reagan had been elected and wanted to turn his back on society . right then and there i had problems with the series come on , i say to myself , is this the same noble michael stivic that countered archie bunker's right winged philosophies ? the series went on , but it just didn't have any pizazz . whatever momentum sally struthers gained from all the family was long gone . maybe , if the series had been given another name and presented as being totally independent of all in the family , it might have worked out . ah well , that's show business .",0,1
"only the glandular secretions and please don't ask for any more details of young virgins can keep the rapidly deteriorating body and mind of the crazed old amateur horticulturalist's wife fresh and youthful . since , like most people except those taking part in medical trials , virgins seldom give up their secretions willingly , dr . lorenz bela lugosi arranges for them to be abducted and preserved . he'll do the extracting himself . br br what a great cheese ball of a premise for a low budget horror movie . if the corpse vanishes turns out not to be the havarti of horror , as a plain limburger it leaves an interesting aftertaste . br br sure , the acting is almost awful except for the actors fortunate enough to be playing the crazed dwarf angelo rossitto , who later played the master in mad max beyond thunderdome ; his crazed brute of a brother , angel frank moran , who grunts a lot and has a fetish for the virgins' hair ; the crazed mother of the two minerva urecal ; the crazed wife elizabeth russell , who sleeps in a plush coffin and , of course , the crazed doctor lugosi . br br an enterprising young reporter , patricia hunter luana walters tracks down the doctor because of a strange orchid with a peculiarly sweet odor that had been worn by the victims . when the doctor and his wife invite pat to stay the night , a raging storm immediately breaks out . that clue tells us some raging violence is about to erupt inside . since it's well known that in hollywood at this time all unmarried young women were virgins , pat may have some unpleasant surprises to deal with . they include dark passages , a crusty laboratory where a near dead virgin is stored , a basement mausoleum and , later , a direct threat to patricia's own glandular secretions . if she survives , what a story she'll have to give her editor . br br if you sample this moist slice of moldy velveeta and why not ? don't be superior , don't judge bela lugosi by the company he keeps here . he had a huge impact in dracula 1931 , but my favorite movie of his is the black cat 1934 . as dr . vitas werdegast he's a sad , ironic man protective of his two young friends . when he finally takes a scalpel to hjalmar poelzig boris karloff and begins to flay the man alive , ah , well , it's a great scene .",0,1
"back in the 70's , when i had first seen this , i was in high school . it was cool then . now as an adult i look back at it and i say to myself . . yeah right . what was so funny ? it has it's moments but they are few and far between . it is so dated that the jokes no longer stand up . show this to a younger crowd and they will be totally lost . if you like this type of humor you may want to stick with kentucky fried movie or amazon women from the moon . tunnel vision as well as groove tube are too dated for today's viewing .",0,1
"life in some future fascist or near fascist state which severely restricts personal freedoms is a recurrent theme both in modern literature and for film makers . such works post us warnings about undesirable trends in our society to watch out for ; but to be effective they must also be entertaining . unfortunately most of the books are probably more effective in posting the warnings than in entertaining us enough to become really widely read ; whilst with the films the problem is usually the other way round . the first such work to become really widely known was probably george orwell's 1984 first published in 1948 , and this is still readily available both in the form of a book and as a film . br br watch or read it and then , when you are feeling a little depressed by man's inhumanity to man , reach for cinderella 2000 . this is a feather light low budget film comedy based on the same theme which provides effortless but unrewarding viewing ; and as with 1984 the calendar has now passed beyond its erstwhile period . most of the comedy is laid on with a trowel although there are just a few genuinely funny moments . to exercise your mind in the long intervals between these you can focus it on the question of whether this film will gain a new extension of life by being released as a dvd or whether it will finally disappear into oblivion as existing tape copies deteriorate past redemption . there are many worse films appearing as dvd's these days , and frankly i do not care much what happens either way . br br so far the best of the films of this genre has probably been the handmaiden's tale , but i would very happily swap them all for a well made film of jack london's towering novel the iron heel . ambitious as this would be , it still seems incredible that no modern film maker has yet dared to attempt it imdb only lists a bw silent version made in russia in 1919 .",0,1
"i think homegrown is a bit of a misnomer for this movie more like plantation grown but it doesn't have quite the same ring to it . my guide described it a comedy , but the pathetic travails of these hapless buffoons is not my idea of a belly laugh . more in the genre of the farcical thrillerdrama . the characters developed well enough an allstar cast made it ohso promising , just a shame the plot was patently absurd . ted danson provided a fine cameo as did jamie lee curtis in her walkon part . jon bon jovi has this amazing ability to measure thc content in the front seat of his car ! i guess if you imbibe a few beforehand you should be able to sit through this one not for the gun shy paranoid types though .",0,1
"since the characters begin with unknown identities , they not identified by name , so you start with handsome james caviezel waking up in a warehouse . he finds out the place is locked up tight . don't ask the windows are made with security glass , and it's impossible to get out . four other awakening men make it a quintet mr . caviezel in his jean jacket , barry pepper in a ranger shirt , greg kinnear with a broken nose , joe pantoliano as a chair bound man , and jeremy sisto shot and handcuffed man . oh , man br br these five men have collective amnesia . they think that three of them are kidnappers , and two are victims but , they don't know who is which or which is who . the forgetfulness is due to a pipe leak . don't ask it happens . meanwhile , on the outside , lead lawman david selby as parker sends his cops to solve the kidnapping while one of the men's wives , bridget moynahan as eliza coles , frantically waits . but , criminal element's gang leader , peter stormare in snakeskin boots , is also on his way to the scene . br br like the dvd synopsis says , as secrets are revealed and clues unraveled , the five men must race against time to figure out who is good and who is evil in order to stay alive . this story reads a lot better than it looks on film , unfortunately . when the secrets are finally revealed , and memories become clear , there is no longer much interest in what has happened . simply , director simon brand has a great premise with matthew waynee's idea , but they encumber light investment in the characters holding the short end of the stick . br br unknown 11106 simon brand james caviezel , barry pepper , greg kinnear , david selby",0,1
"was this movie stupid ? yup . did this movie depth ? nope . character development ? nope . plot twists ? nope . this was simply a movie about a highlyfictionalized springer show . it shows the lengths that some people will go to get their mugs on tv . molly hagan did a great job as jaime pressly's mom . jaime is . . . . well . . . gorgeous ! this flick wasn't so much made to be a breakthrough movie , rather , it was intended to life in a trailer park i live in a trailer park and ours is nothing like the one in this movie where everyone sleeps with everyone else , all the girls get pregnant by different guys , and all the guys drive rustedout '66 ford pickups exaggeration , of course , but that's the picture everyone sees when you mention trailer park . some people overanalyze movies caseinpoint star trek freaks . i watch movies purely for the entertainment value ; not to point out that the girl is wearing a different shirt in a different scene read the goofs bit about connie's shirt . could it have been better ? sure . but it was funny as hell .",0,1
"star rating saturday night friday night friday morning sunday night monday morning br br danny mel raido is a lonely factory worker who tries to get by with his job and to be a good dad to his two daughters after a messy divorce from their mother maxine peake . but after an altercation with said daughters present at a working men's club , he uses a trip to their dance class to take a glance at louis colin salmon and his gang of hard men who train in the boxing gymfree weights section there and to train himself into a tougher , more assertive person . before long he's taken the philosophies of louis to heart and has joined him as a nightclub doorman as the 80s disco faze kicks in . . . but when associate sparky scott williams tries to do a sideline in drug dealing , everything turns pear shaped . br br as robert de niro once stated in the film a bronx tale 'there's no bigger tragedy than wasted talent . ' the writer of clubbed had a good idea and a talent to make it into some sort of film . . . but without the ability , it seems , to put it all together into some sort of coherent film . br br as a brummie , some of the filming locations especially a scene at the end outside the ring o' bells pub in moseley ! were quite easy and fun to spot . . . but the dour look of the cinematography is really a downer on things . some really poor acting , for instance lead actor raido with an indecipherable accent that's all over the place , and a hammy script with some misfiring dialogue are bigger problems for the film though . more established actors like peake and even telly favourite neil morressey are sidelined to very small supporting parts , while the disastrous raido and ronnie fox's lame villain take centre stage . williams does a poor man's sick boy from trainspotting impression , leaving salmon and shaun parkes seemingly the only performers left with any integrity from the whole thing , as the excessive , blood splattered violence becoming a common trend for brit flicks ! takes over . truly a missed opportunity .",0,1
"alicia silverstone preclueless plays a modernday crimeobsessed teenager attempting to solve the brutal slaying of a local girl . pat verducci wrote and directed this bflick , which isn't especially wellmade but is however surprisingly seriousminded in regards to its leading character . silverstone is appealing and successful in carving out an interesting young woman here , despite the picture's kitschy undermining . the supporting cast including kevin dillon and michael bowen isn't bad , though the violence in the last act goes overboard . not a cheesy campfest , but nothing exceptionally memorable either . 12 from",0,1
"an update of the skits and jokes you would have seen on a burlesque stage in the first half of the 20th century . it's a string of several jokes acted out . some of them you could tell your grandmother , some of them not , but it's a fairly safe bet she's heard them all before . for what it tries to be , it's not too bad . before you rent it , remember that it's an older style of entertainment and has more value as history than as comedy or titillation . robin williams has a couple of bits , but he's interchangeable with the other players .",0,1
"following the success of paris , je t'aime , a group of directors decided to get together and make a similar anthology style film based in new york . unlike the original film , the stories in this film seem to sometimes come and go too quicklyby the time you think are getting into a story , it's over in too many cases . and , the often start up and stop and then begin againwith the stories woven together . as a result , there is no title to indicate that a story is complete and it is less formal in structure . br br sadly , however , while paris , je t'aime was hit or miss mostly hit , most of new york , i love you was miss . the stories tended to be much more sexual in nature but also far less sweetand often quite terrible . it was an amazingly dull and uninteresting film with only a few exceptional storiesand perhaps the often depressing music made it seem more so . now understand , it was good quality music but its somber tone really , really made me feel like cutting my wrists ! among the better ones was the story about the young man who took a girl in a wheelchair to prom , the couple talking about cheating outside a restaurant though this was also in the first film and the crotchety old couple . this is all so sad because i had loved the first film so muchand i really wanted to love this film . i respected what they tried but simply didn't like it very much . br br by the way , and this is not really a complaint , but i was amazed how many people were smoking in the film . for a recent film , that was unusual in our more antismoking culture . br br also , if you get the dvd , there are two segments included as extras that were not included in the film . one consists of kevin bacon wearing a cool fedora eating a hotdog . . . . and absolutely nothing more for almost ten minutes . the other features a teen who spends the film videotaping the worldincluding a very unhappy couple .",0,1
"it's unlikely that anyone except those who adore silent films will appreciate any of the lyrical camerawork and busy but scratchy background score that accompanies this 1933 release . although sound came into general use in 1928 , there are no more than fifty words spoken to tell the story of a woman , unhappily married , who deserts her husband for a younger man after a romantic interlude in the woods . br br the most vividly photographed scene has the jealous husband giving a lift to the young man for a ride into town , proceeding to drive normally until he realizes the man is his wife's lover . in a frenzy of jealousy , he drives at top speed toward a railroad crossing but changes his mind at the last moment , losing his nerve . it's probably the most tensionfilled scene in the otherwise decidedly slowmoving and obviously contrived story . br br hedy lamarr is given the sort of closeup treatment lavished on marlene dietrich by her discoverer , but her beauty had not yet been refined by the cosmeticians as they were when she was transported to hollywood . her performance consists mostly of looking sad and morose while mourning the loss of her marriage with only brief glimpses of a smile when she finds her true love aribert mog , the handsome young stud who retrieves her clothes after a nude swim . br br the swimming scene is very brief , discreetly photographed , and not worth all the heat it apparently generated . the lovemaking scene , later on , is also artfully photographed with the sort of lyrical photography evident throughout most of the filmartfully so . more is left to the imagination with the use of symbolismand this is the sort of thing that has others proclaiming the film is some kind of lyrical masterpiece . br br not so . it's disappointing , primitively crude in its sound portions including the laborious symphonic music in the background and certainly miss lamarr is fortunate that louis b . mayer saw the film and on the basis of it , gave her a career in hollywood . he must have seen something in her work that i didn't . br br it's apparent that this was conceived as a silent film with the camera doing all the work . the jarring workers scene at the conclusion goes on for too long and is a jarring intrusion where none is needed . it fails to end the film on the proper note .",0,1
"mighty morphin power rangers came out in 1993 , supposedly based on the japanese sentai television show that started back in the 1970s . now as a fan of japanese action films and series , you would think i would get a kick out of this show . br br you could not be more wrong . what worked in the japanese version has become a complete abomination of television with mighty morphin power rangers . br br mmpr is based on five teenagers who get powers to becomes costumed superheroes with robotic dinosaurs who form an even bigger robot . br br now this premise is more far fetched and more laughable than anything in either transformers movie , yet , the ridiculousness of this show is often overlooked . br br it was followed by two really bad , and i do mean , really bad movie knock offs , and the actors starring in this series , completely disappeared from the scene . br br if you must choose , try watching japan's zyuranger series instead . br br also , what's up with the awful long 1990s haircuts and all the earrings on the guys ? it makes them all look feminine !",0,1
"honestly this short film sucks . the dummy used in the necro scene is pretty well made but still phony enough looking to ruin the viewing experience . the unearthed dvd is crisp and clear and i haven't made up my mind if this helps or hinders it . if the film was a little grainy it might have added some creepiness factor to what was going on . i have no idea why this film has so much hype surrounding it other than the subject matter but to be honest the necrophilia scenes in films like nekromantik and visitor q among others , are more shocking than in aftermath . all this talk about the film being about loneliness and all other manner of deep philosophy is bull . this is an expensive , beautifully filmed turd . it's not that shocking , it's not that disgusting . if you insist on viewing it rent it . i give it a 3 for the fact that not many people make explicit movies about necrophilia there should definitely be a bigger selection for us sickos ; the filming is good and it does have some gore if watching a rubbery looking doll get cut open is considered gore . . . but other than that absolutely nothing going for this overhyped mess . on the other hand genesis cerda's sequel to aftermath now available as a double feature released by unearthed films is an absolute masterpiece of a short film , really showing what a good director cerda really is when given the right material . although i don't care for aftermath at all , genesis is so well made that i will forgive cerda and definitely keep an eye out for him in the future . . .",0,1
"i learned little of significance from this film that i did not already know from cnn and the new york times . and i did not follow the enron case obsessively as did some others . the film did a very poor job of explaining what business enron was in that might actually have been on the upandup before it started hiding its debts in the entities created by andy fastow . it also significantly underplayed the role played by arthur andersen and vinson elkins in validating practices that were afterwards found to be illegal . nor did it go as far as it might have in exploring what the investors all those prominent bankers thought they were doing . with the 24 hour a day cable networks , the discovery channel and the history channel , documentaries have proliferated . i've seen many in the past year that were better than this one .",0,1
"the concept of this madefortv horror movie is ludicrous beyond words , but hey , it was the late 1970's and literally all stupid horror formats were pretty damn profitable , so why not exploit the idea of a satanically possessed dog ? the plot of devil dog is easy to describe to fans of the horror genre simply think of the omen and replace the newborn baby boy with a nest of german shepard pups ! seriously , i'm not kidding , that's what the movie is about ! during the opening sequence , members of some kind of satanic cult buy a female dog in heat only to have it impregnated by satan himself . you'd think that the lord of darkness has other things on his mind than to fornicate with a german shepard and take over the world one evil puppy at the time , but apparently not . exactly like little damien in the omen , one of the puppies is taken in by model family and grows up to become a beautiful and charismatic animal . but lucky that's the dog's name is pure evil and liquidates annoying neighbors and nosy school teachers in derivative and tamely executed ways . he also inflicts his malignant character on the family wife and children , but he cannot force the father richard crenna to stick his arm into a lawnmower because he's a chosen one . the whole thing becomes too moronic for words when crenna eventually travels to ecuador to search for an ancient wall painting and gets advice from an old witchdoctor who speaks perfect english . i guess he learned that living in isolation atop of a mountain his entire life . director curtis harrington what's the matter with helen , ruby and lead actor richard crenna wait until dark , the evil desperately try to create a suspenseful and mysterious atmosphere , but all is in vain . scenes like cute puppy eyes spontaneously setting fire to a spanish maid or a dog dodging bullets without even moving evoke chuckles instead of frights , and not even spooky musical tunes can chance that . the special effects are pathetic , especially near the end when the satandog mutates into an utterly cheesy shadow on the wall . devil dog is a truly dumb movie , but it's definitely hilarious to watch late at night with some friends and loads of liquor . there are entertaining brief cameos of martine beswick dr . jekyll and sister hyde as the terrifying cult queen and r . g . armstrong the car , the pack as the evil fruit , vegetable and puppy salesman . and , yes , that annoying daughter is the same kid who gets blown away complaining about her icecream in carpenter's assault on precinct 13 .",0,1
"a young man , recently engaged to be married , is the victim of a traffic accident and dies as a result of his injuries . his father , desperate to revive his son , agrees to let a scientist friend try his experimental soul transmigration process to save him . after the young man returns to life , the father and fiance notice a dark and violent change in the young man's behavior , leading them to believe something went horribly wrong in the revival process , according to the dvd sleeve's synopsis . br br at one point , edward norris as philip bennett is asked , what do you think this is , boys town ? mr . norris should know , since he was in boys town . the man with two lives is more like black friday minus karloff and lugosi . you do the math . this film might have been a contender , with a reworked script ; it does feature an intriguing final act . after a tepid shoot out , hang in for the drama to pick up with a wellplayed scene between star norris and pursuing detective addison richards as george bradley . br br the man with two lives 1942 phil rosen edward norris , eleanor lawson , addison richards",0,1
i love watching steven seagal movies not because of the action of the great plot holes but just because it makes me laughbr br oh it makes me laugh so hard this movie totally got no point and is ridiculous compared to this movie pearl harbor rocks ! ! ! and ben affleck need no acting school at all just to give a impression how bad it isbr br first off all there so many goofs and bad acting its just getting worse like when steven is try to get out of jail a chopper lands at first the security notice and they led them land when they fly away all of the sudden a guard start shootingbr br or when he killed that guy in the car he and treach both walk away you can't see no oil on the ground behind him steven notice that there is oil without even watching treach trows a lighter and the car blows upbr br and there are plenty of more goofs steven uses his basic action when someone is pointing a gun at him he grabs it and shoot him totally bullshit ! ! ! like some gangster would let that ever happen . br br the acting is also very worse at the fight scene in the jail outdoor place you can see steven clearly wait to come in action just rewind it a couple of time and you notice the bad actingbr br its just makes me laugh i hope one day it comes to the cinema's here in holland then i'll go there with as many friends as possible just to laugh my self to death,0,1
"'rise of the footsoldier' follows the unrelentingly cruel journey of gangster carlton leach and his associates through drugs , violence , sex , violence , guns , violence and did i mention violence ? br br protagonist carlton leach ricci harnett , member of the i . c . f inner city firm ; a group of football hooligans turned professional gangsters , guides the audience through the events leading to the 1995 'range rover killings' , in which three gang members fell victim to particularly vicious professional 'hits' . leach's success as a doorman and talent for locating aptly violent friends to control unruly punters at a local nightclub launches him into the company of notorious drug dealers and gangsters , profitably benefiting from the 80s90s rave scene and drug culture . br br opening with brutally realistic shots of the dead men , the viewer is left thirsty to understand what happened , but left wholly unsatisfied . the next 2 hours meander through a series of countless character introductions . each of these basically establishes yet another typical 'hard man' , shows him assaulting usually undeserving victims , before probably coming to an even nastier end . what little emotional understanding the audience is allowed to form for a few of the characters for example a family man blamed for missing drugs is quickly destroyed when they are either anticlimactically killed , or their storyline left unresolved . the hints of a plot introduced in the beginning are inadequately concluded with vague impressions of how the murders occurred , as the events are slotted into place with little reward for persevering with the hazy muddle of previous events . br br this film has been made with a standard formula in mind , for an audience who prefer violence and 'ard nut' slang to an actual storyline . 'rise of the footsoldier' borrows too much from 'football factory' , leaving out the good bits , demonstrating no moral ramifications of hooligan subculture or establishing empathy with the protagonist . the violence , although brilliantly shot , seems excessive and implausible because no one is around long enough for the audience to form an emotional attachment . the implication that the gangs are untouchable by the police is fair enough , but machetewielding doormen regularly committing blatant murder in public places pushes the imagination of even the most willing viewer . the audience are left bewildered as to the relevance of many key events and developed characters that had no knock on effect on the eventual conclusion . attempted 'grittyrealism' is further destroyed with a substance called 'truth serum' , which the turkish mafia use to coax honest answers from unwilling individuals . this is not the genre in which to invent psychologically unrealistic drugs , and renders the interrogation almost absurd . br br the actual scenes of violence before becoming repetitive hold some tension , spliced with rapid flashes of colour or the end of a film reel . seamlessly choreographed brawls coupled with obligatory but effective shaky handheld camera work saves the film , but unfortunately the plot or lack there of limits it to a niche demographic . br br in essence , the events this film is based on aren't deservedly represented , and an adequately sequential storyline is sacrificed for stereotypical characters and an unoriginal plot . this film has a place in the market , but if you like a bit of brain with your brutality this one isn't for you . br br httpwww . obsessedwithfilm . com",0,1
"just saw a prescreening tonight . what can i say ? it lived up to it's mediocre trailer run , though that's saying nothing at all . it did absolutely nothing that any movie before it hasn't done , and it played out in such a clich fashion that eventually i got to the point where i stopped laughing only because i was laughing with the audience , and instead let the humorless movie play out . br br so let's see . . . we have the lessthanspectacular main character that is trying to get back with his exgirlfriend but he's not good enough for her , check . we have the three buddies that all have their own personality with one being the best friend who tries to get with the main girl character's best friend but is constantly rejected , another friend being the super awkward one that can't live down seeing the positive in everything 247 and is thrown in for the oneliners which in this case is just a bunch of movie references , specifically from disney , and the third guy whose name you won't ever remember but is there to complete the square and throw in consoling messages to whomever will care to listen . . . check . we have the girl's exboyfriend and her parents block the relationship at any possible means when things are looking up , not to mention the awkward family members from the main character's side . . . check . we have the downer period an hour into the movie where everyone is depressed , check . we have the movie's funny moments come from incessant swearing , people falling down or being hit , scenes from the trailer , and homosexual innuendos . . . check . and dare i call it a spoiler , but we have an ending that unfolds exactly as one thought that it would unfold before even seeing the movie . . . check . br br honestly , this could have . . . no , wait . . . should have been a pg13 movie . all that needed to be dropped were any fbombs . honestly , it would have gotten much more publicity from the crowd that enjoys this kind of humor , would have gotten less media exposure , and thusly would have not been disliked as much from people like myself who should try and hold it up higher to the recent rrated comedies like superbad and knocked up . the humor in this movie is just so awkward that it doesn't fit in with what general people look for . i bet even the actors were often times unsettled with some of the dialogue and action they had to deliver on camera . let's put it this way . . . in the theater , it will help you laugh because it's on the big screen and others are laughing . when this movie hits showtime and you're checking it out at 200 pm on an offday , you may be inclined to change the channel . the only thing that will keep you watching is alice eve's hotness who is not quite a 10 , but still very good looking . br br aside from the main resolution , this film kicked a lot of subplots to the side of the curb and seemed to forget to write more story that they tried to develop in the beginning of the movie , where everything else pretty much flies out the window . so there is a main resolution , but what comes of it ? it's never really clearcut , nor does it allow the ending to be feelgood with the abruptness . br br there was only one thing worth nothing in this movie , and that was the good soundtrack . aside from the nice choice of 90's alternative rock songs , there was a nice upbeat score that would play in some parts of the movie more so the beginning of it that reminds me of something david holmes would mix upcompose . i'll give them props for a great choice of sound . br br one last thing , this movie was probably filmed sometime late last summer , because the inadvertent yet proud pepsi sponsorship showed the yellow bottle caps that they had during that rock band promotion . i just figured a lot of rock band gamers would catch onto that one if you saw it . but i say hold onto your money . if this was pg13 and you were 15 years old on a friday night with a group of friends , i'd say knock yourselves out . otherwise , definitely pass . it doesn't try and compete with the rrated movies of the past few years , and ideally it definitely isn't as good .",0,1
"may contain spoilersbr br i was super excited to go see blood and chocolate with my friends . i couldn't wait because the book is one of my favorites . but as soon as the movie started , i couldn't believe how different it was . at first i was like , okay , so both of her parents are dead . . . maybe it'll be okay . but then came the rest of the movie . by the time it was over i was furious . nothing was correct but their names and the fact that vivian fell in love with aiden . by the end of the book , gabriel was my all time favorite . . . and then the movie goes and turns him into a complete heartless idiot ? ! the movie also showed the shifters , or werewolves , as these vile , evil creatures were as the book shows them as just wanting to fit in and keep their pack safe . they would never kill humans for the fun of it . br br if they wanted to make a movie like they did , they should have given it a different title and named the characters different . because then i would go out and watch it again and buy it , but when i think about it all i can see is the bad . you couldn't pay me to go see it again or buy it .",0,1
"back again in scotland , lassie is again on trial for her life . because the faithful dog sleeps on her master's grave , she must be put to death , according to law . oddly , it is also explained that lassie had no legal owner , which is , apparently , also against an old scottish law . if , after three days , no owner is located , dogs must be destroyed . edmund gwenn as john traill pleads lassie's case , which leads to an extended flashback , showing lassie's adoption by donald crisp as john jock gray . br br although it's based on an interesting , original story greyfriars bobby , challenge to lassie revisits several earlier lassie situations ; and , it does not improve upon them . comparatively speaking , this one is sloppy and unexciting ; and , it's a disappointing followup to the sun comes up 1949 . geraldine brooks as susan brown and several of the other performers may be charming , but can't elevate this one . little jimmy hawkins from it's a wonderful life is among the notable children supporting lassie ; much later , he will grow up to marry dark shadows' bewitching angelique lara parker .",0,1
"i don't know about you , but what i love about tom and jerry cartoons is the often violent interaction between the two characters . mouse in manhattan sees jerry leaving tom behind to have an adventure in new york , and as far as i am concerned , this one definitely suffers from a lack of cat ! br br as magical as jerry's exploration of the 'big apple' might be for the other tj fans who have commented here on imdb , i couldn't wait for this selfindulgent rubbish to end , so i could watch the next cartoon on my dvd . br br in fact , the only part of the whole episode that i genuinely enjoyed was when jerry almost 'buys the farm' , hanging precariously off the end of a broken candle , hundreds of feet above a busy road .",0,1
"this movie could have been so much better , especially considering the talent . larenz tate's portrayal of frankie lymon was not good , especially in musical performances . he doesn't lip sync well and his stage mannerisms are larenz tate , when he should have been frankie lymon . the portrayal of the women as a bunch of gold diggers has hollywood written all over it . the powers that be obviously pushed it , but it only made the characters more unrealistic . the positives of the movie were miguel nunez's portrayal of little richard , and the cameo of little richard himself . lela rochon is eye candy , as usual , even in a conservative role . it's too bad that the talents of halle berry and vivica a . fox were wasted . the whole frankie lymon saga was fascinating in real life . too bad this film was a wasted opportunity .",0,1
"while this isn't an all time classic comedy it is a pretty good little movie to watch if you catch it on a rainy saturday morning with not a lot else going on right then . br br harold lloyd plays ezekiel cobb , an american coming home after growing up in china where his dad was a missionary . he has come home from china to find an american wife and plans to return to china to continue his father's work . cobb unwittingly is recruited to run for mayor of his corrupt home town when the existing political machine that controls the town realizes that he would make a perfect patsy to run against the current mayor who also is the head of the town's underworld . they figure the bumbling , stumbling cobb has no chance to win and therefore the current mayor continues to run the town and run his schemes which makes them all rich . br br lloyd isn't doing the physical comedy here like he did in his silent films . he does a convincing portrayal of cobb with a reserved understated dignity . the acting was good from all involved and the story and script were also quite good . br br being made in 1934 the film does have some rather racist language when talking about the chinese and it also has a typical black character from that era but these stereotypes aren't nearly as mean as i've seen from other films from that time . br br although not close to being lloyd's best film , this movie does entertain and lloyd is very good as cobb . you won't be blown away by this film but it may be enough to peak your interest in lloyd and make you want to see more of his work .",0,1
"yes , this bizarre feature was written by john sayles . shot in toronto , it's yet another '80s era feature about the dangers of the urban jungle , where the police fear to go and the homeless and the criminal classes are the only inhabitants . into this mix comes the myth of wild thing , a feral young man raised by a bag lady after his parents were murdered by a dirty cop on the take maury chaykin and chopper , the local crime lord robert davi . stir in the local dogooders priest sean hewitt and clueless social worker kathleen quinlan , and you have a recipe for some rather unexciting action sequences . davi is the standout amongst the cast , and cinematographer rene verzier does a pretty good job . otherwise this is a rather lumpen action pic that won't satisfy action fans and will leaves sayles' admirers slackjawed .",0,1
"let me start by saying how much i love the tv series . despite the tragic nature of a middleaged man seemingly unable to pursue his dreams because of his overbearing , manipulative father , it was incredibly lighthearted and fun to watch in practice . in my opinion , it is without doubt one of the greatest british sitcoms of all time . the tv series has my 10 out of 10 rating without reservation . br br this movie spinoff on the other hand is a true tragedy in every sense of the word . hardly any of the essence of the tv show is transferred successfully onto film . this movie has a very dreary , depressing tone that almost moved me to tears on several occasions . seeing harold being beaten up in a pub and not in a comical way is not my idea of comedy but is most definitely one reason why fans of the tv series will not like this movie . the movie was painfully unfunny except for the scene where albert bathes in the sink and is seen by a neighbour . br br the romance between harold and zita is completely out of tone and it makes me wonder whether the producers of this movie ever bothered to watch the tv series . in the tv series , harold always went after respectable girls , not strippers . br br albert's reactions to the remarks made against him by harold's girlfriends were absolutely priceless in the tv series . in the movie , albert says virtually nothing when such an opportunity rises . br br most movie spinoffs of british sitcoms tend to be quite dull , with the notable exception of the on the buses films which in some respects were actually better than the tv series itself ! . but , steptoe and son has to rank right at the very bottom of the pile , even below george and mildred . br br my advice skip this one and see the second spinoff , steptoe and son ride again instead . it has a much lighter tone , is more faithful to the tv series , and is actually very funny .",0,1
"evil never looked so bad . they meant it . br br when a buddy of mine picked this dvd up at a halfpriced book store , i didn't know what to expect . i mean , based on the title , i knew it would be worth a laugh , but i didn't realize how laughable it would really be . br br the first time through , i missed some of the dialogue if you could call it that because we were all too busy poking fun at the plot of the movie . it seemed like it was written in filmed in less than a week , and they hadn't the budget to go back and fix some of the minor flaws . wait , did i say minor ? i meant the exact opposite . for instance , the main character is credited as 'ken' , but several times throughout the film he is referred to as 'john' . br br if the plot holes aren't enough fun for you , take a look at the acting . nobody seems overly concerned about the zombie raids in their state , including the mother of the main character , who is missing for days while she sits in front of a fireplace reading a book . br br the constraints that the budget puts on the movie are equally as hilarious . maybe they didn't have a permit to film wherever they were , because during the big motorcycle chase scene , the characters are obeying all traffic regulations . the zombies , who had just killed twenty or so people , actually stop at a stop sign coming out of a parking lot . i don't even do that , but then again , i'm not a biker zombie . the ending of the movie looks like they just ran out of money . it ends so suddenly that it leaves you wanting more . . . on second thought , it ends just soon enough . br br so if you're looking for a good time with your friends , seek out this movie . it's a great unintentional comedy .",0,1
"this film captures the short moments between a mother and son in rural russia , as she lays dying . br br i am so torn between being nice to the film or declaring it a test of patience . on one hand , the film is beautiful , with the sparse dialog capturing the essence of their feelings . there is really nothing to say , because everything that needs to be said is conveyed beyond words . the son shows so much care , love and patience towards his mother , that i think it is a celebration of unconditional love towards one's family . it also cruelly reminds me that i could be in a situation like this , stuck in a joyless place , having to take care of a very ill person . mat i syn is cruel reality . br br on the other hand , mat i syn moves really too slowly . do i really need to watch a train passing by the horizon for over 1 minute ? with my previous experience of telets and aleksandra , i am so tempted to put mat i syn among them as a total bore . br br i guess one has to be in the right state of mind to appreciate this film . i surely see the beauty of it , but maybe i am not in the right state of mind .",0,1
"except for the appearance of talented austin powers impersonator richard halpern , this pic was your run of the mill movie spoof . dated movie references will not help audiences that may come across this endeavor in future . watch for groovy austin powers in the hot tub . it's a hoot and a half . br br poor special effects are overcome by the appearance of numerous starlets in skimpy outfits , so at least that should keep one entertained if that's what thrills you . br br for my money , i would rent the dvd of classic spoofs such as airplane or lobster man from mars .",0,1
"first of all this is one of the worst softcore straight to cable erotic thriller i've ever seen in my life . of course , like all erotic thrillers are want to do , it's about a brothel madam and is set in a brothel . this , of course , makes the softcore simulated sex that pops up every other 10 minutes seem in context . whatever . br br forget for one moment that this was never meant to win any awards . the actors are terrible and their line reading made me cringe . the woman who plays the female cop is so bad it's beyond description . she must be a really really good friend of the guys who put up the movie for this terrible adventure , if you know what i mean . br br the production values are only slightly higher than porn . other than that ? i suppose if you're really drunk and you need something to laugh at , this would be a perfect film . and if that's the case , i recommend fast forwarding to all the scenes with the female cop . what's that accent , brooklyn ? hilarious !",0,1
"this is possibly the hands down worst movie every made , that actually took itself seriously . and not as a result of the acting , because being an actor , i have to say that rickman and stowe had to be at their best , just to escape needing electro convulsive therapy after the principle photography wrapped . being one of the 57 people that actually saw this movie in theatrical release , i have to say i have never before or since experienced a movie where the movie ended , credits rolled , the house lights went on , and no one moved from their seats . about five minutes after the house lights went up people started coming out of their comas to look around , and i think most of us thought , okay we get it , that was a joke , right ? , they are going to show the real movie now . eventually , after the ushers handed out disguises , and we swore an oath of secrecy to never admit we were there , we felt that it was safe to leave , praying that we would not be seen leaving the auditorium . i have seen some pretty bad movies in my day , i have cinemax for goodness sakes , but i am still bitter that i will never , ever be able to recover those two or so hours of my life that i lost watching closet land .",0,1
"terrible direction from an awful script . even the dvd looked muddy and out of focus . laughable accents all over the map . unlike most of the other commenters i had no idea this was about boys in love in the mud , but that fact became immediately obvious from the opening scene and all the lovingly drawnout shots of nude or scantilyclad young men , usually wet or glistening with sweat , looking longingly at each other .",0,1
"i read the book 7 years in tibet from heinrich harrer and was fascinated of it . then i immediately grabbed the dvd and started to watch the movie . i remember the first time i saw it back in 98 , i kinda liked it . well , now i watched it again in full knowledge of the book it is based on . and soon i realized how wrong it all was toldbr br when they enter lhasa the people start to stick their tongues out of their mouths and thewlis and pitt have the impression that its the way to say hello in tibet , so they greet back . . . in the book harrer explains , that sticking the tongue out is a sign of absolute humbleness and loyalty in tibet and they may do it in front of the dalai lama but certainly not for these two europeans ! not only the mother but even the dalai lama himself was wearing glasses in the public . in the book harrer mentions , that no one in tibet wore glasses to that timesorry forgot the reason , but its explained in the book too . the young dalai lama did , but only when he was alone and nobody could see him ! and what about that mao tse tung lookalike , destroying the mandala in front of the young living buddha ? ? childish . . . and the tailor made harrer and aufschnaiter tibetan clothes not european designer suits ! why are so many events that really happened eliminated from the story , just to fill the time with a fictional love interest the female tailor . . . that is completely unimportant ? just like the whole story about harrers son , rolf . not one word is mentioned about him or even any family member of harrer in the book . but that was ok for me because 7 years in tibet is not a book about harrers person . its about tibet . i'm very disappointed by this adaption of the famous book . and i bet heinrich harrer was , too . . . 3 stars , just for the cinematography .",0,1
"this film is about a gap that exists between the real world and the world of the dead . there's a lot of mumbojumbo about the internet i . e . , if you install a program on the computer , you see dead folksmuch like if you play a videotape you'll die in ringu . frankly , most of this seemed rather silly and lost me . what i did find interesting is the idea that the dead live within their own separate existencebeing totally alone for eternity . this was sobering and fascinating . br br i love japanese films and have seen a huge number compared to most americans . however , one genre that has become popular in recent years that i just can't relate to very well are these horror films . i know they are super popularespecially since they seem to be remade so often in the states . i've seen both ringu as well as the ring , juon and the grudge and was rather ambivalent despite their popularity . about the only recent horror film i really liked from japan was seancea reworking of the great british film , seance on a wet afternoon . and what , do i think , made seance different ? well , unlike the other films as well as kairo , gobs and gobs of money weren't spent on special effects or trying to scare the audienceinstead , the emphasis was on the story . the bottom line is that these other films are a lot like american films like halloween or friday 13thwith scary things jumping out just to scare the audience and plot is purely secondary at best . for me , i want storynot cheap thrills or ghosts as the primary focus of the film . br br with a relatively high rating , i know i am in the minority , but i just don't find this a very satisfying film . all too often , minor things occur that might startle someone slightlybut the characters begin screaming and crying and acting as if to say this is the scariest film ever made so you'd better start shaking . well , i think it just tries too hard and i wish it had focused more on the afterlife seen at the end of the film and plot progressionnot scare tactics .",0,1
"considering its pedigree , this should be a far more enjoyable film than it is . even with a lipsmacking collection of eccentrics in the cast what aficionado would not eagerly anticipate a movie which brings together lemmon , lanchester , kovacs and gingold ? the entire event is dully paced , drearily shot and , more often than not , witless . br br kim novak's gifts were not essentially comic , as she went on to confirm in kiss me stupid . james stewart was a fine comedian , as he ably demonstrated in movies from ranging from the philadelphia story to harvey . i think he comes out better from this mess than anyone else does . except maybe the cat .",0,1
"i saw this movie in a theater in chicago and should have enjoyed it , since i love nemesis but if the first half an hour is skillfully done , the rest is just subpredator video fodder , a long chase through those postmodern empty factories pyun affectionnates . my girlfriend fell asleep . i still like pyun though , but not this",0,1
"the prior comments are way to generous . this movie is a waste of electricity and plastic . on the other hand , i have had a great deal of fun giving it to friends to watch and describing it beforehand as beyond belief ! no words can express how i feel about this this movie will move you as expected , the friends took these nondescript comments as enthusiastic endorsements . they were wrong . the sadistic pleasure i had foisting this on people was well worth the 5 i paid for the movie . on the other hand , one former friend says i owe him 90 minutes of his life back . i particularly enjoyed the gun's eye view of parts of the movie . truly awesome in it's absurdity .",0,1
"after reading the book , i loved the story . watching the movie i was disappointed that so many changes were made . it is understandable that books and movies differ but it was two different stories , only the names and some of the book's story remained . read the book and you'll have a better understanding of the movie . the book gives you a better development of the characters . these characters are extremely interesting and make you care about them . the locations were indeed in line with the book's descriptions . some characters not included . television has microwaved so many great books and stories , this is a perfect example of that . input from the author doesn't always insure a good movie but it can help sometimes .",0,1
"i agree with the comments regarding the downward spin . the last view shows have been a little better , but surely the writers need some more direction . i think the characters are still interesting , although sometimes they spin into the white trash things a little too much . subtlety and nuance goes a long way on shows like office . i would think the target audience is somewhat similar being they are both on the same night and lineup . one would think that karma and the whole eastern religion thing is a big enough topic to bring some different and interesting shows , but they only scratch the surface of the subject . in my opinion it shows the contempt that many people have in hollywood about the level of intelligence of the masses . we can handle more heady content . it has been proved before in many other shows .",0,1
"i can't believe it ! were they crazy in filming a movie about connecticut in southern california ? for god's sake , there's palm tree's everywhere . in one of the opening scenes a guy says welcome to connecticut and throws down a newspaper , the newspaper says something like greenwich herald . greenwich connecticut doesn't have a herald it has a times as in stamford advocate and the greenwich times . refering to the stamford , connecticut newspaper . maybe the film makers should have done a little research , i mean my god , at least get the name of the newspaper right , or film in locations that look at least remotely like connecticut .",0,1
"this film with fine production values features secrets and how friends use each other . henry may long is a very wellacted , dimly lit , depressing turnofthecentury period piece about a friendship between a fatally ill man and a melancholy , indebted junkie . talky drawing room dramas are not my cup of tea , and all the crying wears thin . recommended if you like independent , slyly intellectual , slowpaced merchant ivorytype features . br br i suspected that the main characters were in love , but their connection was so intimated , it didn't really have the emotional impact of 'brokeback mountain . ' it features some good writing with a scene discussing how to disappear in life , but it is truly a dark and depressing film .",0,1
"dorothy provine does the opposite here she keeps growing and growing . i didn't detect any subtext , though . the incredible shrinking man and other movies of its ilk during the period were parables about radiation , nuclear war , and other horrors . provine's growth is the result of an inept computerrobot . br br and who operates this computer but lou costello ! i like some of his movies with bud abbott . but , though this is a pretty bad movie , he does fine without him . and gale green is an excellent foil . br br green plays the pompous town big shot . he is provine's father . he is intent on being elected mayor . so when his beloved daughter starts having issues , he dumps her . he doesn't exactly dump her but gives up his battle against her longtime admirer costello . br br this is pretty implausible costello is the local garbage collector . br br the special effects are minimal . and the subplot involving the military is lame in the extreme .",0,1
"i do not envy barry levinson , rachel weisz , ben stiller or jack black for doing this film . it's , in one word , boring . maybe the fact that is too predictable , the morethanexploited ben stiller's loser role or the notatall funny scenes make this film just something to forget . even christopher walken's appearance finishes in a pathetic way . i was very disappointed . i love ben stiller's acting . i loved it in most of his films , the last one i saw before this was duplex with drew barrymore and was not that bad . about jack black . . . well , apart from high fidelity i've never seen him doing something good . what about school of rock ? ooops , frightening .",0,1
"as americans , we have come to expect crapiness as par for the course when it comes to horror and unknown directors directing unknown actors acting for unknown writers . we truly expect this to suck when they don't suck , it becomes an over night success . br br this is not an over night success , nor is it an over the weekend or over the month success . this blows from start to finish and my only recommendation is this go into this knowing it sucks , enjoy it for what it is , for what it isn't if you have something better to do , keep this on the back way back burner . it's entertaining in the way watching the elderly cross a busy street during rush hour , but don't expect muchthey almost never get hit by an actual car , its just a lot of hoopla .",0,1
"bad actors , bad filming , choppy dialog , shallow characters , but then again it was a bad premise in the first place . basically , an 11 year old who is bullied because he has very little money is given a blank check by a moronic criminal . of course , the 11 year old happens to possess enough technology and intelligence to purchase a house , cash a check for 1 , 000 , 000 dollars , and even foil three bumbling idiots , reminiscent of the three stooges . br br preston blake is an annoying , obnoxious , boy , who decides that , when written a blank check by a complete stranger , he will take advantage of the situation as best as he can . in other words , he wanders into a bank , br br hands a teller a check he makes in his printer , and miraculously walks out with a million bucks in cash . preston is also apparently capable of reaching incredible speeds on his bicycle , due to the fact that a man driving a jaguar after preston and his 10speed could not catch him , even when preston jumped a row of cars . br br of course , with every hokey adventure movie , there has to be hot heroine . in this case our hot heroine is a child molesting fbi agent who dates the eleven year old preston , and promises another date when he turns 17 . br br however , the absolute worst aspect of this film was not its casting , nor its sloppy dialog , such as the only other way i could think of skinning a cat is to stick a hose up it's butt and then pick up the fur . it was , rather , the entire fact that nobody in the entire film seemed to realize that the fbi does not give a damn about random people . what i have failed to explain is that preston uses the alias macintosh to masquerade as an entrepreneur of sorts . of course , the fbi finds this intriguing and sends our young heroine after preston , who uses his 11year old wit to first scream when lobsters fall on his face , then treat her to hamburgers , finishing with a ridiculous romp through a cemented area where water jettison's from the ground . our heroine fails to realize during this whole adventure that the criminal the fbi is pursuing is slipping and sliding right behind the two , as they make their way to preston's limousine , complete with a 1dimensional driver who never fails to provide cheap , 3rd rate laughs that the whole family can choke on . br br overall 110 is incredibly gracious for this film . i don't see how it only has a 4 . 410 .",0,1
"following the world war ii japanese attack on u . s . forces at pearl harbor , the eastside kids leo gorcey as muggs , bobby jordan as danny connors , huntz hall as glimpy , david gorcey as peewee , ernest morrison as scruno , and bobby stone as skinny want to serve their country . but , both the u . s . army and navy reject them as too young . still wanting to knock off about a million japs , the boys attack an asian clerk , who turns out to be chinese . the unfortunate incident does , however , lead the gang to help uncover some really nasty japanese and german people . br br if too young is defined as under twentyone , only mr . jordan and mr . stone would be rejected for military service . but , it's possible recruiters were turned off by the office manners displayed by mr . gorcey and mr . hall . let's get tough ! was made during what the script accurately describes as open season on japs for this and other reasons , it hasn't aged well . it's a wasted effort , but the regulars performs ably , with tom brown moving the storyline along , as jordan's spy brother . br br let's get tough ! 52942 wallace fox leo gorcey , bobby jordan , tom brown",0,1
"hello . this is my first review for any movie i have seen . i went through the trouble of doing this to tell everyone that this is quite literally , the most disgusting movie i have ever seen . i feel like the movie was porely made , which i will give some understanding due to budget constraints on making it . i felt like i was watching a very bad remake of the movie saw . which i can agree , saw as well is also very graphic , but , i did like the movie saw . br br the scene where he takes the hammer to the head of the tied up victim in the chair is the most disturbing scene i have seen . the scene lasted almost forever , well actually , it was probably around 5 min but still . i want to note that i like some horror movies and i do give credit if they are good . this director uwe boll , and his group of people used to make this movie should think it over before making another one similar to this one . one final note haha ! ! for all the people who enjoy watching animals beatin to death , letting rot , with women and children as well and a five minute scene of someone getting there head smashed in with a hammer then you will enjoy this movie , if not , and you like horror , go with a higher budget film , like saw for example . i cant believe people actually make movies like this . anyway sorry to anyone who loves uwe boll and took it to heart , this is just my opinion on the movie .",0,1
"there is a dvd published in the uk in 2002 code hrgd002 on the cover , no asin , vfc 19796 on the disk , no ifpi code in the inner rim . br br probably a straight transfer from vhs . br br there is no much point is commenting an adult film . but this one contains a minimal plot , and the characters are believable . it was shown in the united states in normal cinemas . br br i've seen it in pensylvannia way back in 1975 . br br as such it deserves a place in an encyclopedia of movies . the dvd has no special features and no subtitles , and was probably made using a vhs tape as source",0,1
although the story is good and portrayals what i expected of sam elliot my dvd copy contained almost unbearable synchronization problems . the dialogue was almost 3 seconds behind the lip movement throughout the whole film . br br i would therefore be very careful in purchasing any dvd of the film without checking for the problem . br br i would also follow the recommended censors classifications particularly in relation to language and drug usage . br br this film could become a silent classic cop movie and with the above cautionary notes i can recommend it to prospective viewers,0,1
"this is a hard film to rate . while it truly deserves its 3 or perhaps even a two , for an al adamson film , it's exceptionaland practically adamson's very best . that's because unlike many adamson films , there are times when nurse sherri almost looks competent . but , being an adamson film , you know that sooner or later that crappiness must rear its ugly head ! br br the film begins with some bizarre cult leader of a huge congregation six trying to resurrect a dead guy who looks like he's made of blue cheese . however , in the process , the cult dude has a heart attack and it taken to the hospital . he apparently dies , but it also seems like many of these hospital scenes are missing and a few of them appear much later in the film . in other words , when you see the film , he appears to have possibly recoveredonly to hear later that he'd died . because the guy is the b . f . f . of satan , however , his evil soul can't die and he comes back to both haunt one of his henchmen and to possess nurse sherri . br br now , sherri is obviously a very disturbed ladydemonic possession or not . at times she acts like a zombie and at others she's violently homicidal . so i ask . . . why didn't her boyfriend a doctor think this was , perhaps , problematic ? ! . in other words , after trying to kill a patient , he neither gets an exorcist nor commits her to the booby hatch ! ! ! oh , and speaking of boobies . . . this movie is not the breastfilled sex romp its title and posters would indicate . while there are a few bare breasts here and there , they are irrelevant to the plot and only seen very briefly 12 second or so in all but one scene . so , if you are a perv , this movie is not for youthough a few places in the film such as the nurse undressing for a patient make it look like the film might have , at one time , been designed as a porn flick . br br if you are a bad movie fan , however , there is enough to whet your appetite . some examples of incompetence are the inability of many of the actors to deliver lines that aren't zombielikeand i am not even talking about sherri . especially noticeable is one of the very final scenesi have never seen and heard some stilted acting and dialog in my lifeand this includes ed wood's films ! there are also a few more cheap touches , such as the bad animation of the green stuff , the doctor finding a murdered nurse yet continuing to investigate in a house where walls are covered in blood i'd get a cop . . . better yet , an army of cops . br br so despite these problems , why do i think it's good for an adamson film ? well , the story isn't all bad and he was able to build tension very well . many false alarms early on made my heart race a bit . also , the car crash , while irrelevant , came off pretty well and was practically bigbudget for adamson . br br overall , not a good film and one most people would be bored watching . however , fans of adamson or inept films will like itit does deliver some entertainment in a cheesy manner that will provide a few laughs .",0,1
"this is a candidate for worst films i've ever seen . it wanted to be as shocking as silence of the lambs , but has neither the style nor the wit of the aforementioned . the makeup is excellent , the acting is pretty good , but the story seems to drag on for years and the murders are so gruesome that they're more disturbing than entertaining .",0,1
"begotten is , no doubt , someone's attempt at originality , but , what we have here is art in its most morbid , grotesque form , so , for that , begotten has my respect , but , to be realistic , it makes no difference what this abomination is about , but for the record . . . br br in the ultimate in incoherent horror , we begin in an unknown time , in an unknown place . right off the bat , we are plunged into the psychotic nightmare that is begotten , a god is , seemingly depressed , mutilating himself with a razor , i mean , really trying like hell to end it all , it takes a while why wouldn't it ? after this ultramorbid introduction , something is happening , something is rising from the corpse , say hello to mother earth . what does she do ? well , she gives birth to a thing . the thing would have probably preferred to stay in the womb , but that's life . the psychotic nightmare realm of begotten welcomes the thing the only way it knows how . the thing , along with mother earth is mutilated by unknown , hooded , assailants , with evil intentions being the only clarity available . from this point on , things drag as they've never dragged before . interesting , grim images , with a totally decent soundtrack , is the high points of the remainder . not to give the impression that i don't recommend this evilness , because i do , but only once , and only for people with an appreciation for the dark side . br br from my description , it may appear that i don't get begotten . trust me , i get it , and yes , begotten is art if i've ever seen it . everything in this film , regardless of how unrelated it may seem , is significant . that , perhaps , is the only thing that makes begotten art . with that said , most of us require some form of entertainment value , and this is coming from someone who enjoyed the chooper . probably the most intriguing first five minutes , i've seen in a film , but let's be realistic , the next 7 hours and 55 minutes would put one in a coma , that is , unless it's just meant for some kind of psychedelic purposes , in that case , never mind . but , how would one rate such a uniquely boring masterpiece ? depending on how much your attention span can take , it should be either 1 or 10 , any other number just wouldn't make a statement . it hurts to do this , but as far as entertainment value goes , begotten just ain't it . 11",0,1
"lauren bacall and charles boyer do not provide the right chemistry here in this 1945 film . br br there is a good story here about the axis trying to obtain coal to use for the upcoming war . unfortunately , this part of the story is not emphasized . instead , we deal with a supposedly bungling boyer . by the way , bacall is as british as vladimir putin . br br the real acting kudos goes to veteran oscar winner katina paxinou . as was the case with her memorable pilar in the 1943 oscar winner , for whom the bell tolls , paxinou again plays a spanish revolutionary but this time she is a doublecrossing counterspy for the profranco group . she is quite a vicious character here ; especially , when she throws a 14 year old child out the window . she believed that boyer had given the child important material to hide .",0,1
"there aren't enough gaythemed movies and there aren't enough coming out' movies . every one is a welcome addition to the genre . although the production values are highthe movie looks' good , matthias freihof philipp looks real good in a pair of jeans this is a bad one . it is a period piece gay life under an oppressive regimeeast berlin , 1989 a life that seems 40 years behind the west . in a way we're seeing our own history ; what it might have been like for gays in the 40's and 50's hereit often reminded me of last exit to brooklyn the book not the film . but it is unremittingly depressing and slow in a contrived way that evoked an old sctv send up of ingmar bergman . it is so sloppily edited i wonder if the director just didn't hack at random . yes , it is a miracle that this was filmed and released before the wall came down and yes , life behind the curtain' was hard for gay people . a good director could have shown all that without stupefying the audience . a good director would have had me mark this one as one of the great comingout movies and not one of the misses .",0,1
"if you've ever been harassed on the underground by a christian who says , jesus is the answer . what's the question ? , then perhaps you should thank god if you've never met a lacanian . slavoj zizek , the most evangelical of lacanians , would surely exchange the word jesus in that statement for lacanhegel . br br zizek's star burns brightly at the moment , no doubt because we generally view films and pop culture purely as entertainment for our consumption . so it seems impressive when someone anyone comes along and says , hang on , films may say something about ourselves . br br the ideas zizek expounds in this film are true purely because he says so . for example , zizek explains that three marx bros are the ego , superego and id god knows what happened to zeppo , or gummo perhaps they're the sinthome . . . or is that movies themselves ? . this is simply what they are . in zizek's output , culture is not there to be investigated but merely to be held as an example of his ideology . people may object that he certainly has something to say but how different is what he says from the christian attributing everything to god's will ? br br what's wrong with taking examples , from films or anywhere , to illustrate theory ? well , nothing at all . as zizek seems to believe , they may even serve as a proof . however , it is merely cant and propaganda when these examples are isolated from their context . without context , you can say and prove anything you want . for zizek , lacan is the answer so he goes and makes an example of it . everything but everything resembles the teachings of the master and culture is there to bear this out , to serve this ideology . for instance , zizek's exemplar of the fantasy position of the voyeur is taken from a scene in vertigo when jimmy stewart spies on kim novak in a flower shop . but , in the context of the film , this is not a voyeur's fantasy position at all . stewart has been deliberately led there by novak . this presentation of examples isolated from their context continues throughout zizek's two hour and a half cinematic sermon . br br his analysis of the baby wants to f scene in blue velvet is laughable . touching lightly on what he appears to consider to be the horrific to the masculine truth of feminine jouissance , zizek says that isabella rossilini's character not only demands her degradation but is , unconsciously , in charge of the situation . this is an example of her jouissance . well . . . possibly . but sorry to be prosaic where is the evidence for this ? in the film , she partially undergoes her humiliations because hopper has kidnapped her son . zizek may object that she also evidently enjoys rough sex with kyle maclachalan . but this may be due to any number of things . isn't that the point of socalled feminine jouissance ? according to lacan , feminine jouissance , unlike phallic jouissance , cannot be articulated , it is beyond the phallic capture and castration of language . if this is right , then no example can be made of it . it also means that the entire concept is nonsensical and entirely mystical . it can only be designated by dogmatists such as zizek there's feminine jouissance for you ! why is this feminine jouissance ? because i say so . br br what example can really be garnered from these films ? only zizek's psychology . why does he keep inserting himself into his favourite films , even to the point that , when in a boat on botega bay , he says he wants to f rod steiger too ? is this not the wishfulfilment of someone who spends his life critiquing films ? as the saying goes , freud would have a field day with the pervert's guide to the cinema but with zizek himself , nobody else . br br zizek's theory that films show us how we desire may be right on the face of it , but these films cannot be strict universal examples of psychoanalytical laws . this film illustrates how zizek desires and only extremely vaguely as to be almost useless how the rest of us desire . for , as any psychoanalyst knows , how we desire and what we desire cannot be fully separated and cannot be easily universalised , if at all . zizek's love of making everything an example of lacan's answer bears this out how do we desire ? like this , this is how i do it . problem is , in zizek's desire , everything and everyone else is rationalised into his desire . but zizek is a leninist and they certainly don't like letting the subject speak for itself . br br the pervert's guide to the cinema is a summation zizek's love of dogma and is entirely unphilosophical even if it remains very political what dogma isn't ? . zizek has never questioned exactly what his motives might be when embarking on an analysis , what he is trying to discover , because the terms of his exploration , and therefore his ethics in doing so , are never put into question . br br zizek is extremely prolific but all his books and this film say the same thing . he's a kind of henry ford of cultural theory massproduction and any colour as long as it's black . he is perfect for today's highly consumerist society supposedly critical while giving people the same cap over and over and pretending that it is something different . this is popular because people largely prefer readymade answers to their problems which capitalism always claims to provide rather than investigating things with any serious consideration at all . which is kind of like being brain dead . for me , zizek's third matrix pill is a suicide capsule . br br ps i loved zizek's solemn remark presented as a revelation about cinema and humanity that music in films can greatly affect people's sympathies . did this only occur to zizek after he watched jaws ?",0,1
"a small town is attacked by a horde of bloodthirsty vampires . the only hope is a lone avenger and a group of ragtag survivors . br br released in 1993 , darkness garnered something of a cult following upon release . it's easy to see whyit's loaded and i mean freaking loaded with gore , and it's energy and enthusiasm , like that found in other nobudget cult horror flicks like the dead next door and the children of ravensback , is actually rather infectious . br br while that may be true , that's sadly not enough to save it . the film was shot on a super 8 , so the image is grainy and dark , making things very difficult to see it would have been great if it had obscured the protagonists dreadful mullet . also grating is the soundtrack , made up of annoying casio keyboard and even more annoying death metal seriously , what is it with these no budget horror flicks and bad death metal ? while one isn't expecting oscar worthy performances , the acting is still strictly amateur hour , as the actors sometimes seem almost confused instead of frightened or threatened . br br in the end , i'm sure fans of nobudget gorefests will love this . everyone else though , will wish there was a little more meat on the ribs .",0,1
"this kind of inspirational saccharine is enough to make you sick . it telegraphs its sentiments like the biggest semaphore on earth . it removes from the audience its own interpretation and feeling by making the choices for it . the big finish is swimming in weeping orchestration that must supposed to work like jumper cables on a dead car ; i guess you'd need such prompting to feel if you're stupid enough to watch a film as simpleminded and sappy as this . streep glows and you wonder if she really has the depth of feeling on display or if it's just thata display , switched on and off like a light . because i can't for the life of me see how she could possibly find life in such a dud of film . even though it's based on a true story , and an inspirational one at that i'm sure , the setup , execution and performances play like a thirdrate tv movie or halfwitted high school drama .",0,1
"the key scene in rodrigo garcia's nine lives comes when sissy spacek , hidden away in a hotel room where she is carrying on an affair with aiden quinn , find a nature documentary on television , at which point quinn notes the contrivance of such thingsdisparate footage is edited into one scene , predators and preys are thrown together in order to capture the momentall to force connections where none actually exist . characters in the nine shorts that make up this film occasionally spill over into each others stories , but none of them ever seem to really connect . a woman preparing for a violent confrontation with her abusive father is later seen working in a hospital room where another woman is preparing for a mastectomy . a man who runs into an old girlfriend in a supermarket and sees how his life should have been later hosts , with his current wife , a dinner party for an unhappy couple . garcia arranges some of his characters in front of each other , but none of the subsequent stories ever really build on what came before . br br garcia's first film , the wonderful , overlooked things you can tell just by looking at her , also had a shortstory structure and overlapping characters , but there were fewer of them and they had a lot more room to breathe and grow . the gimmicky premise of nine lives , that each of its nine stories is told in a single , unbroken take in real time , never allows the film to build up any real dramatic tension or momentum . it's also a fairly visually ugly movie . interior shots are often murky and hard to watch , while other scenesparticularly one where a girl walks back and forth between rooms to talk to her uncommunicative parentsare rendered annoying by the camerawork . given that this is garcia's third film and that he has a respectable history of directing for television , the direction in this film is rather surprisingly amateurish . like fellow filmmakerchildofagreatwriter rebecca miller , garcia son of gabriel garcia marquez is focused on the writing and character aspects of his films often to the detriment of the filmmaking ones . br br individual scenes are touching and even affecting . i did like jason issacs kissing robin wright penn's pregnant belly . and joe mantegna whispering lovingly to his wife as she slips into presurgery sedation . and sissy spacek stealing a few happy moments away from her life with aiden quinn before brought back to it with a phone call from her daughter . but the film unlike things you can tell just by looking at her feels more like an exercise than actual drama . we are just watching people act .",0,1
"this british potboiler has one thing going for it the young men are uniformly good looking . the older men are opinionated , rightwing thatcherites whose behavior brings back all the acrimony of the reaganthatcher years . young or old , however , morals in this threepart miniseries are universally suspect and no one comes off particularly well . br br nick is a handsome young gay man fresh out of oxford . it is not pivotal to the story , but he has an extraordinarily beautiful head of hair which makes watching this drivel much easier . nick comes to london with a friend , whose father gerald is a rich conservative politician , and babysits his sister cat while the family frolics in the south of france . they neglect to inform him that , when upset , cat cuts herself with an assortment of knives and other kitchen implements . nick mistakes their selfserving 'gratitude' for affection and moves in , finding out too late just how much they despise and patronize him . inexplicably , nick lives in this house for four years but , as the plot depends on this point , it's best not to question it . br br while nick is most pleasing to look at , he is unbearably obsequious . his coy subjection to rich bigots soon had me climbing the walls . deeply closeted except to cat she guesses his big secret on sight , he does like a little anonymous sex just so we know he is actually gay . though it hardly seems possible , nick takes a lover who is even more closeted than he . br br supercilious tories scorn and insult the two blacks in the film , so imagine the venom which spews forth when nick's sexual orientation is reported in a tabloid . gerald , in true tory fashion , has become involved in several personal and financial scandals , so the revelations about nick add to his embarrassment . this gives gerald one final opportunity to roundly castigate the hapless boy . br br except for one brief moment of indignation , nick takes the abuse heaped upon him in silence and tacit agreement . denial , selfloathing , naivet , or ignorance ? you decide , if you can manage to sit through this whole thing without throwing something at the set .",0,1
"the title above is used to introduce the film gen to its audience . gen is about a young doctordoga rutkay with an ill mother . the film starts with her leaving her mother behind to start her new job . while she drives , we realise that she is not that close home as the hospital is in a remote area . as soon as she steps into the garden of the hospital , she sees the death body of a patient . this is the beginning of a nightmare for the next few days . br br two policemen comes to the hospital so as to investigate the suicide . in fact , they will have to stay in the hospital because all roads are cut off due to bad weather conditions . all their communication with outside world is cut off too . there is no way out ! ! in those few days , there will be more nasty murders . now everybody suspects from each other . br br in my opinion , the idea is brilliant . it could have been very scary indeed . there are positive sides of the movie of course . i really like the beginning of the movie . especially , when she drives to the hospital and her first moments in the hospital . actings are okay . some of them are trying too hard to be mysterious and scary though . i think the final shock should have been spread into the through out of the movie . what i am saying is , it was a good twist but instead of showing it as a parody in the end , we should have realised that was coming when we see what is happening . the director needed to explain it altogether which i think didn't work well . also the most dangerous patient in the movie is supposed to be at least 48 years old but his body looks so young and fit for someone who spends most of his life in this hospital . lastly , i would like to say a few things about the director . i am sure he will improve . this is his first attempt . i have recently found out that he is only 21 years old . that made me feel more positive about him and his future films . i am not going to rate this film out of though .",0,1
"oh , well , this movie starts off well . it's kinda funny and seems like it could be a fun movie . then it becomes a bit serious and goes off the rails . it sort of wants to be 'boogie nights' but it can't achieve it . if only it stayed with the tone of the first quarter of the film . . .",0,1
"the lady in cement is a veritable course on social anthropology of the late 60's . the writing , not the acting , is at center stage . did i say pure camp ! prepare to be offended if you are female or gay . broad and dame are standard terms and gay baiting and bashing are represented for what they were in the day camp wise . most of the lines are tossed off although there are wonderful performances by a very few outstanding character actors . the action scenes are mundane but it is fun to see dan blocker play a tough guy who likes bashing toughs . and lanie kazan and racquel welsh are at the voluptuous peak of their careers . amazing to note they were both 28 years old and mr . sinatra was 53 . the musical score , wait . . . was there a score ? well , you get the point . watch it with friends who want a good laugh . it's full of them .",0,1
"think a darker version of one of those kid shows such as power rangers and you have this film from 1990 , robot jox . a movie where you fight with giant robots , two men enter the arena and whoever comes out their country wins . the robots are huge and look like slightly better versions of the ones from said shows mainly because they are less colorful so while this movie is not good , it isn't all bad to watch . there are as i recall two robot fights in this one , one that ends badly and the final showdown . there is a plot twist part way through as a traitor is revealed , but in the end the plot is nothing that is going to stick with you for any amount of time after the picture is done . the fights themselves look like giant toys on the rampage , but still somewhat fun to watch . this movie would also spawn a couple of other films with similar plot devices such as the giant robots and the tournament . so it is worth checking out once , but probably not more than that .",0,1
"when jim wynorski first announced he would be doing a new sequel for my favorite series of all time , the slumber party massacre series , i was ecstatic . i had been waiting for a new installment for literally years . so , production began and very small bits and pieces on the shoot and the actors involved were released until the shoot wrapped . then , the announcement of a title change . no longer would this new sequel be titled slumber party massacre iv , but cheerleader massacre instead . i was a bit disappointed , but having a different title would be a very small price to pay for a film i had waited so long to happen . i was still extremely intrigued and on the edge of my seat to see it . br br maybe a month ago , some very advanced copies of the film were released to some extremely lucky viewers , who got to see the film months before its release date . a few reviews leaked on the net and judging by them , i began to become apprehensive on jim wynorski's cheerleader massacre . br br tonight , i got to see the film for the first time in full length and i am still scratching my head . as i read in another review , cheerleader massacre is definitely not a new installment in the slumber party massacre series , but a slasher flick all on its own . and a bad one at that . br br before i get into the specifics of the film , let me first state what an enormous fan of jim wynorski's films i am . i always thought him to be a true camp genius , with a winner almost every time . yes , his movies are made on shoestring budgets and don't contain the most topnotch acting around , but they're fun nonetheless . they are what they are campy movies you watch when you want to have a good time . from sorority house massacre ii , to hard to die , to chopping mall , jim has produced the goods on more than one occasion . one of the reasons why i was excited that this film would be his latest project . br br cheerleader massacre does not in my opinion reflect any of the films i had seen this directorwriter create in the past . firstly , the production was extremely inexpensive and the film was actually shot on videotape , something i had never seen jim do before . the actors were mediocre , to say the least , and the story is almost laughable . the killer is also extremely stupid and reminds you more of your cuddly old grandpa , rather than an escaped lunatic . br br of course , the film is littered with female nudity . this is a jim wynorski movie we're talking about , folks . but some of the boobshots seen here almost seem like they were done for time . there is an extremely long shower scene , containing the cheerleading coach , that seems to go on forever and it greatly reflects a shower scene in jim's sorority house massacre ii . the girl even bathes herself almost in the exact same way . br br cheerleader massacre is also extremely cliched , to say the least . the opening scene is literally something we've all seen in hundreds of past slasher flicks . a guy and a girl making out , on the verge of consummating their relationship when . . . you guessed it . they're hacked to pieces . br br brinke stevens , who i've never really considered to be a tremendous actress in the first place , also gives one of her stiffest and forced performances in her small cameo . we're talkin' possible cue cards here . she recalls some incidents her character endured by the killer seen here twenty years ago to the police , while footage of the original slumber party massacre plays . why was footage from the original film used if it was definitely not a new spm ? i have no idea . there is also two explosions seen in this movie that i am almost certain were recycled from other films . br br not only does this film recycle footage from past films , but it also recycles the scores from other films as well . some of the music used in humanoids from the deep which was also recycled prior for the coroner can be heard throughout the entire film . there are at least two more as well that i cannot identify , but am certain have been used before . br br after sitting through this film's horrendous acting , ridiculous story , nonexistent gorespecial effects , and camcorderlike quality , i am having some serious concerns toward mister wynorski's career . has the man who delighted audiences with films in the past finally lost his niche ? only time will tell . oh , and let's not forget his newest film . a new installment in the sorority house massacre films , now titled final exam . i think i'm seeing a pattern here . . .",0,1
"abderrahmane sissako may have known what he was doing when he made bamako , but the rest of us can just sit back in mystification and confusion trying to figure out what that purpose might have been . br br the nominal plot involves a young african singer who's planning on leaving her unemployed husband to find work in the city . but far more of the screen time is taken up with what the publicists for the film describe as a mock trial against key financial institutions dealing with the overwhelming economic hardships of africa . that's all well and good , i suppose , but when the arguments and ideas are put forth in as undramatic and pedantic a way as they are here , they lose both force and impact . put another way , if the director had found the means to actually incorporate issues such as the injurious effect of colonialism on the african people and the problem of african debt into anything even remotely resembling a compelling storyline , the film might have achieved the intellectual and emotional resonance it now so clearly lacks . br br the topics the movie is dealing with may be relevant and important , but trying to pass off what amounts to two hours worth of speechifying as an actual , honesttogod movie is not likely to garner much of an audience for one's message .",0,1
"immediately after renting and watching this movie several years ago , a friend and i decided that it defined the absolute zero on the movie scale . there was nothing about the movie that could have been done worse than it was . to this day we still rate movies , even very bad ones , by how much better than the lonely lady they are . br br a long time ago i saw an interview with eleanor perry , who wrote the screenplays for , among other things , last summer and diary of a mad housewife , and she related that she had been asked to write a screenplay for the harold robbins' book the lonely lady . she said that she sent in a treatment and it was rejected because they didn't think she understood the difficulties of a female screenwriter in hollywood . she then said i think they got someone else to write it . the interview was filmed before the movie was released . she died in 1981 , and i bet the first thing she did on arrival in heaven was personally thank god for saving her from involvement in the result .",0,1
"when i finally had the opportunity to watch zombie 3zombie flesheaters 2 in europeon an import region 2 japanese dvd , i was blown away by just how entertaining this zombie epic is . the transfer is just about immaculate , as good as it's ever going to look unless anchor bay gets a hold of it . the gore truly stands out like it should and you can really appreciate the excellent makeup and gore fx . the sound is also terrific . it's only 2 channel dolby but if you have a receiver with dolby prologic 2 , you can really appreciate the cheesy musicactually a very good score , and the effective although cheap sound effects . it never sounded so good , and the excellent transfer adds to the overall enjoyment . br br i never realized just how much blood flows in this film , it's extremely brutal with exploding head shots , exploding puss filled mega pimples , a cleaver to a zombies throat , a woman's burned off extremitieshow come it did'nt burn the guy also , intestinal munching , zombie babies and so much more i lost track . br br this is no doubt for hardcore zombie action fans , especially of the italian kind . there is some excellent set pieces and cinematography to be found , i think people don't give it enough credit , if you see a clean print , and not some horrendous pirate copy , it's a whole other experience entirely . br br this film never lets up for a second , and i realize it's inconsistent plotwise , the dubbing is horrible , the acting is stiff , and it's sense of irreverence is celebrated in grand fashion , but that's part of it's charm . br br to me this is one of the best horror films ever made , you can't make a film this bad , so good , on purpose . it's accidental genius of the highest order . if they played it for laughs it would have been a disaster , but they played it straight as an arrow and the result is a terrific cult classic that thumbs it's nose at any and all traditional moviemaking standards . br br tons of action sequences , exotic locales , excellent set design , good , sometimes great cinematography , wonderfully cheesy acting , and inconsistent but still interesting plot , great makeup effects , beautiful women who can kick butt , excellent music , and sometimes hilarious , sometimes creepy , but always entertaining zombies . how can you go wrong with this film , it has it all , a cult classic that stands the test of time .",0,1
"this movie is told through the eyes of a young teacher at a catholic school , watching as the rawandan genocide unfurls around him . br br the movie starts off with a brief explanation about the past history and rivalry of rawanda . then it jumps to the story as told through the eyes of a young idealistic newcomer a young teacher who doesn't take life or the situation too seriously . as he and the driver approach a roadblock he plays around with his drivers i . d . not realizing that this is a serious moment and that if the driver can't identify himself as being of the right tribe to the soldiers they'll be killed . and thats how he treats the unfolding story of chaos and unfolding around him . suddenly realizes that every rawandan including his driver is involved and that the europeans soldiers and tourists cannot and will not help . the media cameras cannot stop machete's , and there's too many machete wielding militiamen too shoot . the title comes from the armies captain saying he's going to shoot the dogs eating the deadbodies around his compound , but won't shoot the militiamen that are killing people around the compound . mainly because they haven't fired at the soldiers yet . finally he realizes the hopelessness of the situation and the guy who tells the evacuation team that he wants to give up his seat for one of the intended victims , flees with his tail inbetween his legs , rather than face immanent death with the school kids he's promised not to leave behind . br br it's more of character study , and a come to jesus moment for one character , than a story about the genocide in rawanda . this movie didn't have to take place in rawanda , it could have taken place any one of the genocidal hell holes going around this world at any given time .",0,1
"this is a movie about how men think women think about love . no woman describes a onenight sexual encounter and declares it a love story . br br of the ten monologues i felt only three really had any kind of truth ring through them . i kept waiting for the film to get better , and it did a bit , but never better enough . br br this is an interesting concept , and i kept wanting it to be good , but it never succeeded . maybe if they actually were love stories it would have worked .",0,1
"cast to die for in a movie that is considerably less . vanessa redgrave is dying but before she goes she begins to tell her daughters the story of her life and of her secret love . . . br br this is one of those movies which has the look and expectations of being a great film simply because they have so many great actors and actresses in it so it seems to be about something other than the potboiler that it really is . not bad as such but with redgrave , toni collette , glenn close , meryl streep , clare danes , natasha richardson , eileen atkins , patrick wilson , hugh darcy and others all giving fine performances you expect more than a weepy story thats a bit more than a harlequin romance . br br wait for cable .",0,1
"it is very possible that i simply didn't give the movie a fair enough chance because it was so immediately unappealing to me something similar happened with triplets of belleville , but i really should have caught on when i put the film on and my roommate , an exchange student from japan , immediately started laughing at the movie , saying that it sounded dumb . now , i don't agree that it is dumb , the animation is very simple but clearly very skilled . it's like classic animation with added layers that add another element of realism to them while remaining strictly in the realm of the surreal at the same time . br br but the subject matter is entirely unappealing to me . it has an interesting message about stinginess and greed , but it is wrapped in such an unpleasant package that it is almost not worth learning , especially because you already knew it anyway . the sound effects while the man is loudly gobbling cherries and cherry pits , for example , are indeed repulsive . br br there was a clever scene of animation as we kept diving endlessly into the hole that the man finds in his head when he pulls the sapling out of his scalp , but it goes on for so long that it seems to overshadow everything else . there is so much stock put into that one sequence that it is almost like the whole movie is about it . br br as i said about triplets of belleville , this would have been a great thing for a late night tv program like adult swim , or its japanese counterpart , but an academy award nominated film ? it gives me the impression that there is not generally a long list of animated short films for the academy to choose from .",0,1
"this movie has been done before . it is basically a unoriginal combo of napoleon dynamite and sordid lives . there are some funny bits , but otherwise it is a clich bore . it is a good first film attempt and the director who also stars in and wrote the feature shows a lot of promise . but the writing was kind of choppy and the story was not very original . i swear i had heard some of the lines in other films . however , the acting was very good and the film was shot in an interesting way . it is also refreshing to see gaythemed movies not be so bogged down with political correctness and tired stories of angst . the main character seemed fairly well adjusted for a gay teen in rural texas so no saccharine , coming out drama here !",0,1
"i'm usually not inclined to write reviews about films i don't think deserve a mention . but , in the quest to grow as a writer and film critic , i feel it is important to express my thoughts when i don't like a film . queen of the damned is one of those films . br br anne rice's popular horror stories of lestat , a bisexual vampire , first took to the screen in 1994 in the successful an interview with a vampire . starring two of hollywood's biggest heavyweights in tom cruise and brad pitt , the film's stylish aesthetic and gothic mise en scene captured the audience . while it may have been a case of style way over substance , there was something about it that worked , despite its chessiness i have never been that enamoured with the vampire genre in general . br br since that time brad pitt and tom cruise have gone on to much bigger things . it's likely both would have roared with laughter when asked to appear in a sequel . they would have been laughing even harder when they saw the final outcome . queen of the damned typifies the type of crp hollywood is content to put out at a low cost with the hope of earning a quick buck thanks to an average soundtrack and big marketing campaign aimed at 13 to 17 year olds . br br needless to say this film is terrible from the start . lestat , now played by brit stuart townsend of shooting fish fame , awakens from his dark grave to the sound of . . . you guessed it , numetal . he freaks out some confused punkish musicians and joins their band , under the proviso that he only appear at night , what with the sun burning his skin and all during the day . . . br br jesse marguerite moreau , a student studying the paranormal vampire studies 101 perhaps ? , tries to find out if lestat really is who he says he is . along the way she falls for him something to do with her odd past , but has a little competition in queen akasha aaliyah , a vampire demon queen who is returning from the underworld to acquire lestat as her chosen king . br br the film is shamefully selfindulgant , yet its campy tone leaves some room for its depreciating humour . anybody who sees this film for anything but a good laugh needs to see more films in general ! watching townsend is enjoyable . he knows the role is utterly over the top and does his best to walk the tightrope between utter hamming and serious acting . the late aaliyah is , unfortunately , terrible in the title role . she has minimal screentime , and what she does have she does not use to the fullest . the poor makeup and special effects do not help ; at times she sounds like she's talking through a voicebox . br br it is rumoured that this film was heading straight to video until aaliyah's untimely death last year . with the possibility for people to see her final film , warner bros put this out to a general release . otherwise this would have been one of those movies you see on the shelf at video shops but avoid because you can tell it is going to be simply terrible . br br no doubt films like this will continue to be made . look at the spate of teen romcom rip offs around or the spoofing of that genre itself with films like not another teen movie . if there is a market to exploit hollywood will do so . br br the biggest issue i have with this film is not the film itself . hollywood is about making money , so if there is a market for this film then they will pursue it . that's business . but what concerns me the most is that people will actively go out to the cinema and pay money to watch it ! i guess that's the biggest argument in the world of cinema is film art first and entertainment second , or is it the other way around ? the only people who can decide that is the audience . if you like and are intrigued by good films , stay clear of this turkey .",0,1
"i don't know how to describe this movie . it's definitely one of the weirdest movies i've seen in a long time . it is very unsettling at times but also boring in other places . the scenes of dental torture are very elaborate and may attract anyone who's into gore splatter . i found myself holding my teeth during some of the aforementioned scenes . the clever thing about the movie is that it plays with our fears and the dentist is therefore quite unsettling . br br the humor of the film is somehow hidden and may not be recognized by everyone . but if you're a fan of weird and strange entertainment and teeth getting drilled to dust this is just the film you were looking for . br br if you read the comment and feel somehow attracted by this kind of entertainment , give it a try ! br br my rating 410 maybe a little too weird for my taste",0,1
"i've read all the comments on this film . i am a great admirerbr br of the dalai lama . as such , i read the book upon which thisbr br film was based . the movie is an ugly and demeaning fictionalization of the truth . i do not criticize it forbr br altering small details or events for dramatic purposes ; it isbr br not a documentary . but the script changes the impact , reaction , br br realities , and changes in every main character . it vastly altersbr br the real relationship between harrar and the young dalai lama . br br from the ridiculous rivalry for a tibetan woman which demeansbr br the culture of tibet to harra's music box gift , to harrar'sbr br change of heart , everything about this movie is false exceptbr br for the amazing photography . i understand that the shots of thebr br potala the palace were smuggled out of tibet . however , br br changing a real story about the relationship between two people , br br one of them very important to this world , in order to build up abr br movie star is sad",0,1
"this movie was a real torture fest to sit through . its first mistake is treating nuclear power as so selfevidently a 'bad thing' that it barely needs to convince the audience of it . when it does stoop to putting in its argument , it has the participants breathlessly deliver barely substantiated facts ; all that's missing is someone crying when is someone going to think of the children ! . while watching this movie , i kept thinking where'd you hear that ? or that can't possibly be true yet little of the info was backed up by any reliable sources . and bless 'em , the 'regular folks' in the movie came across more like luddites than people with any understanding of the pros and cons of nuclear power ; to be fair , that might be the fault of the filmmakers , but equally fairly , it's a condition shared by the movie's rock stars . br br as for the performers . . . . . . . . . . . now some of these people are highly respected musicians whose music i've enjoyed , and i'm sure a few of them really did believe in this cause . but they all come across as wheezing old hippies desperately searching for something to get worked up over , now that the 60s have passed them by . particularly embarrassing are graham nash and james taylor . nash seems to be trying too hard he looks like he can't possibly believe the things he's being told not that i blame him , but desperate to feel noticed and included . james taylor performs what has to be the wimpiest protest anthem ever , stand and fight , in the most sickeningly cheerful way you can imagine . in fact , most of the performances are pretty bland when they're not being patronizing . nobody seems worked up by this event , as if it really doesn't mean much to them at all . it's worth noting that the driving force behind this whole event seems to be john hall , of the band orleans , and responsible for some of the wimpiest mor pop of the 70s . remember , if you dare , dance with me and still the one . it's worth noting because that's symbolic of how the cause here fails to inspire any real passion in the music . the cause is supposedly lifeordeath , but everybody sleepwalks through their numbers like they're playing the catskills . except maybe gilscott heron his protest number we almost lost detroit is on topic at least , but delivered with all the smugness of a highschooler impressed with how 'controversial' he's being . br br only bruce springsteen's performance raises a pulse ; i've never been a big fan of the boss , but he absolutely smokes , no question . part of me thinks he was taped separately , at another event , and edited into this movie to give wake the audience . compared to the general blandness and air of selfsatisfaction here , it's no wonder bruce was hailed as the savior of rock'n'roll . br br but even his performance is hobbled by the lifeless concert shooting . i don't expect a lot of flashy camera movement from a '70s film , but the shots are unnecessarily static , broken up only by splitsecond cutaways to a backup singer's tonsils . now , some of this may be because the performers are lifeless to start with ; and maybe the filmmakers are more skilled at shooting documentaries than concert footage but all you have to do is watch rust never sleeps or the last waltz to see a movie like this done with more skill . and with more exciting musicians . br br so really , there's only two things to watch this movie for springsteen's stellar performance , and as a sad snapshot about a counterculture in decline .",0,1
"changi is an australian comedydrama set in the world war 2 japanese prisoner of war camp of that name . the story cuts between past events , and the present day , when the aged veterans plan a reunion . this is a much publicised and controversial miniseries , here in australia . the budget ran over 6 . 5 million aust . dollars ; historians and veterans criticised it's authenticity ; and critics pilloried the uneasy mix of comedy and drama shades of pearl harbor . series writer john doyle half of the successful roy h . g . comedy team , has tried to defend himself with comments about the characters are composites of actual people ; the troops used comedy to cope with the situation ; it's only based on actual events ; one of our actors was actually there etc . i don't have a problem with any of these points . many superb fictional and factual dramas have come out of the japanese p . o . w . camp experience king rat , tenko , merry christmas mr . lawrence , bridge on the river kwai , paradise road , empire of the sun , blood oath , and a town like alice . black comedy has often been used successfully in p . o . w dramas life is beautiful , the great escape , seven beauties , stalag 17 , the colditz story , and even hogan's heroes . so why is changi a monumental failure ? the acting in changi is uniformly excellent , the music and cinematography is good it is the writing and direction that have let it down . every scene seemed to give me waves of deja vu . when anthony hayes is made to stand in the blazing sun , i thought didn't i see alec guinness do this in bridge on the river kwai ? . the sudden flashes into surreal song dance brought back dennis potter's singing detective , but without the finesse . this borrowing happened so often , it smacked of lazy writing by cut and paste , rather than homage . the constant intercutting between the past and present stories left me unable to concentrate on either . flash forward and flash back can be a useful tool here it left me distanced from characters , where intensity was called for . the ausiness is overdone every conversation seemed to include stone the bloody crows such , that i was saying i get the point , i know they're aussies . cultural stereotyping extended to the british and japanese too sadistic young japanese officer ; uptight british officer ; wiser japanese commandant ; funloving , rascally aussies etc . i thought i was watching hogan's heroes on the river kwai . after 3 episodes i'm tuning out .",0,1
"this is an excruciatingly boring , slowmoving movie . we can feel some sympathy for the socially and sexuallyinexperienced and awkward tomek , but the motivations of magda are pretty hard to see , and the ending , at least for me , was inscrutable . br br maybe it's about how we all need love , but i'd get more out of a good busby berkeley . br br i'm told that comments have to be at least ten lines , so i'll add that in the background are some interesting shots of the relationship between polish citizens and government employees and institutions . i wonder if it's meant to portray this before or after the fall of the communist government . br br finally , watch for the clever way the men from the gas company investigate whether or not there is a gas leak in magda's stove .",0,1
"this series , made for televisin espaola tve is basically a series of chapters in the life of an ordinary family in 1968 , primarily as seen through the eyes of the youngest son . br br based on a background of historical events , such as the may 1968 student uprising in france , the decaying franco regime , the war in vietnam , the rise of imperialism , and others specifically related to spanish life at that particular moment , one might regard this series as a simple compilation of characteristic foibles which make themselves so apparent in this kind of entertainment . br br generally treated in a lightweight vein though not lacking in certain moments which might be called dramatic , the series would seem to be aimed at people of around fifty who can rember those times , as , it should be stated , anyone younger either chooses to ignore such happenings or is busily occupied in other things . br br the best thing that can be said of this series is ana duato's rle as mother of three children she plays the part of the total housewife of the times really well , manifesting that peculiar spanish penchant , especially noticeable among women , of letting all her thinking and her doings be carried forward by the impetus of her heart , without any resorting to the use of the brain . as we say in spain , common sense is one of the least common senses . imanol arias offers very little , apart from not being his usual stereotyped hard policeman as in other television series . indeed , as an actor , he should not be trusted in anything which is not a tv series . his resources are too limited ; however , his part as father of the workingclass household is not at all bad . br br not really recommendable for other audiences , even spanishspeakers in latin america the themes are all too parochially related to a specific spot in contemporary spanish history , such that if the viewer was not living here at that time he will miss most of the references . it is even probable that certain situations which cause a few spanish smiles would not mean anything to other viewers .",0,1
"the movie is pretty funny and involving for about four dates , then it becomes a blatant commercial for some guy you and even his friends really can't stand . it is a pretty interesting concept ; film dates on a quest to find true love in modern la . the problem is that it feels incredibly and badly scripted at times and blatantly selfpromoting . it is difficult to care about and be drawn into any of the characters because the writeractor is so egotistical , uncool , untrue , and simply unlikeable . you end up feeling sorry for his dates .",0,1
"writerdirector michael hurst's scifi channel sequel to stan winston's classic horror tale of revenge gone awry has its moments and some decent gore , but ultimately falls short in comparison to the original . br br i'm pretty sure the filmmakers weren't trying to make a comedy , but i caught myself laughing throughout . a family feud started over a car accident is the basis for this entry into the franchise . the hatfield and mccoy families live in a backwoods town with dirt roads , drive pickup trucks , drink moonshine , and kick each others asses every chance they get . just when they thought it was safe to hate each other and live happily ever after , jodie hatfield amy manson and ricky mccoy bradley taylor decided to fall in love causing the fit to hit the shan . one night the two lovebirds decide to head out into the woods for some quality time while ricky's sister plays lookout , but it just so happens that on that very night some of the hatfields accidentally kill ricky's sister and catch him and jodie together . you know what happens next . ricky finds his sisters body and decides to pay a visit to haggis so that he can exact his revenge through the mighty pumpkinhead . ye haw ! also , harley lance henriksen is back to warn potential damned souls against using pumpkinhead to ease their pain . which really put a kink in the story because harley is supposed to have called on pumpkinhead years before this story takes place , but the setting and characters look like dirty pilgrims that somehow traveled through time in order to bring the pickup truck back to plymouth . then there's the sheriff rob freeman who has his own ties to the demon and looks like he belongs in a 70's revenge movie instead of a madeforcable horror flick . br br some of the gore and special effects were cool , but instead of sticking to the maninasuit way of thinking hurst used some terrible looking 3d shots for certain scenes . one particularly embarrassing shot shows pumpkinhead jumping from tree branches like a badly rendered 3d monkey . the cinematography was exceptional and elevated the quality of the movie quite a bit . the acting was pretty decent also , with the exception of a few poorly executed accents . br br family feuds never end well , especially when the families involved in the feud have to deal with pumpkinhead . i didn't enjoy every minute of this flick , but it was much better than most of the movies the scifi channel spits out . maybe it's a sign that the channel is trying to bring the quality of its movies up to match the quality of its original series' . i wouldn't waste any coin on a rental , but if you get the chance to catch a rerun of it on the boobtube i would say to check it out . it's a notsokillerfilm but it rises slightly above the level of trash that makes it onto dvd these days .",0,1
"i can't believe this is on dvd . even less it was available at my local video store . br br some argue this is a good movie if you take in consideration it had only a 4000 budget . i find this funny . i would find it very bad whichever the budget . br br still more funny , i read the following in another review dramatics aside , if you love horror and you love something along the lines of duel 1971 updated with a little more story and some pretty girls thrown in , you'll love this movie . br br what ? ! ? this is a shame comparing those two movies . br br i give a 1 , since i can't give a 0 . i just don't see any way this movie could be entertaining .",0,1
"i watched the entire movie recognizing the participation of william hurt , natascha mcelhone , and desiree nosbusch . i'm glad that i had no idea of the presence of peter weller . at the end of the movie i said that was peter weller ? kudos to mr . weller for an outstanding performance . weller played a major character , and his performance was such that i didn't even recognize him . br br overall the plot was bad , the writing was bad , and the performances , aside from those of nosbusch and weller , were subpar . the scenery and setting were interesting , and weller was amazing . br br 4 stars , of a possible 10 .",0,1
"miscasting happens . susannah yorke is a luminous young jane eyre , and her performance is impeccable . however , edward rochester is supposed to be 35 . whitehaired george c . scott looks and behaves like an arthritic 80 . jane's deceased uncle is in better shape ! he creaks and snarls , obnoxious and grim . he looks like an axmurderer who has sent his ax out to be sharpened ; we're not surprised he keeps a wife caged in the attic ! the great love story looks like a sadomasochistic nightmare . there is enough darkness in the novel , but bronte's rochester is relatively young , athletic , powerful , and charming when he chooses to be . he has a fine speaking and singing voice , a good mind , and a conscience that he unsuccessfully attempts to stifle .",0,1
"woosh ! man what can i say . . . ? br br the openingscene , maybe ? we see a bunch of mongoloidbarbarians with bad makeup jump off the walls of some ruins . they sneak around and attack some dude with a scantily clothed captive girl . the dude runs off , the mongoloids follow him and one of them stays behind seemingly to rape the girl , but instead he exposes one of her breasts and kidnaps her . then , the dude still on the run sees a horse and tries to steal it . suddenly a blond godlike looking hero with a bad wig appears , saying that's my horse ! . the mighty deathstalker just made his appearance . the mongoloids arrive , deathstalker kills all of them including the dude on the tunes of some rather inappropriate mexicanos western score this is supposed to be a swords sorcery flick , so what's with the 'arribatrompettos' ? , and then goes up to captive girl and exposes both her breasts . he starts to rub them and captive girl seems to like it . she starts liking her lips and caressing deathstalker . just when they are about to get down to it , this old dude appears , interrupting what could have been the end of a perfect day for deathstalker and a possible perfect ending for a shortfilm . br br now tell me isn't that the point where either a feminist would angrily switch off the movie , or any other male viewer would say this is going to be one hell of a good movie ! the plot is as simple as throwing a kitten from the balcony deathstalker must obtain the sword of justice and use it to steal the amulet of life and the chalice of magic from the evil sorcerer munkar . br br aside from decapitations , dismemberment , random bloodshed , retarded fist fights and embarrassing sword fights , this film also contains a massive amount of t ! ts a shots . i initially wanted to add one extra point to this movie for each gratuitous shot of naked boobies i could count . after 9 points not even halfway into the movie , i had to give up counting . it was distracting me from the rest of the movie . and the rest of the movie was worth it . totally crazy stuff . check out this mutant catwormlike creature munkar has as a pet and which he feeds eyeballs and fingers . and here's an interesting question what would you do if a man in a woman's body would enter your bedroom and try to kill you with a knife ? the answer is simple you slap him around a bit , take away the knife and then try to rape him . then you discover that he's actually not a woman , so you throw him out of your bed and tell him to leave your room . it works out well , i tell you . deathstalker does it too , and the deathstalkerway , is the right way ! br br deathstalker is a wonderful movie , really , as pointed out in other comments . the villains are vile . the women are delicious . there's blood , sex , violence , rape and tasty chicken . there's a completely pointless tournament which just features a bunch of barbarians beating , slashing and hacking the crap out of each other . my favorite weapon used in that tournament was a giant wooden hammer , used to beat a poor contender to bloody pulp . and my favorite contender undoubtedly was that one brute with the warthoghead reminiscent of the gamorrean guards from return of the jedi . i won't reveal how the movie ends , but just prepare to ravish in delight when i tell you a 4way dismemberment is thrown into the movie's climax . br br and of course , there's a wonderful display of ineptitude throughout the whole movie . see a guy being dragged behind a horse over a dirt road , and the next pointofview shot shows him being dragged over grass no road . see that awesome tattoo on the sorcerer's head magically change sides within the same scene on shot has it on the left side of his head , the other on the right . well , after all , munkar is a magician . it's that , or this movie was shot in an alternate universe where things like continuity simply don't exist . br br as much as i enjoyed this and as much as i am looking forward to the other 3 installments in this series , i do have enough shreds of decency left in me to not let this movie pass . i am prepared , though , to give it the maximum amount of minimal points , just so i could be able to deduct a couple of more points for the possibly inferior sequels to follow . deathstalker might be a superbly fun , trashy sleazy conan ripoff , it also is an abominable movie .",0,1
"anthony perkins and sophia loren are absolutely gorgeous in this ca . 1840 western . that alone , however doesn't help a ridiculous story , with countless historically incorrect elements . br br byrl ives is convincing as the 70something tyrannical patriarch , an egomaniac who swears to see his 100th birthday . his wild dancing at a party he gives for his neighbors will make anyone take notice this guy is sevety six ? . always mumbling bible verses , he demands respect , while driving sons and friends away with his selfrighteous rantings and emotional cruelties . br br the love affair between perkins and loren at first appears absurd , but becomes believable near the end . there is plenty of drama , but not enough to feel good about . clearly written for the stage , this story was dated even when it was filmed . perkins whistles my bonnie in the 1840s , although the song wasn't composed until 1882 . br br critics knocking sophia lorens command of the english language are rather petty . i found her english flawless and completely audible . as a neapolitan , loren speaks a distinct dialect that often had to be dubbed into proper italian . her accent , however , hardly affects how she speaks english . as a first generation german american , i can appreciate the efforts of those who learn english as a second , or even third or fourth language . br br desire under the elms is a drama or even a tragedy in the classic sense . for my enjoyment is was missing a logical story and an overall pay off for the time invested . fans of the stars won't want to miss it , others , however , tune in at your own risk !",0,1
"why ? because for one reason , there has never been a more adorable scene in any film than ann margret singing bye bye birdie at the opening . she reprises it again at the ending , too in a different mood ! . both wonderful . rent it and see . even if that's all of it that you watch . you'll agree , i'm sure . br br everything about the original was so excellent it just didn't need a remake , sorry ! jason and vanessa gave commendable performances , as well as tyne and chynna . in fact , all the actors and singers in this new version were giving their 'all , ' but it's like trying to improve on casablanca it just can't be done ! it's even annoying finding yourself comparing the two mentally as you try to appreciate the remake , and it just falls short , through no fault of the actors .",0,1
"this is possibly the worst thing i've ever seen on television . first , i'm pretty sure it takes itself entirely seriously , and i tend to be pretty good at recognizing satire . second , it displays aristotelian levels of chauvinism ; in one of the ads for it , one of the playas describes women in terms of quality . third , every contestant i've seen on it six , i think was a dimwitted meathead of the variety likely to possess a facebook with boning u or women entered under here for . to paraphrase roger ebert , this doesn't scrape the bottom of the barrel , nor deserve mention in the same sentence as barrels . the closest thing to a redeeming feature i've experienced with regards to key to the vip was having a female friend reassure me that the male cast were indeed the opposite of attractive , in both physical and mental terms .",0,1
"this is one of those family movies that i can't imagine having much appeal to anyone over about 9 . a group of siblings discovers a sand fairy yes , really conveniently located at the end of a notsosecret passage at the country home of their eccentric uncle , to which they've been evacuated from the london blitz . . . . and there you have it , all in one sentence . the story is about the role of magic in childhood and the danger of getting wishes fulfilled , but neither of these issues is examined in a way that would be interesting to adults or instructive to children or vice versa ! . the only reason i can think of for watching this is to see how starkly freddie highmore's outstanding talent stands out from the rest of the mediocre performances .",0,1
"i think that you can not imagine how these people really work . . . ! ! before i came to the studios to watch the guys work there , i actually thought quite the same as you do . but since i saw and did the work the guys on that tvshow have to do , i have to say that they really do deserve respect for what they are doing all day long . that really is no easy work . and also the actors , which in your eyes may be terribly bad , are really great people and a lot of them really can act ! i don't think that the material given to them can really show that , as i think this material isn't very good . but they are truly good ! so i don't think that you , before you haven't seen these guys doing there work , can judge over them ! and i shouldn't have judged over them as well before i met them , but i did and am now terribly ashamed of it . so please , do not allow yourself to judge over these great people unless you haven't seen them doing there job .",0,1
"mann photographs the alberta rocky mountains in a superb fashion , and jimmy stewart and walter brennan give enjoyable performances as they always seem to do . br br but come on hollywood a mountie telling the people of dawson city , yukon to elect themselves a marshal yes a marshal ! and to enforce the law themselves , then gunfighters battling it out on the streets for control of the town ? br br nothing even remotely resembling that happened on the canadian side of the border during the klondike gold rush . mr . mann and company appear to have mistaken dawson city for deadwood , the canadian north for the american wild west . br br canadian viewers be prepared for a reefer madness type of enjoyable howl with this ludicrous plot , or , to shake your head in disgust .",0,1
"i missed the beginning but i did see most of it . a friend got it on dvd in the cheap room at fye . br br the skits are all very short , and yet most of them are still too long . the majority of them , they seem to have forgotten to have something funny ! quite a lot of racistsexisthomophobic humor in it , skits based on stereotypes , or skits which use racist terms for people . br br i'm trying to remember anything i thought was funny in it , and i'm having trouble . . . . the logo for the tunnel vision network is a lipsticked mouth with an eyeball in it . the mouth opens and closes over the eye like eyelids . kind of creepy . br br what a disappointment . most of the actors went on to better things , and it's lucky this bomb didn't hold them back .",0,1
"shintar katsu gained tons of fame playing the wonderful character , zatoichi . the zatoichi films had a weird and unbelievable concepta blind guy is the greatest swordsman in japan and spends each movie righting wrongs and exacting retribution on evil doers . he's a heck of a nice guy and the films are exciting and addictive i've actually seen every movie . it is because of this i saw this final installment of the hanzo the razor series , as i assumed it would be very similar . . . . and boy was i wrong ! it turns out that the hanzo films are extremely sexual in nature and they also promote the rape of women who deserve it . you see , hanzo is a policeman from the meiji period and he regularly takes evil women into custody and interrogates them by violently raping them with his penis of steel . how he made his member so strong is something you have to see to believe , but it certainly is not for the squeamish . br br overall , i just can't recommend anyone sees these violent and misogynistic films . however , from looking at the other reviews , i can see that they are still very popular . . . and that is pretty scary . despite some decent acting and amazing fight scenes , the films just are like brain pollutionand i'd hate to imagine how the films might have contributed to violence towards women .",0,1
"about halfway through , i realized i didn't care about these characters in the least ; however , i watched a bit more anyway . regrettably , i came back the next day and finished it . i shouldn't have bothered . br br if you know anything about the film beforehand , you know that the lead character will be a plane crash survivor and the title gives you a pretty good idea of what's gonna happen afterward he's gonna get on the phone and call people about it ! that was almost as bad as snakes on a plane another bad aviation catastrophe flick . br br i realize this is an old film , and the acting style in those days was much less naturalistic than today . but even by those standards , the acting was embarrassing . these weren't characters , they were stereotypes . i suspect this movie was , more than anything , an attempt by bette davis to help her husband's gary merrill career . to no avail however i have seen oak trees display more genuine emotion than he did . br br davis' playing the happy cripple i . e . , a nonglamorous role was probably looked on as an edgy and bold career move . it wasn't . it was just boring . she was a kind of tiny tim in the film , making trask merrill's character see the truth about love and forgiveness although she was less winsome than tiny tim , calmly dispensing wisdom about life and relationships without a hint that her beloved husband had just died . br br the final scene , where trask calls his wife back in iowa to reconcile , was so affected and overacted on both ends of the phone line , i almost cringed . i had to remind myself that these people actually got paid for what they were doing in this film . br br i noticed a lot of people seem to have enjoyed this movie . if you found it uplifting , that's great . but frankly , i just found it bad . there are plenty of old movies from the golden age of hollywood that were far better written and acted .",0,1
"when i attended college in the early 70s , it was a simpler time . except for a brief occurrence in 1994 , i've been totally free of the influence of illegal substances ever since and i've never regretted it . . . until now . dbtbte has got to be , handsdown , the best movie to watch when stoned . the odd , dreamlike state it creates is very strange when you're not smoking anything , but i'm sure that it would seem completely normal after a big doobie . not that i'm recommending this , you understand . the soothing narration , provided , as it usually is in quality cinema , by a tb victim trapped in a painting , would be ideal to help the stoned viewer to follow along as things get complicated . plus , everything in the film is pretty organic . . . from oldfashioned natural breasts to the bucket of fried chicken . br br now , there's also no question that the young man with the ahem hand problem is absolutely sailing away in the film . at one point , you just know that he's going to say , hey ! when i move my hand , it leaves trails ! ! trust me . . . you'll know when you get to that point . br br the only other thing we have to address is this how good can a film be when at least half the budget was spent on moving a huge bed frame around for interior and exterior shots ? br br definitely a mustsee for horror aficionados , but suitable for the general audiences under the right conditions if you know what i mean , and i think that you do . it only earns four stars because i can't actually say that it took any talent to make .",0,1
"every movie i have ppv'd because leonard maltin praised it to the skies has blown chunks ! every single one ! when will i ever learn ? br br evie is a raving old bag who thinks nothing of saying she's dying of breast cancer to get her way ! laura is an insufferable medusa filled with the holy spirit and her hubby's protg ! caught between these harpies is medusa's dumbasarock boy who has been pressed into weedpulling servitude by the old bag ! br br as i said , when will i ever learn ? br br i was temporarily lifted out of my malaise when the old bag stuck her head in a sink , but , unfortunately , she did not die . i was temporarily lifted out of my malaise again when medusa got mowed down , but , unfortunately , she did not die . it should be a capital offense to torture audiences like this ! br br without harry potter to kick him around , rupert grint is just a pair of big blue eyes that practically bulge out of its sockets . julie walters's scenerychewing especially the scene when she plays god is even more shameless than her character . br br at least this harold bangs some bimbo instead of maude . for that , i am truly grateful . and if you're reading this mr . maltin , you owe me 3 . 99 !",0,1
"watching truth about love is this a double entendre about the star ? is like plugging in white noise or manufactured water sounds to help you sleep you put it in the dvd slot because there is nothing else left on the store shelves and you are in need of distraction after a hectic day . and it works for that for that purpose being a british romantic comedy it is a bit more . br br the story is a rather simple one about a wife alice jennifer love hewitt married to an increasingly distant husband sam jimi mistry who has put their love life on hold due to the burdens of his busy law practice . his partner archie dougray scott is fond of both sam and alice , but has a longtime attraction to alice that goes beyond friendship . alice pals with her sister felicity kate miles , a free love advocate , who encourages alice to have affairs . on valentine's day , after a drinking binge with her sister , alice mails a card to sam signed 'anonymous' as a test to see if sam responds , testing his fidelity . at the same time archie mails a radish seed packet to alice on which he has inscribed a suggestive love not . both have ex post facto regrets . sam in fact is spending time with a lover katya branka katic and is indeed cheating on alice . alice arranges assignations with sam via email and phone calls and plans to meet sam in disguise as 'anonymous' to test his fidelity . the entire cast of characters gets caught up in the silly charade and the ending proves that real love must be based on truth and how that results in the various pairings is the surprise of sorts of the fluffy script . br br british comedies work because of the quality of writing and the tight quality of acting . perhaps had director john hay elected to cast a british actress as alice instead of pasting a phony accent on jennifer love hewitt the result may have been improved . but in the end this story by peter bloore bounces between mildly humorous and pathetic in its messages . one terrible distraction is a musical score that is consistently so loud that it covers all the dialogue and is intrusive . there are some nice scenes of london and a few moments of passable humor , but in the end this little film is truly best utilized as background musicwhite noise . grady harp",0,1
"as a young blacklatina woman i am always searching for movies that represent the experiences and lives of people like me . of course when i saw this movie at the video store i thought i would enjoy it ; unfortunately , i didn't . although the topics presented in the film are interesting and relevant , the story was simply not properly developed . the movie just kept dragging on and on and many of the characters that appear on screen just come and go without much to contribute to the overall film . had the director done a better job interconnecting the scenes , perhaps i would have enjoyed it a bit more . honestly , i would recommend a film like raising victor over this one any day . i just was not too impressed .",0,1
"hamhanded homage to honest hacking . felt good in a softcore way about equivalent to its mild pornography , until its vapid lack of technical and economic reality , emotional and moral sophistication became apparent . br br basically a muddled '90s remake of '85's real genius , with fewer and stupider geniuses , and a cynical bad ending . br br perhaps this movie would appeal to someone delighted by the thesis that becoming a billionaire is so easy it's almost accidental . or perhaps to technical types who like seeing themselves depicted as cool and sexy . speculating about the reasons someone might like this movie is certainly more interesting than the movie itself . the movies closing credits song is more interesting than the movie itself .",0,1
"i went to see this movie actually i went to see family portraits , which contains cutting moments 2 other short films by douglas buck at the mar del plata festival argentina . . . i just couldn't watch it ! i had to cover my eyes after the 1st half of cutting moments and take a peek every once in a while . by the time it was over , my stomach was upside down and i felt light headed . i just had to leave the cinema a few minutes after the 2nd short begun btw , of course i was not the only one who left the room . it was waaaay too violent and disgusting for me ! i am impressed by the many brave people who actually loved it . i just don't get how you can love that kind of movies ! the shocking and bloody and horrible images i saw got really stuck in my head for like two days ! ! i also try to analyze the story my boyfriend did see the whole thing and told me about it and i just don't think it makes any sense . i mean , that amount of violence and stuff , makes no other sense than to try to shock people . and that's not a good enough reason , i think . there's absolutely nothing in this movie that i can say well , at least 'x' thing about it was good . but well , i guess i will never understand that kind of films .",0,1
"with the little respect it deserves , i would like to state that this movie was horrible . the filmmakers had good intentions , but the overall quality of the direction and production value was obviously lacking a great deal . i would recommend this movie to anyone who likes a good hard laugh and then wasting two more hours of their life enduring a truly painful experience . i'm surprised i even found this movie on the 1 dvd rack where it was aptly placed . i thought maybe it was going to be good and that i might discover some amazing independent film i was wrong . i wish i had never seen this movie . my 3yearold cousin couldn't make a worse film . i'm glad i saw the film because i can finally tell people i've seen the worst movie ever made , and be sure of it .",0,1
"the plot four people are caught in an elevator . one is a business man , the annoying kind who is aggressive and complains about everything and everyone and is a walkingtalking sample of distilled stress and hostility . then there's his colleague , a woman who is much more pleasant in her character . a teenage rebel who just broke into a coke machine and by his mere presence drives the businessman mad , and an older guy who just stole 100 , 000dm make up the rest of the cast . . . br br the movie is all about how they cope with their problem , as time goes on and on without any success in reaching the outside world , as the lights go out , and as the cables begin to snap one after the other . . . . br br and yet , it isn't too exciting . the characters are stereotypes . the story is stupid and unlikely how could so many things go so wrong in just one elevator ? . you don't like the characters very much , you just hate one of them . and all the twists and turns in the plot are not contributing to the excitement , they are just stupid excuses for filling yet another few minutes with dialogue as the screenwriters keep running out of inspiration and ink on a fulllength movie set in an elevator . br br let's just hope phone booth will be a better effort . . .",0,1
"that is what this movie is . good god the special effects suck in this movie . it is difficult for anything to suck more than this movie's plot , but the special effects manage to pull it off . let me try to explain just how bad this movie is . br br first , there is the plot . there are four punkass teenage dirt bikers who are riding around in a forest in duluth , mn . one of them is a dumbass and tries a ridiculous jump and breaks his leg . a paramedic comes to help him , but gets stranded with them when the helicopter breaks . then all five realize that there is a forest fire , which we see is started by some guy dumping tons of gas all over the forest . all they show us is his boots , and they show scene after scene of this guys boots walking around dumping gas and starting fires . meanwhile , the teenagers try to escape the fire , only to find that boot man has somehow managed to get ahead of them while they were speeding through the forest on dirt bikes ! , dump gas all over the area they were riding through , and start more fires . he does this several times , and the paramedic finally catches him and starts him on fire . i won't spoil the ending , but this guy's resilience will have you shouting what the bloody hell ? ! ? ! at the screen . anyway , they are now surrounded by fire , and their only escape is through a mine which is filled with methane gas . yes , methane gas . i'm not even going to try to describe the ending , because it is too ridiculous , and you'll enjoy it more if you don't see it coming . which you won't , because you can't possibly expect what happens . this is because of the second major problem with this movie consistency . br br is some semblance of consistence too much to ask for ? apparently so . i cannot even count the number of broken limbs in this movie they keep breaking arms and legs while crashing their bikes . i think each character breaks at least one limb , and several more than one . they then limp around until the scene ends , and then forget that they're supposed to have broken limbs . there is one scene where three of them who are supposed to have broken legs start dancing . but then their injuries suddenly return when the plot needs them to . br br finally , the cgi . if there is a hell , it consists of watching the fire in this movie . all they did for the forest fires is line the dirt paths with cgi fire . you can clearly see that the only cgi fire is along the paths , and all of the trees more than two feet from the path are left untouched . and then they zoom out and show the whole forest being engulfed in flames . it's hard to describe in words how ridiculous it looks , but i assure you that the ridiculousness is quite impressive . br br this movie is one of those sobaditsgood types . there are some occasions where it descends into the painfulbad category , but for the most part it stays above the line and is laughably inept . i can't wait to check out the other nature unleashed movies that came in the fourpack with this one .",0,1
"i watched this because i thought there were going to be a lot of car chases and cool cars to gawk at . guess i was lied to . this movie is very boring . br br the movie starts out kip rainesgiovanni ribisi sitting outside a porsche dealership checking to see if they have the right car . when they confirm it's the right one , kip gets a brick out of the trunk and chucks it at the window , shattering it . he gets the porsche while his friend gets the keys . they start up the car and take off into the night . they deliver it to a warehouse only to have been followed by the police . so , the whole crew ditches all the cars and go their separate ways . then , we get a glimpse of memphis raines . he is giving a little speech to a bunch of kids at a gokart track . then , he is confronted by atlee jacksonwill patton . atlee tells memphis that his brother kip is in deep bleep . memphis is known as one of the most notorious car thieves in los angeles . memphis heads to a junkyard and meets raymond calitrichristopher ecclesten . this guy threatens to kill kip if memphis doesn't deliver 50 cars within 72 hours . br br there are a few problems with this film br br 1 . story the first 48 inmovie hours take place when cage and duvall are looking for a crew and planning everything out . the last 12 inmovie hours are a waste ! br br 2 . the cars you see maybe 10 cars out of the 50 as the movie advertises . so , where are the other 40 cars ? why don't we get to see them ? br br 3 . the chase the chase at the end of the movie was a joke . it was not suspenseful at all . br br 4 . the dog somewhere in the movie , the dog eats the burgers and swallows three keys as well . this is impossible . the keys were flipped open . the keys would have severely damaged the dog's esophagus , stomach , and large intestines . the guys suggest giving the dog laxatives to help him poop it out . this won't work . the dog will get a lot of diarrhea but no keys . it was stated in jackass after ryan dunne stuck a toy car up his rectum . take laxatives , lots of diarrhea , but no car . same case with the dog . br br 5 . the cop during the chase when eleanor breaks down for a few minutes , nicholas cage tries desperately to start up the car . you see a police cruiser behind him who isn't looking at his car at all . but , right when nicholas cage starts the engine up again , the police officer jerks his head to the right , sees the car , and immediately begins to chase after him . it is stupid . so , right when he heard the engine start , and saw the car , he knew that was the car he was looking for . how does he know it's the right car ? he only sees the back of it . br br overall , the movie is boring . there is no action . there are very few cars . the movie is stupid . i have never seen the original but i plan to . br br i give this movie 1 star out of 10 . get the fast and furious instead .",0,1
"i really wanted to love this film . i have read the book to my daughters and we all loved it . the book is marvelous . this film is very far from the book . the book is splendid this film is an awful adaptation . br br in the book , sara is honorable , kind , strong , and never does anything spiteful to get back at anyone . that's the point of the book ! she behaves as a princes regardless of circumstances . an important part of behaving like a princess is to not return unkindness . it is to behave honorably regardless of how you are being treated . br br in the book , she endures much and touches the lives of others . other people change their behaviors after they witnessed her kindness and ability to endure without sinking to spite and vengefulness . sara does what is right simply because it is right . br br outside of the bakery , she comes upon a beggar girl who is more poor and hungry than she is . she has half a dozen hot buns . she is very hungry . she gives one bun to this wild looking little girl huddled on the doorstep of the bakery . when she sees how ravenous the girl is and watches her gobble the bun , she gives her another . she continues to do this until she has given 3 or 4 i think i don't remember how many . br br the baker is watching through the window . she is so moved by what she has witnessed , she takes the beggar girl in and raises her as her own daughter . other people are similarly influenced by sara . br br and in the book , her father has died . the man next door is her father's partner he has been looking for her . her father did not lose his money after all the man is thrilled to find sara ; he takes her and becky into his home and raises them as his daughters . and sara has her full inheritance , of course . br br miss minchin is not a chimney sweep . in fact , she remains in her same post at the school . but she is humiliated as sara has told her new guardian of the cruel treatment she received . and sara does speak to miss minchin in the end miss minchin is trying to minimize her treatment of sara and sara with a calm steadfast demeanor , instructs miss minchin that she had been cruel . br br there is no comeuppance for miss minchin . she continues on in her miserable existence . it does not matter what matters is that sara has a home with a guardian who loves her and her dearest friend in the world , becky , is now for all intents and purposes , her sister . br br the book is about love and honorable behavior under the worst of circumstances . it is about self control and humility . it is a wonderful book . this film does nothing to capture the true story and messages of the book . my wife was so disgusted with it , she wanted to leave the theater in the middle , but we decided to stick it out . we were not rewarded . br br i cannot for the life of me think of a reason the film makes should alter this excellent book in such a bad direction . perhaps it was the influence of the ghastly screenplay from the book that shirley temple acted in . i don't know but this film is so far from the book in character and values that i do not recognize it . br br don't waste your time buy the book . it is unforgettable . . . even for a dad !",0,1
"well , it is standard hollywood schmaltz that you can see coming a mile off . it's enjoyable in parts but just oh so predictable . i must confess i did not really enjoy it , but i am pretty tough to please and a lot of my friends loved it . br br it is quite sweet , and the actors give good performances . it's a nice backdrop and the eye candy is pretty good . but the irritatingly predictable , unoriginal and really quite dull storyline holds the film back . personally , i can think of better ways to spend a couple of hours of my life . br br the chick flick genre gets some bad press but there are some genuinely good chick flicks out there ; this isn't one of them .",0,1
"first off , i really loved henry fool , which puts me in a very small pool of movie goers . parker posey is one of best actresses onscreen today . but this film was a fullout travesty . watching hartley and the actors talk about the film in the extras so full of pride , and making pointless analogies to star wars was stomachturning . this was hype on the producers part hdnet realized to the max . a true example of the emperor and his new clothes . mostly i feel that hal has spoiled henry fool forever . i don't think i can ever see it again in it's pure , innocent light . br br remember hal , you can fool some of the people some of the time . . . etc . the director would be nowhere today if all he did was churn out meaningless garbage . sadly , it's a pure example of the lesson taught in the film adaptation . the story must be exciting and active , or its boxoffice hopes are dim indeed . never mind a decent story . for the actors , it was like trying to act in a straitjacket . br br the score , i believe hartley's , is tasteless . with drum hits walking all over dialog . there was one apple soundtrack loop i recognized that gave me a smile . br br when i saw the trailer , i thought , oh , they're just trying to grab a new audience . but it's really this ridiculous ride . i'd be happy to spoil this movie for you , but it's been done . it's rotten . the fool franchise is dead . long live henry fool .",0,1
"this movie was packed pull of endless surprises ! just when you thought it couldn't get worse , they added more joints and more pink fuzzylined vans with raunchy sex scenes . as you can guess , i was a victim of the original version . we were tricked into watching it thinking it was supervan , the host box which promised lasars , jail breaks , and much more . who would have thought a dollar store christmas present could have been so much fun !",0,1
getting eaten by a bunch of snakes is more entertaining than this film getting eaten by a bunch of snakes is more entertaining than this film getting eaten by a bunch of snakes is more entertaining than this film getting eaten by a bunch of snakes is more entertaining than this film getting eaten by a bunch of snakes is more entertaining than this film getting eaten by a bunch of snakes is more entertaining than this film getting eaten by a bunch of snakes is more entertaining than this film getting eaten by a bunch of snakes is more entertaining than this film getting eaten by a bunch of snakes is more entertaining than this film getting eaten by a bunch of snakes is more entertaining than this film,0,1
"this swedish splatter movie tries to parodyimitate american horror films such as the evil dead , gremlins and others . writerdirectoractorcinematographer anders jacobsson and writerproduceractormakeup effects supervisor gran lundstrm did i miss something ? were obviously inspired by sam raimi . but the camera work is a bad copy of what can be seen in the evil dead and elsewhere . some other users have written that they enjoyed the humor of this film but i didn't . br br the film rather disturbed than entertained me . it tries to combine suspense and comedy and the final product just left me with a feeling of oppressiveness although it wasn't scary or shocking at all . the combination of different genre elements made this film very strange . i was never sure if it was meant to be scary or funny . br br the story is quite inventive except for the showdown at the hospital but i didn't like the way it was staged for the reasons mentioned above . the gore make up effects are considerably good and at least the loose limbs sequences were quite entertaining because in these scenes the filmmakers didn't try to mix scares and jokes . br br all in all a strange film that you will either hate or love . rest in pieces , evil ed . br br my rating 310 made me stick to american productions",0,1
"what a long , drawnout , pointless movie . i'm sure that historically this film is delightful but as entertainment goes it just doesn't make the grade . ralph fiennes has been in some fantastic movies , the english patient , schindler's list , but this one was such a letdown . it didn't seem to be going anywhere , his character at the beginning was so shallow and uptight it amazes me that his sister would ever have been interested at all . don't bother paying to rent this movie , buy yourself a copy of the english patient instead .",0,1
"it is a frank zappa axiom that music journalism is people who can't write interviewing people who can't talk for people who can't read . if you ever needed proof that musicians can't talk , this is the film for you . repeated attempts at profundity stumble over themselves to end up in monosyllabic comments delivered in awestruck voices wow . thank you , idris muhammed . this film is pretentious but , while much of the pontificating from youssou n'dour and his gang of merry men and one token woman grates , the music saves the day . br br the main idea behind the film what i take to be the main idea , dredged out of the inarticulate commentary is interesting . to gather a group of musicians from america and europe and take them on a journey through the different styles of music that grew up in and out of slavery , back to their roots in the music of west africa , and a concert in the old slave fort of gore off the coast of senegal . we are treated to gospel , blues , jazz and variations of these , including some fantastic drumming both in new orleans and senegal . there's also a good deal of n'dour's own compositions . br br sadly , that's another weakness . it's never entirely clear what n'dour himself wants to achieve . to some degree , the film appears to be an exercise in selfpromotion on n'dour's part . he wants to play his own music , jazzed up to some degree and performed in the company of a bunch of musicians he admires . he's clearly a little embarrassed by this and early in the film obtains the blessings of the curator of the gore museum . br br the clash between the different agendas shows through in several other places . for example , somebody obviously felt that it was not possible to tell the story of black music without involving a gospel choir , but n'dour and most of his mates are moslems a point made repeatedly throughout the film . the whole early sequence involving the black christians is uncomfortable and then they disappear from the story until the close harmony group the only black christians who can hold a tone ? turn up in dakar at the end of the film . to be fair , they turn up triumphantly and perform the best piece in the film . if the story of black music needs to nod in the direction of gospel , why not also in the direction of latin america ? where are the black musical influences from the caribbean and brazil ? samba ? reggae ? then there's europe . here the black diaspora doesn't seem to have produced any musicians of calibre , since n'dour chooses to draft in austrian guitarist and a trumpet player from luxemburg . are they in the team just because n'dour has played with him before ? what i personally found most irritating , though , was the long sequence which tried to recreate a kind of 60s beatnikblack powernation of islam cultural happening in the new york home of amir baraka a . k . a . leroi jones . hearing people talk about the importance of knowing your history , and then in the next breath perpetuating ignorance . why do so many africanamericans believe that taking an arabic name is an assertion of their african roots ? and why do they think arabic islam is so much more admirable than european christianity ? who do they think established the trade in african slaves in the first place ? the film doesn't have much to say about the situation in west africa today beyond the platitude that present conditions are a consequence of all the brightest and best having been shipped away for 300 years . the senegalese appear to be a poor but happy , musical gifted folk , friendly and welcoming , respectful of their elders and not above fleecing the visiting americans in the fish market . is this ethnic stereotyping or just my imagination ? there is no comment on the armed guard that n'dour and the camera crew seem to need in the opening sequence as they walk through the streets of dakar . br br there is also a strong implication in the film that the slaves who were taken from dakar came from dakar . the similarity between the folk drumming style of new orleans and the folk drumming style of senegal is cited in evidence . the last thing the slaves heard before they were shipped away was the drumming of their homeland , bidding them farewell . except , of course , that by and large , the slaves shipped from dakar did not come from dakar . they were captured or traded from the interior by the coastal senegalese and sold to merchants of whichever european power currently held the gore slave fort . the people of dakar are not the descendents of africans who escaped the slave trade , they are just as likely more likely to be descendents of the people who sold their black brethren into slavery and exile . br br the two agenda's clash again in the final part of the film . there are two separate endings . on the one hand , the concert which n'dour and co have been rehearsing and preparing along the way and which they deliver in the courtyard of the gore slave fort . the other end comes when the harmony harmoneers sing the spiritual return to glory , in the seaward doorway of the slave fort . this is deeply moving , even if it is hard to believe the performance is quite as spontaneous as it appears . br br this is a film that is flawed . unclear of the story it is trying to tell and tugged in different directions . irritating , confusing , beautiful and emotional by turns . watch it listen to it for the music and the feeling , but don't expect enlightenment or intellectual rigour .",0,1
"i do not know which one was first released earlier in 1970 . cannon for cordoba is an europen western it was made in spain . this means this is fairly inferior to sergio leone's socalled western spaghetti and to the real american masterpieces of john ford , sam peckinpah , howard hugues , john sturges and anthony mann , in my order of merit . this order is not to be interpreted as all john ford westerns are better than all by sam peckipahn's . i think imdb's 100 sort them out all pretty well . br br the worse about this firm is the casting . george peppard is fit for a sergeant's role , raff valone for a maffia capo and giovanna ralli to a puttana in piazza vennezia in the sixty's in rome .",0,1
"what kind of sht is this ? power rangers vs freddy ? it was watchable and as good as the first film in the beginning but from the part where the protagonists get super powers in theirs dreams , it started to become childish . this sht should have been rated pg or pg13 rather than r . i expected to see some very mature stuff but it was only for the 13 of the film . the rest are for little kids . plus it's focused too much on christianity . i know freddy's a demon but there are many religions that have different ways to fight demons . why does it always have to be christianity ? this is total orientalism and filled with white menwesterner's superiority . don't' watch this , show it to little kids who loves power rangers .",0,1
"this kid is rather bad , but in no way do they make him the type that outsmarts adults and can foil experienced thieves at every turn . no , he is not so much a brat , as he is a kid with severe emotional problems . a nice couple looking to adopt get rather suckered into adopting him and while the husband is a bit more willing to give this kid a chance the mother is not . through in a bizarre michael richards character and the always annoying gilbert gottfried and you have yourself a rather bad movie with a few laughs in it here and there . i actually prefer the sequel to this film as i like the fact they brought amy yasbeck back as a different more likable character as there are one to many characters in this film that are thoroughly unlikable as it is . even the kid is rather annoying at first in this one , and they kind of chill him out in the sequel too . the plot is simple enough though as the prospective parents go to adopt this kid that they think is great by the way the orphanage is throwing a party as they depart , they soon realize they have themselves a little hellion . add to that this little hellion getting into contact with a convict of some sort . not sure about this character , at first i thought it was supposed to be his real father or something . not all that good , but i will pick this ahead of that culkin kid any day of the week .",0,1
"bam margera of the jackass fame is back with his own reality show , and not only is it not as funny as jackass , but it's also amazingly stupider ! this has to be one of the dumbest shows ever conceived . sure there are worse reality shows but none are as mean spirited or as dumb . br br bam margera has made it big , and his parents decided to piggy bank off of his fame . bam and his parents , his uncle , his crew of idiotic friends all live together , and while bam and his buddies are off breaking things and getting into mischief , generally his parents are at home being stupid . when bam's parents aren't at home being lazy , they're being tortured by bam , especially his father . to add to the humor , we are treated to his fat uncle don vitto who is constantly out of it , and never paying attention . br br this show really is like a toned down version of jackass . . . toned down in that there aren't stunts , instead bam and his buddies just go break stuff , and do lame stunts , and meanwhile loud music plays to make it all the more awesome . this is not funny in the least . i can't imagine a dumber show than this because there is not an ounce of intelligence found here . br br if you are a big fan of bam margera , and want to see one of the many follow upcashin sequels to the jackass series . br br my rating out of . 30 mins . tv14",0,1
"i guess i was attracted to this film both because of the sound of the story and the leading actor , so i gave it a chance , from director gregor jordan buffalo soldiers . basically ned kelly heath ledger is set up by the police , especially superintendent francis hare geoffrey rush , he is forced to go on the run forming a gang and go against them to clear his own and his family's names . that's really all i can say about the story , as i wasn't paying the fullest attention to be honest . also starring orlando bloom as joseph byrne , naomi watts as julia cook , laurence kinlan as dan kelly , philip barantini as steve hart , joel edgerton as aaron sherritt , kiri paramore as constable fitzpatrick , kerry condon as kate kelly , emily browning as grace kelly and rachel griffiths as susan scott . ledger makes a pretty good performance , for what it's worth , and the film does have it's eyecatching moments , particularly with a gun battle towards the end , but i can't say i enjoyed it as i didn't look at it all . okay !",0,1
"was this meant to be a comedy or a serious drama ? this film starts with a lighthearted banter between three women . fine . it moves into a conflict between the women when one of them meets a man . fine . there are a few antics between them . fine . but when the plot thickens and finally becomes black i started to wonder whether i had misinterpreted the first part of the movie . it continues in this vein for a while until , in the end , it tries to go back to the original lighthearted banter . but by now it's too late . it's hard to see why these women would still be talking to one another and the finale is unconvincing . truly a lesson for british filmmakers anyway of how not to make films . difficult to see how the producers ever convinced themselves this film would work . and the box office proved it to be a real flop , because i'd never heard of this film until this weekend four years after its release .",0,1
"director kinji fukasaku is perhaps best known , in his homeland at least , for his japanese gangster films , a series with which this movie shares a number of characteristics . violence and political intrigue are themes throughout both shogun's samurai and battles without honor and humanity , and both feature a lead character who finds his loyalties challenged by betrayals . both films also feature a large number of characters who seem to have little purpose but to die , and since so little is done to develop them , their deaths have little impact when they do come . this film has other flaws as well . the makeup , costumes and sound design are distractingly poor , and the battle scenes were substandard as well , inferior to other samurai films of earlier years seven samurai comes to mind . br br sonny chiba plays the sonny chiba character in shogun's samurai , the nononsense master swordsman who strides through the film , scowling menacingly . what a guy ; he even gets to wear an eye patch . if you were expecting to see the legendary toshiro mifune , you may be disappointed ; his appearance amounts to little more than a cameo , and just when it appears that his character might do something interesting , he disappears for good . br br overall , the strengths of the film are its story , which is infinitely more comprehensible than those gangster films , and the challenges posed to traditional concepts of good and evil . two brothers are challenging for the throne of their recently departed father , who may have had some help on his way out . early on , it looks as if we will be faced with a couple of characters who couldn't be more clearly good and evil ; after all , the older brother stammers and has a birthmark , the sure sign of a villain . eventually , however , it becomes clear that in a winnertakesall struggle for power , there are no heroes and villains , only winners and losers .",0,1
"formulaic to the max . neither title reflects the serial's actual content , fighting nazis in morocco , actually , the iverson ranch . the plot is just to fill in the lulls between fistfights . the packaging claims over 40 'fistic encounters' in 15 chapters . that's at least three a chapter ! aside from seeing duncan renaldo cast as a spanish accented frenchman , watching how much furniture is overturned , smashed , thrown , burned or blown up is what this serial is really all about . when the protagonists start fighting , you can bet that everything in the room will be in it , too . so , kudos to the fight choreographer , who is the real star of this serial ! br br two positive notes the characters do sometimes lose their hats during the fights , and best of all , we have the girl side kick often a journalist , as she is here actually participating in the mayhem , mostly by shooting and killing the bad guys . yet to come is linda stirling killing the main villain in manhunt of mystery island 1945 . on the negative side , there are just too many jump out of the way escapes before the slab falls , before the car goes over the cliff , before the speedboat explodes , before the building explodes , before the truck hits you , etc . etc . br br it is claimed that this serial partially 'inspired' george lucas to make the first indiana jones film , but that is more by implied concept than because of the actual story or the serial's development . br br rod cameron 'shines' as a moving rock , a role he played in all his films . other than watching all the furniture getting smashed , there's nothing really going on here , compared to other serials that have fewer fights , more story , better actors and more developed characters . br br i give it a 3 for all the furniture smashing .",0,1
"stick around is one of the brief series of films that paired bobby ray with oliver 'babe' hardy before hardy's immortal teaming with stan laurel . several critics have suggested that ray and hardy the gormless little man and the overbearing big man were a prototype for laurel and hardy , but that simply isn't true . ray and hardy play off each other well , but really aren't a team ; in each of these films , ray has more footage and is clearly meant to be the hero , while hardy bullies him in a manner very much unlike his later ollie character's treatment of stanley . it's very clear that the relationship between little bobby and big babe was inspired by earlier chaplin films , in which the little tramp was bullied by huge mack swain or burly eric campbell . br br however , in stick around , hardy sports a bowler hat that's identical to his later ollie titfer although with a fuller moustache , and he and bobby after spending most of this movie as adversaries end up as drunken comrades . br br bobby is a paperhanger for the firm of matz and blatz , with hardy as his boss . when the tardy bobby tries to pretend he showed up promptly , there's some clever physical business between the two men that reminds me of a routine performed by roscoe arbuckle and buster keaton in 'the garage' . a bit later , bobby ray whose brief acting career never firmly developed a screen persona performs an impossible gag that would have been inappropriate for stan laurel , when he pulls a long stepladder out of a much smaller toolkit . br br the paperhangers go to work in a sanitarium , and there are the usual unrealistic depictions of mental illness one resident insists on sitting on a piece of toast because he thinks he's a poached egg ! there are also some howlingly racist and tastelessly unfunny gags involving a black man who obligingly lets the inmates crack open walnuts on top of his head . when he sees a picture of a lion not even a photograph , mind you he goes all cowardly as if it were an actual wild animal . br br stick around is fairly dire . most of the pantomime and acting is much broader than it needs to be for a slapstick comedy ; even hardy , already a very subtle actor by 1925 , pongs badly with his overacting here . there are several bad examples of shotmatching . i was impressed with one unusual camera setup , when a fat pedestrian's face is dirtied and we see a closeup of his reflection in a hand mirror , rather than his actual face . br br spoilers coming . during their brief pairing , hardy typically played ray's boss or adversary or both ; here , for once , they end up as pals . it's a nice ending , but it doesn't make up for what's really a poor film . my rating for this one is only 4 out of 10 .",0,1
"don't get me wrong , i'm a huge fan of many of woody's movies , obviously his late 70's masterpieces annie hall , interiors , manhattanand most of his late 80'searly 90's dramas hannah , crimes and misdemeaners , husbands and wives in fact i even liked some of his more recent efforts melinda , anything else , small time crooks but this was abysmal , i though it couldn't possibly be any worse than last years match point but how wrong i was . br br it was lazily plotted basically a cross between match point , manhattan murder mystery and small time crooks , with all the jokes taken out woody seems to be on the way out as well , slurring most of his lines and delivering 'hilarious' catchphrases 'i mean that with all due respect . . . ' over and over until the blandness of it all becomes to much to bare . br br i know that most actors are queuing up to work with him but they should at least read the script first scarlett johansson and hugh jackman are so much better than this and woody should really take a more behind the camera role in future , if he has any sense about 20 miles behind it . br br it wouldn't be so tragic if we didn't have so many great woody films to compare this to but it is clear that his best days are behind him and judging by this effort , woody should call it a day before he becomes an industry joke . br br embarrassingly bad",0,1
"the movie was a pleasure to watch if you are a fan of the stooges . the story is told from the point of view of moe howard and his relationships with his brothers shemp and jerome curly howard , also the life long friendship with larry fine . the movie deals mostly with the off camera high points and pit falls of the stooges multi decade career . the casting director and makeup artist did a fair job of finding actors who resembled the famous ensemble . the actor who plays curly howard did a fine job of portraying the on camera antics of the most beloved stooge . a must see for any fan of three stooges shorts .",0,1
"i saw this film at its premier at sundance 09 . br br since american beauty is a movie that had something to say , i had hopes for towelhead . unfortunately , it was a disappointment . in fact , of countless movies i've seen in almost a dozen sundance festivals , towelhead is the only sundance movie i've ever wanted to walk out early from . br br the worst problem with towelhead is that it so obviously originates with a collection of provocative concepts concerning cultural stereotypes , rather than with an organic human drama . the screenplay derives from the novel of the same name by alicia erian . the famous edith wharton quote comes to mind i have never known a novel that was good enough to be good in spite of its being adapted to the author's political views . that observation is especially devastating for towelhead because its political views are so stale and simplistic . if there ever was a time when towelhead's white male villains , condescending portrayals of blacks , ironic treatments of foreign cultures , etc . , were fresh , it's long past . br br for a more detailed review , please look up any of the many professional reviews available online . almost all rate this movie poorly and expose the shallow and manipulative tissue it is based on . br br on the other hand , the amateur reviewers seem more easily bamboozled . as you read through the reviews in this and similar sites , you'll frequently come across superlatives stunning , breathtaking , profound , shocking , . . . it embarrasses me to read them , but it does not surprise me . indeed , i've encountered many people who seem to regard any book or movie dealing with racial , cultural , gender , or sexual issues as deeply moving , thought provoking , full of profound insight . if you are such a person , by all means , rent towelhead and be moved by it . on the other hand , if you set your standards higher , you can safely pass on this one .",0,1
"it is enjoyable and fastpaced . br br there is no way on earth that the actor playing mat could be eighteen . however , the main thing is that he does act eighteen very convincingly . it must be a credit to his audition that he convinced them to cast him . i quite soon accepted him as being a naive young country boy . br br while his was the best performance , most of the others were also very engaging . in particular , the interplay between the policemen was natural and wellbalanced , and worked very well . br br it is only about 45 minutes long , so the plot is not complex . more key is the style of the whole thing . it is very slick and vibrant , and the backdrops are atmospheric , especially from the fact that all the colours are extremely rich . the gangland is identifiable to foreign audiences , but still manages to be distinctly australian .",0,1
"i am not quite sure what to saythink about this movie . it is definitely not the worst in the series there's still halloween 3 . the style is just very different and it focuses on other elements than its predecessor did . it tries to explain why michael myers freaks out on halloween and starts butchering around . well , all that stuff about michael myers being cursed and the evil cult was a rather nice effort , but i didn't buy it . none of the other installments in the series tried to come up with any fancy explanations . br br the movie contains lots of gore . actually it's plain carnage . if you haven't seen the other halloween films you will probably like this one for its blood content . but for a real halloween freak this sequel might be just too different to be seen as a good one . suspense was turned into terror and carnage exploding heads . . . , you get the point . br br the ending theatrical cut is simply awful . michael gets stabbed with a needle , then beaten up with a pipe , then stabbed again , this time with more needles , then beaten up a little more until there's slime running out of his head where did this green stuff come from anyway ? . basically it's nothing more than trash worth 5 million . br br there was one good thing though michael's mask ! br br dedicated to donald pleasance , quite a disgrace . br br my rating 410",0,1
"a young doctor and his wife are suddenly expecting a child . both are disturbed about a two hour memory lapse on the night of conception . interesting twist on an hackneyed story . very good fx and interesting editing . jillian mcwhirter is outstanding in a cast that features arnold vosloo , wilford brimley and brad dourif . brimley brings normalcy to the outlandish . kudos to director brian yuzna .",0,1
"i enjoyed the first reviewer's comment far more than i did the film when i saw it at a secondrun theatre in the early '80's . i was impressed then by the care taken to create costumes modelled so closely after the tenniel drawings . but to me , the cast was largely squandered , their personalities muffled by the masks , while the direction i think of as being unusually static , and the photography murky . the rating jotted down at the time was a nought , which means not worth sitting through even once . br br still , i too would jump at a chance to have a second look .",0,1
"one your screen will be filled with beautiful effects and colours . these do nothing for the story , but they will keep your lazy eyes occupied for some 50 minutes . a good example is the eternal use of a computer screen that shows each fingerprint from the database as that print is compared with the one they want to find out about . yeah , right . br br two these guys being like real professional pros , they will engage each other in intriguing pro talk look , grissom , these are what we call fingerprints . everybody has them , and they are different on each person . so , with these fingerprints we can actually find . . . . br br yup ! exactly like real pros would talk to each other if there wasn't a completely uninformed and stupid audience around . br br however , not everything about this show is bad . some stories work to some degree , and the colours are really beautiful . they use red , blue , green , yellow . . . all of them colours i've loved since kindergarten .",0,1
"this is a formula b science fiction movie , and the director made no bones about it . it is about a dragon who is restored to life by a scientific team . everything done is stuff you've seen many times before . it is a weak script , with no real characters . in fact , it is full of stereotype characters and situations . the director attacks this by just making it a formula movie , with no attempt to fool us , and that gives this movie a mild appeal , but it isn't something you're likely to remember a while . it is best seen while you're cooking , cleaning , working out . sort of mindless fun . it has its place in entertainment , but it certainly isn't something you sit down with friends to watch , unless you're all just drunk and don't care . the mass rating of 3 . 2 is probably fair . i don't think it is as crappy as most people , but i am surprised that some people in the postings thought this was spectacular . that really eludes me , as i see no attempt to even make this a memorable film .",0,1
"this film failed to explore the humanity of the animals which left me with an empty feeling inside . spoiler ahead i was not convinced that dr . d really had a compelling reason to forego the big buyout deal to help his furry friends . whereas babe the original bucked the trend of bigbudget hits by focusing on the human virtues of the animals vs . their humans counterparts , all the animals in this film were nothing more than comical caricatures which one would gladly stuff in the meatgrinder even more so if one could understand their pointless babble . without eddie murphy's zany behavior , this film would be a flop .",0,1
"before i start to tear apart this movie , mark youi love the scarlet pimpernel . that story is one of the best romantic adventures ever written . the movie staring jane grey is very good and the musical on broadway is the hottest thing there . so , i thought when i heard that this film was coming out that it would be great since it was a bbc film . br br to my surprise , it was a weak , totally stupid story that utterly failed in capturing the gorgeous tale . br br there were no exciting escapes with daring disguises . there was no deep love that made your heart flutter as percy left the room and marguerite sighed as her husband was leaving her again . br br all it had was a confusing plot and a lot of outoftheblue sex and violence . br br sink me ! what a horrible movie ! br br",0,1
"today , i visited an athenean cinema with my two kids 6 8 years old , payed 3 x 12 euros about 45 us total not to mention gas , popcorn soda , was asked to return my 3d special glasses after leaving the theater and was forced to watch what could have been a great 3d movie masterpiece but only proved to be a sick cold war like propaganda movie , like none i have seen during the last 20 years . . . and this is supposed to be a movie for children . . . in heaven's name ! br br ps 1 the average working greek makes no more than 850 euros a month approxiamtely 1050 us br br ps 2 my kids liked it . . . but then again they are no more than babies in greek mora , morons like the one who wrote the script the others who made this 3d disgrace happen . br br ps 3 3d animation is fantastic but who gives a . . . . !",0,1
"the movie gets a score of 3 because it dared to be so very different . it features a cast acting while you can hear their thoughts and desires ! this is truly a weird film and an experience i won't forget . the only problem is that the experiment , though in some ways interesting , is generally quite dull and unengaging . in fact , it's amazing that a norma shearer and clark gable film could be this dull ! the film is based on a eugene o'neill play and it really does seem quite stagy . in fact , it would have been best just to keep it as a stage productionit just didn't translate at all to the big screen . br br so this movie is only recommended to diehard cinemaniacs and those who love gable films so much they just have to see all his films !",0,1
"1st watched 4292007 4 out of 10dirmick garris campy vampirelike stephen king movie has so many strange and goofy elements that you start laughing over the extreme weirdness about 34 the way into the movie and you wonder if this movie might have a cult following for king fans . it's the story of a mother and son who are sleepwalkersa shapeshifting felinelike , flesh eating , life needing , near extinct breed of humanoid who move from town to town searching for virgins to feed on to keep themselves alive . they come across as pretty normal upperclass folk except they are secret lovers and cats hang around the outside of their home , day and night . cats are deadly to them , so they set traps in their yard to try and keep the population down . we get to see them break a couple of their necks when they attackwhich is also a first in my moviegoing experience hopefully no real cats were harmed in the making of the film . the boy is after a sweet girl that he has a crush on until he turns into a sleepwalker and then he just wants her body . there is so much campy uniqueness to this movie that it might have been better if it was an allout satirical comedy on suburban life , but the director instead tries to scare you every couple minutes until you wish he'd just get over it and bring out the gore . eventually that happens and the movie winds down to it's typical stephen king downbeat ending . the movie is interesting because king's humor comes thru more than usual but his weirdness is also very present and what you have is a movie that his fans will probably like and should have in their collection , but as a worthwhile movie experience it really doesn't cut it .",0,1
"while the premise of the film sounded unique and intriguing after watching the first 5 minutes of the film i could have stopped there and gone on with my life . she does get some interesting comments and reactions from her subjects , but not really enough to add to the validity of the film . br br i also felt she went a bit overboard with many things . if a guy said a filthy comment , grabbed her , or made some disgusting gesture to her , i would say go for it , bring him down , he's a pig . what bothered me though is she would walk around in revealing clothes and be surprised when guys would look at her and give them hell about it . br br i think somehow she forgot that being attracted to other people is a part of human sexuality and a big part of who we all are . guys will look at beautiful women , especially when they dress provocatively , just like women will look at men when they are wearing a tight tank or no shirt at all . br br some women may hate me for this , but i hope not . i have much respect for women . i was raised by one . i also come from a spanish family and we are very matriarchal . my grandmother was the center of my family for years , but i don't really feel this did anything to help women's rights and from what the filmmaker even said herself , some women were offended by her project .",0,1
"stumbled over this film on amazon . com . had never heard of its release but the three reviews gave it five stars and rave reviews so being a lover of german movies i bought a copy . . . br br have to say that i was not impressed . the production values are cheap , the story is derivative , the characters are less than engaging and for a comedy it is surprisingly short on laughs . br br i wanted to like this but i just found it lackluster and dull . or maybe i expected more of independent german cinema than a gay spin on the full monty and a cast of stereotypes . br br there are bits in the film that make no sense at all , like one of the leather bear's trying to get ecki in a sling like he'd even look at him twice ? or the vengeful exwife turning up at the match but ending up cheering for her estranged gay husband ? bunkum is not the word ! well , at least it explains the movies uk title , i suppose . . .",0,1
"little quentin seems to have mastered the art of having the cake and eating it . br br as usual , the pure sadistic display can be explained as a clever thoughtprovoking way of sending violence back into the audience's face . br br sure , mr tarantino . violence is baaad . sadism is baaad . it is well worth wading in it to make that point . how very brilliant . br br the juvenile part of the audience may well not be clever enough to follow all the smart references to higher levels of consciousness though , but i'm confident they'll see the light one day . br br thanks for making this little world of ours a little better . you deserve a medal .",0,1
"the crush is a pleasant enough 40something friends romantic chick flick for the first twothirds or so , as it tries to be a brit sex and the city . br br i particularly enjoyed the turnaround of the trophy young hunk whose character is not much fleshed out come to think of it we didn't see all that much physical flesh of him either and kenny doughty is worth seeing more of . br br they sure make a lot more deal of young manolder woman than was made of the opposite in either version of sabrina neither movie do i like or for that matter with the douglaszetajones or dionsvengali nuptials . br br surrounding andie macdowell as an ex pat otherwise are welcome familiars from brit dramas and comedies , such as tarttongued anna chancellor . br br the plot twists towards the end feel very deus ex machina . but it wasn't until the credits came up at the end that i realized what might really be wrong . just as with sex and the city , the writerdirector is male , here firsttimer scot john mckay , and i think he really wanted to do a script about three gay men , probably about them coming out in relation to their lovers and at work the characters are a school principal , a cop and a doctor , which would have been a better and more interesting movie . the working title for the film was the sad fcker's club which would have made its parallels with the gay broken hearts club even more obvious . br br originally written 462002",0,1
"sure , the concept had already been done with alf and the charmings thrust modern society onto one or more outofplace characters . but i loved both shows and watched them religiously until they ended in 1990 . when i learned about scorch , i was actually very hopeful for something new , as new tv in the 90's so far hadn't impressed me but at least star trek tng and the simpsons were still going . br br what i got was a big disappointment . the acting was awful , but considering the ridiculous dialogue and wholly unbelievable writing , i can't blame them too much for what they had to work with . there were a few humorous moments , but most of the deliberate jokes seemed forced in their delivery . the whole production work on the show seemed too lowbudget for what was on tv at the time . in the 80's it would have fit right in . br br still , it was the first episode and had to introduce the characters and establish the entire premise of the series , so i gave it the benefit of the doubt . the second episode wasn't as bad , and i started to get my hopes back that once it got into its stride , the show would improve . sadly , my vcr ended up not recording the third episode aired , i never got to see it , and the series disappeared from the tv listings after that . all i have now are the first two episodes recorded off the air onto a vhs tape .",0,1
"and again , columbia pictures decides to merely make hash using the original version with curly and without any of the gags or jokes to boot ! toward the end of this pitiful flick when joe gets stuck riding the bull , the studio didn't even make much of an effort to rerecord the sound for if you listen carefully you can still here curly going woo woo woo woo . also , when moe and larry throw the darts in order to slow the bull down so he can get off , that's lifted right from the original because you can actually see moe and larry magically appear 15 years younger . why oh why did moe allow all this to happen ? it's a burning question that probably can never be answered because as far as i know , in real life he was quite sensitive to any type of criticism and had rather high standards for his work , as also did larry , curly and shemp . don't waste your time on this one .",0,1
"so far after week two of the lone of beauty i am a little disappointed . br br some of the acting is good , as long as we except that it is only drama . br br i am unsure how people can feel that this fictional drama is factual coverage of the thatcher years it is okay as drama , but i feel the award winning book is still much better . br br i wonder if the bbc will ever give us the follow up and the next part of the drama and the years that follow with things can only get better finishing with 2006 and the fact that we are still waiting ! with that promise from a government that is full of sleaze .",0,1
i honestly don't understand how tripe like this gets made . the worst juniorhigh talent show skit you've ever seen is more entertaining than this film . will ferrell's wrestling fetish provides the only briefly humorous moments . utterly horrible .,0,1
"in the comic , modesty is strong . alexandra staden who plays modesty blaise looks more like an anorectic fashion model . she does not either have the moral or personality that modesty have in the comics . modesty would never give a woman an advice to show more skin to earn more money . i cannot see any similarities with my comic books with modesty and this movie . its like a mission impossible movie would be about ethan hunt locked in the detention room in high school talking with the janitor about when he went to junior high school and hunt would have been played by dj qualls in road trip . soo if you are an modesty fan do not see the movie you will just get angry . if do not know much about the modesty comics rent an other movie do not wast your time with this one . i cannot understand how quentin tarantino can put his name on it . i will ask for a refund at my dvd rent store tomorrow .",0,1
"history and experience over the past couple of decades has shown us that intellectuals talking about sex is about the unsexiest and unintellectual thing anyone can do , but this wasn't quite as obvious back in 1986 . basically , the idea in this film is that these characters insatiable drive to find comfort , security , and pleasure in sexual acts is actually the unhealthy motive that makes them so unbearable to themselveswhich they hide from themselves with more sex . this drive is linked to the decline of the american empire , as expressed in an early interview within the movie . br br so the idea is that relatively detestable people talk about sex , and that that talk is supposed to reveal how detestable they are as people . arcand at least keeps giving it drive and momentum by doing interesting things with the camera such as isolating most of the characters in single frames , revealing their ultimate loneliness , and cutting rapidly between them , showing how they are more at war with each other than they are at agreement . and to give arcand credit , this is pretty much what intellectual life is , a constant struggle with other intellectuals to stand out , even when everyone knows that standing out means standing alone . br br but yeah , the characters and action are unsexy and kind of pathetic . i think this film is much more an aspect of its time than it is something meant to last , which makes it kind of dated . it's also the exact type of mental buffing in dialog and references to people like susan sontag that makes arthouse films so unpopular around the populist entertainment moviegoers . in all , i'll take it anywayit has its place basically among the exact type of people the characters areit's just that it's not really interesting or important to anyone who isn't those characters . br br polarisdib",0,1
"if you are one of the people who finds according to jim great television comedy , this is going to rock your world . and might i add , kudos for proving that good talent , good writing and a charismatic star are all you really need on any network other than abc , which prefers to air crap like jim belushi's show year after year . br br k911 is a big , steaming , brown , german shepherdsized thank you for all of the geniuses who loved the first movie . it's exactly what fans of that film and the lesser belushi deserve . jim's comedic chops and choice in projects are never far behind his ability to butcher a blues standard . look for him to try to showcase all of his diverse lacks of talent into every project he hurls at the public like a surly zoo chimpanzee . br br if you enjoy jim's work , this movie is your reward .",0,1
"this was a better than average movie i thought , for it being on cable . i had expected something along the lines of cheesy melodrama and bad special effects seen in such classics as christmas rush or first daughtertargetshot , etc . br br the cast was well chosen . . . i especially liked ron livingston as the hard pressed swat commander . it's good to see him revisiting the same material he had so much fortune with in band of brothers . the producers and designers had done their homework because all the scenes and shots looked like they did on that day back in 1997 . br br so , if you get a chance to see this film , and i am sure you will since fx reruns everything 50 times . . . take 2 hours and enjoy it .",0,1
"love life explores a very culturally relevant scenario of a marriage of convenience between a lesbian and a gay man . i found the subject matter compelling , even if the conflict was a bit forced and too easily resolved . for example , thomas falls for joe a little too quickly and conveniently for the plot . there are many continuity errors one other user commented on different cars in the garage , joe's glasses . . . the one that got to me the most was the fact joe's facial hair configuration seemed to change from scene to scene . in the end , i found myself more turnedon by this movie than moved . stephan d . gill has a pretty nice body and shows it all quite a few times with pornstar skill and exuberance , and alltoooften acting chops to match . many times , the movie seems like it is going to go fullon porn . stephanie kirchen does a fine job , but her moment of enlightenment at the end was sullied a bit for me , since i was in the mood for a good romp in the shower by the end of this movie .",0,1
"i'm working my way through the horror classics 50 movie pack collection and revolt of the zombies is one of the movies in the set . i am watching them with my soontobe sevenyear old daughter , which makes most of these movies a laugh riot . br br i had high hopes for revolt of the zombies , after watching white zombie , which is really the precursor to so much that is the mainstay of zombies in cinema think clive barker's serpent and the rainbow and james bond's live and let die funeral scene , not night of the living dead . br br however , even though the title includes the word zombies , it is little more than a love triangle , involving anthropologist armand louque , who is smitten with claire duval ; who in turn is taken with his companion clifford grayson . what a yawnfest , my daughter fell asleep halfway through . br br i had a real hard time deciphering who these people worked for the allies or the axis ; but , i guess that doesn't really matter . br br i was shocked to see bela lugosi in the credits for this movie ; but , of course those were his eyes from white zombie serving as the mindcontrol device for the zombies .",0,1
"i don't know what you guys are talking about , the first time i watched this movie with two of my friends we couldn't stop crying . this is one of the funniest shits i've ever seen . that comment about the porn is so right though hahahaha . br br yeah this movie actually is the worse , but it did bring tears to my eyes due to the phony characters , poor dialog and acting . not to mention the expensive cameras they used to film it ? ! it looks like one of those movies out of my drivers ed . class . the props look like they came out of a high school drama show . the music sounds like it is from an original nintendo system game . the only thing that even came close the scaring me about this movie was that it had a killer clown which , who isn't creeped out by fat , lurking clowns ? hahaha if someone were to ever watch this though , they need to look out for the actors verbal errors like lisping on words and some of their facial expressions . hahahaha i died . br br susan",0,1
"i was so excited and hyped up about watching this film when the promos first came out in november ! it looked awesome and the songs ! i was quite disappointed when i went to watch it ! this is a film which weaves 6 couples together . it has a multi cast of 12 people ! a huge amount of stars have worked on this film . i think the director , nikhil advani , has not managed the situation well and should not have had many people in this movie as this would of made it easier for him . compared to nikhil's directorial debut 'kal ho naa ho' , 'salaameishq' falls quite behind . i think nikhil should have a smaller star cast . i think the best factors of this film is the songs ! the songs are excellent and i think that all of the songs are awesome , shankarehsaanloy done an excellent job and have done an excellent jobs over the years . i think the ratings of this movie may go up because of the excellent songs ! one thing i was disappointed with , is that the director should not have included nudity in this film which is done by sohail khan and isha koppikar . i found this extremely rude watching this with family ! although , some may find this nude as comedy , it is not something you would want to watch with parents ! i think the best acting was performed by salman and priyanka overall , i think its an alright movie !",0,1
"this should have rocked . vh1 moved away from the traditional divas whitney houston , celine dion , etc . that had made the 2003 show so stale . sadly the move backfired . the show had no mc keeping the show together . queen latifah did a fantastic show at the 2003 divas . the show kicked of with a horrific rendition of lady marmalade featuring patti labelle , cyndi lauper , and jessica simpson . okay in the studio with some control they can all sound great . br br however , when they are competing with each other why ? it just sounds torturous ! jessica simpson has the most bizarre facial expressions when she sings that i've ever witnessed ! cyndi lauper also performed girl just wanna have fun . that wasn't as bad but it was hardly impressive . the worst was yet to come ! cyndi and patti labelle teamed up to perform cyndi's hit 'time after time' . it was acoustic , and didn't fit in with the rest of the show . still it could've been okay if they both hadn't insisted on squealing like mamed animals . it was just dire . br br debbie harry from blondie is always cool . she has a style of her own and although maybe she can't compete vocally with a many of the divas although she certainly can sing very well . debbie came out and performed blondie's 1 hit 'rapture' . with some lovely vocals . she really hit the notes perfectly . she looked stunning . rapper eve provided a new , but sadly inferior rap . it was good . debbie's next performance was a teamup with newcomer joss stone . they performed the blondie hit 'one way or another' . i think joss misunderstood the style of the song and just shouted over debbie . a rather sad bit was when debbie tried and failed to match her shouty style which spoiled it a bit . she should've just let joss get on with her totally inappropriate warballing . the whole of blondie performed this track . the final track debbie performed was blondie's massive hit 'call me' . it was pretty poor . not debbie's fault because you just couldn't hear her . the sound was atrocious all the way through the show . br br joss stone also performed a few songs on her own . they were quite well done . ashanti also showed up to perform two inexplicable cover versions . firstly she did diana ross' 'i'm coming out' , and then chaka khan's 'ain't nobody' . she is not a diva ! she can sing to an extent but she has no presence whatsoever . why not just get the real singers in . chaka was even interviewed on the show . . . . br br gladys knight showed up and did a medley . it was very good . she was probably the best bit of the show . i don't know much about her other than she is a seasoned performer in las vegas and her experience and class really shone through . patti labelle fitted in another performance this time her 80's hit 'new attitude' . it was the finale and it was okay but it was too little to late . this was one big dud . better luck next time vh1 . br br the version i saw was a heavily edited 55min version which was shown on vh1 in the uk . if these were the best bits . . . . .",0,1
"frightmare begins with a horror movie icon killing a director and then his servant before he is laid to rest . this icon , who has some christopher lee qualities to him , then continues to haunt those around him when a group of horror film society students steal his corpse from the mausoleum he is in . br br the first ten minutes is wellfilmed , good writing and lots of potential for murderous mayhem . but the film drags in the middle although thankfully not as much as house of death and never really gets that initial spurt of energy back . br br lots of the deaths are confusing , as they seem to have people just falling over scared when they see a floating coffin or other odd things . twice we see poisonous gas being used . but the box promises that this horror star will be the embodiment of all the monsters he has played . boy , is that false advertising , unless he spent his career playing boring old men who take naps and watch matlock . br br the general principle of the film is decent horror society kids stealing a corpse of a dead icon . a modern equivalent digging up vincent price or peter cushing would make a great film . maybe a remake is in order if that wouldn't be too disrespectful . sometimes theory doesn't come across as well in application , and this film offers that example . br br the only redeeming quality of this film besides the beginning is the brief appearance of a very young jeffrey combs . i saw him and thought that's jeffrey combs but felt i was mistaken as the box never mentioned him . but sure enough , combs was present . a note to this movie's filmmakers mention combs on the cover of the dvd , you'll sell more copies if if you would be deceiving customers . if you're a jeffrey combs diehard , check out this early role . otherwise , i cannot offer this as a great selection for a horror movie marathon . let me suggest intruder or popcorn , as those are both pretty decent and will stand the test of time .",0,1
"for the life of me , i cannot get why they would want to make a movie about the jerry springer show . it's so incrediably trashy . some ways , sadly it's a guilty pleasure . we all have to admit that we've seen at least one episode . it's part of our pop culture . i saw this on usa recently . it's pretty bad . i will admit that . jerry does a horrible job of what i think he meant as acting . or something like it . jamie pressley is in it . she's playing herself basically . all she needed was her lover boy , kid rock . it would've been perfect then . so , i would recommend skipping ringmaster . just watch the jerry springer show . it's more enjoyable than this . br br 210",0,1
"it beats me how anyone can rate this film very highly . it is no understatement to call it far fetched . how the guy managed in such a short space of time to construct a wooden maze of underground rooms is quite ridiculous or maybe he was the greatest carpenter since jesus . the obese sheriff played by hoyt axton looked like a refugee from the jerry springer show and i found the blonde female lead jennifer jason leigh rather plain . we have an expression here in the u . k . 'mutton done up as lamb' which suits her perfectly . it wasn't all bad however , i enjoyed it immensely when the end credits rolled and 'the end' came up was quite brilliant for this hotch potch of a t . v . movie which if it had been a cinematic release would have been put on video and in discount stores in no time at all .",0,1
"growing up with the beast wars transformers , i wasn't very familiar with the original transformers , and now that i have seen the awesome movie , and now that i have seen the older cartoon on which it's based , i have to say i like the original cartoon and the live action movie more than beast wars . br br not that i don't like the bw characters , i just think that characters like optimus prime are better than optimus primal . br br i mean , autobots transform and roll out ! sounds a lot better than maximals maximize ! the voice of the original optimus prime still makes me a strong believer that he's a real commander , more so than optimus primal . br br besides , powermaster optimus prime is a lot more powerful than optimal optimus . just look on the web ! br br megatron in the bw character seemed more like a humorous version of the more evil version of him in the original series . br br besides what's cooler , robots changing into animals or robots changing into vehicles and spaceships ? gimme the original transformers any day over beast wars !",0,1
"the riddle was written and directed by brendan foley in what appears to be an attempt to pull the mysteries of the charles dickens' novels into a contemporary story , but that attempt is thwarted by electing to use the two periods of time format in which the 'riddle' is unraveled . despite a cast of wellknown actors , trying their best to pull off this direct to dvd movie , the end product is a long , tedious , amateurish mess that can only be considered as entertainment if viewers are fans of the cast as remembered from other films . br br mike sullivan vinnie jones is a journalist confined to reporting on dog racing events while he dreams of important reporting assignments . a series of similar murders happens to include an old friend of mike's sadie vera day who runs a pub on the banks of the thames , having just discovered an old valuable unpublished manuscript by charles dickens , and has a heart of gold , giving sandwiches away to such pathetic creatures as an old tramp beachcomber derek jacobi . sadie's murder attracts mike to the role of detective journalism and with the help of policewoman kate julie cox he begins to tie the investigation to clues he finds in reading the dickens manuscript . disrupting the flow of this rather simplistic story is the use of flashbacks to dickens' time as dickens again derek jacobi narrates a rather personal story of peculiar murders . the parallel between stories and the cross casting among actors may have worked in another's hands , but the finessing of this kind of venture escapes writerdirector brendan foley . he draws his story to a close at long last with a tired hollywoodesque ending . br br in addition to jones , jacobi , cox , and day , the film somehow attracted the attention of vanessa redgrave , jason flemyng , ph moriarty and mel smith their contributions are minimal but happily distracting . this is a flimsy bit of treacle leaving the viewer wondering how films of this quality ever find funding . grady harp",0,1
"this was a movie i could not wait to see ! so i finally got it and i was pretty disappointed . for starters , the movie has so little said about new york , just a bunch of confusing shots of buildings , streets , bridges and cafes . it really doesn't stay focused on the new york magic . another thing that changed my mind was the french movie set inside this movie . i know that it is a remake , but it is not a french style remake ! anyway , here you will notice elements that remind you of french movies , such as long and messy scenes , no or little talking and of course everyone is smoking french style ! the story follows many lives too many for my taste and they somehow seem connected in the end . i feel like there was no dedication to the characters as much as there was on the stories . the movie was too short to cover every single destiny everyone's happy ending . so we can see about 30 people for about 5 minutes each . and there you have your 120 minutes ! if you like active scenes dialogues and stuff this is not the movie for you ! i give it 4 just because i love new york and i loved the cast !",0,1
"i rented this when it came out on video cassette in 1995 . after rewatching it again , my idea about it hasn't changed much . br br i was an adult then and i'm still an adult now ! lolbr br the illogical elements mentioned by other reviewers didn't bother me . this isn't a documentary , it's a fantasy story where animals can talk ! br br while i didn't care for much of the songs , i liked the one at the end of the picture where it's sang by barry manilow and another person . br br some people seem to make an excuse for it's primitive animation by saying that cgi wasn't used often in animated features but let's not forget that the lion king was released about a year earlier and that packed possibly more excellence than any animated feature that came before it ! ! br br but i think it's pretty fair to say that the pebble and the pingoin was made on the cheap while the lion king wasn't . . . . br br the high points for me in 1995 as well as today is the suspense generated by the few dangerousmostly underwater chase scenes . br br i also liked the opening scene which takes place on a music notes page and a little bit of the love story . but most of the time , the story dragged on and was boring . br br worth a look if you like animation but if you're an adult and not a risk taker , go get another walt disney production instead of this !",0,1
"this movie has made me upset ! when i think of cat in the hat . im thinking of cat in the hat books . you know , the one from a few years back that parents read to thier children . well , i though that this movie would be a lot like that ! but much to my suprise was nothing like the books ! insted it is more like young adult humor movie . in one part cat is talking to a gardening tool hoe cat talks to it like it is his hoe agin adult humor . the naming of his car i all so though was a little untastful for a kids movie . under the rating you'll find mild cude humor and some doubleentendres . i think in short this means adult humor . i wish i could return this movie ! walmart said they wouldn't because the movie has been opened . if you are thinking about buying this i suggest that maybe rent before you buy .",0,1
"this is the slowest film noir film i've ever seen . very weak script only provides opportunity for jack palance and rod steiger to deliver exceptionally well , lines that were made for an acting audition . palance and steiger both affirm they are indeed serious actors who can portray their respective roles with power , emotion and drama . the story itself moves at an incredibly slow pace , mostly taking place in a living room . the director obviously moved the actors around in a rythmatic circles as they delivered exhaustingly long lines , to keep the slow pace from becoming noticeable to the audience . the action doesn't pick up until the last ten minutes of the film . if you're one who's looking for more depth in a crime drama , this one's not for you !",0,1
"decent but overrated dramatic thriller , film attempts to depict the spiraling outofcontrol inner demons of a tormented artist . the problem is , not a single relationship illustrated on screen is believable , and plausibility appears to have been thrown out the window . the title character is so difficult to relate to making it's rather impossible to imagine any of the on screen characters emotionally invested in him either . the conclusion is also fairly predictable ; there are certainly enough clues provided from the get go to indicate exactly where the story is headed . choosing to entirely suspend one's belief in the situations or the relationships , the film itself is well acted especially by the leads and manages to create some nice tension as the story unfolds . as a metaphorical feature there is some food for thought , and had the script been stronger , there's certainly potential here that could have been put to better use .",0,1
"documentary about nomadic persians making a treacherous traverse of massive mountains to get their herds to grass . watching this silent , black and white feature , marred in part by a twinktwinktwink oriental music score that could not have been used in the original exhibition , is even duller than it sounds . the spectacular scenery is lost on a small black and white screen , and there is an utter failure to establish any kind of plot line . i loved nanook of the north and march of the penguins , but despised this movie , notwithstanding the similarity of the theme . physical hardships alone are just not that interesting .",0,1
"this film sold for onedollar at walmart on a dvd and so i do not feel like i lost anything for watching this film , except my time . enjoyed the acting of tom hanks , robbie wheeling , who was very young looking and gave an outstanding performance considering it was a horrible script . the story is about college students who decided to play the game mazes monsters , only in a very realistic setting . robbie wheeling has had problems in the past playing this game at other colleges and is advised by his parents to leave the game alone and get good grades . robbie meets a very nice gal and has a romantic fling with her and once he starts playing the game , he stops making love to her and acts like a monk . there are some scenes in the film which are taken running around the former world trade center and also in the observation floor and roof area . it is rather sad viewing this part of the film where so many human beings died because of evil in the world . this is not a very good film , except for tom hanks trying to keep the film above the sinking level of entertainment .",0,1
"i've read all the complimentary posts on this muddled seminoir and am puzzled at the high regard for what seems , in the cruel light of 2007 , a very sloppy laterko assemblyline product . all that endless documentary footage of fish , waves , fish , waves has little to do with the central conflict and just pads the running time . the editing is downright careless scenes just end , and are followed by other scenes that have little to do with what preceded them . the dialog bears the stilted traces of the odets origins highflown metaphors that never could have come from the limited imaginations of these workaday people . but what's really surprising is how horribly overacted the triangle is , on all sides . i love stanwyck , but she snarls and contorts and lashes out wildly an undisciplined performance several notches below her standard . douglas , overplaying at being lovable , then goes onto a wouldbe murderous rampage and is similarly hammy , as is ryan , snarling and shouting most unnaturally . the less interesting second couple at least provides recognizable human behavior keith andes , whose character is kind of a neanderthal by today's standards , nevertheless is smooth and persuasive as stanwyck's much younger , one presumes brother , and marilyn monroe , as his girlfriend , is natural and unaffected . on monterey's windswept coast and all that monterey footage , while largely irrelevant , is interesting as a document of what the town looked like , amid all the overheated hysteria , these two are islands of sanity . a final point , and a spoiler perhaps the breen office mandated it , but does anybody believe the happy ending for a second ? stanwyck may temporarily have regressed into being an obedient wifey , but i give the marriage a month .",0,1
"the war in the east , as the germans referred to the ww2 sovietnazi conflict , was a war of annihilation on the part of the germany . 90 of the german army were in the soviet union fighting . their ultimate aim was to wipe out the so called sub human untermensch russian population and colonize the mainly empty country with german settlers after they had won . br br read hitler's willing executioners . br br here we have the german army presented as innocent victims and not as nazi mass murderers . when are modern german film makers going to be honest and face up to the past ? br br better see the russian film come and see instead !",0,1
"i am at a distinct disadvantage here . i have not seen the first two movies in this series , although i have seen a lot of larry cohen films . fans of the series seem to think this is a good film . judging it on it's own , it was pretty boring . br br you never get a real good look at the maniac cop's robert z'dar face , but what i did see was pretty grim . the death scenes seem to be staged to eat up the most film , not to give any thrills . maybe if i saw the nc17 director's cut , i may be more impressed . br br the ending with the car chase with z'dar , caitlin dulany , and robert davi was pretty intense . best part of the movie .",0,1
"this movie stinks ! you will want back the twoplus hours it takes to get through it . sliding doors , w gwyenth paltrow and directed by peter howit , did what melinda melinda tries to do much much much better . that movie was clever , witty , and wellacted . i cared about what happened to both gwyenths or rather the characters she played and the performances by supporting cast were fantastic . br br where as melinda melinda is tiresome , the dialogue is contrived and i could have cared less about any of these people least of all melinda . one melinda is so dysfunctional her first glass of wine is at 10 a . m . and so melodramatic she is laughable , and not in the comedic sense . the 2nd melinda is fine , but forgettable . br br woody allen's previous ensemble movies worked because , i'm guessing , he spent time on the screenplay and the actors were talented . one piece of trivia for this movie is that he wrote this screenplay in two months you can tell . and while chloe sevigny is talented those around her are not , not enough to be a whole presence . the movie ends up being chloe sevigny and a bunch of other people you know you've seen in other movies but can't quite remember which ones . br br sad , very sad .",0,1
"there were many 'spooky' westerns made in the 30s and early 40s , and although this has a strong beginning , it isn't one . randy bowers john wayne stopping at a 'halfway house' saloon , finds it to be full of dead bodies , the bartender's corpse draped over the bar holding a gun , eyes watching randy from behind holes cut through eyes in a picture , and a player piano playing the loveliest night of the year . br br it was the result of a robbery by the marvin black gang , to get ed rogers' 30 , 000 . randy is an investigator who works alone , who wastes little time in getting arrested , escaping with ed's daughter sally's help and literally landing in the midst of the black gang's hideout behind a waterfall . it all moves along fairly quickly . only one too many chases after randy slow it down . br br we even get george hayes , clean shaven and playing two parts marvin black , the vilest villain , as well as the good citizen , matt the mute , who communicates via handwritten messages . having him play two opposite roles was a good idea , but the writing down of messages thing gets old real fast , even for him , as he finally gives up doing it near the end saying to sally , ah , i'm fed up with this ! you can find george playing a vile , vile , double crossing villain in the serial the lost city 1934 . br br i think this is the only 'lone star' film in which the title relates to , or is mentioned in the film ! sally offers her hand to randy and says , he's not alone anymore ! then cut to their arms around each other as they look out facing a lake . sally's running off with randy seems too abrupt and not sufficiently prepared for . too much time spent on horseback escaping the sheriff . br br not that bad considering everything , but not that great either . i'd really give it a 4 and a half .",0,1
"this is peter falk's film . period . br br i was 10 years old when this film came out ; i was already a film maven at the time . of course neither my parents nor i saw this film when it came out , but i was in love with the typeface of its ads the aura that this was an important film . okay , 34 years later i've finally seen the filmhaving never seen any cassavetesdirected film previously . he's a hack , overall . zero sense of timing , editing . gena's performance reminds me too much of dustin hoffman's stint in rain man technically on par but entirely onenote . as tom cruise stole rain man , falk takes the cake for this film . br br i was annoyed with gena's performance , really throughoutit seemed better suited for awakenings blecch ! . it's not all her fault she's a basket case from first scene to last . we never find out why ? ? but falk's character seems real is performed wonderfully by falk as a seriously flawed man . br br shave off at least an hour an editor needed ! , and this would have been an arresting portrait not of a woman under the influence but of a simple , cromagnon , man coming to grips with a wife who doesn't work yet cannot deal with her three kids her husband's long hours of work . br br i'd rather remember cassavetes for the dirty dozen or rosemary's baby . he would have been a better director had he snipped his own tendency for excessas he amply demonstrates with this film . br br bob",0,1
"this is the only movie i have ever seen that has prompted me to write a critique on any internet site , and that is a significant statement from someone who likes the attack of the monolith monsters . this movie is perfect for anyone who wants an inoffensive movie . it is devoid of sex and violence , for example . i believe that this movie is safe for children of all ages . this movie is perfect for anyone who does not want to be entertained , challenged , or stimulated in any way . adults could easily catch up on their sleep in front of the tv while the kids watch this movie . don't be surprise , however , if you wakeup to find the kids have turned the tv off and started a board game . as an adult who enjoys being entertained , who enjoys everything from the mundane to the fantastic in realism , drama , comedy , and action , all of those adult things that reflect real life on earth andor stimulate the imagination , this movie has nothing to offer .",0,1
"actually , this is a lie , shrek 3d was actually the first 3d animated movie . i bought it on dvd about 3 years ago . didn't bug's life also do that ? i think it was at disneyworld in that tree , so i'm saying before they go and use that as there logo . also , shrek 3d was a motion simulator at universal studios . they should still consider it as a movie , because it appeared in a theater and you could buy it for dvd . the movie was cute , at least the little flyes were . i liked iq . i agree with animaster , they did a god job out of making a movie out of something that is just a outandback adventure . i recommend it to families and kids .",0,1
"the brotherhood of satan is a stupefying combination of conventional horror elements mixed with some imaginative characterization and direction bernard mceveety . it all starts out with father charles bateman as ben driving out west with his pretty blondes luscious ahna capri as nicky , and daughter geri reischl as k . t . . things get weirder and weirder for the trio , as they approach the town of hillsboro , which is being gripped by a satanic cult ! br br when the dullish travelers hit hillsboro , the action switches to the film's more interesting assemblage of characters townies l . q . jones as pete , the sheriff , strother martin as doc , charles robinson as jack , the priest , and alvy moore as tobey . their interplay is sometimes fun . soon enough , it all gets very silly , and predictable . mr . martin is the standout as you might expect ; he considers the possibility of a satanic cult to be a cockandbull story , but is of course their leader . the come in , children ending is puzzling ; unless , perhaps , it was the film's original title .",0,1
"i can accept the fact this was the next karate kid so ralph macchio can be happily retired from the series , and while hillary swank is great for the role . . . . the plot to the movie is just dreadful . br br mr . miyagi's old buddy from world war 2 dies , leaving his widow to take care of her rebellious granddaughter when her parents die in an accident . the girl has no discipline yet is the hero because the local rotc . . . which i'll explain in a minute , has it out to get her . you know the drill . . . miyagi takes her under his wing and in the end they beat the bad guys and everyone lives happily ever after . br br its hokey , its cheesy , its the 90's . . . . but that's not even the long and the short of it . my first case of huh ? is why is there a military division in high school ? i thought that stuff went out in the 1960's , especially in a public school . as much as michael ironside kicks booty in his role as the main heel , since when is military involved in a high school ? my next gripe is that during the prom scene , the militants bungee jump to scare the crap out of people . . . . why ? the thing i noticed throughout all 4 movies was at the very end the heels suddenly turn face after all the nonsense they put the main character through billy in part 1 , sato in part 2 , kreese in part 3 . this movie is no different . after ned and cronies basically sabotage the senior prom , blow up eric's car and threaten hillary swank the whole movie . . . . . ironside tells them to beat her up and they're like um . . . no if you're gonna do pathetic face turns , at least make sure the characters haven't done anything too over the top such as blowing up a hot rod . br br as for the rest of the love plot between eric and hillary swank . . . . corny but nothing to melodramatic , which is a breath of fresh air from the garbage ralph macchio pulled in the first 3 movies . br br i will say for its own movie , after watching the first 3 movies , i can accept it being more or less a spin off . . . but i can't accept the whole military thing , way too uncommon for it to be taken seriously . now if ironside and crew was a wrestlingfootball team and he was the coach , that would have been more believable . br br ironside and morita deliver the goods , swank is ok . . . the rest are the same as anything , the one highlight is when they blow up the hot rod , that was cool 4 out of 10",0,1
"i never saw the original 1954 version with judy garland , so have no means of comparison . also , it's been some years , but i found this tale neither gripping nor its romance captivating . the movie tells the story of two lovers whose musical careers are headed in opposite directions . john norman howard is a worn out , disillusioned rock star on the decline , embarking upon a romance with a fresh , talented new singing sensation , esther hoffman . her dramatic success only serves to emphasize his decline . br br the lead actors , kris kristofferson and barbra streisand , are adequate in their roles , but neither their chemistry nor the plot left much of a mark with me . the film is noteworthy to me for only one aspect , streisand's beautiful rendition of the oscar winning song 'evergreen' . she truly has a powerful and magnificent voice .",0,1
"id been interested in watching this ever since it was cited as the worst film ever on an entry devoted to 1950s scifi cinema in a british periodical from the early 1980s entitled the movie incidentally , the leonard maltin film guide also awarded this the unenviable bomb rating . when it came out on dvd last year , i became interested in purchasing the cult camp classics box set in which it was included along with queen of outer space 1958 and the giant behemoth 1959 ; however , since recently acquiring queen on dvdr , i had put paid to the idea . br br happily , ive just stumbled upon the film on divx however , the print wasnt culled from the warners dvd which is said to boast a surprisingly pleasantlooking transfer but rather a muddy tv printthough not so much that the detail is lost in other words , it was like watching the film in sepia as opposed to blackandwhite ! . anyway , to get to the matter at hand i have to admit that , in a way , i was disappointed the film didnt prove to be the laughfest i had anticipated all this time maltin calls it hilariously awful ; actually , i found it quite engaging and thankfully brief at a little over an hour in length . some undeniably amusing bits remain though such as when the old nurse starts screaming her head off at the sight of the 50foot woman , and when the sheriffs deputy almost runs over his chief and the leading ladys butler in his enthusiasm to be of assistance in such an unusual case . neither did the special effects hit me as being among the funniest maltin again on film though theyre certainly embarrassingly bad ! br br o . k . , so the idea that an alien in giantsized human form , clad in caveman rags , and radioactive to boot ! coming to earth in a big ballshaped ! spaceship and apparently after the heroines prized necklace is utter nonsense and his quasitransparent appearance does it no favors at allbut , really , its the human story that holds our attention relatively speaking . the character of the philandering husband isnt very interesting , but his two women are wealthy but nagging alcoholic wife allison hayes and ambitious , vixenish girlfriend yvette vickers . also involved in the narrative are hayes faithful servant already mentioned , a couple of cops one of them , as noted elsewhere , being amiably goofy and as many doctors one of whom is named dr . cushing ! and another a specialist whos called in when hayes starts growing in size after being exposed to radiation . br br of course , the film could be seen as the reversed female version of the incredible shrinking man 1957 though it wouldnt be fair to compare the two further , as the jack arnoldrichard matheson classic is far more psychologicalintellectual in approach ; actually , hayes doesnt seem to be that bothered with her condition and , in fact , takes advantage of it in order to teach her husband a lesson ! however , her rampage exaggerated in movie posters of the era is rather quaint especially when considering that it only occurs in the last ten minutes or so ; when not shown the damage caused by her enormous but highly unconvincing hand especially when lifting the puppet thats supposed to be her husband ! , shes mostly seen walking in long shot and almost from behind with her size even inconsistent in proportion to the buildings she passes by ! ! still , hayes demise via electrocution when she bumps into an electrical cable is competently done . br br finally , i followed this with its 1993 tv remake with daryl hannah as the titular creature which i rented specifically for this purpose .",0,1
"i saw this at my inlaws' house one night when it popped up on tv and my motherinlaw said it was one of her favorite movies . well , she can have it . br br look , i can enjoy a chick flick now and then , as long as it's good . but this one's extrasappy , unrealistic , and just plain predictable , despite some decent performances from rock hudson and jane wyman . it's uncanny how quickly a woman can accept having her eyesight taken away from her . oh well , they say love is blind . . . br br the neat and tidy happy little ending nearly made me gag , too . and how often did we need otto kruger repeating the title ? it happened not once , not twice , but three times !",0,1
"i rented this movie with my friend for a good laugh . we actually got laughed at by the clerk at the video store because of our questionable movie tastes . unfortunately , i don't remember the first half of the movie because all i did was stare at the giant metal braces jane wore . and i didn't hear anything either due to the incomprehensible lisp . the other thing that was able to grasp my attention besides her metal mouth was her questionable fashion sense . this movie was made in 2005 but it seems like the wardrobe people jumped all the way back to 2000 for the clothes . if you remember the days when aaron carter was considered a popstar and you like high waisted jeans , ankle socks and knee length skirts , then this little trip down memory lane is perfect for you .",0,1
"along with his turn in the supersleazy 'classic' the toolbox murders 1978 , this is considered the ultimate bad cameron mitchell horror effort . it's a little too slowmoving for my tastes , has zero likable characters in it and not much action until the very end , but mitchell's dedicated central psycho performance as vengeanceminded whackjob vincent rinard is fun . not anthony perkins good , mind you , but definitely fun enough . as a spoof of the shallow conceit that is hollywood , it's only soso ; as a horror movie it's also only fair . and even as just a simple vintage exploitation picture , it's just ok . i'm a big fan of the unnecessary gratuitous dance sequence , so i was also thankful for the appearance of the gazzarri dancers , who just rule . five of them do a crazy hairthrashin' , floorslidin' , hipshaking' gogo dance routine to don't cry , look for the rainbow by the tbones . watching these ladies bounce around with huge smiles on their faces in their fringecovered bikini top and parachute pants ensemble is a defining reason why i give this a slightly higher rating that usual . br br former movie makeup man vincent rinard the best since lon chaney ! goes after people at paragon studios . a flashback shows how max black berry kroeger , a jealous and drunk studio executive , flung wine in vinnie's face right when he was about to light a smoke . he's engulfed in flames and dives into a pool , but not before scarring up one side of his face and losing an eyeball not to mention his sanity . now employed by the worldfamous movieland wax museum in buena park , california , vincent uses a special serum described as a mixture of truth serum , nerve medicine and special vitamins and minerals . . . watch out centrum ! to paralyze victims . they disappear and the dense detectives on the case headed by scott brady act baffled as new 'statues' are put on display in the museum . vince talks to himself i'm a terribly nice man ! , chainsmokes , mumbles , hisses and describes how he gets excited by the sound of a woman's scream . br br he also has to deal with a bunch of backstabbing scumbags and selfabsorbed witches , most of whom will deserve what's coming to them . there is also nick hollis morrison , a boozy , inept museum tour guide who sees a 'statue' blink , but doesn't go to the cops . aside from max a real gradea jerk . . . who doesn't even die ! and the stupid cops , the other two lead roles are women and both are pretty atrocious . marie morgan anne helm is not your typical innocent heroine ; this tramp has been engaged to no less that five different characters in this movie ! , including vince , max and two of the wax dummiesmissing male stars i guess she never had time to make a go at the one missing girl . for some reason , she also begs and pleads in her irritating babyvoice for vince to give her a 'replica' of the head he's designing of the newest missing actor and fianc number 5 tony deen phillip baird . she doesn't know that vince has already jabbed a syringe in the back of his neck , but i love it when mitchell dryly agrees with her demands so you can completely retreat for reality . he also wants her to 'pose' for him , which means she's eventually held prisoner in a box . unfortunately , the box has a hole where her head sticks through so we have to continue getting aurally assaulted by her highpitched whines . br br the other woman is theresa victoria carroll , one of the aforementioned gogo girls . she's first seen proving she is thoroughly rhythmdeficient by jiggling on stage in a limegreen fringe bikini . theresa is tolerable before she talks , but when you realize her grating presence combines the abrasiveness of lorraine bracco with the airhead mentality of the landers sisters , you wish vincent would inject her with the serum as soon as possible . unfortunately , we're first subjected to a scene of her making endless demands to the studio head honcho and running around in the museum trying to avoid mitchell . she and the rest of the characters are completely unsympathetic , but function as a way to poke fun at the hollywood system in general , i guess . and i'm probably giving this movie more credit than it actually deserves . the pluses are few and far between , but include other than mitchell and the dance routine , colorful , slightly stylized lighting and a bizarre ending that seems to suggest that rinard will be severely punished for his crimes by spending the rest of his life in his own personal hell . . . married to marie ! . . . yikes , now that is scary . br br also in the cast are director john bud cardos also the production manager as a police sergeant , james forrest as a film director , virgil frye as a statue , rini martin and kent osborne as a bartender . many of the people who worked on this one including executive producer and scriptwriter rex carlton also worked on the al adamson movie blood of dracula's castle and other atrocities . br br my score 4 out of 10",0,1
"i saw this movie at a drivein in 1959 . until howard the duck i considered this the worst movie i had ever seen . this movie tried to combine all the genera in one ; comedy , horror , teenage angst , and the hot rod that must have sired my mother , the car . maybe it deserves a second viewing to see if it is an accurate reflection of it's time .",0,1
"this romantic comedy isn't too bad . there are some funny things happening here and there , and there are some rather memorable characters in it . br br the acting , however , is amateurish with the exception of the banker . while some scenes are great fun , others are simply embarrassing . in particular , i found the romantic part of the story poor . br br all in all , i guess it's worth seeing if you like football and romantic comedies . it's not really a bad movie , and the ending did feel quite good . just don't expect anything out of the ordinary . fair enough if you have an hour and a quarter to kill .",0,1
"daddy's girls florence lawrence and dorothy west receive some terrific news at the local post office , unaware they are being stalked by burglar charles inslee . meanwhile , father david miles receives a message from young robert harron which necessitates daddy leaving home ; so , when the young women return , they can be home alone . as the vulnerable pair bed down for the evening , the local grand ball of the black and tans gets underway ; and , a darkskinned drinker portends additional danger for d . w . griffith's dynamic duo br br mr . inslee has one of his better biograph roles , stealing the film from the girls and daddy . ironically , director griffith appears as one of the blackfaced extras at the black and tans ball . biograph girls lawrence and west are suggestive of later griffith girls lillian and dorothy gish , especially in orphans of the storm 1921 ; and , they are excessively affectionate in bed ! the racist tone is unfortunate , since the story of a burglar redeemed by saving his potential victims from a greater danger , is intriguing . br br the girls and daddy 2109 d . w . griffith florence lawrence , dorothy west , charles inslee",0,1
"you should never ever even consider to watch this movie ! it is absolutely awful ! this isn't an overstatement ! ! it is so unbelievable and exaggerated , it gets boring . it is just a movie where they have taken stories and plots from several movies and put it together in one . they writer hasn't been able to pull it off in a good way . br br if you'd like to see pretty girls in bikinis and no brain this might be the movie for you , but still , you should plug your ears and just watch . it's not worth listeningp there are so many great movies out there , and if i could choose one , this would be the last movie i would pick . but all in all , it's your choice ! ! ! br br enjoy !",0,1
the egyptian movies has a lot of filmes with high level of drama or romance or comedy or action even sports . . . ziab la ta'kohl al lam was banned in egypt because it content nudity full frontal female nudity and this kind of nudity is prohibited in the egyptian movies . . when i saw this movies i felt down . . . fool story . . nude actress . . bad action . . some horror awful colors . . dear friend . . if you wanna see a great egyptian movie . . . simply stay away form ziab la ta'kohl al lam . . we have great movies in egypt . . . we have a great actors who won a global wins like omar el sheriff or gameel rateb . . we have great directors like yousef shahin so believe me pall . . you don't need to see this movie . .,0,1
"why on earth does five us keep repeating this one ? the title actually says it all the plot is as clear as a book read in a language you never heard of and that resembles to nothing . br br you'll see ninety minutes of changing locations , most of them will be blown up later on in the movie . right in the beginning you see a nice little farm typical for the berry , which is in the movie moved close to paris but then it does not survive the transport to the isle de france very well it explodes 1 minute later . there are also two gangster who have no tongues , as if that would make sense in the world of sms and internet , let alone pencil and paper . br br it just goes on like that , nothing makes sense in this story . my only credit goes to the cameraman , the camera is excellent .",0,1
"i haven't seen it in over twenty years . oj was the bus driver , arte johnson was the tour guide , lorenzo was the kidnapper . br br yea , lorenzo looked very much at home as the villain , a natural . i think i watched it back then most for oj , who i had seen towering inferno and cassandra crossing , but also to see arte johnson . br br i was a little bored that johnson was so serious . br br and yes , it shifted plots . in reading other posts , i remember that was some plot that they were going to kidnap some rich girl , but then that priceless stamp business turned up out of the blue . br br i was going , a stamp ? if it came on as a late movie , i would probably record it to check it out again , but i wouldn't be nostalgic over it . not yet anyway . br br there are better movies from the seventies like this to check out .",0,1
"the movie had a cute opening , i truly believed i was in for one of the best romantic comedies i've seen in a while . . . there was something particular foreign about the way the movie was set up , realistic yet somewhat abstract and mystical . but then the story line started becoming more and more unrealistic . to say that the ending was corny and predictable would almost be an understatement . . . the most typical romantic ending where everything goes great for every 'likable' character . a scene where the main character realises that he has made a mistake and chases the woman of his dreams only to confess his love for her in front of a sympathetic crowd of on lookers . come on . in the end , the 'good guys' win , 'bad guys' loose . . . you get the picture . a waste of a potentially interesting movie .",0,1
"at least the under ten year old set will stay interested . eleanorgeena davisand fredhugh laurielittle , a nice welltodo couple set out to bring home from the orphanage a new little brother for their son georgejohnathan lipnicki . they come home with quite the odd new sibling . . . a sharp dressed little mouse named stuartvoiced by michael j . fox . yes , mouse . stuart is happy to have found the sense of belonging even if it is in a super sized world that contains his new family's pet cat snowbellvoiced by nathan lane . stuart embarks on the experience of family loyalty and overall friendship . george will finally accept his tiny new brother when the dapper dressed stuart saves embarrassment at a model boat race . br br also in the cast julia sweeney , harold gould , estelle getty and jeffery jones . and the voices of chaz palminteri , bruno kirby and jennifer tilly .",0,1
"pacino , and maconadump really hit the mark with this stinker . i swear , i am an avid movie goer and fan . i have been a fan of most of the people in this abortion at one time or another . until now . the storycrap the acting craprene rusomajor league was good the plotcrap the subplotgarbage the teenage attempts to relate to sports bettingjunkbr br i have vowed to watch romy and michelle's high school reunion 2 times a day for the next seven days as my punishment for not turning this colostomy bag of a movie off after 10 minutes . i was out of town for a seminar , and this pile of mung cost me 9 . 99 , and 2 hours . i have been cheated . this director should be in jail for fraud . br br get with me if you have other review questions . i am always right .",0,1
"the original les visiteurs was original , hilarious , interesting , balanced and near perfect . lv2 must be a candidate for worst first sequel to a really good film . in lv2 everyone keeps shouting , when a gag doesn't work first it's repeated another 5 times with some vague hope that it will eventually become funny . lv2 is a horrible parody of lv1 , except of course that a parody should be inventive . if you loved lv1 just don't see this film , just see lv1 again ! !",0,1
"i actually enjoyed tycus , if not for much more than mocking the production values . dennis hopper was just fine , although i wonder if he would have signed on the project had he seen the special effects they used . and furthermore , what was with the scene with the ninja ? ? that was just completely out of pace . perhaps someone came up with the bright idea midshooting . oh well , this movie is great if you're drunk and need a good laugh . cheers .",0,1
"we had to go to an appointment , so we turned on the dvr to record the ending . after it was over , i looked at my husband and said , do you have a clue ? . he shook his head no . i said , so you made me watch the end of this movie and i have no clue what just happened . he didn't make me , but you know . br br the movie body itself was quite good . there was a lot of suspense . it kept you wondering . then came the ending . the ending was . . . well it just ended . you weren't let in on what happened or why . right up until the credits i kept thinking something would happen to explain it , but it never did . so i came here expecting someone figured it out and i just wasn't paying attention . nope . here four years later , i'm just as clueless as tom sawyer was . br br i still have no clue what went on . i'm just glad i didn't waste any to buy it because i sure would have been mad . br br ohhhhh ! i get it ! the end of the movie is what disappeared ! rofl",0,1
"uninspired , pretty much all around . the only exceptions were a couple emotional scenes with keena violet , with whose performance i was pleasantly surprised and occasionally moved . beyond that , it ended up being little more than a bad coa flick .",0,1
"do you know that they want to escavate the moon for real ? and in geneve there is the debated project that could lead to make possible time machine ? all i can say about this movie that is based on facts about futureat the time of the moviescientifical projects but real . hope the moon will exist not happen as in the movie . now about the movie itself , i saw the original movie too , and i also read the book . the book i didn't like though , but the movie yes . i totally agree with a previous comment that this movie was depressing , unlike the 60's one . that was very good with force , this one was only a paralled future of what is good movie .",0,1
"the more i analyze this film , the worse it becomes . first of all , why a motivational speaker ? that part was just stupid . i mean , why would a megalomaniac trying to control the world rely on a motivational speaker ? is alexander stone really that disorganized ? first he can't decide what he wants to do to control the world , so he looks to the bible for ideas . many of these ideas , i might add , really have no reliabilityfor example , the part of the the houses of ishmael and isaac shall scream out in terror could have already happened . it could have been have been the synagogues burned during krystalnacht and the mosques could very well have been the mosques blown up in baghdad or something . and gillen lane's family ! they had no part except to provide a family values platfrom and dab their eyes with water ! i might add that since casper van diengillen lane is only in his twentiesor that's the impression that i hadand has a ten year child , he had his child during high school . yeah , there goes tbn's family values . also , why did this film have to be so damn propagandalike ? i'll repeat what an earlier reviewer said . the indiana jones flicks use christian mythology as a plot dvice and manipulate it well so that we are intoxicated . this film doesn't do that . the beginnig starts off well , with michael ironsides playing a priest who murders a scholar off some sort and steals the dead guy's omega code . then when confronted by two men who he is obviously afraid of , the two prophets tell him tell your master that we are here ! . dominicironsides replies he already knows and points to a small surveillance camera . that part sent chills up my spine . had only it gone on like that one scene i would have loved this film . i'll give michael york credit he does a fine job of acting out his character , as does michael ironsides . but the good guys are horrible . i've already went on about lane's familybr br . now that i'm over the acting , i'll get on to plot . this is obviously a baptist film , since our beloved pope of the vatican is portrayed as an oaf . the world domination plot i liked and found plausible and subtle , as were the action sequences were also thrilling and welldone . also another diatribe against the vatican , their leaders are seen as dogmatically minded , since gillen explains to the pope that it's not the end of the world , but the beginning of a new one also , the vatican or israelissays their going to secede from the world union aince they used the omega code to control the world . whoever it was , they wouldn't just secede , they'd send over commandoes and kill them . this is the equivalent of america knowing about the kgb going to kill the president and simply saying we're not going to talk to you any more ! . come on ! i did enjoy the scenes where we see bombers headed towards israel and see them again on the monitor . mediocre in short .",0,1
"i had heard and read so many good things about weeds that i was looking forward to getting hooked on another great cable series like entourage , sopranos or mad men but that slowly eroded away with each episode i watched from season one . didn't make it past the first six episodes br br the writing was unoriginal , contrived and the portrayal of blacks embarrassing . the dialog felt forced , like the writers are trying way too hard to be clever and hip . it was a rare moment when i actually emitted an audible laugh . br br the characters never developed enough for me to care about them , they were selfish and unappealing . i absolutely hated the addition of the brotherinlaw who should have been hauled away on to catch a predator and the removal of the hodes' daughter quinn from the cast by sending her to boarding school in mexico was so unoriginal and clich , i had to conclude the writers were testing the viewer's loyalty . br br episode after episode i liked the characters less and couldn't get past many of the technical flaws in the story line . br br add to that i heard that season two wasn't as good , so i lost all motivation to continue to watch this play out . br br if you're a fan of good casting and writing , i suspect this show will be a challenge for you to like , unless of course you're stoned and then all bets are off .",0,1
"scooby doo is undoubtedly one of the most simple , successful and beloved cartoon characters in the world . so , what happens when you've been everywhere and done everything with the formula ? you switch it up right ? wrong . you stop production and let it rest for a decade or so and then run it again , keeping the core of its success intact . that is to say , stick with the formula for the most part but add your particular flavour to it . this to me is why what's new scooby doo worked , they want back to the classic scooby doo formula which had only successfully resurfaced a decade earlier in a pup named scooby doo but for the most part had not been tapped since the original scooby doo where are you . br br the first sign to me of a weak offering is the inclusion of extraneous characters ; there might be a few fond memories from past iterations but generally if you think scooby doo you aren't thinking of filmflam , scrappy doo or scooby dum . even worse , the exclusion of the other core members of mystery inc generally indicate a group of production people who don't understand from a kids point of view how the show works . the basic premise has always been a group of people who are diametrically opposed getting together and through their own individual , stereotyped qualities manage to surmount the tasks given at hand . br br this next paragraph is just my theorizing so skip it if you want i hope that i can explain why i think fiddling around with the basic elements of the show are detrimental with my interpretation of what the gang represents and how they contribute to the whole ; fred represents the driver , i think in general it is the purpose of fred to give the group direction , organization and subtasks . fred isn't a happygolucky teenager , he's your boss , your teacher , your dad , your authority figure . fred moves without hesitation and is driven by tasks problem always equals solution for fred . in many ways fred is the antithesis to shaggy . shaggy is your best friend , that guy who is just a little more afraid of things than you are , he enables you to be brave , to not be at the back of the pack . shaggy represents emotion and is frequently showing emotional extremes from elation to fear . velma represents rational thought , she applies logic but as we see time and again on the show she requires clues that for the most part are collected in pieces by the other members of the show . left on her own would velma solve a mystery ? the group often finds itself in situations where truths aren't obvious and only through chance encounters do they achieve the necessary information to complete their task , chance is represented by daphne . at one point i think it is the first scooby doo series she was known as danger prone . writers have used daphne to link unrelated events together through accident . she frequently is the one who finds the secret door , collection of objects or some other detail that can help the gang link clues together . finally scooby himself represents us , the participant . he is always in the centre of events , capable of all the things the rest of the gang are capable of , yet handicapped because he is not human and much like us the television viewer is unable to truly participate . scooby doo works because all these personified elements of problem solving are immediately identifiable and entertaining . br br maybe i'm over thinking things but , in my life i've seen a lot of scooby doo being a 30 year old selfproclaimed nerd , it kind of rolls with the territory . to me there is a magic with the classic scooby doo formula that should never be messed with . br br as many have pointed out ; scooby doo is not a great work of art nor is it completely trite , it falls into the category of programming that can be watched by young eyes with a hearty bowl of breakfast cereal . messing about with the raw simplicity transforms it into something else , something lesser .",0,1
"garden state is another of these indietype pictures that supposedly skimp on production values for the sake of giving the audience some real truetolife human drama . oddly enough , the production is very good , so are the performances by some fairly bigname actors as well . where the picture is lacking is in zach braff's script , which seems mostly culled from situations taken from other movies . br br when you're as young as braff is , you haven't really lived enough to use the experience as film fodder . braff's experience looks to be from watching movies , then repeating the same trite clichs in his own movie . in garden state , he plays andrew largeman , a semisuccessful hollywood actor who returns to his hometown in new jersey to bury his mother , who took her own life after suffering in a wheelchair for many years . he appears to have no feeling about any of this ; he has no relationship with his father , who blames him for causing his mother's paralysis in a freak accident as a sixyearold , and has no particular despondency over losing his mother in fact , he attends a party right after the burial to which he was invited by a friend of his , who works as a cemetery gravedigger . it all smacks heavily of beautiful girls , also about a guy who returns to his hometown to find himself and hang with his old friends , with a little ordinary people thrown in on the side . br br it's really a miracle braff could accomplish anything at all in his life , given his father and his useless friends i'm surprised he didn't kill himself , who are still living their lives as though they're still in high school , partying with dumb bimbos , drinking and drugging , etc . none of them even recognize him from his tv role as the retarded quarterback natalie portman's character , the most aware person in the movie , does , and say things , like hey , i remember you from junior year . these guys are such losers , for them , watching television would be a cultural leap forward . even one friend , who made millions inventing a silent velcro , has no real reason to live , because his whole frame of reference is high school and partying . and you don't need big money to party like a high school sophomore . br br braff , it is revealed , is heavily medicated , which keeps from feeling and dealing with anything , really , like an adult would . then he meets sam natalie portman a sortof lost girl , who gives pet funerals and lives with her mother like a 10yearold in a bedroom that looks like a pink doll house blown up to life size . anyway , they fall in love , and braff learns to feel again . the clichs come fast and furious . braff has a long delayed hearttoheart talk with his cold , distancing father and tells him what it is and the name of the game . in one scene , braff and portman are in the millionaire kid's house , playing touchyfeely is front of a giant fireplace , and the bit is so routine , so standard movieschtick , i swear , i halfexpected somebody to walk up and throw a sled into the fire . in another , braff visits a doctor ron liebman to get his junk refilled , and liebman tells him in easily the worst line in the movie the body can play tricks on you . i once found my exbestfriend's cufflinks in my wife's purse , and i didn't have an erection for a year and a half . obviously , no licensed physician would ever say that , but it's dirtbag poetry , a nod from braff to , i guess , his loser friends to let them know he's still thinking of them , just as the 37 joke in clerks , was kevin smith's nod to his dirtbag buddies . br br anyway , braff finds true happiness and gets off the dope ; the story plays itself out predictably . but if you're going to have a movie that's walltowall clichs , at least give it some charming performances to breathe some life into it . and braff does . he has the right sort of vacancy , of casual acceptance to make his role as the zonkedout andrew both real and poignant , and natalie portman also of beautiful girls gives the movie a big lift . with her tiny features and flickering expressions of mood , she just about steals the picture as his traveling companion . jean smart is surprisingly good as portman's mother , and peter saarsgard though much better in shattered glass is notable as the gravedigger friend . i would recommend garden state if you can't get enough storybook romance out of movies , but when people start hailing it as a masterpiece , they're just clueless . braff thinks you can take the same old tired plot , write in a few fks and awesomes and slap on an acoustic rock soundtrack and that contemporizes the material . it doesn't .",0,1
"i am not from america and i know what 'wife swap' is . when a show came out of that name i was thrilled to see some cool glamorized sexual moments from the program . but what i got was a real sucking stupidity . i was misjudged by its title name , it has no adult contents , no nudity , not even vulgar dialogues broad casted threw hallmark channel and i think they editedmute out such contents to make it neat . br br a show which gives a picture of current americanwestern family state , overweight chubby peoples , polluted teenagers , and their sucking family goings . in each episode two wivestwo mothers more correctly were chosen to live in each others home and rechanges each others family routine with their new own rule . sometimes its turns out to be good or more evenly bad . on the ending section each mothers are brought back with their husband and try to conclude what they did to each families past days . it's the sucking portion of the program were each contenders fights for their rights . i was sucked to see all of these instead of seeing some cool adult sex stuff . i mean who make this program , more than that who gave the name wife swap ; its better to be called as mother swap . all in all it corrupts all the great things the real wife swap stands for ! br br wife swap average sucking reality show .",0,1
"i thought this was a great idea but , boy , was it poorly executed . we do get a broad sense of how complex and challenging the backstage operations of a show are , but virtually no specifics about any of it works . the producers don't seem to have found any way to tell a story or give the viewer a throughline . which is not to say they didn't try , but having the stagehands relate a synopsis of the ring cycle as the program's narrative does nothing to tell us about the job of physically mounting an opera . br br we see lots of things happening , but are told little about what it is that the people are doing and why . there's little sense of who is who , or how the various production departments fit and work together . for instance , several times we hear about a problem of some sort one expects then to see the problem and its consequences andor how it gets resolved . but instead the filmmakers generally just cut to something else generally , pretty generic footage of people pushing stuff or talking into headsets . br br overall the film ends up feeling more like a pastiche of images that you'd see run under the closing credits of a show , rather than anything worth watching for its own merit .",0,1
"ooof ! this one was a stinker . it does not fall 'somewhere in between star wars and thriller' , thats for sure . in all actuality , it falls somewhere between the cracks of a wham ! video and captain eo , only with not as big of a budget , and a lot more close ups of ugly teenagers crying . simon le bon preens front and center , while the rest of the band gamely tries to hide the fact that they stole their whole career from roxy music's last 3 albums . brief clips from barbarella add nothing . avoid at all costs . however , i liked the part when they played 'hungry like the wolf' but why was there a tiger lurking in the audience changing into a woman painted with tiger stripes ? i mean , they aren't singing 'eye of the tiger' or 'hungry like the tiger' it's a wolf ! whatever . a dvd of duran duran's '80s videos is probably worth a look for nostalgia's sake",0,1
"some folkie friends recommended this , but as a film it's really lacking in originality . i found the characters to be unflattering stereotypes , and the plot is predictable almost from the beginning . however , if you like traditional englishappalachian ballads , it will keep your interest long enough to hear the next one . i've also read that the soundtrack is nothing like the music in the movie , with professional musicians filling in for the actors .",0,1
"this film is strange , even for a silent movie . essentially , it follows the adventures about a engineer in postrevolutionary russia who daydreams about going to mars . in this movie , it seems like the producers know the communists have truly screwed up the country , but also seems to want to make it look like they've accomplished something good . br br then we get to the martian scenes , where everyone on mars wears goofy hats . they have a revolution after being inspired by the earth men , but are quickly betrayed by the queen who sides with them . except it's all a dream , or is it . and given that the russian revolution eventually lead to the stalin dictatorship , it makes you wonder if it was all allegory . br br now , i've seen good russian cinema . for instance , eisenstein's battleship potemkin is a good movie . this is just , well , silly .",0,1
"it didn't feel like a movie , and was thankfully short under 90minutes , it felt more like a commercial of possibilties in computer graphics most of the special effects are great , to be sure . but that cerainly don't a great or even a good movie make . not saying it's absolutely worthless viewing , since it's possible to see what are the possibilities in cgi or gci , or what ever it's called . br br as i read somewhere , you can't fix it in the cutting room , a bad story and nondirected actors , can't be fixed in the cutting room or even with the most magnificent special effects ! things can be improved in the cutting room if they have a real director and material to work from . br br however they thought this could be sold in usa is anyones idea , since usa is the crooks . br br and isn't it sooo typical of low budget stories , they have to create an imaginative country south of mexico ? ? br br well well i gace it 2 ! just because of the special effects , the rest is absolute trash !",0,1
"this was one of the lamest movies we watched in the last few months with a predictable plot line and pretty bad acting mainly from the supporting characters . the interview with hugh laurie on the dvd was actually more rewarding than the film itself . . . br br hugh laurie obviously put a lot of effort into learning how to dance the samba but the scope of his character only required that he immerse himself at the kiddie end of the pool . the movie is based on the appearance of a lovely girl and great music but these are not sufficient to make good entertainment . br br if you have never seen rio , or the inside of a british bank , this film is for you . 2 out of 10 .",0,1
"begrudgingly gave it a 3 one point each for fonda , stanwyck , and the supporting cast . br br never saw this one before am watching it right now and it has just gotten to the part where henry fonda is carrying babs over the threshold . if i continue watching , it will be just to see if fonda and stanwyck will be able to pull this one out of the dumper . br br but after reading the other viewer comments , i'm not very optimistic . br br the opening ski scenes were enough to put me off my lunch . the voiceovers were obviously done in a sound studio , and the editing between the exterior shots and the closeups was horrendous . i do not know that much about the technology of that era but i can't believe there wasn't something they could do to make it more believable . br br my second gasp of disbelief was when fonda wiped out and i imagine due to the extreme velocity of travel he is burrowed head first into the snow up to his torso stanwyck pulls him out with obvious staged difficulty and , i imagine because she is such an experienced doctor does not react at all to his apparently unconscious state and limp posture . br br look , i'm completely capable of suspending my disbelief , but i couldn't get over the fact that she had just jostled a man with a possible head injury and that he might be paralyzed for life . not my idea of big yuks . br br so , as i finish this comment , we have just seen kirk's first jealous outburst , and dr . hunt is off to perform an appendectomy ! i'm not sure which i hate more the script , the background music , or the story ! ! argghhhh ! i'm done . game over . click .",0,1
"the comic strip featured actors from 'the young one's' a student based sitcom from the 80's . comic strip features included parodies of westerns , 'the famous 5' , and the professionals all a lot funnier than this . having said that alexei sayle puts in a good turn as a traffic cop with ambition and the soundtrack features great music from the era . 510",0,1
"this is a wonderfully goofy example of a self produced , written and directed vanity project . . . while i was working as a crew member john carradine commented to me before the burning at the stake sequence this is the worst piece of sht i've ever worked on . . . and i've worked on a lot of pieces of sht . also an interesting moment earlier when jim mitchum was having trouble with his lines and started cursing in the courtyard location of the santuario a religious shrine in chimay at which point one of the local vato loco lowrider onlookers growled . . . show some respect man , which apparently caused jim to remember where he was , as he then made a very profound and heartfelt apology for his inappropriate behavior . in any case the crew did the job on deferment and were never fully paid but came away with plenty of particularly bizarre stories like the night we caught the producerdirector's 10 year old son entertaining himself by constructing miniature burmese tiger traps for us to break our legs in . like they say ya gotta' love the biz . . .",0,1
"my 10yearold daughter , alexandra , writesbr br i thought it was very boring , and i thought it was just a repeat of stuff from 101 dalmatians . i couldn't wait for the movie to end . the best part was the credits at the beginning they were cute and well done . the rest of the film is not worth watching . thank you .",0,1
"when i first saw this film i thought it was going to be a good sasquatch film . usually when you have these types of movies there's generally one sasquatch , but in this one there is like what ? 7 or 10 of them ? . acting was good , plot was ok , i liked the scenes where the sasquatch is killing the first few victims , very good camera work . i was expecting it to be a gory film but it was very little . this movie was way better than sasquatch . the scifi channel really needs to make more sasquatch films , i mean i really liked sasquatch mountain , abominibal was not good , the one i'm reviewing is ok , but the movie sasquatch was not , but i'm not reviewing that so let me get back on track . this movie is good for a rainy saterday afternoon , but for any other occasions , no .",0,1
"gung ho was a good idea , however it is to much to ask americans viewers to understand the dynamics of american jobs and foreign competition . in this movie the main character hunt stevensonmichael keaton goes to japan and convinces a japanese auto company to come to america and help his dying pennslyvania town . two things come at you . first why would a japanese company come to america to make cars when they do so , and so well at that ? secondly can anyone understand that american companies of all types go to third world nations to have their products made to escape american labor costs ? it makes the film's premise then that the number one maker of cars in the world would go to one of its' top competitorsaside from germanyand put a plant there as unrealistic . keaton was still in his comedy mode by this time . but he gives a credible performance all the same as he could prove that he could go from comedy to drama in a matter of seconds and still not embarrass himself but director ron howard can't keep this from becoming a tv movie which it ends up being anyway because they have to give the unlikely story a happy ending the politics and problems of japanese and american relations not withstanding . gung ho has a happy days and laverne and shirley feel to it as the producers of both tv shows made the film and then made the tv version of this movie as well which gives the film its' lightweight feel . the japanese manager gets to love his american workers and feels he and other japanese people can learnfrom americans . his no . 2 man saito who supposedly doesn't like americans all that much doesn't think so . i would have prefered all the japanese characters been like saito than the soft goofball characters they made the japanese out to be . it would have made the film more interesting .",0,1
"having watched both the lion king and lion king ii and enjoyed both thoroughly . i thought lion king 1 . 5 might be worth watching . what a disappointment ! disney must be getting desperate for revenues . br br especially now that they lost the deal with pixar . br br basically , they just picked up some bits of footage that were left on the editor's floor or garbage can and glued them together to make abr br quick buck . unlike lk i ii , both of which had strong story lines . br br this movie hardly has a story at all . while the characters and animation are always fun to look at , there is simply not enough material here for a movie . some of the bits could have been good 2nd disk fillers on the original offerings . br br disney shame on you for putting this trash out to make a quick buck ! br br next time take the time and effort and put our an enduring work .",0,1
"that is quite an outdated movie which aims to showcase the youth's yearning for freedom in some dehumanizing british school . oh yes it's like in the army , you learn to obey and do what you're asked to . yes the young dream of something else but it breaks their dreams and sweeps away their optimism on the threshold of life . great . br br basically that's how you could sum up the nice intentions in if . . . nice intentions that arouses no cinematographic challenges the result is a declamatory movie . do you see how boring i mean ? br br at least that oldie helped kubrick cast mcdowell in a clockwork orange , a movie with a truly powerful social satire and no selfindulgent sentimentalism .",0,1
"rob schneider is a famous comedian cause of his movements , facials and performances of not humans . this time he is the animal . marvin is a loser who is trying to be a hero and one day , nobody takes a call from a man that gets attacked , so marvin has to take this case and save the attacked man . but on his way to the crime scene , he crashes with his car and gets really damaged . he doesn't remember what happens and at the next ordinary day , his life is not same when he finds out that he has animal instincts . of course , we got our female that our main character is trying to reach but his tryings , are useless . she is played by collen haskell . there are no negative characters . the negative character , is destiny if i could use this metaphor . marvin should find out , how to become a normal human being again . by the wayhis animal instincts , helps him in some situations . schneider's performance is a soso . the movie is so unreal that gets stupid at some moments but it is one of those movies , called mindless fun as i have written above . so watch it for the monkey style rob schneider but it is definitely not one of the best comedies ever or one of the best movies that schneider appears in . he is a great comedian but this is not his best movie .",0,1
"this is not a good movie . it's disjointed , all the acting is bad , and has a lame story you've seen a thousand times done much better else where . not to mention you can see every plot point coming from a mile away . worst of all , no one bothered to tell lonette mckee she can't sing . but who cares , she's sooooo damn good looking . but i digress , nothing new here . bottomline , hot girl group gets taken advantage of , some one gets hooked on drugs , someone gets hooked on a guy , some one gets the hell out , and then the horrible stuff happens . surprise , surprise . welcome to the music business . i can't believe so many people out there think this is a good movie . so many of you seem to want to use a sliding scale when it comes to grading black movies . i don't play that ! if you want to support these films by going to see them great ! if you enjoyed it super ! to each his own . but don't try to tell me it was good . pleeeease ! i wish colored folks would not fawn over these kind of movies just because they feature black actors . wanna see a good africanamerican movie ? see love jones . ray . or the color purple . those would be great movies no matter what the color of the actors skin . why ? because they told compelling stories with great acting , that made you feel something long after you left the theater . just because it's our experience does not automatically make it a good film . it's only good when it's good . period .",0,1
i have to agree with most everyone's opinion that this show was poorly produced as well as written . the acting was not much more above the lower production values however i feel an actor can only rely on the material provided to them and make the best of it . in keeping with this thought i feel it is important to point out that one actor has risen and persevered well beyond this campy to tasteless production to have become a respectable and quite talented performer . i am referring to laura harris a canadian born actor who has etched her way through many poorly produced shows and movies to find a place on the hbo hit dead like me where she plays the role of daisy adair and to her credit she handles this role in an efficient manner . i remember having a typical boyhood crush on the young actress during this series where she played ashley a soft spoken yet intelligent 7th grader . i felt as though if anyone might make it from this series it surely would be laura harris and true to her nature she did excel in the acting field to win the respect of many producers who now recognize her for her talent as well as unique nordic blond allure . if you ever do have the opportunity to view this series i recommend that you have something epic to watch after wards such as the 'godfather' or perhaps 'beaches' in order to remind yourself that there is after all a great deal of true production integrity and value out there and that this series is only a lowbudget reminder of what laura harris can simply state about her time on the show and i bet she would quote many a young actors words of defense by saying it's a start !,0,1
"there's a group of fox tv executives sitting around a boardroom table wondering what new show to commission . br br 'how about aiming for something like 24 or the west wing ? ' says one of them , but they all agree it would be too expensive , and cheap tv is less likely to harm the station if it flops . br br 'well , how about getting together some great comedy writers and doing a quality sitcom ? ' offers another and is fired on the spot . 'don't you know good writers cost lots of money ! ' the big chief barks . 'that's why we invented reality tv . 'br br 'we could do yet another crime drama . . . ' suggests a man in a bland suit . 'i'm listening . . . ' the boss replies , suddenly interested . 'people like csi , so let's do another copy of that , ' blandman adds . br br 'but there are already far too many csi clones out there , what can we do to make ours stand out ? ' a naive junior enquires and is sacked instantly . 'stand out ! if we do that people may be confused ! let's give them more of what they already like ! ' the big chief screams . br br 'let's just add more violence and make it really grisly , we are fox after all , ' another suit suggests to a hearty reply of 'now you're getting it' , from the big chief . 'we could make them the deviant crimes unit , ' he goes on to add , clearly on a roll . br br 'by jove , he's got it ! ' the big chief laughs , 'and the victims could be beautiful and vulnerable women who wear very little on screen . ' 'well that would certainly distract people from the average acting and poor scripts , ' blandman points out . br br 'then it's settled , we just need a name , ' the big chief announces . 'we could call it sex cops violence ? ' br br 'too literal , how about killer instinctit conveys violence , but sounds a bit like basic instinct which had lots of sex . ' br br 'puuurfect' , the big chief replies and then they all slap each other on the back and go and cancel arrested development .",0,1
"as a member of the cast , i was a member of the band at all the basketball games , i would like to let the world know after being in the movie , that we were not allowed to see it since it was banned in oregon . this was due to the producers and the director breaking the contract with the university of oregon where it was shot . seems that the u of o sign was shown . while we were shooting , we were allowed to eat several meals with the cast and production staff . mr nicholson was quite memorable for being one of the most illmannered men i have ever met . quite a time for a young 20 year old . but certainly not what campus life was really like in the late 60's and early 70's despite what hollywood may think . trombone player from oregon",0,1
"i'm not really much of an abbott costello fan although i do enjoy who's on first and , to be honest , there wasn't much in this movie that would inspire me to watch any more of their work . it wasn't really bad . it had some mildly amusing scenes , and actually a very convincing giant played by buddy baer , but somehow , given the fame of the duo and the esteem in which they're generally held , i have to say i was expecting more . as the story goes , the pair stumble into a babysitting job , and during the reading of jack the beanstalk as a bedtime story with the kid reading it to costello , costello's jack falls asleep and dreams himself into the story . there's a wizard of oz kind of feel to the story , in that the characters in the dream are all the equivalents of reallife acquaintances of jack , and the movie opens in black white and shifts to colour during the dream sequence . the fight scenes between jack and the giant and the dance scene between jack and polly dorothy ford are among the amusing parts of the movie . polly , of course , also leads to one of the questions of the movie what happened to her ? jack and gang apparently left her behind in the giant's castle ! i know it was just a dream , so who cares . still i wondered . there were also a couple of cute song and dance routines . my 4 year old giggled a bit during this , so she was able to appreciate some of the humour . i found it to be an acceptable timewaster , but certainly not anything that would convince you of abbott and costello as comic geniuses . 410",0,1
"i have seen this movie several times , it sure is one of the cheapest action flicks of the eighties . so , i think many viewers would definitely change the channel when they come across this one . but , if you are into great trash , dragon hunt is made for you . the main characters the mcnamara twins are sporting great moustaches and look so ridiculous in their camouflage dresses . one of the best scenes is when one of then gets shot in the leg and is still kicking his enemies into nirvana . this movie is really awful , but then again , it is a great party tape !",0,1
"unfortunately the movie is more concerned with making lame social commentary on a real event , but doesnt have the balls to legitimately document what happened . the constant rhetoric of how violent video games are not to blame i get the impression ben coccio is an avid gamer , or how media and music is completely devoid of influence is the obvious message we even get a laughable scene of the two boys burning all their cd's , talk about subtlety ! , but the movie only gets away with it because its 'fiction' . nice try . yes its a great idea to relieve media of influence , but how do we know the kids that have actually planned and executed a school shooting werent influenced by media ? or video games ? we dont , and we wont with this movie because once again these kids are smart enough to completely relinquish the media , yet dumb enough to scorch a nazi symbol on the ground ? haha i somehow dont think so . br br the movie bats you over the head with its portrayal of the normalcy of the families , its almost doing a disservice to think that there wasn't a serious flaw in the family dynamic of kids that have actually gone out and shot their fellow schoolmates . why is everyone so concerned with making killers seem normal , when they are so obviously not ? a completely false and phony depiction .",0,1
"this low budget b horror's plot comes with all the amenities mad scientist complete with sidekick , malicious corporate greed of pharmaceutical industry , eccentric and extreme genetic engineering , and information technology . . . . can't leave that out . br br start with strange sequence of hot looking nameless boaters that foolishly decide to take a dip in the waters near an uncharted island and end up chum for swarming hammerhead sharks . . . . . br br cut to weak back story implying the stock decline of a generic pharma corporation which motivates its wicked shakespeare quoting ceo to entertain an unsolicited offer made by a former employeescientist that was jilted out of his job as head of research and who also happens to be a nut . . . of course total herbert west wannabe . he is offering up a new stem cell technology that could make tons o' cash . . . or so it seems . . . this lures in several employees to his moreauish island must have been quite an impressive exit package from the company when he was let go for him to afford an island to validate his scientific findings including the ceo and , coincidentally , the exfianc of the mad scientist's son now morphed sharkuman how convenient . . . . br br the plan , sort of , is to rekindle lost love between the former nuptials while exacting revenge on the former colleagues for his termination . sheez , how can this guy be bitter ? he has his own friggen' island after all . . . . br br soon , everyone is on the run from endless supply of security guards toting heavy weaponry , from mutant plants can there be an uncharted island without maneating plants ? , from sharky son's appetite for carnage , from quack daddy's breeding plans , and from lack of a cell phone signal . . . and they all must learn to work together to get off the island alive ! br br will anyone escape ? will a new species be created ? watch it and find out . br br there is some entertainment value in this movie , but don't expect much . . . for the true combs fan , this is not to be missed . br br don't say i didn't warn you .",0,1
"greg davis and bryan daly take some crazed statements by a terrorists , add some commentary by a bunch of uberright reactionaries , ascribe the most extreme positions of the most fundamentalist moslems on the planet to everyone who calls themselves a moslem , and presents this as the theology of islam . maybe their next film will involve interviewing fred phelps and the congregation of the westboro baptist church , adding commentary by some militant atheist scholars , and call their film what the world needs to know about christianity . ultimately , this film suffers from both poor production values and lack of attention to the most basic standards of journalism . don't waste your time and money ; just turn on your am radio and listen to rush limbaugh for a couple of days for free and you'll get the same message with the same level of intellectual analysis .",0,1
"opie , tom gilson , was my brother , so i went to see the movie and i never looked at it again in all these years . sorry ! it was bad . i'm told i have to write 10 lines so i'll put a little trivia in . tom and tuesday weld were to be introduced in this picture and tom was told to take tuesday to the premiere but tom said no he was going with joan collins , and he did and because he did only tuesday weld was introduced . i found this very funny back then and still do . the movie , while the concept was a funny one , and the actors in it were impressive but some how it just did'nt come out funny . the continuity was abstract , at best , it was like i was watching 2 different movies at the same time , each running into the other . sorry , bob gilson",0,1
"for those viewers who thought the 1979 film alien the first to depict a male earthling being impregnated by a malevolent extraterrestrial , night of the blood beast , made 21 years earlier , may come as something of a surprise . in this film , america's first man in space crashlands back on earth and , after examination , is thought to be dead . he later comes to again , only with a half dozen or so alien seahorse thingies growing in his abdomen . the mama ? alien also pops up to terrify the small band of scientists who are observing our gravid hero , and she ? seems to have the body of a bear and the head of yarnek , the rock creature from a 1969 star trek episode . anyway , with its short , 62minute running time , small group of scientists , and cheaplooking monster , this film suggests nothing less than a grade z warmup for the outer limits which would premiere four years later , but without the fine writing that that show usually boasted . despite the lurid title , this film is decidedly scifi , not horror , and offers no scares , no laffs , little suspense and little food for thought afterwards . it looks as if it cost around 100 to make but probably cost twice as much , and its musical score often seems to have no relation to the happenings i won't use the word action on screen . by the film's end , many questions remain just how was our hero to give birth to these critters ? why does the alien need to decapitate people to learn our language ? to justify that title , no doubt ! why can't the spacetraveling aliens land on our planet , rather than needing to hitch rides on our ships ? how was our hero impregnated to begin with ? these are all matters that this little cheapie can't be bothered with . it really is for 1950s scifi completists only .",0,1
"the only reason i watched this film was because i had recently read robert hough's less than perfect , but interesting , fictionalised account of the life of big cat trainer mabel stark . beaty appears as a character in the book , in a less than flattering light . br br i hadn't realised until checking the movie out later on the imdb that it was originally a serial . whoever edited the original running time of 233 minutes down to the 68 minuted version available on dvd has done a hell of a good job . the shortened version plays just as well as any b movie of the period despite the many 'duhwhat ? ' moments . for instance are we really expected to believe our hero dug that twenty foot deep tiger trap in a morning without even getting his jodhpurs dirty ? looking over the chapter titles i see that number five is titled gorilla warfare and number eleven is called the gorilla . there were no gorillas at all in the movie . i guess that's where some of the cuts were made . br br historicaly interesting .",0,1
"making a film for under 1 million might be a triumph for a line producer or an accountant but doesn't do anything for the audience . the balance sheet might have been pretty but the viewing experience was poor . br br what will be a triumph for irish cinema is when people realise that production values and the script can't be sacrificed . br br i don't understand why people expend the energy it takes to put a film together when the production quality is worse than a low grade tv show . br br the deficiencies of the plot have been mentioned in another review on this site and i totally agree with what was written . what i would add is that the film skimmed the surface of several genres without ever settling in one of them . the film would have benefited from either going the direction of a straight out comedy or socialpolitical commentary . br br my overall impression was that the film was rushed , thematically under developed and visually not up to standard . on a positive note the performances and music were very good .",0,1
"fox's the true story of jesse james 1957 is a remarkably poor widescreen remake of their prestigious 1939 tyrone powerhenry fonda classic jesse james . i'm not sure where the fault lies but the casting in this version of the two central characters , the uneven direction of nicholas ray and the hamfisted screenplay must surely have something to do with it . br br in the late thirties and forties tyrone power was fox's top leading man but in the fifties his star began to wane and studio head darryl zanuck started to groom newcomer robert wagner to take his place . this was a major error on zanuck's part as wagner proved to be a less than a suitable replacement . with the possible exceptions of broken lance 1954 and between heaven hell 1956 it is hard to think of wagner distinguishing himself in anything ! also , jeffrey hunter was nothing more than a fox contract player before being assigned to play frank james to wagner's jesse in the true story of jesse james . borrowed from the studio the previous year this actor's one distinguishing mark was his excellent and revealing performance in john ford's classic the searchers . but his playing here , along with wagner as the second half of the james brothers , is nothing short of boring . neither player bring any personality or colour to their respective roles . they totally miss the mark , lacking the charisma and appeal so vividly displayed by power and fonda in the original . the movie is also marred by too many flashbacks and with the all over the place screenplay wagner , as the robin hood of the american west , comes across as a charmless introverted twit that you can feel no empathy for whatsoever . the supporting cast are hardly worth mentioning but it is a shame to see such a great actress as agnes moorhead barely getting a look in as ma james . br br the best aspects of this uninvolving soso western is the wonderful cinemascopecolour cinematography by the great joe mcdonald and the excellent music score by the underrated and little known composer leigh harline !",0,1
"two years ago at sundance i loved josh kornbluth's directing debuthaiku tunnel . so i was looking forward to his brother and frequent collaborator jacob's , the best thief in the world . this is a drama about a seemingly good kid growing up in a lowerclass area of new york . the movie is not without its poignant moments . but at times it is as if kornbluth is working way too hard to state the obvious life can be very difficult for some people . and life isn't fair . br br more subtle , and more important , is our understanding that despite all of these somewhat abhorrent cultural underpinnings and the antisocial behavior they may spawn , these characters have no shortage of goodness and humanity . we can recoil at their language and their living conditions , but we are cannot discount their intent . and in fact , their struggles to maintain a family under such adversity has a certain nobility that most of us can barely appreciate . kornbluth grew up in this neighborhood , and his compassion for the people is evident throughout . br br having said all this , the best thief in the world suffers from many painful flaws including the title . the characters aren't very believable . the writing is uneven . and the plotline is barely discernible . and for many the most disturbing is that kornbluth uses two young black boys mimicking gangsta rap between scenes . to each his own but while i don't question the potential realism of this phenomenon , it pains me to see 5yearold children mf'ing and talking about having sex with a lineup of women . it's unnecessary shock value and is a forced bit of borrowed interest .",0,1
"this was a great book and the possibilities for a truly great film were definitely there . but the casting decisions completely wrecked the movie . hanks is a great actor to be sure , but lacks the smarmy , morally ambivalent characteristics needed for the lead role . jeff daniels would have been my choice . br br putting melanie griffiths in , for eye candy reasons , is understandable , but again , she did not portray the depth or ambivalence , so need to pull this off . br br this movie is a great example of how every decision , even those early on in the movie production can make or break a file .",0,1
". . . than you easily spot the biggest fault of the movie . what was the motive ? the details of the murders were used , but never explained . i guess the team got too much into the atmosphere , which is great , but the story is definitely lacking . there is no thread to follow . i guess if that was done properly , the movie would've lasted a bit longer , but it would've been worth it , at least for me . br br casting is very good , i loved wilson as the vulnerable vicky . br br not much more to say , really . but i really wish they've concentrated a bit more on the less obvious . br br",0,1
"matt cvetic is a loyal communist in a pittsburgh steel mill who works to recruit workers into the party , even though this isolates himself from his son , family , and neighbors . what makes this even more difficult is that cvetic is actually an fbi agent posing as a communist in order to obtain information about party activities . the party is trying to create a strike at the mill , whereby the prostrike movement will lead the workers into a wave of propaganda . cvetic also has to contend with beautiful eve merrick , a party member and teacher at his son's school who finds the fact that cvetic is a double agent . when eve learns the ugly truth about the party's real motives , the reds decide she must be liquidated and cvetic must aid her without endangering himself . the film should have plenty of suspense and double crossing but there is very little in this film but by today's standards very cheesy propaganda and little action or thrills . lovejoy is very good in the main role , but even he and the rest of the cast seem listless . few surprises here and how did this film receive a oscar nod for best documentary ? rating , 4 .",0,1
don't get me wrong i love david suchet as poirot . i love the series as well as the movies but enough already re death on the nile . everyone has done this one ! we know who dies . we know why they die . we know who the killer is . we know how it was done . so i say enough already ! mr . suchet could have used that awesome talent in another one of agatha christie's novels . i will say that the acting by all the actors was superb . the sets were terrific and very realistic . i especially liked david soul but i was surprised at how 'awful' he looked . i hope he doesn't look that way in 'real' life ! i honestly can't remember from other movies whether the very end was the same . somehow i don't think so . i thought that was a rather brilliant touch whether or not ms . christie wrote it that way . i would much rather have that ending then wasting away in prison !,0,1
"when setting out this film , director mary harron seemingly had the goal of clearly documenting the progress of bettie page's career , from early modelling days to leaving modelling to go back home after the senate hearings on juvenile delinquency and her religious rediscovery in the 50s , and so intent is she to get all of these facts on screen in the time allowed she seems to have missed out on taking any time to explain anything in depth . br br when you think of someone who had page's career you'd think that there would be plenty to discuss , her reasons , decisions , life event , personal traumas , but harron avoids any kind of personal exploration of the character . in the first fifteen minutes or so of the film there are brief hints of child abuse , domestic violence and a gang rape , but these are all rushed past and then never referred to again . you get the impression that harron and guinevere turner cowriter wanted to gloss over anything that wasn't glamorous and flattering . you go into this film expecting to gain an insight into who the person behind the posters was , but all you are given is a list of things that she did and recreations of some of her most famous photo shoots . br br all in all the film really frustrates you as you watch , desperately waiting for some extra layer to reveal itself . how did she balance her religion with her job ? what made this young tennessee girl move from modelling into bondage photography . the film simply shows her going to another modelling agency and putting on whatever she's told , but surely it would have involved some shock and deliberation , this was after all the 50s . br br it seems to me that harron is trying to make a point about how tame all this is by today's standards page never took any photos of explicit sexual actions and how the reaction some gave this kind of thing was really overzealous and although this is true , she never actually makes it seem sordid in the eyes of others . today we look at a young girl posing topless and think nothing off it , but we should have got some sort of feeling about how shocking it would have been to a contemporary audience . this woman was a central part of a senate hearing on juvenile delinquency , but no one is ever really shown as shocked . br br basically i left this film just thinking how tame it was . harron and turner have managed to avoid anything that might be unpleasant to a viewer . they come across as two lifelong fans of miss page and are desperate to make sure that nothing , absolutely nothing , could possibly put a bad light on their heroine , and have therefore avoided any in depth probing into who she really was . before and after her career there are reports of her violent nature and mental problems and all that's left is the string of events that made up her career , without any substance whatsoever behind it .",0,1
"this film features two of my favorite guilty pleasures . sure , the effects are laughable , the story confused , but just watching hasselhoff in his knight rider days is always fun . i especially like the old hotel they used to shoot this in , it added to what little suspense was mustered . give it a 3 .",0,1
"i wandered into this movie after watching the 82minute borat tonight , and left quite disappointed . i was a huge fan of wallace and gromit , and routinely go to see animated films . that being said , i found myself nodding off and at one point nearly walked out , but stayed waiting for this film to get better . never happened . br br the visuals are stunning and the voice work is top notch , especially in my opinion , that of kate winslet and ian mckellen i had to remind myself a few times the bulbous headed lizard villain was gandalf and magneto . the problem with this movie for me is it's one of those animated features for the addset . it registers after the fact as one zany slapstick routine after another , weighed down by a treacle filled plot that pulls out every stop in an attempt to convey an important message . it looks a lot like busted oscar bait for the animated category , and considering the way it's scoring with critics , i wouldn't be surprised if the academy gets it wrong and offers up its hardware . but if you're looking for an enjoyable animated feature about rats , take my advice and wait for ratatouille .",0,1
"no doubt frank sinatra was a talented actor as well as a talented singer . after all , very few actors nowadays can get a scene just right in one take , and that was pretty much sinatra's modus operandi on set . br br i feel that as the 1960's wore on , the quality of the man's films really started to tank . the tony rome detective series was nothing short of trying to compete with dean martin's matt helm series which came out at the same time . perhaps even a james bond competition , but nothing really worked for frank during these years . his personal life in shambles , his music fading out . . . sinatra appeared more like a throwback to the 1950's . the last great sinatra film of this period was probably von ryan's express in 1965 .",0,1
this is defiantly a dvd rental movie . i'm a big fan of the cast members but the storyline never really grabbed me . don't expect oh brother where art thou in any way shape or form . funniest part in my opinion is when the war hero explains what happens over in the argon . seems like they were trying to copy some of clooney's funny facial expressions from oh brother where art thou but you could kind of tell they were trying for that . john krasinski was the bright spot and was solid throughout . renee zellweger plays the part of a zealous reporter willing to do whatever for the story . overall it's a movie worth watching at home .,0,1
"this isn't one of those reviews about poor special effects or technology , or being dated , issues that only the dorkiest people could relate with , but rather a review on the story telling , which most of us are truly interested in . br br the plot is about a combination of wwii allied and german navy members , and two civilians the hero and heroine , who are thrust together on a german u boat and wind up in a savage land of dinosaurs . br br the manipulations aren't so bad by film standards , and we know from the plot that realism isn't going to be high . what films like this need are credible and likable characters , along with some semblance of reason in the actions . br br this film lacks both . for a full length film , only 6 characters are given any time , and 3 of them are barely looked into . mcclure's hero is beyond routine , and doesn't make much sense in any era . br br the female seems to be looking for an answer to a riddle about the land of dinosaurs they entered , but the riddle is not much of a riddle , and we could care less . br br a lot of failure in a film that should have been better , even for its time .",0,1
"i am currently watching this movie and i have absolutely no hesitation in reviewing it now . the acting is ridiculous . half the cast must be retired porno actors , and to get kicked off pornos you could imagine the quality of acting . br br the graphics are unlike anything i have ever seen . i think there are puppet shows with more believability . they can't even afford blanks for the guns they shoot at the pathetic excuse for monsters . perhaps i should also note how incredibly impressed i am at the number of 'bullets' their pistols can hold . br br if asked to summarise the movie , i would say that someone had rustled up a group of complete nohopers at the local countyfair , slapped them on an island , added needlessly intense music and let a 6 year old do the editing . br br i can honestly not formulate any possible explanation for why this movie was released , recorded on dvd and costs 6 from my local video store for one day . if anything i have received the benefit of knowing that i am a lot smarter than all parties involved in this film . br br i hate this movie with great intensity . why ? i wish i knew captain , i wish i knew . . . .",0,1
"alright , i got passed the horrible acting . i got passed the fact that lil kim was blasting some cannons and her arms or hands weren't moving , i got passed the weaves , i got passed the colored contacts . br br this is what killed it for me in the scene where the four roses were sitting at the table arguing . lisaraye and monica calhoun stand up and , and then lil kim gets up to break up any hostilities by saying , whoa , whoa , whoa , hold up . let's chill out here for a hot second . i am a fan of the western movie genre , and i never heard anyone talk slang like this in any of clint eastwood's movies . br br if anyone thinks this movie deserves over a 1 rating , please tell me another movie that's worse than gang of roses . br br i'm through .",0,1
"what did the director think ? everybody who has read the biography of artemisia is left impressed by her guts to face a public rape trial in renaissance times and even suffer torture in order to show that tassi was guilty . that fact shows the real independence and emancipation in her most terrible hour she stands her man . why do movies depicting renaissance have to be so clinically beautiful and romantic , are we afraid to see the gritty side of life or has the hollywood happyhappymood won ? while i would always defend a director's freedom to create his own reality in a movie i cannot make sense of turning artimisia's life story on its head . very disappointing choice by the makers of this film .",0,1
"yet another version of mother of all gangster flicksthe classic godfather and yet another case of overhype due to media circus . sarkar , the 13th hindi film of ram gopal varma as director is also the weakest in his underworld trilogy including the other two being the excellentsatya and company . the charisma , the magnetic persona of the two bachchans playing fatherson duo on screen for the first time is definitely a treat to watch out for . not just strong performances but their perfect chemistry is the biggest scoring point here for which varma should be applauded . however , the same equation of the duo is missing with the other characters in the film . reasonthe other characters look more like cardboard caricatures esp . the villains represent the typical bollywood baddies . a character who attracts attention is elder son played by kaykay but again not able to hold due to halfbaked characterization . . the drama and conflict is brought alive by the excessive use of closeshots , which brought a claustrophobic effect rightly needed to construct an ambiance . the haunting score amar mohile and the sound design kunal mehta , parikshit lalwani anup dev , together with dark , murky background overlapped by shinning powerful images camerawork by amit roy contributes to visuals so typical of ramu's style . but there is an overuse of music though fortunately no songs are there in the film . but can interest of today's intelligently growing audience be sustained just on shoulders of two performers and strong visuals ? i don't think so . surely , audience maangey more and here film fails to deliver . in any adaptation , in order to add a new dimension , the biggest prerequisite is the screenplay , which is sluggish here not being crisp at places , and therefore the pace slackens quite often . what finally audience is subjected to is a highly predictable , very commonplace drama with very little surprise elements . top stunt director allan amin ghani is also not in his best form . some scenes which require a different treatment includes a minister is talking foul about sarkar and the son is overhearing ; a very amateurish shoot out in the jail on sarkar , sarkar jr . escapes from the clutches of his enemies , a son easily motivated to kill his own father , a son is secretly entering his father's room to kill him , a police commissioner slapping sarkar jrall this requires a more realistic , hardhitting approach which is the backbone to create the required conflict . the dialogues are weak for eg . look at an amateurish line where a cm says to sarkar jr . wo jo police commissioner tha na usay maine hata diya . . the women folk take on sarkar's working is completely ignored . the uninterrupted negotiations about criminal activities while sarkar is with his family also look slightly out of place in fact , the film follows a graph quite similar to ramu's own productionab tak chhappan . in depicting the battle between good and evil , the other side of lifethe law , police , administration , politics is completely ignored . certainly , more is expected in content . here the film definitely falls short and could not rise above an average fare . dear ramu , agreed that now you are laughing your way to the bank , you definitely need to take some drastic overhauling measures in your film production factory , before it is too late .",0,1
"what was franco zeffirelli thinking ? was hollywood responsible for this travesty , or can i take comfort in the idea that someone who didn't speak english as a first language just completely missed the point of charlotte bronte's classic ? i don't think i can improve on a comment i read below , so i'll just paraphrase it jane eyre is a great great book , the screenwriter should read it sometime . it's true that this movie's two leads were sadly miscast . but pity the actors , because the screenwriter left out all of the best scenes . the dialog that makes you understand the jane and rochester have a meeting of minds and a shared sense of fun . . . deleted from the script . the marriage proposal , the fortune teller . . . gone . the allusions , half joking , half sincerely felt , to jane as a fairy sprite from olde england come to rescue rochester in his despair . . . eliminated . br br it is unfortunate that zeffirelli felt the need to completely rewrite the end of the novel and jane's interactions with the rivers family . but it is unforgivable that he has surgically removed the love from one of the best love stories ever written . br br do yourself a favor and go find the 1983 ? mini series with timothy dalton .",0,1
"not to long after jeff jarrett left the wwf for good he spoke of that night . owen hart and him where good friends and both 2nd generation wrestlers . jeff first remarks i was literally pushed thru the curtain as my lifeless friends body was wheeled past me . debra mcmichael steve austin's ex wife as well as steve mondo mcmichael ex wife . br br as owen hart fell , a video promo the ring was darkened , as a blue blazer owen hart promo was played . the fall and video of owen in the ring was never showed on tv . there are a few news photos that got posted . when they came back from the video promo jim ross was talking over a all we had was a crowd shot . , he stated that owen hart as the blue blazer has fallen and doesn't look good . lawler then came back from the ring his face was ashen he told jim that the situation was very critical paramedics where working hard to revive him . rock and hhh where going there match in a private room when another referee came in and told them owen fell at first , knowing owen harts constantly being a prankster they thought it wasn't real . but both later stated that the look of the referee face said it all . in fact as he fell , as mentioned in other post , he yelled for the referee and ring announcer to move . br br brother bret hart was a plane heading to la to do a angle on the tonight show , he couldn't get any of the plane phones to work , one of the captains got a message to call home something had happened . when he landed in la eric bishoff was there told him what had happened , and put him on a charter flight to kansas city to the morgue , bret even later with owens widow martha went up to the top of the arena where owen was standing . police found no foul play formerly closed as a accident . br br most of the information in bret harts book as well as the book by martha hart ,",0,1
"sadly a great opportunity to utilise a superb cast to bring king lear up to date . however , instead , we got a contrived family drama that appeared to dip into lear when the writer had run out of ideas , the cast worked hard but it just didn't gel . recently stephen harrigan showed how to adapt and update the classics with his screenplay for the magnificent tv movie king of texas .",0,1
"i've just been at the cinema in down town prague watching this film . br br not due to the poster i found very holywood oldfashioned heroicbr br style . not due to the high level starring which remind me that mostbr br of those high starring french films are usually pathetic . but justbr br because there are not so many films in my french mother tongue in abr br city like prague . and because i love adjani , depardieu and rappenau'sbr br cyrano . then i decided to write up this small comment because i thinkbr br i really don't agree with the comment main stream on this film on imdb . br br i was not disappointed . the film just look like the poster . thebr br characters are just as stupid as they look like . for a while ibr br thought adjani would be like a caricature just a funny characterbr br you can laugh at . no she is not ! for example when she decides to tellbr br depardieu she is the one who murdered the fat one she killed at thebr br beginning of the film then come the violins in a big fat patheticbr br music which should make you cry and realize adajani's character is abr br deeper person as she looks like . maybe this was humor at the 10thbr br level but i am sorry my sense of humor is not that high ! if i want tobr br see some funny french film on the wwii i watch once again la grandebr br vadrouille ! it is definitively more fun ! i have also read on imdbbr br that lemoine is making a great performance in this film . i have tobr br say i have never seen a so bad acting ! well i have never seen any edbr br wood's film . nevertheless the film is good filmed with a lot of goodbr br very costly scenes like the one with the pantheon in the morningbr br when the german army arrives at paris or when the refugees settle downbr br on a bridge in bordeaux . i think rappeneau is a good filmmaker butbr br that he does better with a good script . it was easy with cyrano . hebr br had not to write the dialogs ! br br i give 110 .",0,1
"spoiler or two , not that is mattersbr br two things stand out about this movie . first is it's been titled both bruno and the dress code , and if you've seen this movie you'll catch the irony in that . br br second is it's addressing issues completely off the wall . the adventures of a grade school cross dresser isn't something that there was a crying need for a movie about , nor a topic that i think most people would be interested in . shirley maclaine manages to walk around the issues of gender by tying bruno's desire to wear a dress to religion , which probably opens up an even thornier can of wormswhat was she thinking ? br br yes , there's some humor and it's not directly offensive , but the kind of unsettling feeling in the beginning just keeps on growing . it doesn't do much except repeat the liberal mantra that different people should be accepted or maybe excepted ? no matter what . br br which is finebut in order for people to live in a society everyone has to give a little to get along . bruno doesn't just want to wear a dress , he wants to show up looking like a miniature gladys knight on awards night , and his final costume makes him resemble a cabbage patch cowgirl doll . yet all the other kids dress and behave , well , like regular kids . so what gives ? if it came down to it we all could declare ourselves special or different and behave any way we felt like , and the result would be total chaos . br br this accepting of people who are different is also pretty narrowly defined , i doubt we will ever see a movie about a kid finding his true self and wanting to wear overalls , hunt geese , and go to tractor pulls , and demanding everyone else just accept him as he is . bruno is one stupid movie , and a complete waste of time .",0,1
"graduation day br br i bought this movie this past week and waited for some time where i could kick back and relax and watch some good 80's slasher gems , i got this and xtro to watch , never seen any of them . i just watched it and realized my outdoor speakers were on also . i only imagine what my neighbors thought when felony came on to sing their one 10 minute hit ? i'm sure it was loud and i'm sure they think i'm weird , with that and the chainsaw sound and screaming from other movies . br br this was a pretty sub par slasher movie , no suspense , no story , some cool deaths , almost seemed on the amateur side , i usually like movies like that , but it just didn't click with me , now i will watch xtro for the 1st time and have a margarita ! br br dj eric austin tx",0,1
"siskel ebert were terrific on this show whether you agreed with them or not because of the genuine conflict their separate professional opinions generated . roeper took this show down a notch or two because he wasn't really a film critic and because he substituted snide for opinionated . now , when ben lyons comes on i feel like i'm watching teen news you know , that kids' news show , hosted by kids for kids ? manckiewitz is not much better . it's obvious they've encountered only a steady diet of mainstream films their entire lives . the idea that these two rank amateurs have anything of interest or consequence to say about motion pictures is ludicrous . if they are reviewing a nonformula film , they are completely lost . show them something original and intelligent they just find it confusing . wait i think i get it . . . abc is owned by disney . . . disney makes movies for kids . while siskel , ebert , and roper promoted independent films and were only hitormiss with the big budget studio productions what a surprise these two guys love the big studio schlock and only manage to tolerate a few indies . plus everyone knows the age group tv advertisers are aiming for . the blatant nepotism is the icing on the cake . in what alternate universe do these guys qualify as film critics ?",0,1
"having watched this after receiving the dvd for christmas 2005 , i came here to pan it but after reading the other comments , i haven't the heart . clearly this is a film that has worked very well for children of a certain age . well , let me not be a complete grinch ; it might still work for some children if they are not too mediasaturated and have not become visually oversophisticated , e . g . from watching all of lotr and harry potter . but if you are an adult , stay miles away ; you will not enjoy it . br br the good bits barbara kellerman as the witch , especially in her early scenes with edmund , creates just the right blend of charismatic evil and restrained madness . at the stone table she goes a bit over the top . michael aldridge in the minor role of the professor and jeffrey s . perry as mr . tumnus also have the kind of polished , skillful acting we'd expect from the very best bbc dramas . and the aslan costume works very well , amazingly well considering . they got the eyes just right . br br the bad bits almost everything else , but two areas in particular . one , the casting . england is crammed with good actors and contains tens of thousands of attractive british school kids . how could they possibly have ended up with these four stiffs ? they move like wooden soldiers and speak about as well . peter has no gravitas or charisma and is visibly shorter than his supposedly younger siblings ; edmund is just whiny ; and lucy . . . sophie wilcox as lucy is so dramatically , visibly , drastically wrong for this part that i can't imagine how she got the job . br br two , the animal costumes . again , it appears that they worked for some kids . if the kids are still at a level where big bird and elmo are exciting , believable characters , they might be entranced by this film . but to a viewer with the sophistication of , say , a 12yearold who's seen prisoner of azkaban ? when mister beaver comes out from behind that tree , there will be hoots of cruel , derisive laughter . the costumes just do not work i could not , and i think any adult or modern teen could not , suspend disbelief when looking at mister beaver . the drawn animation later gryphons , etc . works better , is easier to take . br br so ten stars for the very young and tender of soul ; everyone else read , or reread the book and watch the far better film that unrolls in your imagination .",0,1
"like a lot of films from the early sounds days , cimarron must be viewed more for historical interest than as compelling entertainment . the hammy acting of lead richard dix , nominated for best actor , can be excused as a relic of the silentfilm school of acting . however , even giving benefits of the doubt , cimarron is a badly shaped piece of drama a bloated film that moves from unrelated sequence to unrelated sequence with little dramatic impact . offically , the film is two hours and four minutes ; it feels like four hours when you're watching it . there is no reason to waste your time on it unless you want to see every best picture winner or have a keen interest in the early sound days . in my opinion , cimarron is the worst choice for best picture in academy history and the award should have gone to city lights or little ceasar . cimarron is barely remembered today , and would have be remembered at all if not for its oscar win .",0,1
"last time i checked , the nazis didn't win the second world war not that you'd sodding notice . after all , the third reich was pretty big on issuing orders and demanding cold , robotic obedience from the populace , and that's pretty much what we're saddled with today . but the way the orders are delivered has changed . instead of being barked at in a german accent through a loudhailer , they're disguised as concerned expert advice and floated under your nose every time you switch on the tv or flip open a newspaper there's a continual background hum , a middleclass message of selfimprovement , whispered on the wind . br br you eat too much . you eat the wrong things . you drink . you smoke . you don't get enough exercise . you probably can't even beep properly . you'll die if you don't change your ways . your health will suffer . have you got no selfrespect ? look at you . you sicken me . i pity you . i hate you . we all hate you . god hates you . don't you get it ? it's so sad , what you're doing to yourself . it's just so bloody sad . that's the mantra . and it goes without saying that the people reciting it are routinely depicted as saints . last year , the media dropped to its knees to give jamie oliver a collective blow job over his school dinners series , in which he campaigned to get healthier food put on school menus . given the backslapping reaction , you'd be forgiven for thinking he'd personally rescued 5 , 000 children from the jaws of a slavering paedophile . br br anyway , the series was a huge success . in fact in telly terms there was only one real drawback it wasn't returnable . after all , when you've saved every child in the nation from certain death once , you can't really do it a second time . the only solution is to find a new threat , which brings us to ian wright's unfit kids wed , 9pm , c4 , a weekly issuetainment programme in which the former footballer and renowned enemy of grammar forces a bunch of overweight youngsters to take part in some extracurricular pe . br br it's essentially a carbon copy of the jamie oliver show , with more sweating and fewer shots of pupils mashing fresh basil with a pestle an uplifting fable in which wrighty shapes his gang of misfits into a lean , mean , exercising' machine combating apathy and lethargy , confronting lazy parents , and attempting to turn the whole thing into a nationwide issue that'll have range rover mums everywhere dampening their knickers with sheer sanctimony in between trips to the conran shop . oh isn't it simply terrible , what these blobsome plebes do to themselves ? not our josh you understand he eats nothing but organic spinach and attends lacrosse practise six hundred times a week . br br bet he does , the little sh1t yes , it is heartwarming to watch flabby , inconvenient kids transforming themselves with a bit of simple activity . . . but there's something about the underlying eatyourgreens message that really sticks in my craw , in case you hadn't guessed . br br what happened to the concept of choice , you beep so a bit of jogging might increase your life expectancy so what ? that just equates to a few more years in the nursing home whoopee do . and besides , i'd rather drop dead tomorrow than spend the rest of my life sharing a planet with a bunch of smug toss ends trying to outhealth one another . br br in episode two , video games and the internet are singled out as villains in the war on flab they make kids too sedentary , you see . oddly enough , tv , which is equally sedentary , and unlike those two activities , actively encourages you to let your mind atrophy along with your physique , escapes without a rollicking . funny that . br br well listen here , channel 4 instead of forcing kids to eat bracken or do squatthrusts , how about teaching them to think more expansively , so they reject the sly , cajoling nature of programmes like this ? or would that be a campaign too far ?",0,1
"i got this in the dvd 10 pack curse of the dead . you gotta love those bargain packs . for even if they don't feature true remastering , restoration and all that hooha , and the films are generally in fullframe pan and scan format , there's no denying that there are always a few gems included . and by gems , i mean there's always some good crap to be seen , especially if the films are from the '70s as the mansion of madness is . br br my copy is called mansion of madness , but when the title screens roll it's poe's dr . tarr's torture dungeon . doesn't matter , really , as crap is crap is crap , no ? yes ! but saying this film is completely worthless is not true at all . there are some funky elements here and there , and obviously the flick did have a decent budget . br br the opening title sequence is cool with its colored negative run through a cheap tv look . the dialogue is always hilarious . near the beginning of the film , the horse and buggy driver gets out to move a dead tree stump in the middle of the road . what strength ! says our hero . funny , then , that this dude should later not be able to fight off the wacky woodsmen when they come to make freaky fun . you'll completely forget that this guy was even in the movie until he crops up again later near the end . that's how memorable these characters are . br br the best part about mansion of madness , however , has to be the wacky music and screwball hijinks that the good guys have to endure . it's like bad cartoon music that a three year old would find enjoyable . and why all the weirdo slapstick , anyway ? i'd say my fave moment had to be when the horse and buggy is ambushed by the forest freaks when they pull a stupid looking homemade ghost up by a stick in the middle of the road and make the buggy stop . what the hell ? oh yeah , there's plenty of boobies to be seen , too , for those of you that dig such things . boobies , bad dialogue , and wacky music . that best sums of mansion of madness for me . it's well worth at least one viewing , and may be a lot better if you've had a few to drink or whatnot . i can't say i was ever bored watching it , but i can't deny that it's also a barrel of poop . kinda like magical mystery tour but with a plot , but not . hmm . br br and mr . chicken pwnz .",0,1
"it is incredible that there were two films with the same story released in 2005 . this one came out a day before that other one with tom cruise . didn't they do that with truman capote the same year , and the zodiac killer last year ? interesting . br br writerdirector david michael latt didn't have steven spielberg's budget and c . thomas howell is not tom cruise . this is a pale imitation of the blockbuster that grossed 588 million worldwide . br br the action was minimal and most of the time we were treated to the whining of rhett giles , who played a pastor that was giving up on his god . br br gary busey was creepy as an army lt .",0,1
"for most people , robocop 3 is the film that really is the big disgrace for the robo series . it has few fans , and most people hate it for it's shameless commercial pg13 approach . now , i'm not going to say that robocop 3 is any good . frankly , it pretty much sucks . but as far as being a properly shot and executed film , it surpasses this piece of circuit chaos . yes , the truth of the matter is that robocop 2 is the worst of two bad and unnecessary sequels to a nearmasterpiece . so what if robocop 3 turns robo into a cartoonish super hero in a ultra mainstream production for kids to enjoy at least it's doing it openly . i don't know where robocop 2 begins and ends , i don't know what or whom it's about , i don't understand what's going on in it , i don't understand which jokes are deliberate and which aren't , i will go insane if i try to understand the characters , i see nothing of any value in anything anybody is saying , i can't believe anybody looked at the shooting script and figured it would work and i can't believe that irvin kirshner saw the finished result and figured that he liked what he see . he probably didn't by the way , neither miller , nor weller nor allen did . it's not hard to see why . br br now , robocop 2 has it's fans , i know this . mostly they belong to this league of absolute antipretensions , dismissing anybody who expected any depth , or subject matter from the first film , as academic roger ebert sith apprentices . it's just a lot of fun , a good piece of action and great entertainment , the argument goes . yeah well , i guess if you just don't listen to what any of the characters are saying you could fool yourself that we might as well have arnold in the suit instead of weller . don't get me wrong , i like a good action film , with pure entertainment value as it's only most satisfying virtue . but robocop 2 , sir , ain't no such thing . br br look at the first couple of scenes . this horrible actor makes robo repeat that he's just a machine , and then goes into this operatic speech about how he could never be a man , whereafter murphy's wife who's suing ocp for robotstalkings walks in out of the blue and have this sad little moment with him , and then is never heard of again ! i surely would like to go in to this film scene by scene , because every one has these kind of absurdities in them . it's like a twelve year old fan boy has done the screenplay , the characters act totally random and first say this , then say that . ocp wants to stop crime with a new robo , especially this drug called nuke but then it seems they really just want to become this big capitalist empire and control the entire city politics are abandoned i guess , understandable given the comic relief mayor , the villain played by tom noonan , who did a better version of this in last action hero and that's saying a lot is an addict , but is still used for this machine . the woman behind it all has an agenda which is impossible to understand . br br speaking of twelve year olds , this film has the infamous role of hub , this mad kid who swears and kills people , played by a child actor . i'm not going to be all moral about it , it's a free world and if you want a psycho kid in your action movie , go for it . i don't know how much of frank miller's original vision was put into this , but the credits at least acknowledge him as conceiver of the story . and , if i zoom out , i could see this as being quite a cool character . it's grim for sure , to have a maniac killer kid but then again this is the world of robocop and who would be surprised ? this whole business with the ocp trying to become this giant monopoly over everything , is properly dystopian and good as well . also , the idea of robocop getting in touch with his wife and kid , having them embedded into the story somehow would also be great , and as far as i can see a natural and logical step if they now had to make a robocop sequel . br br but , of course , these are just ideas . as many people have already said , the screenplay is 100 mess . the kid has one scene the torture scene where it's hinted that he in fact is just a stereotype messed up kid , and then we have this unimaginable scene where he is dying and gets all soft and friendly towards ol' tin head . why doesn't he just take up his uzi and try to take him down with his last breath ? isn't that what his character would do ? does he give his life a little second thought there on his death bed ? not necessarily , given that his last words are it sucks , so why ? it really makes no sense , and this can be said about everybody , no everything , in this film . is there a strike in the police force ? is robocop machine or man ? what's the deal with turning robo into this community service machine for 10 minutes ? i mean , sure , it's pretty funny i wouldn't deny that . but why build it up , and then discard it ? and why the hell is allen so criminally underused ? and what is it weller has an obvious urge to express with his character and yeah , well , the threads are many and the mess is enormous . br br this review is just as messed up as the film . the only reason i give an extra star up there is because of the actors from the first film , i'm sure they had good intentions with it . i mean it's something somewhat stable , some kind of anchor in this sea of bad movie making .",0,1
"if you can make it thru classic meyer titlesintro , you can wade thru anything . but would you want to ? i did not find a lot there to dig my teeth into . i suppose if you go into it with low enuff expectations you will be delighted a la charlie's angels . but for my money i'd like a little something more , more visual , more moving . more . i feel like i'm begging for gruel the foot of the master . the mans got the goods . but he just won't share .",0,1
"synopsis correction the ending does not show ben cruising online for guys . he is looking up arabic language courses at the presido military acadamy in san francisco . perhaps to join the war in iraq as a translator , fyi many of the dishonorable discharges from d'ont ask d'ont tell have been translators they are now it major short supply ben also spoke russian . this movie is a good time capsule of life in manhatten but quite a bit of non reality here . mostly a good laugh at lame social skills and the sad portrayal of grown up twenty somethings not developing beyond the college party mode . also a brief study of the always changing scene in manhatten . somehow it always stays close to the edge of the same b . s . br br watch together the films englishman in new york and the the new twenty both good for nostalgia . i think the movie twenty shows how far the blur between gay and straight as evolved . br br these two films are gay time travel for sure ! ! ! ! enjoy",0,1
"on broadway , a chorus line was pure magic . from the second the show opened with a spectacular burst of energy to the truly grand finale , a joyous curtain call of all those chorus members who we grew to love during the course of the show , we were totally engaged captivated by the intensely personal stories , some funny , some clever , some stirring , of this chorus line . the movie is another matter entirely . the focus is now on the director and what an ogre he is ! every time the film switches to michael douglas , there he is with a bitter , sour expression , barking out questions and orders , screaming and yelling whenever he gets the chance . yikes ! ! that changes the dynamics of the story . on broadway , the director was indeed an imperious offstage presence , but he was also sort of a theatrical device to allow the stories of these amazing strongfragileintriguinghilarious chorus line members to be told with insight and clarity . there is a reason this work won the pulitzer prize ! and actually in one of the only moments the director appears , he is there to comfort the young puerto rican dancer after we hear that dancer's heartbreaking story . he appears again to ultimately express his genuine affection concern for cassie . but in the movie , from the second douglas' director starts bitterly barking orders , the chorus line members' stories become secondary . it's like they are in a lousy profession , where a jaded director instead of showing the joy at creating a new exciting theatrical show , is jaded , exhausted , furious at having to audition these chorus members . on stage , there was always the excitement of the show . here in the movie practically from the word go , you feel sorry for everyone involved . during the course of the musical , we desperately wished every single one of those chorus members well , and how happy we would have been if they had all gotten the job ! but of course that couldn't happen . but in the finale when they all came back in glorious costume with those amazing spinning mirrors on stage , sometimes reflecting us in the audience , in our hearts , and we know , also in the hearts of all those chorus members both accepted and rejected , they were on stage forever dancing in a profession they loved so much , bringing magic to the theatre . in the movie , after all the misplaced story lines and emphasis , that magic becomes totally diluted . all we feel even with the exact same curtain call , is that some of the members got a job with a meanspirited director . so they all come on the screen and are dancing again . big deal .",0,1
"i find myself alarmed that people are not so critical of a work that deserves criticism . the many similarities , both structurally and literally , with 'amadeus' aside the 'copying beethoven' deliberately chooses the easy path by putting audience before art . and therefore denying the world a discerning , intelligent and creative work . br br now consider the following is it not possible that the real story of the creation of the ninth symphony may actually be an engaging and powerful story itself and equally so in a dramatic telling ? beethoven was completely deaf by the writing of the symphony isn't that more interesting ? how was the symphony conducted ? wouldn't it be great to know ? so ask yourself , what possible motivation could a filmmaker have for introducing a woman as the copyist ? if there was a copyist , he would certainly be a man . what was his story ? please try to be a little critical here even if you like the invention of a woman composer . br br fantasy should be much more than a distortion of reality to serve a writers purpose . for those who find themselves comparing and justifying the invention of anna holtz with the invention of salieri's claim to have murdered mozart in 'amadeus' , consider that he confessing to a priest in a lunatic asylum schaffer uses this device to great affect in the film . 'copying beethoven' may have worked if anna was a figment of ludwig's fevered imagination . but we are meant to believe she is 'possible' . . . yes and that strauss was assisted by aliens . br br most of the positive reviews i've read here so far are often expressions of a desire for the film to be good ; almost a deliberate amnesia . remembering the film for what you wish it to be rather than what it is . br br for those who believe that fantasy justifies the means then consider you are not only accepting an inferior interpretation of real events but also sacrificing the truth for the sake of a triviality . br br finally , a short note on the acting here that may surprise some of you . ed harris is not good as ludwig van beethoven . does that shock you ? he looks awkward throughout the film , much like an actor dressed up , but off set and standing at the catering table . most of his lines are said as cues rather than replies to anna holtz's lines i . e . he is not listening to the actor . he is quite clearly an actor masquerading as the character rather than being the character . br br really , how many times does beethoven have to roll in his grave before we get it right ? just ask yourself , would ludwig approve ?",0,1
"with a cheap pound shop having just opened , i thought that it was worth looking to see if their were any cheap dvds that looked good . and while the back of the cover made this sound like a jeepers creepers type of film , it is actually an anthology film ! and thought one or two of the stories feel very familiar . its still a fun light horrorcomedy . the plotsbr br story onethe classic . br br a young couple feel the it is time that they should try to in prove their financial life by picking up a 1500 car . but , when the guy goes to pick a car , a car starts to talk to him . the car called banns says that to get everything that he has ever wanted in life , that he must buy baans for 5000 . so while the guys relationship crumbles , baans does everything he can to show who really is in charge . br br story twokitchen culture . br br a guy that might get thrown out by his land lord , due to how messy his flat is , discovers that due to keeping a tuna pasta in his fridge for six months , the it has now moulded and evolved into a green mouldy version of himself ! . and while they start off as friends , they end up having a big falling out , the leads to a final battle to see if the real guy or his fridge clone will survive . br br story threetoo good to be true . br br a girl signs up with a dating agency and she gets matched with a guy the is perfect for her . but she is unsure that the guy is too perfect , and when she thinks that she sees him 'shut down' she starts to get spooked . view on the filmbr br the first thing that i have to mention is the rating for the film in england , where it has been given an eighteen rating , even thought it has no nudity , swearing or blood at all . and the other odd thing about all the stories is that they all have happy endings , where the goodies win ! . and while the first story is too close to the stephen king classic christine , the second story is easily the highlight of the film , with director tom parkinson making the nuttiness of the story feel like a lowbudget muppets episode ! . br br final view on the filmbr br while it does have a bit of a 'remake ; feel , their is enough wackiness to make this a good horror 'comedy' .",0,1
"ivan valeri nikolayev is a bitter , cynical journalist who investigates the unexplained . he travels to this small town where it's said that a witch ita ever is terrorizing the community . br br his car stalls and he takes refuge in a small building , and meets a beautiful , mysterious girl . suddenly she turns into a demon and he kills her , and the town is wondering who murdered this woman . . . who i guess was the witch but i am not entirely sure . ivan is now being pursued by her spirit , or something , and he has to have faith , or something , to beat it . br br i really hate christian films . they are usually filled with lame actors , stupid storyline and minimal effects . not to mention that this isn't just a christian film . . . but a foreign one as well . the voiceover actor for ivan made the movie more comical than terrorizing , because it is so high pitched and whiny . you won't miss much by missing out on this film .",0,1
"this film did not excite me . while on vacation in turkey i noticed that it was playing at the local cinema and decided to take the chance to go see it . the action sequences in the film are well choreographed , however , the story drags during the middle of the film . br br one thing that i did not quite follow is how borte was able to get the money to bribe the guards . br br the other thing that i did not particularly like was the missing segment of khan's life . it did not go into detail as to how the bad guys were able to find him and reimprison him after he had gone missing for so long . br br overall , i rate this movie a 4 because i enjoyed the action sequences , but they were too few to justify a higher rating as the dialog left me less than impressed . . .",0,1
"i love musicals , all of them , from joyous oklahoma , to poignant porgy and bess , to the touching romantic damn yankees . and i know most of the songs , sometimes singing them spontaneously , with a crowd or humming them alone . br br in a real musical , as differentiated from this vaudeville show , every song is painstakingly crafted to fit the exact moment . it is an expression of sadness , regret , love , joy or exaltationa natural extension where mere words fail . so , in guys and dolls , my time of day describes the adventurous life of sky masterson as it is about to be compromised by the most unlikely woman . every song in this brilliant exemplar of the genre sets a mood , or develops a character , creating a phantasmagoria of place , turned absolutely believable by the self disclosing evocations of song . br br for this lover of the broadway musical , and their adaptations to the screen during the last half of the 20th century , mama mia is somewhere between satire and a cruel fun house distortion of the genre . there , the songs of these musicals advanced the often elaborate , often delightful , plot lines . while here , the songs , simply picked up from a collection , only interfered with the shaky premise of the film . br br perhaps most of those viewers who are making this film into a monumental success simply have no exposure to the art form of 20th century musicals . they have no idea of the magic performed by writer and lyricist that can turn a dance hall floozy into someone whom we know and love , as achieved in sweet charity . br br let me offer an apology for the arrogance of this review . perhaps , another day , another mood , i could have gotten into it , and not have been so critical in this review . br br but i can't help but imagining what richard roger , oscar hammerstein , cole porter , irving berlin and so many others could have done even with with this silly premise . i think about it , while the memories of seeing this film is fresh , and i can not help but to mourn the great loss .",0,1
"1st watched 292008 , 4 out of 10dirj . s . cardone sexual political thriller that doesn't really succeed in any of these areas very well except early on where there are some interesting softcore scenes . the movie starts off portraying a couple exploring their sexual fantasies amidst their work environments or wherever and whatever suits their fancy . the couple takes an excursion to a retreat and bathhouse where they run into a woman that's willing to be a part of a threesome and fulfill some of their fantasies . at this point , we only know that this couple is well off but we don't know until they return that the fianc is part of a welltodo political family . the man hopes to be on the rise to the point of possibly getting a congressional seat after the marriage . they then receive a package in the mail from an anonymous source with explicit pictures of their encounter at the bath house and their qwest begins as to how and why they were filmed , who sent the package , what they want , and how to clear their names before any of this gets out . this qwest becomes an obsession that leads them deeper into seedier worlds and takes a lot of their time , to the point where their friends family wonder what they're doing all day and why they look rundown all the time . this movie is interesting at times but drifts into ridiculousness as they personally seek out the problem instead of getting the police involved early on because of their pride . this mistake , of course , keeps the movie going . the performances are fine despite the noname cast but the lunacy of the situation overrides and the movie starts to become hohum about the way through . and of course , they throw in a twist at the end that defies and challenges everything that happened prioras is the norm these days when they don't know what else to do to spice up the movie . this doesn't help this movie one bit , though .",0,1
"unspeakably discombobulated turkey , a mix of antinazi musical ! ! , prewar americana and agatha christie whodunit spoof with one big , big problem it's deadly unfunny . besides the singledigit i . q . plot and dialog , the most amazing aspect of lady . . . is the berserk casting . gene wilder star and cowriter tries hard at it all he plays a romantic lead with his looks ! ! and his age ! ! he and woody allen should start a club for clueless , mirrorless ageing comedians , and he tries to be moving and funny and poignant and smart , and tries to sing and dance , and succeeds in none ! ! a looong shot from his good old days with mel brooks . br br for a while i thought i was having a myopia fit , because everybody in the movie keeps saying cherry jones is this pretty hot chick , and that michael cumpsty is this impossibly handsome stallion ! ! the guy who plays claire bloom's male secretary is a bespectacled balding thin actor as sexy as a chair and is the object of passion of the two leading ladies ! ! mike starr's overthetop acting as the most incompetent , phoniest cop you ever saw deserves to rank among the 10 most abhorrent performances in recent film history . the saddest note is to see wonderful claire bloom and barbara sukowa completely miscast and offensively wasted . at least i hope both stars payed their bills back home and subsequently fired their agents with this flop . no wonder acting prodigy sukowa returned to germany after she saw what hollywood had in store for her ! ! br br if you want to see how to accomplish a really bad film out of a really bad script with a berserk casting director , study this one otherwise stay away ! ! ! 110",0,1
"you would think that a film that starred three of the biggest male film stars of the post world war ii era would have become a classic . these three who also happen to be three favorites of mine , walk around in a daze , looking like they'd rather be any place , but there . br br the sad thing is that the way west definitely had some potential to be a classic . in these days of political correctness , a film about american pioneers and the travails of their westward migration is something not done now . it should have been better done back then . br br kirk douglas is a former united states senator who's heading a wagon train west to build a settlement in oregon's willamette valley . being he's an expolitician , he rates above the hoi ploi he's leading . the script calls for him to have not only a covered wagon , but a carriage to lead the train . br br you think that's ludicrous , you ought to see the whipping scene where douglas orders his black servant , played by roy glenn to whip him . i won't spoil it by saying what causes douglas to demand this of glenn , but trust me , it's bad . br br robert mitchum is the trail guide and of the three stars he looks the most bored . there was supposed to be considerable friction on the set between widmark and douglas , but mitchum just saunters through the film above it all . br br maybe the friction helped somewhat because the movie calls for douglas , a widower , to have an eye on mrs . widmark , played by lola albright . now she's the best looking thing in the movie . br br the film billing says introducing sally field . this was made in between her gidget and her flying nun days . she plays a piece of white southern trash with the musical comedy name of mercy mcbee . we first see her in the movie sitting on the back of her parents wagon , legs akimbo and inviting . of course she gets taken up on her invitation . br br her character is something like what's found in every trailer park in america and then again what was a wagon train , but one large trailer park on the move . br br despite this film , sally field went on to a two oscar career . what that woman had to overcome . br br victor mclaglen's son andrew directed this item and together with a lousy script turned this into a turgid mess . shame on andrew mclaglen , he's certainly done better in his career . br br and so will you , unless you're a stargazer .",0,1
"a family of dirtfarmers moves out west . br br the head of walnut grove's newest motley brood is named 'charles' . he works at the mill sawing lots of lumber , though who in hell he thinks he's cutting all that wood for is a mystery , because none of the folks in all of township have enough money to buy a splinter , much less a twobyfour . br br running the town is the 'olsons' , a rich but stupid clan that relocated to these parts in order to rake in all that dough they make selling eggs for eleven cents a dozen . they have two children , a boy , 'willie' , and a girl , 'nellie' , whom between them , have only one saving asset . . . nellie is hot and it's fun to spy on her when she takes a bath in the crick . br br the town preacher is also the village idiot because he thinks he's really something special to this backwoods covey of country dillweeds , when in reality , they can't stand his boring sermons and the only thing they pray for on sunday is for him to fall off the nearest cliff as soon as possible . br br the town doctor is a dinosaur who saw his better days about 20 years ago , but he hangs around anyway so he can give free breast examinations to the old hags that live in town . unfortunately , the only time these ancient hot mamas get down on their knees is to pull a loaf of bread out of the oven to give to the doc for his services . but that's ok with doc because he knows these old wenches give good bread . br br bringing up the rear of this colorful collection of country cowchips is charles' wimpy wife 'carolyn' and their three girls , 'mary' , 'carrie' , and 'halfpint' . mary is another hot chick who all the guys sneak a peek at whenever she takes a shower or a crap . carrie is an annoying little kid , but stick a cookie in her mouth and you won't even know she's there , in fact , where is she ? . . . oh , there she is . . . she's in the yard playing with a pack of cigarettes . . . how cute ! halfpint is the town's youngest screwup . she may not have a brain or any kind of a body to speak of , but she can spit farther then any boy in the whole freaking school . br br it's a great town , walnut grove , where someone is always falling off a roof or getting run over by a wagon wheel , and it's beautiful , too , made up of one building . . . the churchschoolhousetown hallpool room . ah , it gets a little hairy on the prairie , but that's ok , especially when mary is taking a bath in the crick . . . that's when you can see how hairy it really is .",0,1
"you may like tim burton's fantasies , but not in a commerciallike show off lasting 8 minutes . it demonstrates good technical points without real creativity or some established narrative pace .",0,1
"korine's established himself , by now , as a talented and impressive imagemaker . the promotional posters for mister lonely all include the film's most impressive compositions though there's one in particular i've yet to see in promo material that of a blueclad nun teasing a dog with a stick , surrounded by green forest with torrential rain pouring down . the opening images of this film , of michael jackson lookalike diego luna riding a small motorbike round a track , is strangely compelling and beautiful roy orbison's mister lonely plays on the soundtrack , and the images unfold in slowmotion . there's also a funny and terrific sequence in which the same character mimes a dance , without music though a radio sits like a silent dog next to him , in the middle of a paris street ; korine splices in sound effects and jumpcuts that evoke both a feeling of futility and dogged liberation in the character's dance routine . br br the first instance of the segment dealing with the nuns is also strangely poignant ; father umbrillo werner herzog is an autocratic priest about to fly with some nuns over , and drop food into , impoverished areas nearby . in a scene that is both lighthearted and affecting , herzog must deal with a stubbornly enthusiastic local who wishes to make the plane trip with them in order to see his wife in san francisco . as the exchange develops , herzog draws out of the man a confession he has sinned , and his frequent infidelity is the cause of his wife having left him in the first place . this scene , short and sweet , gains particular weight after one learns its improvised origins the sinner is played by a nonactor who was on set when korine and co . were filming and his adulterous ways had given him , in real life , a lasting , overwhelming guilt . br br henceforth , the film is hitandmiss ; a succession of intrinsically interesting moments that add to a frivolous , muddled narrative . whereas gummo and julien donkeyboy maintain their aesthetic and emotional weight via coherent structural frameworks , mister lonely feels like a victim of editing room ruthlessness . a few scenes were cut from the film , which would have otherwise painted fuller pictures of certain characters , due to continuity errors in costume a result , no doubt , due to the absence of a shooting script and korine's tendency for improvisation . one deleted scene in particular in which 'charlie chaplin' denis lavant and 'madonna' melita morgan have sex would have added much more emotional conflict to a scene later on in the film i won't spoil it , but it's there to deflate any feeling of warmth or celebration , and , as it is , only halfsucceeds . br br the two strands of the narrative , unconnected literally , are best approached as two entirely different stories with the same allegorical meaning ; one compliments the other and vice versa . it's something to do with the conflict between one's ambitions and the reality of the current situation . but there's not enough of the herzog scenes to merit their place in the film , and so any connection between these two allegoricallyconnected threads is inevitably strained and the inclusion is , in retrospect , tedious . br br this is an ambitious step forward from julien donkeyboy that suffers mostly , at least in the lookalike segments , from having far too many characters for the film's running length , a flaw that would have been even worse had big star names played everyone as was originally planned . br br with many of the imagery's selfcontained beauty , and moments of real , genuine connection with the soundtrack , this feels like it'd be much more suited to an art installation or photo exhibition . as an exploration of mimesis and the nature of impersonation , it'd lose none of its power indeed , for me , it would perhaps be more impressive . the loneliness attached to iconic performativity such as that encountered by both the icons themselves and those who aspire to be like them is wellcaptured in images such as that wherein 'marilyn monroe' a gorgeous samantha morton seduces the camera with a seven year itch pose in the middle of a forest , or when 'sammy davis , jr . ' jason pennycooke settles , postdance rehearsal , with his back to the camera overlooking an incredible , tranquil lake . br br as it is , moments like these , and all those where the titles of randomlychosen michael jackson songs crawl across the scene , are married to one another in a film narrative far less affecting than it should be . br br for those who see it , i lost all faith during the eggsinging scene , late on . you'll know which scene i mean because it sticks out like a sore thumb , as some sort of gimmicky attempt at the new cinematic language for which korine has previously been hailed .",0,1
"some nice scenery , but the story itselfin which a selfproclaimed egyptologist lesleyanne down visits egypt and , in the course of doing egyptologist things in the most unegyptologistic of ways e . g . , flash photography in the tombs , the handling of old parchment , etc . , uncovers a black market turf war and somehow in the span of two days , no less ! becomes that war's jumpsuitwearing epicenteris more puzzling than any riddle the sphinx ever posed . down is simply awful as the visiting british scholar that she seems to know absolutely nothing about the culture of egypt and even less about antiquities is the fault of the writers , certainly ; but that she's annoying as all get out is her own fault entirely , and the rest of the cast , including sir john gielgud and frank langella , seem as downright confused by the proceedings as i was . in short , not what you'd expect from schaffner planet of the apes , patton and co . br br worth watching for a laughably dated scene in which down rails against all male scholars , blaming them for her failure as an academic , while bathed under the softest light hollywood could muster . to top it off , she spends the next hour of the film shrieking and harried and running into the arms of any dude she can find . wow , talk about your performative irony ! br br note to wouldbe egyptologists take a year or two of arabic in grad school . it'll really help out in the long run . . .",0,1
"the dea agent's name , anslinger , is a nice inside joke this is the name of the former drug czar who almost singlehandedly made marijuana illegal . br br despite this bit of book knowledge , the writers go on to have the farmers harvesting and selling fresh undried leaf , rather than cured buds . br br additionally , i always find it amusing that movie makers never seem to be able to find real marijuana plants for filming . you would think there would be a business that would make real looking fake ones for the movie business or maybe they could film a couple of scenes in amsterdam or switzerland . i suppose that's asking too much for the budget . br br probably the most interesting thing about the film is the attempt to cover the notion of exactly what is right and what is wrong in society and how the law treads that line and yet tries to do justice in spite of it . br br",0,1
"a really funny story idea with good actors but it misses somehow . the actors are older but none of them looked particularly good . they needed better make up , photography or something . it is supposed to be a love story and yet the film had more of the rough look of a street film . i liked the cast but i think the performances were rather bland . this is where the weakness of the director shows . perhaps if mrs . spielberg had mr . spielberg directing it would have been a much better film .",0,1
"i had high hopes for this one after reading earlier reviews but it was so slow and the plot so basic that well i wondered if i had read the wrong reviews . br br please , a boy meets girl next door at 11 and both aspire to love and being basketball legends . grow apart , but watch each others progress . guess what ! both get scholarships to same university and become lovers again until his father is caught out playing around with a younger woman . our young hero unable to cope has lapse in court concentration but some how decides to go pro and drop studies , and guess what is picked up by lakers . dumps the heroine because she was not there for him during this emotional period . so for 5 years they go their own way . she returns from spain having lost the zest for the game and our hero is getting married in two weeks . mom tells her that she should fight for her love so she professes her ongoing love and challenges him to a basketball shootout . he wins he marries she wins he loves her . well he won but decides to dump other girl for our girl . the end has her playing basketball and he has baby duties . sorry 2 is my high score . my partner she scored 0 for a soapy story for those who read mills and boon",0,1
"the dvd for this film is by alpha videoa company that almost always releases the poorest quality prints . in alpha's defense , often that is the only print available , but the specialize in public domain and cheapo films . if you can find another print by a different company , try it first as the print for this film is scratchy and faded . still , compared to most alpha dvds , this one is excellentespecially since the sound is pretty clear and alpha never seems to include closed captioningseven with films with horrid sound . br br a man has been dating a lady for a very long time . one night , he's a bad boy and spends the night with another woman . soon afterwords , he comes clean to his fiance about this , she forgives him and they marry . br br very soon after the wedding , he gets a frantic call from the other womanshe needs to see him and has just tried to kill herself . when they meet , he learns that she has an std and she wanted him to know that he , too , might now have it . then , although there is a nurse there and they are treating her for the suicide attempt , she somehow finds a gun and kills herself ! the makes a huge mistake . he does not tell his doctor and he doesn't tell his new wife . some time passes and now she and the baby are infected ! at this point , the doctor meets with the guy and tells him about the importance of getting treatment and they shows him rooms filled with horribly infected people actually , these were just films of people with stds that they spliced into the filmmost of whom have syphilis . br br in some ways the film is very progressive . it addresses a serious issue and it's interesting how the film encourages couples not to wait to get married but to marry fast and give in to those sexual urgesbut only with each other not bad advice at all . on the other hand , the film never exactly says what it's talking about . they never use the terms std , vd or the like , nor does it even name the diseases . often it is referring to syphilis but at other times it's talking about herpes or other stdsthe information just isn't very clear or specifica very common problem with such films from this era . audiences at the time must have felt quite confused about what they were seeing and many of the more naive probably needed to have some of their 'faster' friends explain it all to them ! br br speaking of such films , in the 1930s50s , lots of small and often sleazy production companies made films decrying the dangers of drugs and sex though often they really just wanted to promise a bit of cheesecake for audiences who usually could not see such racy fare in hollywood films . many of these are hysterically funny since they are so overdone and the information so inaccurate . the most famous examples are reefer madness and sex madness both by the same twobit production company and compared to how salacious and stupid those two films are , this cheap film seems like it should be in the criterion collection ! ! br br interestingly , there are weirdos out there i would definitely be included among them that enjoy seeing the films because they are often so bad and so horribly made that they are great fun . this one , however , isn't that bad nor is the message that convoluted and the film of the victims isn't as grotesque as some similar films . while the message really should have been more explicit and useful , for a 1933 film it's pretty gooddespite the occasionally poor acting and the ludicrous suicide scene . remember kidsjust say 'no' to suicide ! br br oh , by the way , the two years of treatment they talk about in the film was actually the norm for syphilis back in 1933 . nowadays , it's a lot more treatableas are the rest of the stds .",0,1
"i was unsure whether or not andy sidaris could repeat his success with the cinematic hit malibu express . with his film fit to kill he has proved that sidaris is a serious filmmaker and not just a oneshot director . the plot written by sidaris , which was ungratefully passed up by the academy , is a complex screenplay involving many unseen twists and turns . the main characters composed work for a sexually based radio station known as ksxy . cleverly , ksxy is actually their secret headquarters . in fit to kill they confront their longtime nemesis kane , who is trying to steal one of russia's most prized diamonds . a wellwritten screenplay is not all , excellent acting by the cast helps to ensure this film as a cult classic . panned by the critics and the box office , this film will be appreciated in years to come . it is now suffering the same fate as clockwork orange and taxi driver did , but in the future will undoubtly become recognized . i am disappointed no critic circles have recognized andy sidaris's trademark filmmaking . the costumes , the special effects , all help to compliment this already beautiful piece of filmmaking . it may do you best to ignore the dismal 3 rating on this film and go out and rent it for yourself . my personal rating is 1010 . the drama is as thick as the blockbuster runaway bride , and the action better or equal to the cinematic masterpiece last action hero . andy , keep up the good work .",0,1
"you're not going to shoot those little creatures . in the first place , they haven't done you any harm . in the second place , they may be radioactive . ah , the joys of nobudget 50s scifi yet despite the odd gem like that , superman and the molemen is pretty uninspiring going even with a lean 58minute running time . it's beyond cheap the one shot of superman flying is an incredibly inept few frames of animation and pretty dull with it , though it has a surprisingly altruistic message the mute molemen , diminutive actors with enlarged skulls and fur coats who look more like mr mxyzptlk without the hat than subterranean critters , released from their underground world by oil drilling are not malicious , merely misunderstood , and george reeves' man of steel tries to prevent the local smalltown mob led by jeff corey from killing them . an interesting counterpoint to the paranoia of the day , perhaps , but with little more than good intentions to recommend it .",0,1
"jill dunne played by mitzi kapture , is an attractive , nice woman , overwhelmed by a smartmouthed teenage daughter , liv martha macisaac and a petty , twotiming husband , sean rick roberts , both of which were tediously selfcentered , and obnoxious . br br this was advertised as a troubled family stalked by a crazed killer during a relentless storm . br br the storm doesn't even happen until about the last 5 minutes of the film , and then it isn't anything to send anybody running to the storm cellar . br br the stalking , likewise doesn't get intense until almost the end of the film . br br most of the film we spend listening to jill and her insufferable daughter , liv , argue until i just wanted to back slap the daughter into next week . br br jill's problem with liv is that she has taken up with zack , a boy of questionable character , and they are constantly making outin fact jill comes home to find the two of them on liv's bed . br br the rest of the time we spend listening to jill's husband sean either whine at jill or criticize her . br br sean was not at all appealingsince his face is so covered in freckles you could play connect the dots . br br the story begins with jill being notified of an outstanding bill on their credit card for a hotel she has never been to , and that she thought sean had never been to either . br br jill goes to the hotel where she meets the owner manager , richard grant nick mancuso , a very nice , older , divorced man , who is sympathetic to her . in fact , when he spots her husband there again , he phones jill and tips her off . br br jill returns to the hotel , sees sean with another woman . she is upset , leaves without sean seeing her , and does absolutely nothing . in fact , she doesn't even say anything to sean when he arrives home . this made no sense to me . br br jill has given richard her business card , and so he calls her and she is apparently in real estate . she shows him a condo . afterwards they have a drink , and things get cozy between them . br br richard and jill are getting it on , hot and heavy . in fact , he seems a bit more aggressive than necessary , when jill suddenly decides to cut out . br br jill and sean have a confrontation about his cheating . sean whines about how jill has been letting him down since her father died . apparently his lack of any morals is all her fault . eventually jill confesses her own lack of morals and near adultery to seanand of course that's all her fault too , as far as sean is concerned . br br the little family decides to go on a camping tripwhich means more whining and grousing among them , especially from the spoiled daughter . br br i was so rooting for the stalker to get everybody , but jill . br br 3 stars",0,1
"i saw this film in its entirety in the 1960s 70s , yes it is gruesome , and could be the progenitor of the faces of death series popular in the 80s 90s . considering the state of socalled driver education these days , this one should be required viewing for everyone preparing to learn to drive . when you see violent death in all its gore horror , you certainly if you have any sensibility at all get a truer perspective on the responsibilities required to drive safely , what one instant of thoughtlessness or inattentiveness at the wheel can do . i worked for bell telephone in the 70s 80s , and at one point was assigned to conduct a safety class . i found this film in the company library , showed it at the session , a number of people got physically sick and had to leave the room ! incredibly , most of them later said i never knew a car accident could be so terrible ! this film , and another , red asphalt , is certainly reality in its most graphic form . i'll never forget it , i only wish i could have found a copy when my children were attending driver's ed in high school !",0,1
"do these guys take have a computer kick out these same plots over and over again , only the names , places , and faces are changed to prevent complete boredom . hubby is handsome and rich , but too busy to pay attention to his gorgeous wife . a situation she constantly tries to remedy . her friendneighbor has the same problem so they become interested in each others hubbiesthe grass is always greener . throw in a sexy scheming made who has designs on everybody and you get a lot of stripping and dipping and a salad bowl of an unintelligible plot . br br the quality of bodies is pretty high here , although not much in the way of contact , even simulated is shown . good late night erotica if jay leno can't put you to sleep .",0,1
"in a variant of sholay , ram gopal verma ventures into what can be called an unknown territory where the blockbuster takes a new shape . the thakur goes south . mohanlal as narsimha the police inspector whose family has been killed seeks vengeance madrasi style . the accent is totally south indian in contrast to thakur from the north . the severing of the hands of thakur by gabbar is also cut down to the fingers in aag . so make up costs are cut down because there is no effort to hide the hands instead only a long shouldered kurta covers up for the cut fingers . moreso in the climax where the thakur uses his legs and saystere liye to mere paer hi kaafi hai here narsimha uses his finger stubs to fire a gun and kill the villain . babban , the new avtar of gabbar is also different . he is not from bihar or up . he is bambaiya . gabbar's infamous laugh is also in two instalments this time and is more subdued . babban asks for diwali instead of holi and romances urmila the replacement of helen in mehbooba . he also dances and enjoys dancing with abhisheh who plays jalal agha in mehbooba . babban is more intelligent this time . he tosses the apple and asks the question that made isaac newton discover laws of gravitation . basanti is more verbose than the auto driver ghungroo . nisha kothari cannot play the auto driver and looks too artificial using words like 'entertain' and 'too much' with gay abandon . viru was fun whereas ajay devgun is a misfit for the role . the god speaks to basanti incident and the shooting lessons and the koi haseena song and the water tank sequences are painful . the water tank turns into a well and the drunk devgun is so bad in the sequence that the audience would have wanted him to commit suicide . jai was composed and serious . prashant raj is better than the others because we do not expect anything from him . but he also bungles on the mausi sequence . he is not as romantic as jai with the mouth organ . jaya's role played by sushmita changes careers . a pure housewife turns into a doctor this time plunging into full time social service after her husband is killed . she too lacks the pain that jaya displayed . her flirtations with jai are more open this time . samba gets a bigger role this time as tambe . he does not have to point guns and answer questions of gabbar this time . he follows babban wherever he goes and is a bodyguard with more visibility outside the den . horses give way to jeeps and auto . the gabbar's hideout here keeps changing and ramgarh becomes kaliganj . all in all it is more of a spoof than anything else . rgv comes up with his own interpretation of the classic . but we remember the original so well even after three decades that our minds refuse to accept stylized versions and changed dialogues . so we call it a spoof . so mr . rgvsholay and farhan akhtar don and jpduttaumrao jaan stop making remixes and start making originals .",0,1
"the best thing about this movie for me was that bryan dick played rafe and made me melt . rafe and all his gorgeousness made the movie worth sitting through , even though i itched to get up and scream . i have never seen a hotter man . br br ahem but that's not the point . br br the title ? that is indeed what it is . they took the beautiful story written by annette curtis klause and threw it out . i will , in all my analretentive glory , point out what was missing , what has changed , and all else wrong with the movie . br br sit tight and here goesbr br apparently , rafe is son of astrid and gabriel , and apparently , ulf is no longer astrid's child , like in the book . and , as i recall from the book , rafe and astrid were lovers . br br astrid is apparently blond , as opposed to the notably red hair described in the book . i believe the book said that she looked more like a fox than a wolf . and the movie also shows that astrid is vivian's aunt . br br where did axel go ? br br vivian is 19 . in the book she was 16 . br br vivian and aiden meet in high school which they both attend in the book . vivian goes to see aiden because of his poem 'wolf change' . but , according to the movie , aiden beat up his dad , escaped , and now lives in romania , and draws graphic novels . this made me go 'what the fk . ' br br there is no 'kelly' in the movie . where was the kelly in the movie . the kelly in the book , however , hated vivian . and she also dated aiden after they broke up . vivian even gets tipsy in the book and trashed her room . br br gabriel bears a striking resemblance to a columbian drug lord in the movie . and he sort of sounds like one too . his acting was very good , but his appearance threw me off . br br vivian had no parents in the movie . her father and mother and 2 other siblings died in the movie . yet in the book , when she comes home one night , her mother , esme is sitting on the couch , after fighting with astrid over gabriel . and vivian has no siblings . only her father died in the book . br br aiden accepts vivan for what she is . this really got me . he kills rafe in the creepy church , confronts vivian , and she saves him from the others wolves , except aiden shoots her , so they saunter off to find medicine , and then they try to leave the city together . wtf ? ! in the book , aiden freaks out when she turns into a wolf , and cries like a chick , throws stuff at her , and so she panics , and jumps out the window . then he makes up a story that he tried to break up with her , and she threw a chair out of the window . that doesn't sound accepting to me . br br aiden wants her to runaway with him . in the book , he wants nothing to do with vivan after she turns for him . nor does he lovingly hold her face and say she can control it . he cries like a woman because he is scared of her . br br and the final indignation . . . the one that nearly gave my three best friends and i heart attacks in our seatsbr br in the movie , aiden and vivian run away together , and vivan has killed gabriel . as in she shoots him . gabriel dies . in the book not only does vivian not kill gabriel , i do believe they end up together . as in , she doesn't end up with aiden , she ends up with gabriel . what the hell . br br small things were noticed too ulf's red hair which he gets from astrid has been changed to brown in the movie , and vivian works at a chocolate shop . br br a horrible shock ; i am ashamed . the book really wasn't hard to follow . if disney can use a random h ! school , why couldn't the directer have found a random h ! school ? br br sigh i was really looking forward to this movie , i loved the book , it's sad that it didn't follow it one bit . i give it a 2 , only because as the top of this review states rafe played by bryan dick was dead sexy , and agnes bruckner did a wonderful job . and , they kept the poem from steppenwolf br br with love , br br caitlin",0,1
"i don't mind the odd artsy film . but when they are larded with arcane symbolism and murky dialogue and when it's obvious they were done for the filmmaker's ego rather than the viewer's benefit , i get upset . i'm not a stupid person yet i simply didn't understand what this film was trying to say . or do . film is a magnificent form of human communication . why do some filmmakers use it instead for obfuscation ?",0,1
"a bored television director is introduced to the black arts and astral projection by his girlfriend . learning the ability to separate his spirit from his body , the man finds a renewed interest in his life and a sense of wellbeing . unfortunately , the man discovers while he is sleeping , his spirit leaves his body and his uncontrolled body roams the streets in a murderous rampage , according to the dvd sleeve's synopsis . br br the synopsis isn't entirely correct , as it turns out . br br anyway , the movie opens with a dizzying outofbody example of handsome director winston rekert as paul sharpe's newly discovered astral body experience ; it also foreshadows an upcoming dogfight . young andrew bednarski as matthew sharpe , being a kid , draws pictures of the blue man , as his murder spree begins . handsome detective john novak as stewart kaufman discovers the victims are connected to mr . rekert . mr . novak's investigation leads to the supernatural ; a prime example of which is karen black as janus , with whom rekert fears he is falling in love . br br several in the cast perform well ; but , the blue man winds up tying itself up in a knot . aka eternal evil , its unsatisfying story tries to be far too clever for its own good .",0,1
"a group of seven people fear they are the only survivors of a near world ending hbomb blast . not only do they fear the radiation , but also mutants in the surrounding hillside . one of the group is already contaminated , but strangely poses no real threat to the others . just surviving the friction of assorted personalities at close range is the subplot . richard denning plays the hero . mike connors is close to the edge playing a tough guy . lori nelson is the girl destined to start populating a brave new world . not one of director roger corman's best . this is predictable black and white scifi .",0,1
"i watched this film recently on dvd and i have to say i wasn't impressed . i know it's taboo to knock independent films , but this one felt devoid of entertainment . br br the premise was interesting , but the execution of it fell short . i found myself thinking okay , they're just getting into it , the story will pick up soon . before i knew it , the film was over and the story never picked up . i can't say i found the acting all that impressive either . it was pretty bad . not star wars prequel trilogy bad , but bad nonetheless . br br i'm not sure what the running time was , i'll assume two hours because it's a safe estimate . anyway , when the film was finished , i felt as though i deserved some kind of recognition for the will power i exerted in not stopping the film and walking away halfway through . br br again , i was thoroughly unimpressed , and eventually bored out of my wits . i'm not one of those guys who requires fastpaced action and explosions in a film , so don't start in on me as that being a reason for not liking it .",0,1
"one of the most pleasant surprises of this early 3strip technicolor short was that a ballet dancer that appears here was named maria gambarelli ! i half wondered if blake edwards was naming the character played by elke sommer in a shot in the dark after this nowforgotten performer though the spelling of the sommer character's surname was actually gambrelli . i watched this on youtube mainly to see an early judy garland appearance as we watch her in profile with her two older sisters singing la cucaracha . that was the highlight for me which otherwise showed some dances like that of ms . gambarelli that were enjoyable and some lame comedy between andy devine as a great bullfighter yeah , right ! and buster keaton as a bull owner who provides one that is obviously a man in animal costume . only funny part of those two is when they crywith buster providing handkerchief to bullduring the sad part of la cucaracha . also lame was seeing ted healy without his stooges dealing with a crasher who keeps mistaking healy for other movie stars . healy himself didn't know zeppo had left the marx brothers since he puts four between the and marx ! speaking of a marx , it was interesting seeing harpo without his wig though he is wearing a hat to hide his bald head . also interesting was seeing ida lupino among the cowgirls in the beginning though i also recognized toby wing from her part in murder at the vanities last year at least when announcer pete smith identified her . oh , and smith himself wasn't funny with his wiseguy narration . other famous stars you may or may not recognize are also in cameos and not all are mgm contract players either ! so with all that said , la fiesta de santa barbara is worth a look for anyone curious about judy garland's early film appearances or the early use of 3strip technicolor .",0,1
"waldemar daninsky paul naschy travels to tibet and is bitten by a yeti , which causes him to become a werewolf . he is accidentally killed after he attacks his cheating wife and her lover , and is later revived by a female scientist , dr . ilona ermann , who uses him in mind control experiments . daninsky later discovers an underground asylum populated by the bizarre subjects of the doctor's failed experiments . br br upon hearing of naschy's death from colleague jon kitley , i rummaged through my collection for a suitable film to watch . in my scramble , i found i own not one but three ! copies of fury of the wolfman . the film is of questionable video quality , the sound is dubbed in a mediocre fashion , the cinematography is sort of slapstick style at times . and the american versions have two love scenes removed . quite frankly , without a remastered , uncut copy , i wasn't really getting the proper movie in all its glory . br br this film claims to be the fourth in a long series about the werewolf count waldemar daninsky . i suspect this is true , but you wouldn't know this from the film itself . the plot is confusing at times , and there's really no indication that this is a sequel . if you read the plot summaries on wikipedia and compare them to what is printed on the box , you'll see that i'm not alone in my confusion . br br perhaps the film's shortcomings can be forgiven if we understand the production hell it went through . while floating around for years , it was only released in 1973 , due to problems involved in finding a distributor . and naschy said in his autobiography that the director , zabalza , was an incompetent alcoholic , and that he hated working with him . those really aren't light accusations , and i have no idea what zabalza had to say on his own behalf . br br chances are , sooner or later you'll come across a lowgrade version of fury of the wolfman . it appears in a variety of threepacks and box sets , so you might accidentally acquire it and not even know . what really needs to happen is an american uncut version , with a decent sound and video mix , and the love scenes thrown back in . as far as i know , this does not exist . let us honor paul naschy's legacy and get his films to a wider audience in a level of quality he deserves .",0,1
"saturday night live , national lampoon , and sctv alumnus are all together in a sometimes funny sketch film . br br however , it is very interesting to watch now , at the start of 2005 . twenty years after this movie is supposed to take place , look at how many of their gags have become absolutely true there is a mock movie trailer , that probably wasn't even clever at the time , for something called the pregnant man which came true with arnold schwarzenegger's dumb movie junior there is a commercial spoof , that probably wasn't even clever at the time , for something featuring sammy davis jr . and jackie onasis called celebrity wrestling which has now come true with a popular show called celebrity boxing there is a mock movie trailer , that probably wasn't even clever at the time , that features john candy in a movie about a severed head . watch this trailer and look how similar it's shots and plot are to frank hellenlotter's basket case ! ! and finally there is an ad for a late late show documentary about a dead dream , the only two left . . . the name of the documentary is . . . the last hippies ! lol . br br four prophecies come true !",0,1
"the first five minutes of this movie showed potential . after that , it went straight from something possibly decent to some sort of illegitimate comedy . the best part is that i couldn't stop thinking of supertroopers thanks to joey kern . i would recommend watching this movie for the sheer fact of learning how not to make a movie . there are so many scenes in this movie that makes one just stop and wonder if the entire cast and crew just stopped caring at some point . the thing that amazes me most about this movie is that it grossed 22 million in the box office and only cost about 1 . 5 million to make . congrats to lion's gate for being able to pull that one off .",0,1
"my best guess is this piece of work will come out on dvd sometime before christmas . br br this movie was terrible . the time line jumps all over the place . this wouldn't be so bad if it left some suspense for the end . it was entirely predictable . bitch girls pick on outcast , outcast wants to know why they hate her so much , bitch girls die a terrible death , outcast girl goes home and looks crazy . outcast girl brought evil spirits with her , makes neighbors go crazy and kill each other . creepy kid understands what's going on . oh , and the younger sister not being good enough for mommie , sick mother sending younger daughter to bring the golden child home . br br to be fair , there were some great moments here and there . first of all , sarah michelle geller's character dies in the first few minutes . definite plus . didn't see that one coming . i didn't expect the wife to pour bacon grease on her husband's head , either . if the movie had kept up those kind of thrills , i would have loved it . the beginning showed so much promise . br br i was disappointed because i enjoyed the first one . it made me jump , i didn't expect most of what happened , and though i questioned some of the movie , it was still a fun watch . i didn't watch any previews for this the sequel , because i wanted to be surprised . i was , but in the wrong direction .",0,1
"the first 13 of this movie i loved and thought it was going to be one of truffaut's best films . i loved the plot where a pen pal marries a man from half way around the worldsight unseen . especially when this woman turns out to be a fraud and was responsible for the death of the real pen pal so she could take her place ! she then cleaned out the husband's huge bank account and disappeared ! i was really hooked and wanted to see more , . . . br br and then , the movie fell apart and became just plain dumb ! despite her coming from new caladonia an island in the pacific and he from reunion an island in the indian ocean , when he goes on a trip to the south of france , he stumbles upon her almost immediately . hmm , . . . . odds are 187 , 000 , 000 to 1 but he finds her . then , instead of either killing her or turning her over to the police , he forgives hereven when she acknowledges what she has done . okaythis is tough to believe , but okay , . . . but then he helps to hide her from a private detective by murdering him ! ! ! ! no one is that stupid ! yes , the character catherine deneuve plays is quite beautiful but come on folksthis is just silly . plus , if he only wanted her as a sex object , then why would he do this for a woman who is often frigid and completely selfish and evil . br br this movie , due to it's very ridiculous plot , does not deserve such high ratings ! unless you are a diehard truffaut fan , try another filmeven one of truffaut'sjust not this one .",0,1
"i turn on 700 club once in awhile and only agree with some of the statements made i'm one of many believers that is considered liberal by most christians and conservative by most nonchristians . i vote my mind , and its usually not rep . or dem . i don't believe 700 club tells people what to believe , but that it represents many older christians that grew up in very conservative backgrounds . i think many folks misunderstand what is said on 700 club . it bums me out to hear name calling either direction . i think 700 club folks really do love jesus but are so busy trying to get people to vote conservatively that they've forgotten to show love to certain people and promote peace like jesus did . please don't judge jesus based on ignorant individuals that believe on him and let's also not be as ignorant with our comments about them . why are people so mean to each other ?",0,1
"how disney can you get ? preppy rich girls act like idiots , buy a bunch of stuff , and get taught a lesson . is disney trying to send a lesson to itself ? that maybe while buying everything it should maybe still be human ? whatever the psychoanalysis , this movie sucked . br br the girls want a rich party for their rich lives . but then money disappears and they have to use their riches to get the milk plant yes , milk going to employ the workers . they keep it afloat until daddy comes home . and the man at the beginning , who appears to be the one that takes the money , is the one . but the ending is dumb . webcam in the cayman islands ? huh ? not worth my time ever again . br br but it is better than howl's moving castle . d",0,1
"yes pigeon and coburn are great , and it's interesting to watch them , although coburn seems rather restrained and dull here . it's enjoyable to view seattle , victoria and salt lake city of 1970's , and the period cars and clothing . that's all the good in this boring film . the dialog is incredibly bad , as is most of the acting . ray and sandy's motivations seem forced and unlikely . i've seen this training to be a pickpocket routine several times before . there's a long build up , leading to nothing . better to catch an episode of streets of san francisco , or one of the many great crimecaper movies . to name a few , there are bedtime story , remade as dirty rotten scoundrels , the lavender hill mob , the grifters , paper moon , the sting , and best of all , house of games .",0,1
"tv version of twister springs a few leaks but manages to remain watchable . my sister bought this at a walmart a few years back when it was released , i saw it back then and thought it was okay . later twister with bill pullman and helen hunt comes out or was it before ? i think it was '97 and did a better job overall . but twister was more silly fun ; this is realistic with a message . it all depends on what you want from a movie with twisters twisters , or a lowbudget character study ? br br john schneider and devon sawa he's the reason my sister bought it star , and devon sawa , who went on to wild america , final destination and slackers got his big break here . so in a way , i was one of the first people to see him really take off . i don't know if it's an honor or a shame , i haven't seen how he acts in recent films . br br night of the twisters all depends on personal taste , like i said , it all depends on what you want from a movie with twisters twisters , or a lowbudget character study . night of the twister has the latter . so you decide . br br i give it a 2 . 55 . . . br br john ulmer",0,1
"remember when harrison ford was the biggest star in hollywood because he made great movies ? those days are feeling like a more and more distant memory . br br while hollywood homicide is by no means terrible , it is a routine and surprisingly boring buddy cop movie . it's a comedy that's not particularly funny , and an action movie that's not especially exciting . an overabundance of subplots cannot mask the weakest of the central storyline . br br ford at least appears to be enjoying himself more than is his last few projects , and he is able to carry the film most of the time . hartnett is adequate , but he and ford aren't exactly newman and redford as far as chemistry is concerned . br br all in all , hollywood homicide is a reasonably amusing diversion , but just barely . take out ford , and it's not even that .",0,1
"ok maybe a 13 year old like me was a little to old for this movie . its about this pampered rat , who lives in a palace . then a sewer rat flushes him down a toilet ! he ends up in this rat city and meets this girl rat who has a gem a greedy frog wants . he will do anything for this gem he sends a whole army after these two rats . he plans to take the gem and to flood rat city ! the cool part about this movie is the slugs . they do all the sound effects . they sing , make noises , its awesome , its also pretty funny . ok bottom line , it is aimed at 7 year olds . other wise , a great movie to take a younger family member to see . i didn't think the animation was real dreamworks art though , more like wallace and gromit . i thinkthey slacked a little on that . the movie was just decent , not worth spending 9 . 50 for though , sorry .",0,1
"mary pickford becomes the chieftain of a scottish clan after the death of her father , and then has a romance . as fellow commenter snow leopard said , the film is rather episodic to begin . some of it is amusing , such as pickford whipping her clansmen to church , while some of it is just there . all in all , the story is weak , especially the recycled , contrived romance plotline and its climax . the transfer is so dark it's difficult to appreciate the scenery , but even accounting for that , this doesn't appear to be director maurice tourneur's best work . pickford and tourneur collaborated once more in the somewhat more accessible 'the poor little rich girl , ' typecasting pickford as a child character .",0,1
"usually when i don't see a show on an original run , i find it later on cable and realize it's a gem . the gimore girls is one of those rare exceptions . i'm glad i missed it . br br i truly despise shows that fill every minute of the actors space with rambling , stupid , boring banter . this is one hour of just that . the mother , lorelei , made me wonder if she is bipolar and off her lithium . she never stopped talking ; every minute , every second , talking to every person she interacted with . worse yet , her speech is childish and soooo , like , valley girl . she talked about guys , her hair , her mother , her clothes . like , what's the sitch ? ? for situation . i've watched this show three times and still don't get the point of this series . it's not a comedy , it's not a drama , it has no point except to make three generations of females in one family look like the girls from planet mars . the males by comparison are smart and make the show somewhat watchable . if lorelei ever existed and attempted to latch onto me with conversation , i'd have to mace her to get rid of her . she obviously doesn't know how to take a subtle hint to stop talking and start listening to someone else . she also doesn't know how to really notice the existence of others . br br in one show lorelei comes home from a date close to 10 pm . she got the date after pursuing a guy she met at an auction . she goes into her daughter's room where the daughter asks how it went . she dithers on about how boring the guy was . her date somehow got a few words in edgewise . lorelei complained about how the man didn't stop talking choke . hopefully the date learned how fortunate he was . br br one other person here commented on how the mother acts like a teen and the daughter is the adult personality . lorelei even dresses like her kid . this obviously 40something mom dresses and looks like she hit the mall with her high school pals in tow . br br i thought that this show should have been followed by just shoot me , because that's exactly how i felt .",0,1
"well , i don't normally think there's such a thing as a horrible movie , but this is pretty damned close ! the best acting performance in the whole thing was snoop dogg , who has one line in a 10 second scene . i agree with the glad it was short review . the music videos at the end were cool though .",0,1
"the cult of personality has elevated the status of roger corman , sam arkoff , lloyd kaufman etc . as kings of the b's . because the folks at crown international were so key , they haven't been elevated to the status they richly deserve . a film like the van may now seem like a disposable piece of drivein esoteria , but it was a sizable hit when it was released not to mention subsequent rereleases as a double feature with other crown hits . br br the van was a perfect example of crown's hit strategy of seizing upon the mood of moviegoers at the time of a film's release . here , it was sex , drugs , rock 'n roll and the brief custom van fad . as others have noted , it is ironic that the hit song in the film refers to a chevy when the title vehicle is a dodge in the film itself . i had a town selectman where i was at the time even declare these vans to be dens of sin on wheels ! a perfect ad line for the film ! br br there are the usual assortment of good and bad girls , muscleheads and lowbrow hijinks including a supporting bit by danny devito . in many ways this isn't much different from the old beach party movies of the 60's , but now spiced up with nudity and drug use . obviously done on a limited budget and a limited schedule , the film coasts along pleasantly enough with a breezy charm that compensates for some , by today's standards certainly , unpc views of women . br br the classic touch is a toaster for bobby's den of sin on wheels . yes , a toaster ! hey , you gotta have something hot for those munchies ! br br grindhouse fest .",0,1
"you know a movie will not go well when john carradine narrates a . k . a . reads the script plot synopsis over his character's funeral procession , a mere 5 minutes into the movie . the narration is his character's last will testament . it stipulates that his estate be divided amongst his 4 children and servants . the children shall split 136 million equally , but if any should die then that share is split amongst the remainders . if all the children should die then it is divided amongst the servants . to be eligible , they must live in the family estate for a week . it sounds like the typical plot of a reality show . br br there is little subtext as to the nature of the deans . they are a powerful and severely dysfunctional family , but the real trouble starts with the drowning of that dog . from the opening voiceover by john carradine you expect this movie will lead to a machiavellian cat and mouse game with a twist ending . br br that journey is painfully slow and pointless . we trudge through minutes of watching people sitting around , playing pool , throwing darts , the misuse of the through the fish bowl shot , dramatic conversations between silk cravat wearing men , constant bickering , misplaced circus music , bizarre flashbacks reminiscent of fauxgerman expressionism , the horror aesthetic of the 4th grade and heaps of dramatic overacting . this all inevitably leads to the expected ungratifying ending . you will be happy to still be alive , but the pain might be too great to bear alone . share children , share . br br celluloid rehab",0,1
"storyline the film spanning 4odd hours covers in adequate details the happenings at the kargil sector near the loc in 1999 when the pakistani infiltrators had crossed the loc and had entered deep into the indian territory and the indian retaliation . to know more about the story , i would suggest readers to read the newsitems pertaining to kargil . br br comment if one is looking for a formula story in this movie , then one can be sure that it is absent . loc is a story of pure sacrifice , patriotism , courage and lots and lots of bullets and blood . the movie hall where i saw this film was full of whistles and cheers when the film shows indian bravery . movie audience seemed similar to audiences like in an india vs pak cricket match . br br watch the movie as a tribute to the army's sacrifice and for the characterization of the reallife war heroes 4 pvc honoured heroes who have sacrificed their lives so that we could see this day . the movie has made a brilliant portrayal of the army who have battled all odds in rough weather conditions . the film's negatives are that it is too stretched and the songs are extremely boring .",0,1
"the documentary revolves around eva mozes kor , a holocaust survivor , part of mengele's experiments on twins , consisting primarily her version of what happened at auschwitz , and a comparison of the emotions of the other survivors of the twin experiments . the movie obviously had great reviews . it's one of those topics that no one dares to voice a contrary opinion about . br br i too , for a large part of the movie , got sucked into the emotion that the moviemaker so obviously wanted the viewer to concentrate on . one of the user reviews on imdb by eric monder obviously having nothing critical to say about the issue on a public forum could only find the sweetest nectar . in one of the many dramatic sequences , as a group of jews argue with kor at a jewish center , the meaning of the word forgive is even debated , but the isolated and outnumbered kor holds her own but by this time , the sappy hold that the movie had on my dormant emotional repertoire had let loose enough that i could see clearly once more . after the strongwilled eva kor forgives her nazi captors the movie begins to delve into what forgiving is all about , at least from the viewpoint of kor . the movie goes about following her , past her public statement forgiving the nazis and into new territory . to me , this was the meat of the movie , surrounded by inedible fat of her act of forgiveness . obviously , it was a very sick cow . br br on a mission to test her theory of forgiveness , in order to heal wounds of the past , she makes her way to the promised land to meet with some arabs , to discuss with them the issues that they face and to see if dialogue cannot lead to a better understanding of the situation and heavily interspersed with debates and discussions with jews in the us on her act of forgiving the nazis , including one at a jewish center in chicago . from then on , anyone not so teary eyed that they can't see the screen will find it hardpressed to miss the obvious contradiction in her statements . br br firstly , you immediately notice her body language , defensive and unwilling to listen in a room full of arab scholars and teachers . her comments about how she feared that they might kidnap her shows how much of a waste of time , effort and money the entire act was . a rather annoyed dr sami advan professor of education at bethlehem university gets it just right when he tells kor off for a statement she makes about how she would rather be asleep in her apartment . br br finally , the debate at the jewish center in chicago , where she is grilled on the meaning of forgiveness and her right to do so , in the wake of those that continue suffering through the trauma of the acts . br br i will cut to the chase . by the end of the movie , i was hoping i hadn't chosen to watch the movie . the movie was badly made , failing to delve deeper into anything about auschwitz apart from the purely trivial , just sufficient to make sure the holocaust is refreshed in the viewers memory and to incite a barrage of tears . it showed that kor , the subject of the documentary was unable to engage in fair discussion . her discussion abilities were limited to parroting her stance on forgiveness at best to a complete unwillingness to listen or participate . br br lastly , is everyone so retarded today that they can't notice the difference between making peace and forgiving ? quoting another imdb user , i don't see her forgiveness as being weak quite the contrary , she just wanted to relieve its hold from her soul , she wanted the suffering to be over , so she let it go . that would be the perfect layman's definition of making peace . br br i guess , in a world of propaganda , blind faith and political correctness , there is no room to question those that have gone through more than the human mind can fathom . br br p . s . the dictionary certainly should go into all those bookstobuy lists everyone keeps making .",0,1
"people stranded in a country house during a storm discover that the home was the sight of an unsolved murder years before . during a dinner discussion of the incident , the lights go out and , when they come back on , they discover that one of the guests has been killed . fearing for their lives , the guests attempt to find out the secrets behind the death before others can occur , according to the dvd sleeve's synopsis . br br there are a couple of clever twists in this murder at the old dark house story , with the play within a play being its most interesting feature . however , the direction is rather ordinary , which serves to highlight a certain cheapness of production . like most movies of this type , there is or , should be an ensemble of intriguing characters . herein , only oldtime broadway producer richard carle as herman wood and his fey secretary johnny arthur as homer erskine maintain interest . br br the ghost walks 12134 frank r . strayer richard carle , johnny arthur , john miljan",0,1
"greetings all , br br isn't it amazing the power that films have on you after the 1st viewing ? br br i was so delighted by the first viewing of this film , i couldn't stop talking about flatliners to all my friends for weeks mind you i was a very impressionable 18 year old back then and my taste in films have become a little more conservative since then . br br then somehow i forgot about this film until i saw the dvd in my local department store and remembering how great it was i thought right ! i'll pluck you off the shelf when they bring out the special edition . br br last week , i was overjoyed when my best friend invited me over to watch flatliners on dvd . the expectation was that i would love this film even more on 2nd viewing . . how wrong i was ! br br verdict after 11 years my view on this film had changed from a very scary 1st class movie to total junk which overplays on the religious and supernatural side of things ratherly superficially . br br i have never been a big fan of julia roberts' acting excepting for erin brockeridge in which she deserved her oscar i think the problem with this film definitely lies with the director and a so so mediocre script . i left this film feeling it had no real substance or potential , and just a couple of scarey cheap thrills which weren't very well done at all . not even the score by jamesnewtown howard , who i rather like as a film composer , could captivate and thrill me . br br in 1990 i would have given this film 9 . 5 10 ; but in 2001 i'd be lucky to give it 2 10 at best . br br",0,1
"tart is a good illustration of old the yogi berra saying if you don't know where you are going , you will probably end up someplace else . writerdirector christina waye in her first feature has managed to make a 3 million movie that ends up someplace else . tart is either a coming of age story devoid of characters that a rational person can connect with , a black comedy without any humor , or a sexploitation movie without anything that is particularly sexy . br br unlike the standard swain film , tart actually employed a competent and experienced production designer . good enough to provide two extremely nice shots the scene of swain and barton taking a bubble bath together and the scene of swain in the parkfeaturing a nice montage of the alice in wonderland sculpture . the symbolism incorporated into these elements supports the possibility that waye despite the absence of a linear logic or unity of tone actually has some visionary talent and aspirations for making a quality film . br br it is even possible that waye was trying for a fusion of the somewhat expressionistic metropolitan and the camp classic cruel intentions which also deal with the manhattan upper class . there are many camera shots framed by windows and doors yet few tight shots of faces and eyes . the former technique hinting at symbolism and the latter at intentional distancing from the characters and their motivations . tart seemed on the verge of veering into camp territory at least twice and would have been well advised to keep going in that direction . first there was the scene where they try to dump the seemingly deceased swain into the garbage chute . then there is the whole bit about her father being jewish played to the same extreme as joel grey dancing with the jewish guerrilla in cabaret . br br in her other films swain's acting technique is to overwhelm each scene in which she appears insert scenery chewing here but in tart she actually shows an ability to restrain herself . this is the best performance of her career . it also provides some clues about her physical deterioration from willowy super cute in girl to hulking lumpyfaced in pumpkin . this transformation was about halfcomplete by the time she made tart ; so go the ravages of time . br br mischa barton sixth sense's i feel better girl and lacey chabet are excellent in supporting roles . the rest of the cast is simply horrible , although some of the blame for this should go to waye's script and direction .",0,1
"i went out of my way to get this film , and was fortunate to get it on vhs . being a big gloria grahame fan , it was an excellent addition to my collection . other than that , i really cannot say a lot to recommend this picture . the plot is predictable and weak and the only interesting aspect of the film is watching sterling hayden get into deeper trouble with his own department . ms . grahame is always fun to watch if you like her , as i do , but the dubbing of her singing hurts this picture a lot . she works in a dive , so let her use her own voice . it can only lend to the atmosphere . i must agree with an earlier reviewer ; the ending borrows heavily from the big heat . to the point of detracting from the ending . i have seen worse films with ms . grahame macao , but i will never pass the opportunity to see her on screen . if you are having a movie night and looking for a second feature film , this is your movie . enjoy the picture .",0,1
"russell hopton acted in many films until his death in 1945 . he only directed 2 and black gold was one , the other was also from 1936 . frankie darro had a sometimes abrasive screen presence but in this he was playing a good kid . he was obviously quite popular on the quickie circuit he made so many films . in this one he plays the son of an old oil rigger who is convinced that he will strike oil very soon . br br j . c . anderson berton churchill is trying to convince the old man to sell up as he knows there is going to be oil struck at any moment . a geologist , henry , comes on the scene and helps fishtail's dad . he also convinces fishtail to go to school regularly . henry has his eye on cynthia , the pretty teacher . this was gloria shea's last film she had begun her career as olive shea in glorifying the american girl 1929 . fishtail's dad is killed when the rig is sabotaged and henry is determined to bring anderson and his cronies to justice . when henry is kidnapped anderson tries to persuade fishtail to sell his oil lease . it all ends well with oil being struck and fishtail going to military school . br br it is okay for a rainy day .",0,1
"pretty disappointing . i was expecting more of a horrorthriller but this seemed to be more of an episode of dawson's creek but with out the acting . there were some very impressive shots , though almost worth seeing . maybe future efforts will improve .",0,1
"the plot of this film is not strong at all , lots of holes . if you approach it as a car movie its not bad , lots of great cars in this one . the reason i like it is because i am from the area where this was filmed . i get the most enjoyment looking at the recognizable places in st . cloud mn and seeing how the town has changed since 89 . its an interesting historical piece for us locals . seems like whenever a film is made here everyone wants some relationship to it . it is impossible to find a copy in any of the local video stores as they were all stolen once it came out on vhs . had to get a copy from japan on ebay i find it interesting how the path of the drag race is all over town . i didn't know the director was from st . cloud .",0,1
"a sexually obsessed chef leads a duplicitous life one as a happily married man with a ten year oldish child , the other as a sex fiend . the bulk of the documentarylike film follows him for five consecutive days and is told in flashback with nastassja kinski as a clinical sex therapist , listening to his story and intelligently probing him . nastassja's role is very restrictive and she is the only principal adult character who does not take off her clothes . if she had , i would have rated this movie a big fat f . as it is , it rates an f , implying that it is still a failure unless one likes to be bored . it is probably a lot more interesting to spend ninety minutes cleaning out the garage . diary of a sex addict falls into the category of films that once one has seen it , one wishes that one hadn't .",0,1
"italian horrorsuspense film about a wealthy english lord who cruises pubs and taverns for girls with red hair just like his recently deceased wife evelyn . you know he must have really loved his wife , because he brings them to his home a huge , rotting castle and makes them disrobe and then tortures them , whips them , and kills them . the most bizarre aspect of this film for me was that somehow by the film's end , we see this guy played by antonio de teffe as the hero of the film . anyway , soon , under the advice of his playboy uncle roberto maldera , de teffe settles down with a girl he meets at his uncle's party . she moves in and strange things begin to happen to de teffe's fragile state of mind . he begins to see and hear his dead wife and finally , well , just look at the title if you are still curious . also , family members and friends begin to die in the most brutal fashions . poor aunt agathashe looks like she might even be younger than de teffe and they have her in a wheelchair and trying to look old meets her fate in a foxy fashion . another man is injected and then buried alive . and of course , there is a whole explanation as to whyhow evelyn did what she did . director emilio miraglia does do some things fairly well the settings in the film are wellsuited for this film though trying to make us believe it is england is ludicrous at best . none of the actors look english . many having dark black hair and mediterranean complexions and wearing clothes an englishman wouldn't be caught dead in . the cars drive on their wrong side of the road . but all that notwithstanding , the crypt scene was effectively shot and i liked the cheesy resolution too . and of course any film with the sultry , redheaded erika blanc is always a plus . there is a streak of sexual perversion ; however , which i found somewhat appalling with the idea that torturing women was quite alright and healthy in order to relieve one of his mental demons . c'mon .",0,1
"wow ! here comes another straighttovideo scarecrow movie to keep the cinematic masochists happy . if the cheaplooking opening credits don't tell you you're in for quite a ride , then the diabolically tragic writing sure will . br br a diabetic kid gets tied on to a legendary scarecrow as part of his initiation onto the baseball team . then the scarecrow goes nuts and starts offing people . need i say more ? this movie consists greatly of cheap effects that makes it look like it was edited with imovie note that spooky color inversion and actors who apparently weren't good enough to show up on some latenight cinemax special . actually , thats not fair , as the actors didn't have much room to work around the abysmal script . parts of this movie really seem like parody , especially when one character picks up his guitar and starts playing the worst song ever conceived by humans , with the worst lipsynching ever performed to go along with it . the gore here is also a major disappointment . in most bmovies such as this , there is a thick layer of cheap gore fx to make up for what the story and acting lacks . here , the stuff is so cheap that it's not even fun . this movie actually makes jack frost 2 look like lots of fun in comparison . br br if you think this movie is the worst one you've ever seen then you probably haven't gotten deep into the world of straighttovideo bhorror . regardless , this movie will cause you a great deal of mental anguish , no matter what your background .",0,1
"i saw this movie as part of a billy graham program . the church i attend was part of a community wide outreach to present god and christianity to our community hartford , ct . usa . i was one of the counselors who helped attendees who were invited to come forward and make whatever kind of religious profession they wanted . . . and to follow up on them after the movie . as such , it did what it was supposed to do , and i personally found it to be a medium to strengthen my faith in god . i also found it to be very helpful to those i counseled . i especially like the work of kim darby in this movie . and the parents the wintons ? were , in a way , a little overdrawn . . . . no one says to their child if they think that he or she may be the parent of an illegitimate child something like the wintons did oh , no , no , not thaaat . that isn't exactly what they said , but the sympaathetic audience i saw had a laugh at whatever it was they did say , and also at the son's emphatic no , mom , not me . don berghuis",0,1
"blind date columbia pictures , 1934 , was a decent film , but i have a few issues with this film . first of all , i don't fault the actors in this film at all , but more or less , i have a problem with the script . also , i understand that this film was made in the 1930's and people were looking to escape reality , but the script made ann sothern's character look weak . she kept going back and forth between suitors and i felt as though she should have stayed with paul kelly's character in the end . he truly did care about her and her family and would have done anything for her and he did by giving her up in the end to fickle neil hamilton who in my opinion was only out for a good time . paul kelly's character , although a workaholic was a man of integrity and truly loved kitty ann sothern as opposed to neil hamilton , while he did like her a lot , i didn't see the depth of love that he had for her character . the production values were great , but the script could have used a little work .",0,1
"i saw it , i agree with him 100 , but i didn't care for his delivery . he just came off as an asshole in a poorly edited , contrived juvenile smear campaign . edit cuts galore , etc . . . the camera would be focused on him , and you'd see 2 or 3 edit cuts just over the course of a minute or two of dialog . add in the constant boom mikes in the camera shot , which is a film nono . br br this documentary hits a topic with so many angles , so many interesting stories , that the movie is just so easily done . picking on religious fanatics is like picking on the retarded kid . it is so easy it is just wrong . i mean how hard is it to make these people look like nut bags ? to make them contradict themselves , you just let them recite more then a verse or two . i do like when he jumped back in forth between people of the same religion and showed them completely contradicting themselves . br br i just think he could have done something a little more creative . the part with the neurologist talking about brain activity was never fleshed out . it could have been interesting to show brain scans of people during religious fits compared to drugs , or sex , or ? ? ? ? he could have played more on the women all rejoicing over the passion play that looked more like a snuff scene in a new rob zombie movie . more could have gone into the history of john smith , the mormon founder who had quite the colorful past . delve into science v . s . religion . one is a very methodical , very strict process for increasing the confidence in theories . it builds on itself from a solid bottom up , a new layer on top of a more proved layer . an enormous burden of proof is required each step of the way . the other starts at the top and comes down with unchallengeable claims . it is so , because well i said so . br br done right i'd say turn it into an hbo original series hit a different religion every week . br br it was an eye opener about one thing . i must have been blind . good ole g . w . bush . . . no wonder he got elected . he had the religious majority . and well . . . now that is the blind leading the blind . br br bill moyer . . well . . what can i expect from a guy who hands out at sutra in newport beach ?",0,1
"isaac florentine has made some of the best western martial arts action movies ever produced . in particular us seals 2 , cold harvest , special forces and undisputed 2 are all action classics . you can tell isaac has a real passion for the genre and his films are always eventful , creative and sharp affairs , with some of the best fight sequences an action fan could hope for . in particular he has found a muse with scott adkins , as talented an actor and action performer as you could hope for . this is borne out with special forces and undisputed 2 , but unfortunately the shepherd just doesn't live up to their abilities . br br there is no doubt that jcvd looks better here fightwise than he has done in years , especially in the fight he has for pretty much no reason in a prison cell , and in the final showdown with scott , but look in his eyes . jcvd seems to be dead inside . there's nothing in his eyes at all . it's like he just doesn't care about anything throughout the whole film . and this is the leading man . br br there are other dodgy aspects to the film , scriptwise and visually , but the main problem is that you are utterly unable to empathise with the hero of the film . a genuine shame as i know we all wanted this film to be as special as it genuinely could have been . there are some good bits , mostly the action scenes themselves . this film had a terrific director and action choreographer , and an awesome opponent for jcvd to face down . this could have been the one to bring the veteran action star back up to scratch in the ballsout action movie stakes . br br sincerely a shame that this didn't happen .",0,1
"the yoke's on me is undoubtedly the most controversial film in the stooges' 23 years of shorts . the reason is understandable ; by today's standards , this film can be considered racist . for this reason , it is rarely shown , if ever , on television . br br let me just state that , for the record , the japanese seen in the film were not soldiers ; they were japaneseamericans sent to a relocation center during world war ii . they were treated and shown as the evil enemy in this film . by all accounts including the us government , who made an apology and reparations in the 1980s japaneseamericans during world war ii were as loyal and hardworking as any american . their imprisonment during this time is a dark blot in american history . br br there are some stooge laughs in this film , but the memories of how japaneseamericans were treated during this time sullies the entertainment value . let's not confuse the loyal japaneseamericans with their representation in this film as evildoers . loyal japaneseamericans and the world war iiera evil empire of japan are not synonymous . 2 out of 10 .",0,1
"it's a kinder , gentler cyborg movie with a love story . awww . it's not as bad as it sounds . the action , when it is there , is decent and jack palance , elias koteas , and angelina jolie are always dependable . it's the fact that this is a sequel to the terrible jean claude van damme film , or is that the capper to the masters of the universe trilogy ? i'm still confused about that . either way , there was really no need for this movie . what was there a need for ? angelina jolie . she may play an assassin robot that can explodes midcoitus , but , what a way to go and even though this is her first movie , she still has the presence that made her an award winner .",0,1
"only one thing could have redeemed this sketch . a healthy gunfight between the happy couple , the exotic model at the delicatessen , and the oldtimer from the motel who was it would have turned out secretly watching from the woods and had been aging rentboy to the guys when they'd shared the rubber house . br br in the process , they could have blown that freezing shack to smithereens , resolved most of the snags ; such as the whore bitch ode on the windscreen , the reason why the protagonist had no friends , as well as explaining his coolness under pressure from bloody tampon , incessant phone calls . . . and that crawlspace chic , the green thumb , and his attraction to the simpler life . quite the technician with the human body , though . exabortionist ? morgue attendant ? a bit of a heartbeat would have been nice . br br it was fun watching these people move around , i guess , but eleanora's silly italian games were suffocatingly stereotypical while the caretaker had been to too many yoga classes a dick , a mind , and a pickup truck about summed it up for him . i also wished they could have had a bit more luggage eleanora is ready to go after putting some black underwear into her nifty red suitcase and the caretaker just needs a cardboard carton there at the motel . br br trifling matters , you may well say . i agree , although the niggling bits just didn't add up right in this rush job . good owlwrangling , though , and i really felt cold all the way through .",0,1
"i'm accustomed to being patient with films because i've generally found it usually pays off . but a few works take tedium to new levels and enter the realm of provocation . . . . last year at marienbad comes to mind . well , pola x ain't no last year at marienbad . i can count on one hand the number of films i've walked out on over the years . pola x achieved membership in that august group . in my defense , i believe i made a valiant effort to stand my ground hoping things would turn around . however , i finally threw in the towel just shy of the 90 minute mark quite respectable under the circumstances . pola x does not come anywhere near living up to the promise of carax's earlier work . after a 10 year hiatus , that must have been bitter for him indeed . melville is still spinning in his grave !",0,1
"although i had heard this film was a little dry , i watch whatever scott bakula is in . at the start of this film i had high hopes for the classic cheesy but enjoyable scottgetsgirl ending and until 20 minutes before the end it was going great . the plot twist was crazy and unexpected and very clever . i kept my fingers crossed that it would work out and it would all be some horrible misunderstanding , right up until when the credits rolled and i realised that there was not going to be a happy and contented ending . unfortunately i was left regretting that i'd watched it and hurriedly putting on some quantum leap to restore my faith in the goodness of the great scott !",0,1
"robin williams is excellent in this movie and it is a pity the material is not enough of a match for him . this may work if you buy into the usa ! number one ! mentality but story wise nothing much happens . quite a shame really since the movie is really trying to say something , and says it sincerely . it just doesn't pack enough emotional punch .",0,1
"this movie is horrible . the acting is a waste basket . no crying , no action , hopeless songs . though the scenery is great . i have always wanted to go to greece . br br anyway , as for saif , you'd expect a great performance , but even he let down the people . br br akshay kumar , recognized as the pimp of bollywood and the voice of singhs . he was sensational in this movie . for only this performance , filmfare should introduce another award . the toiletries award for the worst performance . by the way the trophy should be a toilet seat . br br kareena kapoor . she first of all is not comparable to her sister karisma . in acting , in looks , or in body . she now wants to prove to herself that she surpasses her . she comes into this movie wearing bikini's and tank tops and short shorts . i really wonder why saif ali khan is letting his wifetobe dress like that . but , she must've impressed some people dressing like that . and if you ask how , then consider every man is having an erection watching this movie . they are dreaming of having kareena kapoor in bed naked with a condom . including me . personally i think that she dressed like a whore , but i really liked it . br br i am forced to give it a 110 , but i'd really give this movie a 010 . an unachieved film .",0,1
"this documentary is at its best when it is simply showing the ayurvedic healers' offices and treatment preparation . there is no denying the grinding poverty in india and desperation of even their wealthier clients . however , as an argument for ayurvedic medicine in general , this film fails miserably . although indian clients mention having seen aleopathic doctors , those doctors are not interviewed , and we have to take the vague statements of their patients at face value the doctor said there was no cure , the doctor said it was cancer etc . well , no cure doesn't mean no treatment , and what type of cancer exactly does the patient have ? the film is at its most feeble when showing ayurvedic practice in america . there it is reduced , apparently , to the stunning suggestion that having a high powered wall street job can make your stomach hurt .",0,1
i love all his work but this looks like nothing . . sorry . . this looks more like a david lynch copycat . i think people like it only because it's from david lynch .,0,1
"if you are having trouble sleeping or just want to take that nap in the afternoon but just can't seem to drift off , pop in this movie . the only neat thing about this movie are the electric planes . aside from that prepare for some sweet zzzzz's . it boggles the mind how big name stars such as those in this movie can be part of the one of the dullest movies i've ever seen . now , if you will excuse me , i will finish my nap .",0,1
"the core message is strong , the cast has given it their best shot , the packaging is excellent , but the screenplay is seriously overdramatized and every cliche in the book on women's suffering in india has been overused to the max .",0,1
"let's face it if you rented a stdvd sequel of a forgotten 80's gem , and expected it to be better than the aforementioned , then you are an idiot . wargames the dead code joins the long running list of unnecessary sequels that the dvd market has filled so easily . movies like this don't need spoilers , because you already know them . br br the plot for this film , is as follows nerd meets girl ; girl likes nerd ; nerd likes girl ; nerd gets accidentally involved with top secret government computer ; nerd and girl go to another country ; nerd and girl end up being persecuted by government suits in the other country ; nerd and girl meet some important old guy that dies at key point in the film ; nerd and girl are captured ; the top secret government computer gets crazy ; nerd is hired to beat top secret government computer ; nerd beats top secret computer by using the same old top secret computer from the first wargames film ; nerd saves the day ; nerd gets laid . br br the end . br br the acting , script , effects , score , and cinematography are what you would expect bgrade . some familiar faces are in here , and unless you are a mega fan of colm feore , then you should avoid this one . granted , the movie won't make you insane enough to eat your own toes by seeing it , so if you like cheap looking stdvd sequels , then you are right at home . br br sadly , mathew broderick was too involved with some masterpiece , that he couldn't even do a five second cameo in this one . but can you blame him ?",0,1
"for the record , i hate spoof movies . except for mel brooks and airplane ! because those are classics and make fun of the clichs , not the actual movies itself . i think that spoof movies are the bottom of the barrel for both comedy and film . i especially hate things created by jason friedberg and aaron seltzer , the geniuses behind date movie , epic movie , and meet the spartans . br br i decided to give the comebacks a look . since friedberg and seltzer had nothing to do with the production , i was as objective as possible . it was just like one of their movies . it was basically every sports movie rolled into one with lame kindergarten jokes , and disturbing images of bodily injury that's supposed to make me laugh and failed . br br only someone high would laugh at these jokes . toilet bowl ? who wrote this ? an 11 year old ? i was surprised to see that this was the creation of the producers of wedding crashers , which was actually pretty decent . but there attempt at the spoof genre was about as funny as a burning orphanage . the only reason that i gave this two stars when it clearly deserved one was because friedberg seltzer had nothing to do with this .",0,1
"the performances of fishbourne who appears strangely funny somehow and short featureded harris are remarkable , unlike connery's who doesn't appear to find sense in his role and ends up in the motorial behaviour of a 80yr old man . in fact the screenplay doesn't make sense ; imagine a 60 min . happy endingplot plus a sudden turn appendix without any argumental structure in respect to the characters . it's more an accident than a screenplay and may be good for examination purposes at screenwrights' schools . the more you remind the details the stronger this impression gets . the capital punishment is not an issue here , although it is a subject from the beginning ; it sort of fades away without further comment . the subjectmatter and environment could have been good .",0,1
"it is very unfortunate when a movie such as this is made . a great deal of work and money has been put into a film that is amateur at best . br br the editing drags on , there are obvious mistakes that could have been corrected easily in a second take , and the soundtrack is unimaginative . so much more could have been done with this video movie . i guess they ran out of time , or videotape . br br handheld shots have a distinct amateur feel to them .",0,1
"hollywood had a long love affair with bogus arabian nights tales but few of these products have stood the test of time . the most memorable were the jon hall , maria montez films which have long since become camp . this one is filled with dubbed songs , anachronistic slang , and slapstick . it's a truly bounteous crop of mesopotamian corn , and pretty near intolerable today . it was nominated for its imaginative special effects which are almost unnoticeable in this day and age , consisting mainly of trick photography . the only outstanding , positive feature which survives is its beautiful color and clarity . sad to say , of the many films made in this genre , few of them come up to alexander korda's original thief of baghdad . almost any other arabian nights film is superior to this one , though . it's a loser .",0,1
"star rating the works just misses the mark that little bit in between lagging behind the pits br br in this debut effort for nick park's beloved man and dog , they are forced to fly to the moon when good old wallace runs out of cheese . br br as well as being the shortest feature at just 22 minutes , this wg adventure is also the earliest and it kinda shows . the plasticine animation is a little creaky and funny here , sort of reminiscent of the mork animation about the little man in the box . br br admirable though the craftsmanship behind it is , i've never actually been hugely into wallace gromit maybe a bit too clean and traditional for someone of my generation . the only one i've really enjoyed is the wrong trousers and that was more from when i was younger and less aware of , shall we say , the seedier pleasures of life . i was driven to actively seek out this early effort due to the resurgence in popularity as a result of the hugely successful recent film adaptation . br br as technically impressive as the first two all things considered ! this one lacks the emotional angle it's successors were to possess . that being said , it's fairly good fun as a first try and certainly set the standard for greater things to come . two stars , but a good two stars .",0,1
"before i begin , a little correction imdb states that richard gere is 180 cm tall . wrong ! i passed by him 10 years ago , and he can't be an ant's a bigger than 165 . i'm 183 , and he looked like a child next to me . br br should have been called wheatlands ; an appropriate title to complement malick's previous and much better movie badlands . this movie shows that not all directors have as their prime objective to entertain . in fact , some of them have as their main objective to show wheat in all its splendour . br br the movie is depressing and relatively uninvolving , with the obligatory tragic ending . nothing more than an average and predictable love triangle drama , with the male twothirds of the triangle not surviving the movie . praised for its visual quality ; while it does have that realistic 70s feel to it , there are limits to how spellbinding wheat fields can be . you can shoot them with 1500 mm cameras , for all i care , but they are still wheat fields . br br gere , who at first seems miscast as some kind of lowerclass factoryworkerturnedwheatfieldworker , is quite solid , while brooke adams appears distant and cool for most of the movie , making one wonder just how much she loved either of the two hunks . but for those looking for a movie that displays all the glorious colours of a field of wheat , look no further you've found your dream ! br br if you're interested in reading my biographies of richard gere and other hollywood intellectual heavyweights , contact me by email .",0,1
"this film is about a party put together by the high school scary girl . per the illogic of these sorts of films , she gets permission to hold the party at a house which used to be a crematorium , a dubious place long shut down and locked up . apparently the history of this piece of property is one of those town secrets best left unspoken of among proper folk though the legend does get whispered about among the young . br br why was this crematorium really shut down ? what actually happened there in the past ? br br i like these killkillkill films of a supernatural nature as long as there is something in them not copied from a hundred other films . the highlights of this film are a petty theft 711 robbery by distracting the clerk with a vivid view , the changing clothes scene by the good girl witnessed by her jerk younger brother , the eventual demise of the ugly neighbor who hates the holiday , the spooky mirror scene and the concept of running water being a barrier against the supernatural ; the best part of this film is when the possessed party sponsor dances to bauhaus in front of the fireplace ; that scene rocks .",0,1
"after life is a miracle , i did not expect much . it's hard to believe that these films were made by the same man as do you remember dolly bell , for instance . zavet is two hours of silly antics with no story . the wild and unbridled humor of underground seems to have degenerated into pathetic buffoonery here . it appears that kusturica has been going steadily downhill since he started making lifeaffirming comedies , beginning with black cat , white cat , which i think was great , but already had some disturbing signs of dementia . i liked his early films so much , and this is why it's especially disappointing to see something like this . let's hope his next one will be great .",0,1
"first , i am a big fan of alien and alien ii in my opinion both of these movies created and defined the sifi horror genre as we know it today . i noticed lifeforce was often compared to the aliens saga after viewing this movie i would highly disagree . there are some okay special effects with the alien vampires , and the story line might have been acceptable . i just can't get past a naked woman space vampire throughout the whole movie , this is absolutely absurd although she does look good . add in a bunch of bad british acting and it's pretty much over . most of the movie ends up taking place in london or somewhere in england , so after the first 20 minutes you lose the outerspace setting and any hope of some real sifi horror action and suspense . br br",0,1
"this is the first time i have commented on a film because i felt that if the right person read it , they might wake up and do something about it . over the last few months , abc family began airing a new format of movies . i have seen the last three and enjoyed them . they were engaging and did the trick . my wife likes these films . i was looking forward to viewing see jane date . the trailers looked and sounded great . unfortunately , this is one film where the book must be light years ahead of the effort displayed by the writers and music people involved with this project . the year is 2003 , the source all bad , the score was as interesting as an elevator ride in a department store . it was intrusive and did not add any emotional content to the film at all . it worked against it . i work in the business of film and television . i enjoy being entertained . this is one instance where i kept thinking could it get any worse . the script had lines from another decade and i know these women can act but you wouldn't know it from this movie . to add to the overall experience , the end left me shaking my head . an advice to the executives at disney , abc , abc family and the producers under any circumstances please do not hire the composer or music supervisor to do any of your future films . they have lost their touch and they need to understand what the word contemporary , present day and current means when describing a romantic comedy . there is a world passing you by . all in all a huge disappointment from folks at von zernecksertner and abc family .",0,1
"i watched this last night on sundance . altman must be the most hit or miss director of note ever . this show , despite its star power is utterly noncompelling , and its political insightswhich i as a proud liberal in no way disagree withare shallow and clunky , and seem ripped from the headlines of usa today , despite the fact it's coming out of the mouth of someone as esteemed as mario cuomo . the drama , as such , is not very dramatic , and the comedy is not funny . the only points of interest , really , are seeing how new yorkers live their lives , and the loyalty of a cast and crew to reassemble a show that keeps insisting has some cult following from 1988 . sometimes it seems like altman's sole contribution to cinema has been the art of having all your actors talk at once , the effect of which is one feels depressingly like they're a stranger at a wedding .",0,1
i hope this group of filmmakers never reunites .,0,1
"when you see boris karloff and bela lugosi as costars , you expect to find a well done horror movie , but this was actually quite different , representing as it did what i would describe as an early effort at science fiction . karloff and lugosi both play scientists rukh and benet respectively competitors to an extent , until rukh wins benet over with a demonstration that proves his great theory . the science here was to say the least a bit rough around the edges thus science fiction , with the emphasis on the fiction but somehow rukh harnesses some sort of ray from andromeda that allows him to look at the earth several thousand million years ago . in that pre historic time , a huge meteorite slammed into africa , leaving deposits of a substance the scientists call radium x which can heal and destroy . a large portion of the movie is set rather tediously in africa , on a search for the meteorite deposits , which rukh eventually finds and harnesses to create a great weapon , unfortunately infecting himself with some sort of disease that makes him a great weapon as well . br br karloff and lugosi were both pretty good here . lugosi pulls off a role in which he's the good guy pretty well , although i frankly found him a bit unconvincing especially during the scenes set in africa . the story also plodded along a bit , and while it held my attention it didn't captivate me . given that this is really a scifi rather than a horror flick , and that scifi was in its very early stages , i suppose the movie needs to be cut a bit of slack . it was ok nothing more , but also nothing less than that . 410",0,1
"spoiler do not read this , if you think about watching that movie , although it would be a waste of time . by the way the plot is so predictable that it does not make any difference if you read this or not anywaybr br if you are wondering whether to see coyote ugly or not don't ! it's not worth either the money for the ticket or the vhs dvd . a typical chickfeelgoodflick , one could say . the plot itself is as shallow as it can be , a ridiculous and uncritical version of the american dream . the young goodlooking girl from a small town becoming a big success in new york . the few desperate attempts of giving the movie any depth fail , such as the tragic accident of the father , the difficulties of violet's relationship with her boyfriend , and so on . mcnally director tries to arouse the audience's pity and sadness put does not have any chance to succeed in this attempt due to the bad script and the shallow acting . especially piper perabo completely fails in convincing one of jersey's fear of singing in front of an audience . the only good and quite funny thing about coyote ugly is john goodman , who represents the small ray of hope of this movie . br br i was very astonished , that jerry bruckheimer produced this movie . first gone in 60 seconds and now this . . . what happened to great movies like the rock and con air ? that was true bruckheimer stuff . br br if you are looking for a superficial movie with good looking women just to have a relaxed evening , you should better go and see charlie's angels it's much more funny , entertaining and selfironic instead of this flick . br br two thumbs down 3 out of 10 .",0,1
"wow , this is very unusual in one regard usually the first movie in a long string of sequels is the best of the bunch . people are surprised when a sequel is actually better . with tarzan , i thought this movie was the worst of the bunch , or at least the first six which comprise my tarzan collection dvd package . i will gladly watch the sequels multiple times but i am through sitting through this turkey , thanks to several characters . br br well , let's start with the good news firstbr br the good plenty of action with a lot of wild animals on display , even if they are just stock footage . you see lion attacks , crocodiles , hippos , panthers , you name it , and you see several of the different tribes of all kinds , including pygmies called dwarfs in the movie . since this movie was made almost 75 years ago , i can't knock any of the realism because they didn't have it in the movies that long ago . they do the best they can so you put up with actors talking in front of fake backgrounds . however , weissmuller did a lot of action scenes and was in great shape . he and o'sullivan make a wellbuilt handsome couple , if there ever was one in those golden years of cinema . br br the film has historical value with so many sequels in that it shows how tarzan acquired jane and his beginnings of learning the english language . br br the bad from the moment jane parker is taken by tarzan almost every scene with her is maureen o'sullivan in hysterics , shrieking and screaming scene after scene . it's enough to give you a headache and it ruins the film . thankfully , she calmed down in the sequels , but not in this movie . the movie also does no favors for the great white hunter image as c . aubrey smith , playing jane's father , and neil hamilton , as harry holt , the safari guide , shoot at every animal within sight , whether the beasts is threatening or not . these people are kill happy , particularly smith . on another note , it's too bad there isn't anything in here explaining how tarzan got to be in the jungle in the first place . there is no history of him in here or footage of his growing up . he's just there when jane and the group get to a certain point in africa .",0,1
"he's the only reason to see this film . he gives a very good performancemuch better than this crap deserves . he's very handsome and very talentedhe deserves better than this . also depressing is to see malcolm mcdowell in this . he's another talented actor who deserves better but , like esai , he gives a very good performance . so , if you're fans of either of them you might want to watch . otherwise , stay away . one more complaintcouldn't we have had more scenes of esai shirtless ?",0,1
"i generally love this type of movie . however , this time i found myself wanting to kick the screen . since i can't do that , i will just complain about it . this was absolutely idiotic . the things that happen with the dead kids are very cool , but the alive people are absolute idiots . i am a grown man , pretty big , and i can defend myself well . however , i would not do half the stuff the little girl does in this movie . also , the mother in this movie is reckless with her children , to the point of neglect . i wish i wasn't so angry about her and her actions because i would have otherwise enjoyed the flick . what a number she was , take my advise and fast forward through everything you see her do until the end . also , is anyone else getting sick of watching movies that are filmed so dark . anymore , one can hardly see what is being filmed . as an audience , we are impossibly involved with the actions on the screen . so then , why the hell can't we have night vision ?",0,1
"freddy's dead the final nightmare starts as dream demon freddy krueger robert englund leaves a teenager shon greenblatt on the outskirt's of springwood with no memory of himself , who he is or why he is there . the local police pick him up take him to a youth centre where child psychiatrist maggie burroughs lisa zane interviews him , she finds a newspaper cutting in his pocket which leads the two to elm street in springwood where they discover that no children live there therefore no victims for freddy kill anyone . it all turns out that it's an elaborate plan by freddy to find his daughter use her to escape springwood . when maggie realises what freddy is up to her some kids decide they have to kill freddy once for all . . . br br directed by rachel talalay this was made with the intention of being the final a nightmare on elm street film which by this time had reached five , of course as any horror film fan know's if there's still money to be made from a franchise or a character then there's no way in hell freddy's dead the final nightmare was going to be the last one which , of course , it wasn't . the a nightmare on elm street series has been a franchise of diminishing returns as the films dropped in quality as the series progressed until we got here freddy's dead the final nightmare which for my money is probably the worst out of the lot of them . the film moves at a reasonable pace it's rarely boring but it's so silly , childish feels like some sort of liveaction cartoon with some awful setpiece horror scenes that seem a million miles from wes craven's suspenseful effective early 80's original . the sequence where stoner spencer is trapped inside a video game being played by freddy is terrible on it's own but then we are treated to shots of his body back in reality bouncing around the house from wall to wall floor to ceiling which is quite the most ridiculous thing i've seen in a while , or maybe the early scenes when the john doe kid falls from a plane down to the ground just like the coyote cartoon character in the road runner cartoons or the absurd sight of freddy threatening the deaf carlos with pins that he intends to drop to the floor to make a loud noise or when he eventually kills him by scraping his knives across a blackboard . you can't take this seriously i was just sitting there not quite believing what i was seeing . when they do finally try to kill freddy the hero is given a secret powerful special weapon , yeah that's right a pair of cardboard 3d glasses ! the character's are poor , the dialogue is poor the plot is confusing , it doesn't really stick to the elm street continuity overall the film is a bit of a mess , the best thing i can say about it is that it has quite a bit of unintentional humour you can certainly laugh at it . br br the film has major tonal problems as it tries to be dark , scary sinister yet it's so silly simply looks ridiculous at times that any attempt at being serious falls completely flat . there's not much gore in this one , there's some cut off fingers , some stabbings , someone falls on a bed of nails that's about it . the body count is extremely low here with only three death's . the final twenty or so minutes of freddy's dead the final nightmare was in fact shot in 3d although the version i saw presented this part as normal so i can't comment on how well this does or doesn't work but you can definitely see shots which are meant to be seen in 3d which take advantage of the process . the special effects vary , some are quite good actually while other's are terrible freddy's burnt makeup this time looks quite poor . br br this apparently had a budget of about 5 , 000 , 000 it had an opening weekend boxoffice take of 12 , 000 , 000 the film has a few nice visual touches gags which makes the thing feel even more cartoony than it already is . the acting is really poor from the main leads although there are a few odd cameos including tom arnold roseanne , johnny depp rocker alice cooper . br br freddy's dead the final nightmare is probably the worst of the entire series apart from some unintentional laugh value there's not much here to recommend or enjoy . fans of the series will probably like it defend it but for me this is about as far from wes craven's original classic shocker as it gets . followed by new nightmare 1994 which tried to take freddy krueger the series in a new different direction .",0,1
"hi ! i'm sheena , an african yet white ! jungle tribal princess who possesses the incredible ability to transform into the cheapest , unscariest monster in the world think 60s star trek aliens by rolling seductively in mud ! when i first found myself in this horrible position , i took the only logical action i made myself a tornapart jungle bikini in which to perform my badlyacted antics . i enjoy romance novels and tearing apart the occasional unimpressive african warlord . and i would be remiss if i did not mention my white , of course sidekick mr . cutter , an american exmilitary man who seems to have fled the u . s . after his divorce . can you say ducking alimony ? anyway , he provides the occasional distraction from my difficult life . i mean , how many idiot blonds do you know who are also an endangered species of fleshrending monster ? despite my many hardships acting is so hard ! whine , i haven't given up , and after much soulsearching , i have finally discovered my role in life to terrorize insomniatic latenight television viewers who are so unfortunate as to not have cable or satellite .",0,1
"the title doesn't make much sense to me . i'm not sure what door in the movie shouldn't have been opened . br br the movie starts uneventfully , with a conversation between a man and a woman in a room that looks like a richly furnished train car , complete with the sound of the train traveling . in fact , the man's house is a train car , and he has a cassette of train sounds . the woman leaves , and calls a young woman . the young woman tells her boyfriend , a doctor , that she's been told her grandmother is ill , and she needs to return to her home town . she hasn't been there in thirteen years . br br flash back to thirteen years ago . a shadowy figure enters a house . he caresses a sleeping young girl , then goes into another room and stabs the girl's mother . the girl wakes up and enters her mother's room and finds her dead with a knife in her . she screams , and an arm comes out of nowhere and claps a hand over her mouth . she looks up in fear . that early scene in the movie of the killer muffling her scream , and the girl's look is one of the few effective shots in the movie . br br it doesn't have much going for it in the visuals department . occasionally there's some strange use of sound , and there's some weird lighting in an attic scene where many of the panes of glass are red and blue . br br back to the present day . the young woman arrives in her grandmother's house . an old doctor is there , who she doesn't trust , along with the man from the opening scene judge and kearn , the town's museum operator . she doesn't trust any of them , and it's true they don't inspire any trust . she's rather crabby throughout the whole movie . she wants to check her grandmother into a hospital . the men in the town want her house , and the museum operator wants the things in it his museum is already filled with many of the grandmother's things . inexplicably , the woman wants to keep the house . br br the young woman starts getting phone calls from a man speaking in a sinister whisper . he makes various threats , and wants her to do things to arouse him . such scenes recur often . unfortunately , there are so few characters in the movie , that the possibilities of who it could be are limited . worse still , we see right from the beginning who is making the phone calls . so , while the young woman doesn't know even though the caller occasionally drops into his normal voice , the audience always knows no suspense . each call rattles her more and more . br br the ending was unexpected for me , so maybe gets points for not going with the obvious , but i'm not sure i cared for it .",0,1
"here is one of those educational short films made to learn the unknown people out there about facts of life . this time the target audience is preteen girls , the fact of life is menstruation . this animated film , created by walt disney pictures , apparently with some sponsoring from kotex . br br it starts with explaining how hormones make you grow and develop . with the help of animation and a female narrator it shows us how the body , especially the ovaries , uterus and vagina , work and why this all leads to menstruation . it is almost amazing , becoming the comic note here , how the subject of sex is avoided . even the word is never mentioned although furtilized will pass once . i don't really know why i saw this , but since it is one of those rare short films that could give an impression of an innocent time , you might want to give it a try .",0,1
"on the surface , this movie would appear to deal with the psychological process called individuation , that is how to become a true self by embracing the socalled 'dark' side of human nature . thus , we have the darkling , a classic shadowy devilish creature desperately seeking the company that is , recognition of men , and the story revolves around the various ways in which this need is handled , more or less successfully . br br however , if we dig a little deeper , we find that what this movie is actually about is how you should relate to your car like you would to any other person in the opening scene , the main character male car mechanic fallen from graceis collecting bits and pieces from car wrecks with his daughter , when a car wreck nearly smashes the little girl . lesson 1 cars are persons embodied with immortal souls , and stealing from car wrecks is identical with grave robbery . the wicked have disturbed the dead and must be punished . just after that , another character rubin buys a car wreck intending to repair it and sell it as a oncelostnowfound famous racecar and is warned by the salesman . lesson 2 just like any other person , a car has a unique identity that cannot be altered nor replaced . in addition , there is the twist that rubin actually sees a hidden quality in what most people would just think of as junk , but eventually that quality turns out to be a projection of rubin's own personal greed for more profit . lesson 3 thou shalt never treat thy car as a means only , but always as an end in itself . then we have the scene where the main character is introduced to rubin and , more importantly , rubin's car the main character's assessment of the car's qualities is not just based on its outer appearance , but also by a thorough look inside the engine room . lesson 4 a car is not just to be judged by its looks , it is what is inside that really counts . there is punishment in store for those who do not keep this lesson in mind , as we see in the scene where another man tries to sell rubin a fake collector's car . this scene by the way also underlines the importance of lesson 3 . br br there are numerous other examples in the movie of the 'carperson'theme , and i am too tired now to bother citing all of them , but the point remains and i guess this is what i'm really trying to say that this movie is fun to watch if you have absolutely nothing else to do or , if you're a car devotee .",0,1
"boring , utterly predictable soap opera . mary tyler moore is married to ted danson who's having an affair with christine lahti . moore is friends with lahti and doesn't know about the cheating . danson dies in an accident and lahti is pregnant with his baby . yawn ! br br i'm ashamed to admit i paid money to see this in a theatre in 1986 . i liked all three stars but even their considerable talents couldn't pull this off . i constantly knew what was going to happen . like another poster saidthis plays like a pgrated lifetime movie . br br it does have lahti swearing nonstop at one point and even moore lets loose once ! also there's a pointless shots of topless women playing football ! ! ! . other than that it's tv friendly . the only good thing about this was timothy gibbs playing moore and danson's teenage son . very handsome and quite a good actor . that aside there's nothing to recommend this . you've seen it before . . . and done better . it's obviously been forgotten . skip it .",0,1
"latest attempt to revive the series actually based on a pretty good idea but without the required gore fxviolence for this type of thriller and thus . . . boring ! ! good special fx , sets , costumes , etc . but the film comes of just plain silly and a nearwaste of time . . . hopefully the next installment will correct this problem .",0,1
"my guess is that the producers of this lowbudget spacehorror film wanted a serious movie but the director had his heart set on a parody . so . . . this is what we get . set in an abandoned spaceship 1000 years in the future and peopled with characters and props right out of the 90's . the set is some industrial complex , maybe an oil tanker , whatever . they use is as is so the controls consist racks of old tv equipment . one location is obviously the employees lunchroom and sports an old tv and vcr as well as a water cooler with plastic demijohn . tiny lister and coolio get the best lines , arguing throughout the story . the dialog is packed with terms that are pretty dated even now aok , daddyo but then maybe the 30th century is very retro ? when the captain declares the ships cargo is a load of coffins from the transylvania station you know this is all a puton . its a bit of alien , part jasonx , shameless ripoff of all the best scifi and horror titles . at one point casper vandien even tells his pilot to make it so with a straight face . this film would have been better if they had just let everyone run with the satire but they keep attempting to make the story serious . . . . maybe the backers were on the set that day . anyway , not a bad boredom killer if you aren't too picky . fx are as good as the sets are bad .",0,1
"spoilers spoilers what's going on here ? br br barbara hershey , looking decidedly unsexy as if she'd stolen her granny's spare wig puts in an unconvincing performance as a woman who kills the wife of a man she has had an affair with 'in self defence' after hitting her forty odd times with an axe . br br like lizzy borden , she is acquitted but after the most unconvincing argument ever presented to a jury by the representative of a supposedly 'innocent' defendant i have ever seen . br br lizzy borden took an axe and gave her father forty whacks when she saw what she'd done she pleaded self defencebr br i don't think sobr br i find the defendants guilty of screening an unconvincing portrayal and have no alternative but to award this film a sentence of 4 out of 10 which would have been lower but for the previous good behaviour of some of those involvedbr br",0,1
its a gem movie if anyone who hasn't seen movie sholey he cant understand what is going on there . a thakur call men for catching a big terrorist who is like god and even police don't know abut him but these ppl do . br br biggest advantage of film is its speed u never know what is going on and the part is completed . actors are at there best of worst acting and actress is here for timepass of songs . and what u cant forget is the cool dialouge which seems to come in very long time but u cant understand them so easily try hard for that and last word i haven't seen movie complete due to a brain roast so plz tell me ditz end if it have,0,1
"like many people in my general age range , i remember going to see this movie as a kid in '98 and coming out of the theatre practically in tears . it seemed , at the time , to be one of the most important , aweinspiring cinematic experiences of our generation . at once riveting , actionpacked , funny , heartbreaking , and truly inspirational , armegeddeon really did have everything going on , right down to the catchy aerosmith theme song and sappy tearjerker of an ending . br br sweet jebus . what were we smoking ? i watched it for the first time in years last night on one of the movie channels , and . . . i cannot even describe it . this is , truly , one of the worst movies ever made . where to even begin ? leaving aside the plethora of laughable scientific errors 'personnel trackers' on astronauts ? yeah , sure , thanks for that , billy bob , i'd have to say the worst thing about it was the remarkable dare i even say unmatched way in which it combined crappy writing with crappy acting . there are too many examples of this to even begin listing here , but one in particular springs to mind the scene where bruce willis is telling the feds exactly where to go to track down each of the ohsocharminglyroguish members of his oil drilling team 'check every bar in new orleans' , 'the craps tables in vegas' , 'the only black guy on a motorcycle in sturgis' . . . all to the tune of 'come together' . . . it reminded me a bit of the news team ! assemble ! scene from anchorman , except serious . ben affleck proves , once again , that he is by far the most overpaid actor in hollywood , having less depth , range , and overall talent than anyone else in the business . not that bruce willis , liv tyler , or anyone else in this godforsaken piece of garbage was much better . br br i have to say , though , i got a kick out of seeing a prestardom owen wilson get killed off halfway through . . . is this the only movie where his character dies ? br br peter stormare is perfect as the most stereotypical unshaven russian cosmonaut you have ever scene . then again , peter stormare does seem to have a talent for playing overthetop eurotypes . it really was quite amusing how , almost immediately after the americans dock with the russian space station which is actually called that in the movie , ben affleck succeeds in singlehandedly causing the whole joint to explode in spectacular hollywood fashion . i also love the fact that , in the end , paris is the only place on earth to get destroyed , and that absolutely no one seems to care . and on top of all that , it at points literally turns into simultaneous ads for lockheed martin and kerr mcgee . oh how proud i am to be an american . br br there's plenty of other stuff to rant about , but i won't . . . suffice it to say that this is a really , really , really terrible movie , that i feel ashamed to have ever genuinely liked . br br i give it two stars just for the mockability factor .",0,1
"i am a longtime fan of the original of this movie bella marthamostly martha , and everything that makes that movie great and enjoyable to watch is missing from this one . i miss the slow pace , the buildup of characters and their style in small gestures , the dominance of lights and moods and moves over dialog . i don't think that the story itself is enough . marthakate is more secluded , and marionick is not a clown . in most of the cases the things that makes one scene great in the original , its is not working in its copy here . the small alterations take away the tension . my opinion is that you should go and see the original . it'll worth the inconvenience of subtitles .",0,1
"i think this movie can be called the movie of misdirected rage . br br the characters of joe and bob were relics of the wwii generation who didn't quite understand their kids opposing the war , taking drugs and listening to rock and roll . but i think their real rage was at the fact that america was beginning her long decline from the heights the war left her at . br br joe himself is a lowrent archie bunker , ranting at all the things that have made him angry , living his life of quiet desperation , until he teams up with compton , a guy who wants to avenge himself on the hippies who ruined his daughter . br br honestly , most of the movie looks silly , the characters are worse than one dimensional , they're laughable . peter boyle was capable of better stuff .",0,1
"this movie is basically about some girls in a catholic school that end up getting into trouble because of putting red dye in one in one of their school mates shampoo and after being reprimanded for this act they decide to take off to florida for a vacation . on their way there they meet up with some guys in a local diner and decide that they would both meet up with each other in another location later on . the girls end up on a road side near the woods and stop for awhile and while one of the girls decides to walk around a bit she sees a murder happen in which the local sheriff himself is involved . she becomes scared and runs to tell the others what happened . the other girls decide to go take a look with her and two of them get killed by the killer . then the two remaining girls are caught by the killer and are placed in local jail cell . the deputy sheriff meanwhile is keeping watch over the girls and despite their insistence that the sheriff is the killer he ignores them both and acts as ignorant and everybody else in this movie who just can't put two and two together much less some lousy detective work at that . the best part was the rape scene between the killer and one of the girls where he decides to rape her in her jail cell and it seems that the girl actually wants to be raped by this man and the bare chest scene i admit was good but before their lips meet he has other things in mind . this movie reminds me of the lowbudget thriller blood song with frankie avalon staring in it , the same motive just a different character part . it's not a movie worth renting not even for an 80's lowbudget movie and the ending was the worst ending i have ever seen in a movie and it left me wanting my money back !",0,1
"this italian semihorror movie starts out very much like a soft core porn movie and turns into a mystery that has a few to many loose ends to be good , that and the fact it is rather dull just makes this film rather unwatchable for my tastes . the only thing really worth watching are the many boobs spread throughout the film . the story has a guy who at the beginning of the movie luring girls to his castle where he proceeds to take them to his dungeon , go berserk and seemingly kill them . they show the nudity , but they never really show the murders at this point in the film . then the guy finds a nice red head at a party and proceeds to make out with her and marry her . he has a thing for red heads you see as his beloved former wife evelyn was also one , she also died under circumstances that must have not been the viewing audience's business . after a lot of talky scenes murders start to take place involving snakes , foxes and such . at this point it is easy enough to figure out who is responsible for the murders and what the motive is then you have a nonsensical ending where everything wraps up not so nicely . this movie just did not work for me , it left me with to many questions and the last third of the film just did not have the boobs of the first two thirds of the film . explaining evelyn's death would have helped the film as would have some sort of ending where evelyn did rise from the grave . granted the title is not totally misleading as she did sort of leave the grave , just not under her own power . the gore is very light for the most part as there is a scene with the foxes and a scene at the end with quite a bit of blood too . i just thought for the most part this movie was a tad dull .",0,1
"i was quite impressed with this movie as a child of eight or nine . the gangsters seemed very real and threatening to me , and i could see why people would have been afraid of someone like dillinger . seeing it as an adult , it seemed almost comical , owing to the overdone narration and jarring details like thirties gangsters driving cars that looked like they were from the fifties . there is a certain gritty , unglamorous reality to the way the criminals are portrayed , but the overall effect is more like a bad soap opera . the most memorable and most unintentionally funny bit that sticks with me is the scene where ma barker and her sons are shooting it out with the fbi and the sons are killed . the narrator says something like perhaps in that moment , for the only time in her life , ma barker became a real mother . this is meant to be a moment of great tragedy and pathos , as ma finally realizes how she's destroyed her family out of her own greed , but instead , it provokes laughter . a very odd film that is rarely shown anywhere these days . gangster movie buffs might enjoy it , but more as a curiosity than a real movie .",0,1
"h . g . wells' war of the worlds by director david michael latt is a slightly lessthanaverage flick which isn't too bad if one considers the budget he had to work with only 1 million . for this budget , the production value wasn't too bad the best part of it is the visual effects i was thoroughly impressed with the cgi considering the budget and sound design . the lessthenstellar parts of this film are the story which is very prolonged at best but again i think this is because of the budget they had they had to prolong certain scenes to create the feature length 97 minutes , the acting again it's because the actors had no story to work with , very few exceptional camera shots , and the music . however , again , i can let the negative parts go for the most part only because this film was made for a meager budget and still had good production value . still you should , d see it for the sake of seeing how a low budget version of war of the worlds can be made even with flaws . 4 out of 10 .",0,1
"i'd really , really wanted to see this movie , and waited for months to get it through our blockbuster total access account . when it showed up in our mailbox , i threw it straight into the dvd player . br br i was very sadly disappointed , which in turn made me mad . i'll give any movie a chance , even if i want to walk out of the theaterpress 'stop' . i watched it all the way through , but didn't get anything from it but frustration . br br the acting was very , very good , but that was about it . nothing is explained ; while we understand that mathieu becomes depressed and lands in a psych ward of some kind , we're never given insight to his 'downfall' . while we understand that he and cedric break up , again , we don't see it happen or why it happened . during an interview with mathieu's doctor , cedric reveals that he'd cheated on him once , but it was no big deal . i expected to see this in flashbacks , but nonothing . we also gets the hints that cedric was the one to bring mat to the hospitalbut again , we don't see it . br br i know some movies are a 'take it as it is' basis , but this movie honestly ticked me off . when pierre , cedric's ex shows up in the club and starts trouble , we don't see hide nor hair of him until near the end , and it took me a good chunk of time to figure out that pierre was the ex . his personality at the club and when mat finds him are entirely different . i might even be wrong saying this , it was that confusing . br br the film expects you to know everything and move along with its disjointed , outofplace and confusing pace . i can keep up with films like 'pi' , 'citizen kane' and other films that have flashbacksflashforwards left and right , but cu didn't capture and hold onto the style . at the end of 'citizen kane' , you know what's going on and discover the answer to the main mysteries . cu just leaves you hanging . it has an air of pretension in its 'we're not gonna tell you a damned thing , figure it out for yourself' presentation . it's like reading a book with the chapters switched around and pages missing . br br good acting , like i said . i liked the characters , but the whole story was just too disappointing .",0,1
"this is supposed to be the story of the life of a man named wirey spindell from age 8 through to 36 told in narrative by the character at each age point in his life . so for example , when he's eight , it's the eight year old's voice that is doing the narration ; when he's in junior high , it's that one doing the narration , etc . that's about the only interesting thing about this movie . it looks like each actor playing wirey is a separate character . not only do they not look alike , their life experiences don't seem to match up . br br avoid this movie like a bad cold .",0,1
"'the fox and the child' is the new film by french director luc jacquet , who brought us the oscarwinning documentary 'march of the penguins . ' it focuses around a young girl wonderfully played by bertille nolbruneau and her blooming friendship with a fox . br br there are some truly mesmerizing moments here ; badgers mucking about , a lynx chasing the fox through a snowlittered forest ; one scene in particular when the fox is being tormented by a pack of wolves is quite intense and even frightening at times . however , there's simply not quite enough of them . br br beautifully shot ; the cinematography is dazzling . the bubbly kind of look of the film is wonderful . it's undeniably a very lush production . br br the english version is narrated by kate winslet , but what little dialogue there already is has been very poorly dubbed . the score is also far too fluffy , or at least it is for my liking ; and the screenplay , while subtle , seemingly jumps from one scenario to another , ultimately leaving me almost baffled . br br while there's a nice moral at the heart of the film , and the rather quiet performance from nolbruneau is quite lovely , the real star is the fox . those captivating moments focusing solely around our furry little friend are tremendous . however , again , there's simply not nearly enough of them . br br to keep up to date with all the latest in film , including reviews , news , discussions and more , be sure to visit www . mybluray . com . au",0,1
"this is a snuff movie . i'm shocked it is even considered to be in the imdb library . and , bill , julia , and all other professional actors involved should be ashamed to be part of this sick flick . i thought i was going to view a somewhat classic horror film with a creative end that writers like to invent . . . . that usually make no sense when writing a horror film , but as a viewer , we try to rationalize and understand . this ending was not creative . it was sick and has all the earmarks of a snuff movie . i am shocked it was edited to this ending , and more shocked that it will be out for distribution by the end of june 2009 . it should not be shown in a theater . it is harmful to innocent minds on many levels . . . . watch the movie , the ending , and you will understand this statement . plus , included in the plot is a sweet little girl not yet 9 her character says . she is not in the snuff ending , but she is an integral part of the movie . why do directors feel they need to shock with a sick flick in order to get recognition ? the director is in the wrong line of work if she thinks this is an art film .",0,1
"sorry to disagree with you , but i found the dkc series to be quite engaging . so much so that i invested in the snes system and my own copies of the games . this is , mind you , almost ten years after the initial release of dkc 1 . the graphics were groundbreaking for their time , the first vector graphics games for home systems . the music and characters are all memorable , and the games brought myself and my girlfriend dozens of hours of entertainment . true , the second game was better than the first , and the third was perhaps lacking the 'edge' of the second installment . but all three offered different play , and i enjoy them to this day . by the way , i'm old enough to remember when there were no video games whatsoever and tvs were black and white ! .",0,1
"when i first saw a small scene of it in some announcements , i thought the show would be entertaining to watch . the little robot guy does look kinda cute . the style of animation does look sort of familiar to some classic shows . before the show aired , i studied it through some sources . there , i did became slightly dismayed . the three children tommy , gus and lola are voiced appropriately but robotboy is an exception . it would have been a lot nicer if he were to be portrayed by a young lad . one good example is robot jones , a robot character from whatever happened to robot jones ? the show isn't bad really . but the way robotboy is inappropriately portrayed is my only criticism . thus , i don't watch it much .",0,1
"from a poorly contrived plot line that makes almost no sense to bad dialogue and disjointed scenes to the ultimate downer , bad acting even peter falk can't find his way finding john christmas is better left lost . ms . bertinelli's performance is without depth or emotion as are her costars , william russ as brother hank and david cubitt as love interest noah . jennifer pisana as soccoro , the daughter of single dad noah is almost unbearable to watch let alone listen to singing . but who can blame them with material like this . michael j . murray's script is juvenile at best . br br each year at this time i search the tv guides and wait anxiously for some of the really classic christmas and inspirational holiday films to appear on the small screen . films like miracle on 34th street , ernst lubitsch's delightful the shop around the corner and , of course the 1951 version of scrooge . there's frank capra's classics it's a wonderful life and meet john doe . hey , forget the classics . what about home alone or home for the holidays with holly hunter and a great performance by robert downey jr . ? br br my present to you is by way of advice . your time would be better spent searching out these films than finding finding john christmas . merry christmas !",0,1
"this show is based on the concept that loud obnoxious repetition funny . the comedic writing is nonexistent , in fact i face serious repercussions by even comparing it to entertainment of any sort . here is the premise . two girls accidentally get their shenanigans posted on the internet and hilarity ensues after their initial success , they contrive the idea that they should make a webcast to showcase their brilliance . br br ok , so where should i begin ? let's start with the laugh track , the oft used but never successful reminder that , we the viewing audience should laugh . according to the foley guys , this show is the funniest thing on the planet . we should all be dropping loads into our pants because of the brilliance of the humor placed before us . the laugh track seriously goes every few seconds . it quite possibly usurps scoobydoo for the king of laugh track overuse . br br then the inyourfaceshoutatthetopofourlungsthecraziestgroupingof wordstoseemsilly trick is also employed with little to no success . whoa and let's not forget creating new words to sound funny trick . that is webolicious and pooptastic ? what the hell . . . br br finally , the acting . i can't entirely complain here . the actors are young and inexperienced , but this should and can be corrected by good professional help . because of the inexperience nick should be helping the actors define their craft . instead , in usual nick fashion , the actors are placed in front of the camera and told act . which for the most part is robotic recitation of lines , missed timing and overall epic fail . br br the lack of anything in this show makes it a disgusting representation of how not to be funny . don't waste your time . this show is debasing to all of humanity",0,1
"this is definitely the worst vampire flicks of all times . i started to watch this right after interview with the vampire and i was thoroughly disappointed . not only did this movie's script have craters as big as the grand canyon , the movie seemed to jump from one scene to another leaving the viewers thoroughly puzzled . the vampire lestat played by stuart townsend was terriblehaving a good body does not make you an actor ! the end of the queen was too easy and sudden , insulting the viewers intelligence . i'll give this one star because aaliyah actually tried her best in this movie and the soundtrack is pretty good . other than that i would advice anne rice to take an ax and start hacking those who destroyed her brilliant story .",0,1
"seeing a photo of a man being attacked by zombies gave me hope that lucio zombi fulci might be up to his old tricks . unfortunately , other than the close ups of a rotting corpse , there's little to recommend in this story of the murder of a wealthy man and his daughter's quest to figure out who killed him . none of the characters are appealing and by the time you find out how they did it that twist , at least , was cool , you stop caring . the only good thing i can say is that it made more sense than nightmare concert !",0,1
"most of what has been said about the negative aspects of the film hold true . br br but . . . . if i have to sit through a movie were thebr br directorbr br director of photographybr br editorbr br can't even miss the darn microphone boom popping in and out of the movie for almost every chapter of the movie , how can i enjoy and concentrate on the story as well as believe in the darn thing when i'm reminded of the technicalities of making a movie ! ! ! ! ! ! ! br br wait for the dvd or don't bother",0,1
"it's funny , when you stop and think about it fright film fans tend to a deep and abiding affection toward those who scare the daylights out of them . the texas chainsaw massacre may give us nightmares , but who among us the faithful didn't feel a very real twinge of love for gunnar hansen in brutal massacre or for ken foree , forever and ever the resolute hero of the original dawn of the dead ? his cameo in the remake made me want to stand up and cheer as did tom savini's cameo ; i kid you not . and brian halloran and . . . well , you get my drift if not , just stand downwind . . . . these are some of the heroes of horror . to see this many of them gathered together in a single movie is almost unheard of at least to this degree , to my knowledge . if only the writers had been up to such a monumental task . maybe someone else , somewhere along the line , will try again . as long as it's not another halfhearted effort like brotherhood of blood , for instance .",0,1
"here's what's good about the slaughter rulebr br ryan gosling , clea duvall , and david morse all give great performances . gosling is , as always , pretty darn outstanding . the locales are often breathtaking . br br here's what's bad about the slaughter rulebr br everything else . the script is horribly muddled . and while i can certainly appreciate a nonfeel good movie , this movie is just boring . great performances can't makeup for a movie with a stupid premise and a script that is filled with throwaway lines that often don't even make it sense . just getting through the first hour became a chore . br br i stuck with it because of gosling , but eventually i did myself a favor and changed the channel . spoilers on here relayed the ending to me . i didn't miss much . do yourself a favorif you want a good gosling flick , check out the believer . br br my score 2 out of 10 .",0,1
"chaplin was great a silent comedian , but many silent era stars fell when the public heard their voices in the first talkies . in my opinion , chaplin's voice simply did not fit his silent characters that made him rich and famous . his career never recovered when sound came to film . contrary to most of the reviews i have read , chaplin's lifestyle and politics did not help his popularity with the average viewer who expected to be entertained by chaplin the comedian , and not spend their entertainment dollar watching chaplin's political commentary . br br despite chaplin's awards and knighthood , i would take exception to his contributions to humanity . the great dictator was made at the same time stalin's brutal dictatorship was having it's show trials , and both dictators signed the agreement that lead to invasion of poland by both dictators . wwii started in an attempt to save poland . the nazi's were defeated in 6 years , but poland disappeared as a sovereign country . this happened during the time this film was made and the investigations of hollywood by the federal government . had chaplin included joe stalin in this satire , in addition to including the italian dictator , perhaps he would have had less criticism about his politics by the politicians . the soviet's mistreatment of jews and dissidents exceeded the nazi's in time and numbers . br br judged simply as a film , many of the gags were too topical to be understood by younger viewers , who wouldn't know who goebbels , goring or mussolini were . a classic piece of art must stand the test of time . classic greek tragedy , the mona lisa and beethoven's 9th are still enjoyed centuries after their creation because they are timeless . films which rely on topical political commentary or currently popular social views usually do not outlast the generation in which they are made . but those that address issues that are common to all generations will probably live forever and receive a high rating from me . br br chaplin , as the writer , director and lead actor must take the blame for what i judge as a dated and tiresome film . br br chaplin's apologists have excused his decision to leave the country that made him rich and famous . if chaplin found the us so offensive , why didn't he return to his native land . great britian fought the nazi'with blood and money . what did switzerland contribute in the fight against the european dictators ? switzerland is like a country club that picks and chooses its members based on race and class , and cares little about people who can't join the club .",0,1
"i have never commented on imdb before , but i feel i have to after watching the batman animation . its absolute rubbish ! warner brothers had the perfect animation series in batman in the early 90s so what the hell are they doing trying to mess with the winning formula ? i feel like writing a complaint letter to wb . the original animation was dark and brooding , exactly the way batman was intended to be . wb had to mess this up with some tripe batman of the future . now they produce this drivel . the joker doesn't remotely resemble the joker from dc comics . dc should sue . i urge everyone who agrees with me to email or write to wb and use people power to get back the original formula",0,1
"it is playing on showtime right now but is going to be released as a movie called three or has been released for 2006 . mess ups include a supposed nude body comes out of the waves with her bottoms on . you can have fun finding the others . it was a decent stranded , hungry , cold , crazy person video but that is about it . and of course what would a movie be without sex . the lady has a nice body and the men are pretty , but the story is the same as swept away or a savage is loose type with some blood . wonder if the movie studios know they made a big booboo and already released this show and now gonna release it as three . billy zane should have worn a top hair piece or shaved his head completely . juan di pace is awesome and there is a couple good sex scenes . there is a voodoo woman that loves the character di pace plays and in real life her name is di pace too . not aware of any connection but probably kin or married .",0,1
"tim robbins is oddly benign here , cast as a garage mechanic in 1950s new jersey who falls in love with a perky blonde who turns out to be albert einstein's niece ! although he's onscreen much of the time , robbins cancels out the innerworkings of his intense persona and fades into the background it's easy to forget he's even in the picture ! . lumpy romantic comedy with a gimmick , that being walter matthau playing einstein who does what he can with a cartoonishly conceived character . otherwise , it's sugary and sunny , directed rather drowsily by fred schepisi , who shows heart but no wit or brains . meg ryan is her usual affable self and the chemistry between she and robbins is charming , like that of an affectionate sister and her big brother . from",0,1
"this is a movie that demonstrates that mood and music and texture aren't enough to make a good film . sure , the viewer is treated to numerous fine scenes of los angeles in the thirtiesi especially liked the view of the trolley approaching the tunnel , and the tram rising up the hillsidebut in a sense this fine cinematography is selfdefeating , because it creates a mood that something's going to happenand nothing does . the script too keeps feinting toward some plot or action or traumaand time after time not delivering . not even delivering the i assume theme of the movie , the characters' essential misfit . the lead actors , both too pretty for their roles , didn't convey any repression or agony , and the script didn't expose us to any . br br now , donald sutherland ? that's another story . his character was so well fashioned , so perfectly played , that i wanted the camera to follow him .",0,1
"this show is awesome and we have been enjoying it thoroughly . set in alaska , i don't agree with the homosexual content on tonight's show . i feel that you are pushing too hard to bring new york to alaska . its one thing to have a new yorker struggling in the alaska wild , but to try to turn the alaska town into new york ? this is a nice show about dainty women and true alaska men and to bring a same sex couple into the mix is throwing the balance way off . alaska should be portrayed as a man and new york as the woman . i think the first 9 shows have the perfect balance with what you all are doing . can't we have a nice show without the imbalance of nature .",0,1
"this movie was made for fans of dani and cradle of filth . i am not one of them . i think he's just an imitator riding the black metal bandwagon still , i'm generally not a fan of black metal . but as i was carrying this dvd case to pay for it , i convinced myself , that the less authentic something is the more it tries to be convincing . thus i assumed i'm in for a rollercoaster ride of rubber gore and doityourself splatter with a sinister background . now , that is what i do like . br br i got home and popped it in . my patience lasted 15 minutes . awful camera work and disgusting quality . and that was then 2002 , that it looked like it was shot using a hi8 camcorder . i left it on the shelf . maybe a nice evening with beer and bmovies would create a nice setting for this . . . picture . br br after a couple of months i got back to it in mentioned surroundings and saw half . then not only the mentioned aspects annoyed me . my disliking evolved . i noticed how funny dani 1 , 65m ; 5'5 height looked in his platform shoes ripping a head of a mugger apart . yes , ripping . his head apparently had no skull . i also found that this movie may have no sense . still , i haven't finished it yet , so i wasn't positive . br br after a couple more tries i finally managed to finish this flick a couple of months back . . . yes , it took me 5 , 5 years . so dani in fact was funny as satanmansonsuperevilman's helper and the movie did not make sense . see our bad person employs dani to do bad things . he delivers . why ? well i guess he's just very , very bad . as a matter of fact they both are and that is pretty much it . br br we have a couple of short stories joined by dani's character . my favourite was about a guy , who steals someone's leg , because he wants to use it as his own . yeah , exactly . br br the acting's rock bottom . the cgi is the worst ever . i mean stinger beats it and , boy , is stinger's cgi baaaaad . the story has no sense . and the quality is . . . let's just say it is not satisfying . the only thing that might keep you watching is the unmotivated violence and gore . blood and guts are made pretty well . why , you can actually see that the movie originated there and then moved on . example dani 'the man' filth takes a stuffed cat fake as can be and guts it . . . and then eats what fell out . why ? we never know . we do know , however , that this cat must have been on illegal substances , as his heart is almost half his size . br br you might think , after my comment that this movie is so bad it's good , but it's just bad . cradle of filth fans can add 3 points . i added one for gore .",0,1
"i've seen far too many flicks from this company this one is about middle of the pack . one the good side , its a bit more stylized and under control than some of their fare less of the sophomoric attempts at humor and more adherence to story for what its worth . many of their titles , like sexy sixth sense , are buried by baaaad performances and an amateurish sensibility . on the other side , i found the simulated sex scenes not as hot as some of their other flicks like vampire vixens , gladiator eroticus , spiderbabe or mistress frankenstein . br br misty mundae is always a 10 on the peter meter , as is darian caine . i found barbara joyce hot in a schoolmarm kinda way , and ruby larocca a sexy little hottie . br br watch this with the remote firmly in your free hand , on a night when you need a break from porn . don't waste your time wanting to check the story you've got better things to do w your life . it is not a movie , it's pure ta , but not bad by that standard .",0,1
"i wonder if there is any sense of sense in this movie . its a big joke . good . . its entertaining . . you get to see the most stupid plot played very seriously in the form of a film . . i wonder which audience group this movie is basically targeted to . br br priety a pros plays a surrogate mom for a happy couple salmanrani who want a child but can't . i wonder how it would be if this drama was a reallife takeoff from a real couple's life . br br rani appears happy with another pretty lady in her house who has been brought in to make a child for her salman . she cares for priety and tries pushing her husband salman to preity so they may have some romance . when will the audience get fed up of salman's nakhras . br br though a good pasttime , this movie is unbearable . absurd .",0,1
"this could have been a very good film , if i had been able to watch it . the hand held camera was very bouncy . from the opening credits i was worried . several of us watching it felt very nauseous by the end . but we did stay until the end because it was such a charming and interesting film , giving some insight to the young pop culture in south africa . the black and white film did enhance the artful feeling of it . the acting seemed very authentic . some of the dialog was a little hard to understand , but a theater full of nonsouth africans seemed to find most of it funny . if you get motion sickness at all though , you may seriously consider skipping this film . it's quaint , but not worth the nausea .",0,1
"this film is another of director tim burton's attempts to capitalize on a familiar title to bring his vision' to the screen . he has done it with batman' , sleepy hollow' and now this . this is not a remake . the only thing it has in common with the original is that it has simians that can speak and charleton heston makes a cameo . burton has reconstituted the entire story , watering it down for today's mass viewership . br br the original planet of the apes was a product of its time . during the 1960's america was struggling to redefine its civilization . it was a turbulent time of soul searching and rethinking social norms . it was the civil rights era where groups long considered inferior demanded to be treated as equal . in that context , pota was allegorical , reflecting the philosophical turmoil confronting the audiences of the day . pota was an extremely intelligent film that broached difficult questions and elegantly held the oppressions of american society up to scrutiny by making the white guy justify his intelligence to a species he considered inferior . the dialectic between colonel taylor charleton heston , dr . cornelius roddy mcdowall and dr . zira kim hunter was thought provoking and intelligent with ironies both subtle and obvious . br br burton's version is as much a product of today's times as pota was of the sixties . this is apes for dummies . it is superficial and jejune , substituting politically correct platitudes for intelligent dialogue and focusing more on form than substance . the surprise' ending is utterly incongruous and contributes nothing to the film except a cliffhanger that sets up the sequel . while the ending of the original pota gracefully tied everything together in a single powerful scene , burton's ending simply mocks the audience , taunting , i know something you don't know , and you are going to have to wait for the sequel to find out . 'br br from a technical perspective , as is always the case with burton's film , the film is excellent . the makeup is fantastic and burton's camerawork is outstanding though i continue to dislike his dark look . however , thirtythree years of advancements in prosthetic makeup can not compensate for the insultingly vacuous script . br br the story has been reduced to a monster movie . the humans band together behind captain davidson mark wahlberg to fight the monstrous apes , aided and abetted by a few turncoats notably helena bonham carter as ari . the presentation is formulaic and simplistic with plenty of violence , perfect for today's fast food mentality . br br the acting is mixed . mark wahlberg is a fine actor who is simply miscast in this role . walberg is excellent at playing dark , sullen characters that are tormented but strong . this part requires an inspirational hero , a profile not in wahlberg's repertoire . helena bonham carter is a brilliant actor whose character is so far beneath her ability that the disconnect is laughable . she tries desperately to do something with the flimsy character , but her interpretation presents like a cross between a college peace demonstrator and love sick teenager . br br then there is tim roth . his is a virtuoso performance , singlehandedly saving the film from total ruin . roth is diabolically hateful as the malevolent general thade . he creates one of the most villainous and despicable bad guys i can remember in some time . additionally , his physical acting is superlative , rendering a chimpman that is such a perfect meld that one can almost believe that the species exists . br br this film is a great disappointment . it is decent entertainment , as long as you check your brain at the door . i rated it a 310 . from a technical perspective it is much better than that , perhaps a 910 . however the story is an insult to the original franchise . it is simply another attempt by burton at self adulation , using a familiar title to attract throngs to the box office so lots of people can see what a genius he is . of course it's true , but it would be great if he used that talent to produce substantial films , instead of simple minded pap formulated for mass consumption .",0,1
"well , i must say , i initially found this short to be quite average , but having watched it nearly 5 times since its constantly shown on ifc , i've developed an enjoyment of the simple plot elements and reality of the situations presented . sofia coppola contributes a solid addition to the category .",0,1
"i think that this is one of my top ten worst movies i have ever seen ! there's like fade out every two minutes . if this was on tv , they would have a preview every 23 minutes . but there is a seen i personally enjoyed which is when the blonde goes to take a bath in a pit of boiling water with a man watching and for about 10 seconds you see her whole body with no towel on ! that was the best scene in the whole film because you see sasquatch starring at them but the last 10 minutes is when we see his whole body . plus , most of the deaths are off screen and just the scream or roar . and i was expecting the sasquatch to die . but he dosen't shoot him and only 4 or 5 people die in the whole film i was expecting 810 people to die . don't watch this movie . i give it an f . don't waste your time .",0,1
"i own this movie . and it is terribly hard to find . it is a unique low budget little gore flick about a doctor seeking the perfect companion . it has the really humourous low budget feel to it , and the gore is suprisingly good for what appears to be a 500 budget . the director is claimed to be the master of gore . i wouldn't go that far , but maybe in his time he was . overall 610 on the gore chart .",0,1
"for me this movie is essentially like a feature length pilot episode for a tv series . it reminds me particularly of the british remake of the tv series wallander , starring kenneth brannagh . people interviewed by the police are hardy , and often as bitter as the weather , the lead investigator has huge family problems , investigations invariably lead to cruelties of the distant past , and the plotting is labyrinthine with strange occurrences and subplots making sense only at the end . both have excellent cinematography . br br the plotting of jar city is extraordinarily reminiscent of a standard uk or us crime series . effectively you could take the plots of any of the episodes of touch of frost and transplant them on top of the bleak locale in this movie and have an effective sequel . br br really the script couldn't be more obviously from the cookie cutter . you get even the most familiar of motifs , such as the police going to the local prison to interview a manipulative and dangerous psychopath , who inevitably explodes at the end of the interview . br br i'm absolutely convinced that this is scones and jam for many folk , but i feel it needs pointing out to people like myself who do not go to the cinema to watch television . what i felt a keen lack of was message . the movie takes as its theme the genetic studies in iceland . icelanders in genetic terms have remained largely isolated from the outside world , presenting a great opportunity for scientists to study their genetics . lots of information concerning the heredity of the population has been kept , and many genetic diseases unique to iceland can be traced effectively in a population that has refrained from interbreeding , and is remarkably genetically homogeneous it's like trying to put together a jigsaw puzzle of the london underground map , instead of a jigsaw puzzle of a field of daisies . a company called decode genetics attempted to set up a database carrying all the genetic and hereditary information for the entire population of iceland . due to privacy concerns this project was terminated , and at the end of last year decode genetics went bankrupt in iceland . the episode is a rich topic for debate . br br but in this movie genetics and medical science are not there for education's sake , they're there for weird atmosphere . br br it's a grisly movie if you are interested in that , and there's often a morbid focus on food to accompany events , like a coroner who eats lunch in between incisions . the most queasy for me was when the lead inspector devours a sheep's head . unfortunately for me this occasionally became farcical . the movie attempts the rather delicate task of mixing the grisly with the sentimental , and ended up providing unintentional humour towards the end . this is the equivalent , in cinematic terms , of attempting to prepare fugu , if you're not wellqualified , deft of hand and sharp of eye , you poison the client . this rather novice director should have lowered the tariff on his performance . br br i walked out of this movie feeling rather bad about myself and about life in general .",0,1
"in need of work , straight man bud abbott as jack and comic partner lou costello as dinkel get the latter a job babysitting selfdescribed problem child david stollery as donald . young stollery winds up reading mr . costello's favorite novel see if you can guess the title , which puts costello to sleep , dreaming he and mr . abbott are reliving the story of jack and the beanstalk you guessed it . br br the sepiatone switches to color for the bulk of the production . apparently , this was an attempt at something different for the duo , a colorful children's fantasy . it fails , but this is where you get to see abbott costello in color , silent film superstar william farnum as the king make his last performance a bit part , boxer max baer's brother buddy , and stollery before disney's spin and marty . br br jack and the beanstalk 4452 jean yarbrough lou costello , bud abbott , buddy baer , william farnum",0,1
"when this play was first shown by the bbc over 30 years ago , it would have been something quite different for the time . so therefor some people would have found it quite scary , and may well have been impressed with the special effects ? br br looking at the play in this day and age , it doesn't seem to be all that scary anymore , even the special effects can leave a lot to be desired . br br would a train really be allowed to pass a red light into a dark tunnel ? i don't think so . . . . . . but if you watch this play again , you will observe that the first train that enters the tunnel , rushes straight through the red light ! maybe that's how it was in dickens time ? br br you will also notice that the footpath that leads down to the signal box is very steep and in a poor state . surely there would have been a series of proper steps with handrails for the signalman to climb up or down into the cutting . i can't help but notice things like thatbr br i will not take anything away from the acting , both denholm elliott signalman and bernard lloyd the traveller gave wonderful performances . br br i am not at all sure what is going on . . . . . . i mean was the ghost the traveller , or what ? ? ? does anyone really fully understand this rather confusing story ? ? ? well maybe i am the only one that don't ? ? ? br br to sum up . . . . . br br the play has a wonderful atmosphere throughout , with great character . it suffers from not being that scary these days , and a little if not very confusing in places , and has some rather unusual signalling practises . . . . br br thanks for reading my review .",0,1
"although the flock has some pretty good acting by veteran richard gere , and some okay shots that might harken some back to the silence of the lambs days , the movie stretches credibility to the breaking point and destroys itself against a plot that really leads nowhere . br br the film is about erroll babbage gere who works for the department of safety and is preparing to retire . his office thrusts upon him his replacement , allison lowry claire danes , stardust , who quickly discovers that babbage is obsessed with his job . and that job ain't very fun . he monitors hundreds of sexual offenders who are on parole in his jurisdiction . allison goes with erroll on many calls to check up on his flock of offenders and learns that he is in desperate need of retirement . but erroll is good at his job even if his methods aren't . he taunts sexual predators and even has physical conflicts with them . erroll justifies his actions by bringing up these deviants' pasts . it is this good justification that challenges the audience on some level , letting us see how brutal erroll is and yet how outoftouch he's become by being too close to his job . br br when a teenage girl goes missing in erroll's area , he immediate leaps to the conclusion that she was abducted by one of his flock . but how could he know ? is erroll that good at his job ? allison challenges him and erroll pushes back . their battles become as fierce as erroll's need to find this missing girl . br br although the setup for the story was okay , it didn't have any umpf ! i will give credit to richard gere , however , who plays the erroll character very well . battling retirement . worried about everyone who's near his flock . disgusted with those he's responsible for overseeing . disgusted with himself for having to do some of things he does . quite a change in character portrayal for gere . but beyond him there's not much else . some of the sets are okay dark and dangerous but there are so many other problems as to be laughable . br br i'll be the first to admit that suspending disbelief is a requirement whenever watching films . but that suspension has limits . the biggest push against those limits is the destruction of extremely vital crime scenes . someone as meticulous as erroll would know that moving a body would be a huge nono . or trampling through a crime scene . or moving evidence . it went beyond and hurt the film to no end . br br the other damaging part of this film is that we never get into clair danes' character , allison . she's almost dropped by the wayside at the end of the film and we're never privy to what her intension might be will she stay or leave ? will she end up like erroll if she does stay ? this isn't a horrible film as it does touch on some uncomfortable moral ground , but the story as a whole needed to be tightened up .",0,1
the worst movie i've ever seen . i still don't understand what dennis hopper and michael madsen intend to do in . maybe they had bills to pay . . . the best and cult part happens during a flashback which brings us during wwii when a nazi officer hide his jewish wife . that's the beginning of a typical serial killer life ! it seems to be directed during the beginning of the 80's but then appears a new beattle . . . amazing ! this movie was directed in 2001 . . . i'm quite sure that it took less than two weeks to do that movie . i heard that dennis hopper's wife asked for divorce after she saw that picture and michael madsen's mother had a heart attack when the actor admitted to be the man under the yellow baseball hat . pathetic !,0,1
"the affair is a very bad tv movie from the 1970s starring the thenhusbandwife team of robert wagner and natalie wood as hesitant lovers . she has polio and leads a reclusive existence as a pop song writer . he's an ambitious lawyer who is very outgoing and absolutely smitten with her . their affair , such as it is , is doomed from the start , and she knows it , but goes along with it anyway . two things to watch for if you are trapped into watching this wood's jane fonda hairdo that is never mussed , no matter what , and a tune she sings early in this dreadful flick . she sings it for four or five or six minutes , so you know it's classic padding between commercials . it also is one of the worst songs ever written , and the woman doing wood's singing voice should have been shot and put out of her misery . also , keep an eye out for all the peasant tops and dresses . by comparison , wagner looks relatively timeless , with closecropped hair and sporting a series of classic suits .",0,1
"this is the least scary film i have ever seen . how the blob manages to eat anyone is the biggest mystery of the film . the blob moves so slowly that an o . a . p in a zimmerframe could escape it . the blob has a large slice of luck coming across a typical horror film woman who instead of running away stands still for half an hour so that she can be eaten . if you havent seen this film i recommend you do , its far too funny to be taken seriously .",0,1
"even with a cast that boasts such generally reliable names as val kilmer and lisa kudrow , wonderland fails to yield any sense of depth to this film . it barely brushes the surface of the incidents that happened on that july night in 1981 . kilmer just goes through the motions as john holmes and kudrow and kate bosworth are both hopefully miscast in the other two lead roles ; as holmes's wife and underage girlfriend , respectively . the rest of the cast has such small roles that it's impossible to get any dimensions from them . the film also stars carrie fisher , ted levine , franky g , mc gainey , dylan mcdermott and a cameo from paris hilton .",0,1
"the comparison is perhaps unfair , but inevitable . those attracted to the intimacy and depth of umbrellas will be slightly horrified to discover a cutandpaste musical in the american style awkward , stilted dialogue with inexplicable songanddance numbers . gene kelly's french accent was apparently so poor , that a dreadful job of dubbing was substituted as you'll remember , the dubbing was almost perfectly pulled off in umbrellas . the translation of the french for subtitled versions , as well , leaves something to be desired , although this can't be attributed to demy . the film also has several selfaware moments that come off a wee disconcerting , such as references in songs to legrand himself . and the costumes well , the tight pantswhite boots combination , and the freakishly unnatural colors , reminds one of an austin powers film . . . br br but demy does reward the viewer with allusions to umbrellas ; note , for instance , the suitcase carried by maxence in his departure from rochefort this is the same suitcase carried by guy in his departure from cherbourg . also , note the convenient brunette of resolution madeleine in umbrellas , and josette in young girls . br br generally speaking , those expecting the natural feel of umbrellas save the floating bicycle scene , or looking for similar deeper questions and ambiguous endings as in umbrella's script , should probably pass this one b y . those looking for a french version of a thin '60s american musical will be quite happy .",0,1
"extreme makeover home edition is yet another 'feelgoody' , socalled 'heart warming' , and outforratings show that abc has had the time to put together . br br i understand the troubles that these families go through . for that , i am sorry . but wouldn't you think that putting four widescreen plasma televisions , three flatscreen desktop computers , an inground pool taking up half of a backyard , and closets full of expensive designer clothing is a bit too excessive for any family ? sure , these families have been through a lot . sure , they deserve nicer things that what they had previously had . br br but honestly , the things that ty pennington and his crew put into these houses are enough to suit an entire neighborhood . br br another thing that really irks me about this show is how ty and his crew always have something good to say about every little thing that relates to the family , or the family's condition . telling a wheelchairbound person that he or she is 'so strong' , or 'very brave' really does get old after a while . that may sound rude , but believe me ; watch this show , and you'll see what i mean . br br all in all , this show is overrated . if you want to watch it , go ahead . this comment is just a headsup for what you'd be watching .",0,1
story of an exnavy seal who is now a combat medical officer assigned to a state of the art russian sub with a nurse . this is to answer a call for help set off by a dying member of the original crew . the sub has been overtaken by terrorists who are bent on destruction . so we see the duo try and gain control back . and this happens with the fear of the us naval forces is about to unleashing everything it has got on the terrorist sub to prevent it from launching its arsenal . be careful of the early explicit sexual scene in the first quarter of the movie . a couple of unexplained scenes towards the end . watch it when you have the time . nothing to miss out even if you let the show run while you go get yourself a cup of coffee slow moving .,0,1
"i have read several reviews that ask the question , why was this film made ? i myself found that question looming in my mind as the hour and twenty minute feature seemed to drag near the middle , only to give off the sensation that it was picking up steam at the end , when in actuality it was doing nothing of the sort . so , why was this film made ? i think that is a great question for those watching heftig og begeistret to ask themselves . this reviewer is proud of director knut erik jensen for giving us this powerful image of hope , brotherhood , and inspiration with this all male choir , but i do not think that jensen did enough to bring a gripping story to the table . let me pose this question to you , do audience members need more in a documentary than just a straight forward story to maintain interest ? my answer is yes , and this is where jensen failed . heftig og begeistret was a good documentary , but it was far from great . jensen did a horrible job with the story and dedication of the subjects . it was great to hear the songs , but over time , those songs seemed dull , overwhelming , and a bit precocious . from the opening scene where our men are singing their hearts out in a blinding snow , i knew that i was hooked , but as the film developed i lost interest . why ? jensen never took us , the audience members , to the next level . he kept the playing field level and ultimately hurt the overall tone of the film . was this a movie about the music or about the men in the choir ? the world may never know . br br again , i would like to state that jensen did a phenomenal job of finding an interesting story about this group of men who have definitely seen hard times and how they coped with that through music , but it was as if the all male choir were a bunch of the most boring men ever created . jensen gave us the music superbly , but it was the characters , the subjects , that i knew nothing about by the end of the film . in the mix we had a 97 year old man who still had his driver's license , we had a large man in a tub singing classic american songs , we had old men who were once heartthrobs in their youth , we had some tension between the youth of the choir and the veteran singers , and we even had an exdrug addict that had only been clean for eleven years . did jensen develop these interesting stories at all ? nope , he left them on the table . it was obvious that these singers were willing to talk further about it see the political man who missed his political days , but jensen seemed to clear away from those heartfelt moments and head straight back into interesting places that he could have the choir sing . to me , the music was defined at the beginning of the film , i wanted to be introduced and hear the stories of these individual men . they were all captivating , yet jensen seemed to ignore them completely . br br by ignoring the major subjects of this documentary , jensen became unsuccessful in creating any sort of tension towards the end . without giving the ending away , i felt like jensen was coloring in the lines . instead of being bold outside the lines , he chose to create no moment of sympathy , emotion , nervousness , or sadness . jensen took our subjects from point a to point b to point c without asking us to become involved in any way shape or form . i can see how national sentiment had made this film into a huge success in norway , but for everyone else watching i . e . me more was necessarily needed . i wanted to feel for these guys . i wanted to know if they were going to do well as they traveled , or just find themselves loved in their own city . there was no story , mostly in part to no development of the subjects . when you watch modern documentaries oddly , this film was made in 2001 , you want it to play out similar to any hollywood feature film . you want suspense , realism , and drama , alas , with heftig og begeistret you get nothing of the sort . br br overall , i must ask the question again , why was this film made ? my final answer alex , is that jensen wanted to show how troubling times and a changing economy can still produce happiness in even the coldest places of earth . i think that jensen wanted to show human dedication and how something as simple as singing can unite a population . with that said , jensen demonstrated that perfectly in this film , but he did not create a good documentary . when you make a film of this nature , i feel that you must look within the group , examine the choir participants and hear each one of their stories to bring about an ending that will grip your heart . the only thing that this film gripped was my attention span as it attempted to leave the room at rocket speed . again , i do not want to sound negative about this film because the music was excellent and the men singing did bring about a feeling of honesty , but i needed more . with documentaries becoming a bigger staple of the film community , one expects a bit more than what heftig og begeistret handed to us . i want to see reality and people , not just another song and dance routine ! br br grade out of",0,1
"one of those movies in which there are no big twists whatsoever and you can predict pretty much whats is going to happen . matt dillon was awesome once again , but the rest didn't played a bigger part as they should have . br br it was exciting in the beginning but kinda slow paced and predictable in the end . its one of those flicks in which the good guy wins no matter happens . if you have absolutely nothing to do , you can give it a try i personally found it not worth watching . the story could have been more interesting and the director could have made it less of a bmovie by engineering a happy ending .",0,1
"this is pretty funny . saturday the 12th , a ? . . . great work . . . i laughed every minute of the movie . . . this is like scary movie for the 1980's . great student bodiesstyled gags . . . br br too bad this isn't on video . . . but you can still watch it on flix . . .",0,1
"renown writer mark redfield as edgar allen poe tries to conquer old addictions and start a new life for himself , as a baltimore , maryland magazine publisher . however , blackouts , delirium , and rejection threaten to thwart his efforts . he would also like to rekindle romance with an old sweetheart , a significantly flawed prospect , as things turns out . mr . redfield also directed this dramatization of the mysterious last days of edgar allen poe . redfield employs a lot of black and white , color , and trick photography to create mood . kevin g . shinnick as dr . john moran performs well , relatively speaking . it's not enough .",0,1
"back in college i studied marketing and , even though i missed a whole lot of classes and never really paid any attention , i will always remember the main and most essential principle of marketing , namely it's not what you sell ; it's how you sell it ! this principle fully applies to the devil's triangle , as it's basically a beautifully wrapped and enticing yet empty package . writerdirector richard winer knew exactly that he had to divert the viewer's attention away from the major inaccuracies , so he threw in some elements that never fail when it comes to providing a creepy atmosphere , like the sinister voice of narrator vincent price and the oddball music of king crimson . and i'm guessing richard winer's dirty little tricks worked very efficiently , as there was a huge bermuda triangle hype going on during the mid70's and literally every movie production whether it was an inaccurate documentary or a sleazy exploitation flick covering the topic earned big money at the box office . the devil's triangle overwhelms you with data that is unstructured and often irrelevant , but the severe dramatization of the facts and of course the intimidating stark voice of the almighty vincent price generates an ambiance of fright and creepiness . the narration constantly jumps back and forward in time and covers a massive amount of strange occurrences and mysterious vanishings of ships and airplanes in the bermuda triangle throughout a period of nearly one whole century , but the reports remain extremely vague at all times and the eloquent mr . price invariably ends every chapter with the sinister words just another unsolved mystery of the devil's triangle . after a couple of cases the whole formula simply becomes laughable and almost pathetic , but i guess it caused genuine mass hysteria back in 1974 . the documentary expands a little more on the most notorious bermuda triangle mysteries , like the five planes of military flight 19 that inexplicably disappeared all at once and the peculiar case of the vessel uss cyclops , but still even in these chapters only a minimum of serviceable information is given . the cameras never at one point go underwater to explore the depths of the bermuda area , for example , and the testimonies of the supposedly reallife witnesses of the dramas suspiciously look like staged acting scenes . if you're looking for an informative and objective documentary on the bermuda triangle , i certainly wouldn't recommend this movie , but in case you want to sit back and listen to vincent price's hypnotizing voice for nearly a full hour , this is your chance !",0,1
"before the days of home video , stan laurel's prehardy comedy 'kill or cure' was known to the extent that it was known at all only because a few sequences were included in robert youngson's compilation film 'laurel and hardy's laughing 20's' . youngson knew what he was doing the best gags in 'kill or cure' were brought intact into his compilation , while the rest of this only mildly funny comedy remained on youngson's cuttingroom floor . br br laurel portrays a commercial traveller , hawking a patent medicine cried professor i . o . dine's knoxall that name is the funniest joke in this movie , which ain't sayin' much . i should point out that this movie dates from 1923 , the shank of prohibition . during prohibition , quite a lot of americans purchased patent medicine if it had ahem ! 'medicinal' properties , so if knoxall contains alcohol stan's job in this movie is less desperate than the one which he and ollie famously had in 'big business' , selling christmas trees in the summer . too bad for this movie that it's not nearly so funny as 'big business' . br br we see stan but don't hear him , in this silent film delivering a spirited sales talk to a man who seems to be paying attention . . . until we learn that they're standing outside a deafmute institution , and this man is deaf . a haughty woman emerges from the gates stan quickly tries to engage her attention by wiggling his fingers at her . of course she's not deaf , and she promptly whacks him with her umbrella . i found this sequence offensive , not because it involves deaf people the deaf aren't the butt of the joke but because it abets the very widelyheld misconception among hearing people that they can communicate with the deaf by merely waggling their fingers randomly and performing charades without actually learning the highly complex grammar of sign language . br br more amusingly , a spinster in this movie has a pet canary named rudolph as in valentino , and there's a gag involving trick photography to enable a man to hide behind an object that's narrower than his body . i've seen this device in several cartoons and liveaction movies but 'kill or cure' is , i think , the earliest movie to use it that i've seen so far . br br stan laurel , an underrated actor , does one bit of physical business here that's worthy of chaplin or keaton , in which he conveys his emotions and a change in his demeanour while walking away from the camera with his back to us . still , laurel never really became a firstrate comedian until he united with oliver hardy to form the greatest comedy team ever . 'kill or cure' barely rates 3 out of 10 .",0,1
"silly , simplistic , and short , gun crazy volume 1 a woman from nowhere goes nowhere . br br this brief just over sixty minutes tale isn't so much inspired by the classic spaghetti westerns as it is a ripoff of sam raimi's the quick the dead his admitted homage to the spaghetti westerns brought into a contemporary setting . in quick dead , sharon stone's character seeks revenge against the dastardly sheriff played by gene hackman who , when she was but an urchin , placed the fate of her father a brief cameo by gary sinise in her hands ; she accidentally shot him through the head . in gun crazy , saki played by the nimble ryoko yonekura seeks revenge against the dastardly mr . tojo played with minimalist appeal by shingo tsurumi , who , when she was but an urchin , placed the fate of her father in her hands ; she let her foot slip off the clutch , and dear ole dad was drawn and quartered by a semi truck . the only significant difference , despite the settings , is the fact that tojo sadistically cripples saki with well , i won't spoil that for you in case you decide to watch it . br br in short , saki a pale imitation of the clint eastwood's 'man with no name' rides into the town basically , there's a auto shop and a tavern alongside an american military base , so i guess that suffices for a town corrupted by tojo , the local crimelord with a ridiculously high price on his head for reasons never explained or explored . confessing her true self as a bounty hunter , saki takes on the local gunmen in shootouts whose choreography bares more than a passing similarity to the works of johnny to and john woo . of course , by the end of the film saki has endured her fair amount of torture at the hands of the bad guys , but she rises to the occasion on her knees , in a laughable attempt at a surprise ending and vanquishes all of her enemies with a rocket launcher . br br don't ask where she gets the rocket launcher . just watch it for yourself . try not to laugh . br br the image quality is average for the dvd release . there is a grainy quality to several sequences , but , all in all , this isn't a bad transfer . the sound quality leaves a bit to the imagination at times , but , again , it isn't a bad transfer . br br rather , it's a bad film .",0,1
"just watched on ubuweb this early experimental short film directed by william vance and orson welles . yes , you read that right , orson welles ! years before he gained fame for radio's the war of the worlds and his feature debut citizen kane , welles was a 19yearold just finding his muse . besides vance and welles , another player here was one virginia nicholson , who would become orson's first wife . she plays a woman who keeps sitting on something that rocks back and forth courtesy of an africanamerican servant paul edgerton in blackface . during this time a man welles keeps passing her by courtesy of the scene constantly repeating . i won't reveal any more except to say how interesting the silent images were as they jumpcut constantly . that's not to say this was any good but it was fascinating to watch even with the guitar score by larry morotta added in the 2005 print i watched . worth a look for welles enthusiasts and anyone with a taste of the avantgarde .",0,1
"hear are some of the interesting things our combat hero faith healer pat , his son gordon t . v . ministry seems like a family business . and terry meeuwsen won miss america in 1973 by wearing a swimsuit and showing her legs . oh my goodness gracious ! say when our poor viewers are sick and need help . br br 1 . someone with an abscessed right toothhas just now been healed . 2 . someone with twisted intestines has been healed . 3 . then terry said there was a person with a strange condition , you mean god doesn't know ? a burning in the legs , who has just been healed . 4 . then gordon said there's a manthat narrows it down ! with swelling of the sinuses in his right cheek , with much pain behind the right eye , but he is now healed . 5 . someone with a problematic right hip , limited mobility from a stroke , is now able to walk . 6 . terry said she saw someone with severe with severe stiffness in the neck bone , but didn't know the exact ailmentgod doesn't know ? that the person is now healed . 7 . someone paralyzed on the right side , particularlynot exactly ? ! the right side of the face has now been healed . 8 . a man that narrows the world population down again . with a plate in his skull is having a continual problems , and the doctors just don't know what to do . terry said she saw the bone reforming around the platethe funny bone ? ! and the mans pain is gone , he was now healed . br br hers how our war hero pat helps our sick and poor people . 1 . there's a woman in kansas city missouri or kansas but that narrows it way down . who has a sinus the lord is drying it up now thank you jesus . 2 . there's a man with a financial need i think a hundred thousand dollars . i think their god needs to go to school or something ! that need is being met met right now , and within three days , the money will be supplied through the miraculous power of the holy spirit . thank you jesus . 3 . there is a woman in cincinnati with cancer of the lymph nodes . br br i don't know whether its been diagnosed yet ask your vengeful god pat ! but you haven't been feeling well , and the lord is dissolving that cancer right now ! what ? ! 4 . there is a lady in saskatooni assume canada . in a wheelchaircurvature of the spine , the lord is straightening that our right now , and you can stand up and walk ! if you have this condition ignore pat ! just claim it and it's yours . thank you jesus ! amen , amen ! br br when pat robertson had prostate cancer did he go to peter popoff ? , oral roberts ? , benny hinn ? , terry or gordon ? no ! on february 17 , 2003 pat went to a real doctor to have his surgery ! you mean he doesn't trust his faith healing friends , terry or his own son gordon ? ! br br when lt pat robertson was in the marines during the korean war he was a liquor officer , responsible for keeping the officers supplied with liquor . he was known to drink himself and frequent prostitutes and he feared he contacted gonorrhea . should of asked a faith healer for help ! br br the reason pat got out of combat was because his daddy absalom willis robertson d va from 194666 was chairman of the senate military appropriations committee . br br terrorist attacks , september 11 , 2001 we have imagined ourselves invulnerable and been consumed by the pursuit of health , wealth , pats worth between 150 and 200 million dollars folks ! material pleasuresa mansion in virginia beach virginia with a helicopter launching pad ! and sexualityhe had had sex with his future wife before marriage which they had a son ! . it terrorism is happening because god is lifting his protection from us . statement released on september 13 , 2001 . pat robertson reminds me of burgermeister on santa claus is coming to town and his evil vengeful god reminds me of venger on dungeons and dragons . br br spoiled brat gordon does what daddy pat tells him to and terry is a paid yes woman who neither have minds of their own ! br br this will really grab you ! the september 5 2005 edition of the 700 club included a report christian broadcasting network correspondent gary lane from outside new orleans convention center which has housed mostly impoverished black disaster victims throughout the weekend . a number of possessions left behind suggest the mindset of some of the evacueeslane saidthey include this voodoo cup with the sayingmay the curse be with you . a shot of a plastic cup souvenir cup from one of the new orleans countless trinket shops appeared on the screen . also music cds with the title guerrilla warfare and thugs 'r' us . lane stated , pointing out a pile or rap cds strewn on the ground . his bigoted daddy absalom has taught pat racism well ! br br if any of you good people ever think of donating to these sexist bigoted people please in the name of god don't ! sponsor a softball or basketball team , give to a food shelf , be a big brother or sister to a child but please don't give to these people because they have been around for over 40 years and solved nothing . br br if you still don't believe me type pat robertson overheard during commercial break on the web and hit search and once you hear what hes really like , i know for sure that you will not give one cent to these conning liars ! and by the way terry once had a divorce and pat has talked against divorce many times on his shows . br br i like to say hello to the folks in dover pennsylvania , orlando florida , and to the nice folks who got hit by hurricane katrina and i hope its a pleasant day . has operation blessing been helpful to new orleans ? i doubt it ! please let our readers know ! i do ! by the way folks if your sick , go to a real doctor and lets everybody laugh at these liars and someday burgermeister pat , gordon and terry can go someplace else and take their angry god venger with them !",0,1
i have a feeling that dr . dolittle was intended for an audience composed entirely of children . i think i would have had a better time if i sat at home and watched a sitcom . my favorite characters in the movie were the pet hamster and the two alley mice .,0,1
"well what i can say about this movie is that it's great to see so many asian faces . what i didn't like about the film was that it was full of stereotypes of what typical racial characters would do in their role . the asian girl without confidence who has to play someone else to get ahead , the white guy infatuated with asian culture and chooses to leave his white world behind for the land of yellow and the keeping it real black cab driver . plus all the coke , shanghai tang and dunkin donuts product placement was a bit too obvious . the story plot itself was fun but pretty much how i thought the story would unravel . then again when watching romantic comedies you can't expect much but then again i would have been wanted to just be surprised at least once . the parents are the best part of the flick .",0,1
"i think this movie lacks so much of substance , it is even not worth a discussion . br br in the first , the package is really disgusting . especially the stereotype filming and photographing . surely , joe dante's cinematic stile was appropriate and interesting in gremlins and small soldiers , i mean the imaginative and visual pretty story telling of a spielbergwunderkind i really loved these movies , but in homecoming it was a completely failure . attacks of toy soldiers and hairy creatures is simply not comparable with zombieinvasions dead , stinky , rotten beings trying to kill the living without any logical reason , just because they hate them . br br zombie flicks are characteristic in plain , direct , unconventional and brutal cinematography . nothing to be seen in joe dante's debut . another point is the annoying content really stupid dialogs between the two main characters , a gruesome exploitation of the elder brother dies and leaves the younger traumatized and bad acting . and , by the way homecoming is neither scary , nor gory and even less entertaining . you see , it is even not a horror movie . br br zombie movies in the decade of their birth it the end of 60s start of the 70s used to be revolutionary , provocative espicially through its gruesome , explicit content and of subtle social critic . the original zombie film was actually a midnightmovie named night of the living dead 1968 . this one was a low budget movie that covered so many controversial themes , it's hard to name them all a visual style of hitchcockraimi , the american lifestyle of the 70s , political aloofness , the upcoming breakthrough of the human rights of black people and the even more upcoming racism as a result on the side of the conservative americans remember the shooting of the black main character in the end of the movie . br br if you are interested in the creativity of midnight movies and want to learn more about the most important ones , i recommend you midnight movies from the margin to the mainstream . br br so steer clear of homecoming and even so of romero's land of the dead .",0,1
"this is one of the most hilariously bad movies i have ever had the privilege to see . br br i watched this on dvd with a bunch of friends one friday night and we just couldn't stop laughing from start to finish . br br the story is simple enough terrorists hijack a convoy they think is carrying weapons grade uranium , but it's actually carrying a bunch of maneating dinosaurs . easy mistake to make . cue a startlingly incompetent team of army special forces to tackle the prehistoric beasts . they are led by colonel rance , played by scott valentine ; a man who seems to have perfected 'smell the fart' acting , as advocated by joey in friends . br br there's plenty of gore and an awful lot of shooting , but unfortunately rance's team seem to have a problem aiming their weapons in the general direction of a horde of giant , lumbering monsters . also , the lights always seem to flicker and go out whenever a velociraptor attacks preumably so we can't see how bad the creature effects are . br br having said all that , we all had a great deal of fun betting on who was going to get their head bitten off next . br br as a jusassic park aliens style action adventure this movie stinks worse than a dinosaur's crotch , but as ludicrous , tongueincheek entertainment it's a roaring success .",0,1
"the prerequisite for making such a film is a complete ignorance of nietzche's work and personality , psychoanalytical techniques and vienna's history . take a wellknow genius you have not read , describe him as demented , include crazy physicians to cure him , a couple of somewhat good looking women , have his role played by an actor with an enormous mustache , have every character speak with the strongest accent , show ridiculous dreams , include another prestigious figure who has nothing to do with the first one freud , mention a few words used in the genius' works , overdo everything you can , particularly music , and you are done . audience , please stay away .",0,1
"since i'm from norway one of the top ten or so richest countries in the world , it was much fun to watch how we use trucks from the 50ies and live in cottages from the medieval times . and since we have very strict laws when it comes to handguns , it was fun to see how much guns there actually were in norway during the five minutes of the shooting there . mr . directtovideo even managed to bring his silencer on short notice , so he must have powerful friends in the customs . br br please do at least some research before going to an exotic country , dudes you may hurt the feelings of old fans . br br sverre old fan with hurt feelings .",0,1
"i very much looked forward to this movie . its a good family movie ; however , if michael landon jr . 's editing team did a better job of editing , the movie would be much better . too many scenes out of context . i do hope there is another movie from the series , they're all very good . but , if another one is made , i beg them to take better care at editing . this story was all over the place and didn't seem to have a center . which is unfortunate because the other movies of the series were great . i enjoy the story of willie and missy ; they're both great role models . plus , the romantic side of the viewers always enjoy a good love story .",0,1
although the movie was only so so the closed captioning was by far the best i have ever seen ! most of the time the spelling is terrible and the captioning out of sync . i use the closed captioning even though i can hear well but find a lot of actors mumble . also many times the sound track overrides the dialogue . thanks !,0,1
"time has not been kind to this film from the transition days of sound from silent . the plot has a gangster falling for a socialite who wants to help the down on his luck violinist she loves . there are of course complications . the problem with the film for me is that it hasn't aged well . performances are all over the place with some emotional scenes seeming so over the top as to be laughable . one late exchange where carol lombard throws someone out of her room had me howling with its sing song delivery . there are other times when the film becomes static , a sign of the limitations of the microphones . its not a bad film , its just that the technical limitations of the film get in the way of real enjoyment . normally i'm forgiving , but this time out i just couldn't go with the flow then again the copy i saw was absolutely horrible . worth a shot in a forgiving mood and to be reminded that robert armstrong actually did more than play carl denham in king kong",0,1
"all day now i've been watching dinosaurs , and all day they've had the same fundamental problem . br br they don't believe in firearms . they just don't seem to have been told about them or something . bullets bounce off of dinosaurs ! maybe it's because they became extinct millions of years before the invention of gunpowder , and the laws of physics were just different back then . . . aah , no . come on . if they're close enough to chemically operate today , they'd have to be vulnerable to fast even subsonic lead projectiles . it's that simple . br br look , the toughestskinned reptiles on the planet today , alligators and crocodiles , are completely vulnerable to basic rifle fire . they're nothing magic . you can shoot a pistol round right through the heavy scales on their backs . they don't take armorpiercing bullets or anything special . small bullets penetrate them , they just don't kill them . somewhat but not really large bullets are preferred because the challenge as with most game is to kill the animal with one shot , so it doesn't run . hunters consider it immoral to allow prey to run off and die unharvested . br br most animals , including predators , are easily repelled by gunfire . between the noise , and the pain of even a nonlethal wound , most will run away . an exception are big bears , which are so fearless that they're merely enraged by mortal wounds . cape buffalo are regarded as highly dangerous because they are well known to charge when wounded . we've seen video of the big bulls of a herd of cape buffalo rescuing a calf from an entire pride of lions . a big cat will run if it can , but if it can't it will charge as a final act of desperation . where a t . rex would fit in this spectrum is unknown . their behavior simply has not been observed . with these larger animals , safe hunting becomes a matter of applying an appropriately large and powerful projectile , andor applying several of them rapidly enough to counter its charge . with a t . rex , of course , this could be a serious problem . i've seen a t . rex skull they have one in the museum downtown and carrying a gun big enough to bust that might be impractical . chewing its neck off with lots of smaller fire might be a more viable approach . small bullets would still penetrate them , they wouldn't just bounce off just because the animal is too big to easily kill ! br br so here we have cortez and his men this is before the famous mexican campaign , apparently captured by american natives and scheduled for sacrifice on the pyramid . it appears that all those human sacrifices were about appeasing the bloodthirst of the pair of t . rexes that terrorized the continent in the day . rather than just having their hearts cut out and being fed to the lizards , cortez et al talk the aztecs into letting them hunt kill them . ok , maybe they don't have m16s like the guys in the carnosaur series , but they do have flintlocks , crossbows , pointed sticks big ones , made from trees and swords . maybe that's a little less uneven than squads of soldiers with full auto , but they've several guys and i'd quickly bet on them over a dinosaur . oh , wait , there's a cannon , about a 4incher . that's just the ticket for busting a tyrannosaurus' skull ! so they lay a trap , with a squad of men , cannon , pointed sticks in a ravine , and lure the first t . rex into it , using a pretty brown girl as bait . cortez points out that they'll not have time to reload , so they'll have to close the range until they can be certain of their aim . t . rex totally ignores their volley of flintlock fire , and we see both a crossbow bolt and the cannon ball bounce off ! forget it . end of credibility . a crossbow bolt would defeat cortez' torso armor , and a 4 cannon ball might penetrate the hull of a wooden ship ! this would also certainly get through the hide , ribcage , or skull of any animal ever to walk this planet . do you think a whale could withstand a 4 cannon ball ? and here's t . rex , still standing , not even bleeding . so cortez lures it to the ravine , where it falls onto the pointed sticks , which i guess by magic penetrate it and kill it . yaaay , pointed sticks ! br br the dinos aren't completely invulnerable to gunfire they manage to put out an eye of the second one with a pistol . this runs it off , so it's not as mean as a bear or a buffalo , at least in the movies . br br they kill the second dinosaur with a bomb made from a gourd filled with gunpowder and gemstones . my money would still be on the cannon . it's engineered function is to concentrate all the gunpowder's energy in one direction toward the target . a bomb is a much more diffused application of force . a real bomb not a gourd bomb has a steel casing which contains the explosion to extremely high pressure . think pipe bomb vs firecracker . a pile of gunpowder set on fire will simply go poof . trust me on that one .",0,1
"guy de maupassant was a novelist who wrote a novel about a man , a poor man , without any moral qualities . he only wanted to success in a society where all the people , the politic men , the businessmen , the journalists , the women are corrupt . the only king is money . the maupassant hero , charles forestier is going higher and higher in the society scale thanks to his seduction poser . he is in love with all the women who could help him in his action to climb the society stapes . at the end of the novel , he married himself with the biggest daily paper owner's daughter , in the greatest church of paris la madeleine . le tout paris is there . he has a fortune and more , he will become a member of parliament and later a minister . the useless women are out of his view , but he is always keeping in touch with the pretty and the usefull women . the picture the private affairs of bel ami is a story of morality . it is everything , but not a story in the maupassant idea . why had they put bel ami in its title ?",0,1
"beloved tale of hero benji higgins the dog who is many different things to many different people . in his busy day benji grabs breakfast at the house of two young children , has a chat with an officer of the law , chases an old lady's cat and reminds an aging caf owner to start on the day's special . helper to some , amusement to others , he is companion to all . br br trouble arises when his young friends are kidnapped and taken to the abandoned mansion that he calls home . from here on we know only benji can save the day . br br plot is routine from writerproducerdirector joe camp , and he does tend to over do the slow motion effects . audiences though will find it hard to resist the lovable little pooch , and kids of all ages are sure to adore him . cast were never going to be anything but background to benji . br br not what you'd call inspired , but fun family fare . academy award nominee for benji's theme , i feel love . br br saturday , july 13 , 1996 video",0,1
"dirty war br br aspect ratio 1 . 781br br sound format stereobr br emergency services struggle to cope when islamic terrorists detonate a socalled 'dirty bomb' in the middle of london . br br daniel percival's frightening movie uses all available evidence to dramatize the possible effects of a radioactive explosion in the heart of the uk capital , using the kind of documentarystyle realism which has distinguished this particular subgenre since the 1960's . in essence , the film reveals a catalogue of flaws in the british government's current strategy for dealing with such terrorist outrages , and percival's carefullyhoned script cowritten by lizzie mickery vents its spleen against mealymouthed politicians who would rather maintain the economic status quo than tackle this issue headon . the film covers all necessary bases , and makes the salient point that this kind of terrorism is practised by a tiny handful of fanatics who have tarnished the islamic faith with their reckless disregard for human life , though viewers won't be reassured by the subsequent scenes of devastation and horror . not merely a drama , the film acts as a warning against complacency . either that , or its just another post911 scaremongering tactic . you be the judge . . .",0,1
"the fine cast cannot uplift this routine tale of a secretary murdered by her married paramour . in fact there are more questions than answers in this onesided tale of romance and murder ; and since we are only provided with the prosecution's side , none of these questions will be answered . this is the type of fare that appeals to the he woman , man hater clubs of america . as presented , it is the tale of an innocent woman who just happens to be caught up in a romance with a married , highprofile attorney . is it possible that if , she had not been two timing her boy friend and having an affair with a married man , the whole nasty murderous , sordid incident could have been avoided ? when you watch this , don't worry about going to the 'fridge , you won't miss anything .",0,1
the film has so much potential which was not developed . mark hamill gives a good performance and so does bill paxton . the scenery is beautiful and the ultralight aircraft are neat . the problem with this film is that the story is way underdeveloped and the plot goes nowhere . the film at certain points almost puts you to sleep . i give it 3 out of 10 stars for the flying scenes .,0,1
"this is an action western . james steart leads an all star cast in the scenic northwest , which is filmed in great splendor . the scenery and costumes are great . there is action and adventure . stewart plays a wealthy cattleman who runs afoul of a crooked government in the old nothwest . br br the main drawback is the stereotypical cynic that hollywood has always made into a hero . even when this movie was made , the cynic was the stereotypical hero , and the one stewart portrays really has few saving graces . he is kind to his two partners , and that does give him an extra dimension of credibility and likability . br br however , he is so piggish to everyone else , it is hard to really care for him , or to accept him . he is much like the one dimensional spaghetti western characters cut not that bad . br br still , the minor characters are quite enjoyable . walter brennan , royal dano , harry morgan , and others make this worth watching .",0,1
"i've tried to watch this show several times , but for a show called that '70s show , i don't find much apart from a few haircuts and the occasional reference to disco that actually evokes the '70s the decade in which i grew up . of the episodes i have seen , most of the plots and jokes could be set in any time period . take away the novelty of supposedly being set in the '70s , and the show is neither interesting nor funny . br br if you're looking for a show that more successfully represents the experience of youth in america in the '70s , in my humble opinion you can do no better than the wonder years .",0,1
"warningi advise anyone who has not seen the film yet to not read this comment . br br although i haven't seen them all , the hamiltons sure did deliver one lowsy piece of entertainment , which it did not entertain me at all ! ! ! ! i thought that in common with the semibad acting , stupid plot scheme , and the twist at the end of the movie , which was very retarded , this movie sucked ! ! ! okay , so supposively these are people who eat other people . yeah . . . . . . notice i said people not humans , not because they aren't human , or wait i think they are , oh no wait , they didn't tell you ! ! ! ! ! so okay , are these people cannibals , or are they imbreds , or what are they ! ! ! ! i mean , maybe they're just things that came here to see what people taste like or , are they cannibals who have eaten people for a long time now , or maybe this movie was hhoorriibbllee ! ! which it was ! ! ! so if you think the hamiltons is good , i ask of you , why , why , why , why , why was it so awesome , because to me it was just flat out terrible ! ! ! one big booooooo for the hamiltons ! ! ! go see the gravedancers , tooth nail , or borderland for a piece of entertainment ! ! ! ! !",0,1
"when marlene dietrich was labeled box office poison in 1938 one of a handful of actresses so named by the trades papers , it was films like the garden of allah . how a film could be so breathtakingly beautiful to behold and be so insipidly dull is beyond me . also how marlene if she was trying to expand her range and not play a sexpot got stuck with such an old fashioned story is beyond me . br br the garden of allah , one of the very first films in modern technicolor was a novel set at the turn of the last century by robert hitchens who then collaborated on a play adaption with mary anderson that ran for 241 performances in 191112 . it then got two silent screen adaptions . the story is about a monk who runs away from the monastery out in french tunisia to see some of what he's missed in the world . he runs into a similarly sheltered woman who was unmarried and spent her prime years caring for a sick parent . she's traveling now in the desert and the two meet on a train . br br the woman is of course marlene and the runaway monk is charles boyer . i'm not sure what was in david o . selznick's mind in filming this story . someone like ingrid bergman might have made it palatable for the audience . but you can bet that the moviegoing public of 1936 when they plunked their money down for a ticket they expected to see marlene as a modern day salome rather than a saint with that title . the public still remembered rudolph valentino and you can bet that it was some desert romance and seduction that they were expecting . br br as for the monks you have to remember that they are self supporting in their monasteries and this particular one bottles a special wine of which boyer happens to be the one with the secret . the monastery will have to rethink it's economics if boyer leaves . the monks are a sincerely pious group , but from the head man charles waldron on down they've a right to be a little concerned with some self interest . br br anyway a whole lot of religious platitudes get said here by a pair of leads that really are not suited for the parts . most especially marlene dietrich . i would watch this film with an eye for the special color desert cinematography and forget the plot .",0,1
"frequently voted china's greatest film ever by chinese critics , as well as chinese film enthusiasts from the outside , and , frankly , i don't get it at all . what i saw was one of the most generic melodramas imaginable , blandly directed and acted , with a complete shrew for a protagonist . wei wei don't laugh is that shrew , a young married woman who has suffered alongside her tubercular husband yu shi for the past several years . it is post wwii , and they live with the husband's teenage sister hongmei zhang in a dilapidated home with not much money the man had been wealthy when they married . along comes the husband's old best friend wei li , who also used to be the wife's boyfriend when they were teens . she considers running away from her husband with this man , while the husband pretty much remains oblivious , thinking he may engage his little sister to his friend . that's the setup , and it doesn't go anywhere you wouldn't expect it to . i've actually seen the remake , directed by blue kite director zhuangzhuang tian . it runs a half hour longer , and is actually kind of dull , too , but at least it was pretty . this supposed classic is pretty intolerable .",0,1
"the broken is part of the after dark horrorfest iii . not a slasher or filled with gore . plenty of broken glass and mirrors in this edgy thriller from france and writerdirector sean ellis . a successful radiologist gina mcvaylena headlyinters a strange world as her life seems to spiral out of control . while attending her father'srichard jenkinsbirthday party , the guests are stunned when a mirror crashes to the floor for no obvious reason . things get really strange when she witnesses a woman that is the spitting image of herself driving down a london street in a car identical to her own . gina sneaks to her doppelganger's apartment and finds a photo of herself with her father . she drives away and is involved in a head on collision . then mysteriously her boyfriend is not the same ; to be exact family and friends are not easy for her to trust . is gina beside herself ? is she in a parallel world ? her nightmares become more horrific . . . is she broken ? br br kudos if you can figure this one out . . . it won't be easy . editing couldn't be any tighter . lighting is questionable . other players melvil poupard , william armstrong , michelle duncan and ulrich thomsen .",0,1
"cassavetes was clearly an intelligent , sensitive man with bold new ideas about making films . he wanted to be an auteur , to break away from the confines of the system and bring a new realism to the american cinema . for that , i applaud him . br br unfortunately , as a member of his audience , i cannot applaud a woman under the influence . cassavetes took what could have been a fascinating topic an insane woman and somehow managed to craft a dull film , filled with lengthy , adlibbed ranting and drawnout scenes . he seems to have had a gift for capturing the dullest moments of a person's life on film , and it often appears as though he simply turned the camera on his family and let the motor run and run . this tactic would be acceptable if cassavetes had captured something devastatingly real or even a kernel of something so real it touched the heart in ways a conventional film could not . yet i found the performances , particularly rowlands' , to be artificial . i never believed for a moment that she was really insane . i have met people who are truly mentally disturbed , yet i've never seen any of them act quite like gena rowlands in a woman under the influence . she played it like a very obnoxious , uninhibited woman who drinks a lot , and even that was confusing because we only see her drink once at the beginning , but she acts drunk for the remainder of the film . there are some moments in which she taps into something real , but those moments are few and far between ; she fails to sustain a seamless mentally disturbed character . again , i applaud her efforts , but effort alone is not enough to make the performance ring true . br br novice audiences who happen upon this film and see its high imdb rating will no doubt feel compelled to love it and rate it highly , just to prove that they 'get it . ' but don't be brainwashed by the hype judge for yourself . you don't have to pretend to like it . br br like woody allen , john cassavetes could be accused of solipsism in his filmmaking , seeming to find his own psyche and his own life experiences so endlessly fascinating that he couldn't imagine that to others they appeared presumptive and tortuously selfindulgent . but woody allen at least has demonstrated a gift for keeping an audience entertained he knows that a compelling story structure and a good dose of humor are essential to any movie . if cassavetes had employed some selfdiscipline and a sharp pair of editing shears ! , a woman under the influence could have stood a chance . but what's the point of making a 'realistic' film if the only people who can stand to sit through it are the arthouse devotees and film students who worship cassavetes as some sort of antiestablishment deity ? without dumbing anything down , i believe cassavetes could have made a woman slightly more accessible by keeping the pace moving with an actual plot , instead of presenting a string of 30 minutelong scenes of adlibbed arguments . if you just make films for yourself and a few of your fans , you're just reaching the already converted . watch this movie with your own set of eyes and make your own decisions about it . if you are truly moved and fascinated by it , good for you .",0,1
"this rather formulaic swords and flying fists movie is a decent early display of john woo's talents . the cinematography is excellent and some of the sword work is truly remarkable . unfortunately the film labours under the burden of a dull story and a glaringly low budget check some of the setbound fight scenes if you doubt me . nonetheless , it's worth seeing , especially if you can catch in letterboxed .",0,1
"rebecca de mornay can be a fascinating beautiful actress but as for the parts she's given to play , if you cannot say something nice . . . br br de mornay portrays a woman who had terrible traumas as a child with a father she can hardly stand now that she's a grown up and has become a of course brilliant shrink . she has an affair with banderas , whom we suspect of being ouch ! how original ! a serial killer . sometimes she recalls banderas's motherinlaw tippi hedren's character in marnie . but i wouldn't count on ithitchcock died twentyfour years ago , and a lot of regents desperately try to replace him . here the director pulls out all the stops to make a thriller with an unexpected end , but that ending is so farfetched it is absolutely impossible to buy it . the movie includes the obligatory conversations with a serial killer in the silence of the lamb tradition , murders human beings and cats , split personality , and open ending in case the crowds should call for more . apparently they did not , and they were right .",0,1
"madhur has given us a powerful movie chandni bar in the past . his next film page 3 was one of the worst movies of all time . it apparently tells the story of some high class people in india . after seeing a scene where the man forces another man for sexual reasons to star in a movie . i felt like spitting and breaking the dvd . coincidently i did . the reason why was the movie contains scenes of child pornography and molestation . i literally vomited and was shocked to see a movie showing naked children . very disturbing stuff , there was no need to show the children fully naked . one of the rich guys likes to kidnap poor children and sell them to foreign people , british men in this movie . i am shocked to know this film was a hit in parts of india , otherwise super flop in uk , usa and australia . i'm from uk , and this kind of stuff makes me sick , shouldn't of been released in uk .",0,1
"this film started off really tense when a poor young boy is set upon by a pack of savage dogs . after a tense chase he is saved by said grandpa with magic whip . br br we are then introduced to a string of annoying house mates , including one tart who is always half dressed . during this stage the film heightens tension with strange plinky plinky background noises that had me on the edge of my seat . br br i stopped paying attention for a while but when i looked back on the screen there where weird creature type things going around grunting and killing . one word of advice if you are ever trapped in your home by some nutter get some cardboard boxes and a tray . br br although we did skip half the film , because it was totally non interesting or memorable , we are now at the stunning conclusion , the last surviving creature thing fights a whip duel with grandpa and his magic whip . i wont say what happens here , but i can say the whip battle is full of tension , with aerial fights , split level fights and all manner of drama . br br i am now going to shove this film through the door of a neighbour i don't like .",0,1
"a real hoot , unintentionally . sidney portier's character is so sweet and lovable you want to smack him . nothing about this movie rings true . and it's boring to boot .",0,1
"br br one would expect a movie with a famous comedian in the lead role , to be a funny movie . this is not the case here . i laughed out loud once throughout the whole movie , and that wasn't even during the final comedyscene which one would also expect to be the funniest . this is one you can watch when it comes to tv , don't spend any other money renting it .",0,1
"an obvious vanity press for julie in her first movie with blake . let's see . where do we begin . she is a traitor during a world war ; she redeems that by falling in love ; her friends who are presumably patriots because they are german citizens are expendable and must die ; and she winds up as a heroine . ok . the scenes with the drunken pilot and the buffoons who work for french intelligence can't even be described , and we won't even mention rock's romantic scenes with a female . by the way , when they visit a museum , look at his gaze i reran it on video and it's priceless . is it a farce or is it a romantic classic or is it a war movie ? i don't know and you won't either .",0,1
"it is unfortunate that between this film , in the valley of elah , lions for lambs , and home of the brave seem to all be based upon common stereotypes about veterans from the wars in iraq and afghanistan . the boozing , the fighting , the shortfuses , the broken marriages , guys freaking out and digging a foxhole in their front yard when they're drunk , etc etc etc . br br does it happen yes , but not as often as one would think after having watched any of these movies . i think that it is unfortunate that these directorsproducerswriters choose to grind their axe against the political establishment by portraying soldiers in such an atypical way . in this particular film , kimberly peirce didn't even throw us a bone , like showing the new children that were born while a family member was deployed , or the kid who grew up in some ghetto who can now afford college thanks to the gi bill , or the couple who can afford a house , or start a new business , earn their citizenship , etc etc etc . instead , we are treated to the stereotypes because the people who made this film only want to show you the bad side . br br a couple of issues with the film itself 1 somebody screwed up by putting phillippe in for a bronze star with v after he led his squad down a tight alleyway after having been baited by a gunman in a taxi . pretty stupid , but yes , it happens . 2 the humvees didn't have any turret armor , so we are supposed to believe it is a near the beginning of the war , yet every soldier and their brother has an acog and every possible attachment for their m4 ? sorry , don't think so 3 timothy olyphant as a lieutenant colonel ? it's hard to believe , but i just checked an he turned 40 in may , so the timing isn't too off . 4 he strikes two soldiers to escape being sent to jail after saying that he wouldn't return to iraq upon having learned that he had been stoplossed . so he's a fugitive . then , when he finally turns himself in at the end , and they take him back , he keeps his rank and deploys with the same unit ? sorry don't think so . br br i can only describe it as one giant stereotype of the army and the infantry . do some of the events portrayed in this movie happen to some soldiers , yes . however , in this film you get practically every stereotype in the space of about 100 minutes , and really things just aren't like that for most soldiers returning . i wish the director had made a point of doing a little better research instead of starting off with her agenda and then making a film . br br of the movies i mentioned at the beginning of this post , the best one is probably lions for lambs , which is more a commentary on the sad state of generation y than it is about the wars in iraq or afghanistan or the bush administration . if you really want to see this film wait for cable or netflix it , don't pay cash directly to rent it .",0,1
"everyone in a while , disney makes one of thoes movies that surprises everyone . one that keeps you wondering until the very end . in the tradition of pirates of the caribbean , this movie is sure to turn into a ghost , and kill and rape your village . it's terrible . if you want a mindless , senseless , predictable action movie , go right ahead . i believe that young kids might enjoy this , as they like it when good always wins . but me , i like movies where it's a toss up who's going to win . this movie never lets the bad guys have the upper hand . by the end , when th heroes are left in an inescapeable pit , you just know that they can get out . everything works out perfect for cage and his friends , he never has to think over a riddle or clue for more than 10 seconds , no matter how complex it is . see this movie if you want to see some impressive set designs , not if you want to see good acting , or a good film . go watch a superman movie , it would be much shorter , and the kids would like it more . for instance , the scene where cage is fleeing from armed gunmen , and the bullets are all deflected by a the railing of a fire escape . and i'm not talking about a fence or anything , just one little pole this movie shows the decay of films and the film industry to cheap gags and dull , unrealistic action , which this movie provides in huge quantities .",0,1
"the name uwe boll is automatically linked to bad horrorcult cinema and every new movie he releases which is about two , three per year immediately always receives negative ratings and harsh criticism . you're actually almost tempted to think this is just a contemporary hype . you know , like it's popular to hate uwe boll whether you liked his movies or not . let me just assure you that this is not the case . uwe boll is a terrible writerdirector and quite frankly a menace to the entire filmmaking industry . seed is another most unfortunate of proof that . in here , boll tries so desperately hard to come across as controversial and shocking that he overlooks numerous other elements that any movie essentially needs to exist , like a plot , a narrative structure , character development , tension building seed is a hideous movie , full of gratuitous filth and incompetent padding footage . i once read that seed was uwe boll's interpretation of the nowadays popular horror trend of torture porn flicks , but that's not even close . the film inarguably does borrow some influences from saw and hostel , but basically it's just another umpteenth dull slasher with an indestructible killer and video game violence . br br the first 45 minutes of seed are beyond boring and actually just confirm all the obvious things you already knew were going to happen . for you see , boll was stupid enough to begin his film with a hyper fast scrolling text explaining there's a federal us law claiming that death row prisoners have to be set free if three attempts to electrocute them fail . so you know this will happen later on , but still the first three quarters are wasted on catching a serial killer and bringing him to the electric chair . seed is a mute serial killer who supposedly slaughtered 666 victims exaggerate much ? who wears a bag over his head . he watches reallife animal cruelty footage and thus we watch reallife animal cruelty footage ; thanks for that mr . boll and videotapes people as the slowly decompose in their cellar including a crying baby which is really sick and twisted . when he's finally captured , during the most amateurish and implausible police manhunt ever filmed , and put on death row , the film even becomes more retarded . after being buried alive because the electric chair couldn't fry him , max seed crawls back to the surface and goes on a brand new killing spree ; this time mainly focusing on the people who arrested and executed him . br br the senseless plot twists and complete lack of story depth of this movie go way past being just bad ; they're downright infuriating and insulting the intelligence level of the average horror movie fanatic . multiple twists and sub plot in seed are simply impossible to accept by the reasonable functioning human mind because they're just too dumb ! nobody believes that cops and prison staff members will just bury a mass murderer alive without shooting a few bullets through his head first . nobody will accept that a fugitive convict cannot be found for another six months even though he went straight back to the exact same hideout place where they first caught him ! seed is full of retarded little things like these and the movie gets dumber with each minute that passes . personally , i refuse to accept that the cast crew members didn't notice this as well . it really makes you think that uwe boll simply neglects all advice and criticism , and just stubbornly shoots his movies the way he wants to . i imagine his yelling stuff like shut up and do as you are told to his actors whenever they remark that the scene they're shooting doesn't make a lick of sense . br br just for the fun of upsetting people , there's a gigantically overlong sequence where max seed smashes an elderly lady to death with a hammer whilst she's tied up to a chair in the middle of her own living room . instead of shocking , as boll intended it to be , this sequence masterfully epitomizes how pathetic and wannabe controversial the whole film in fact is . seed is horrendous , it's disgusting , it's pitiable , it's boll .",0,1
"you know jason , you know freddy , and you know leatherface . now , get ready for the safety pin killer ! that's right , in killer workout , a dumb slasher movie if i've ever seen one , the unseen murderer dispatches his or her ? victims with an oversized , novelty safety pin . it is an odd choice to be sure , the kind of thing that deserves an explanation . naturally , the movie never even attempts to clarify where the killer acquired such a thing . br br as the title suggests , an aerobics gym is under siege by a mad killer and everyone is a suspect . in fact , the movie gives so few clues as to the identity of the killer , just about everyone in the movie is a potential murderer until they get killed . and since just about everyone but the killer winds up dead , it's really just process of elimination . br br oddly , while the entire name cast is killed off , the aerobics classes continue in earnest . in fact , nothing is capable of stopping the dancing . while three men are murdered in the next room , the workout goes on . death isn't even a factor ; one character dies , but is still seen prominently in the later workout sessions . director david prior knew what he was doing when named the movie killer workout and not logical workout . br br cop chases , explosive tanning beds , and hundreds of shots of women's exposed flesh are thrown in for good measure . much like the woman caught in the tanning bed , i felt very uncomfortable by the end of killer workout . finally , thankfully , the end flashed on the screen . what happened next ? you got it , shots of the women working out . not even the end of the movie can stop them ! br br",0,1
"let freedom ring was probably made with the best of intentions , but it sends out a curious mixed message in the final product . br br the folks at a western town where the railroad is coming through are overwhelmed by the arrival of immigrant railroad workers , working on the railroad being financed by robber baron edward arnold . there are a few ranchers and farmers whose land stands in the railroad's path and these folks are dealt with summarily by arnold's hired men . one man who won't give in is lionel barrymore whose son is coming home from harvard a lawyer and ready to take up the rancher's cause . br br only nelson eddy decides the best way to fight is to go zorro on the bad guys . but other than charles butterworth no one knows he's the wasp a very interesting choice of names by the way . br br what arnold's done is used the tried and true methods of the political bosses of the east , getting the immigrants to vote . nelson's idea is simple , if the immigrants only knew the truth about what a bad guy arnold is , they'll vote with the original settlers and knock out the alien urban political machine in their midst . he kidnaps newspaper editor raymond walburn and takes him and the press to a mountain cave where some subversive newspapers are printed and distributed . br br the railroad workers are a real mixed bunch of immigrants , not the irish working west or the chinese working east as history has it . it's a real united nations working on arnold's railroad . the workers are kept in line by foreman victor mclaglen and nelson has the unenviable task of beating some sense into him like john wayne did in the quiet man . br br of all the films that starred jeanette and nelson and they certainly have come down in history as a duo , this was the worst of what they did at mgm . nelson is about to be hanged along with barrymore for crimes that are undefined at best , but certainly nothing worth being hung for . and virginia bruce who plays the nelson's girlfriend saves the day with a rendition of my country tis of thee that the immigrants join in with . in the face of a revolt by his paid for immigrant voters , arnold quite rationally packs up and leaves town to build his railroad somewhere else . br br i kid you not , that's the ending here . just what is the message , vote with the settlers and lose your jobs with arnold ? but somehow you'll get by here ? br br i do wonder some times if 20 years from after the incidents of this film take place and the town as settled into a sleepy backwater of the west while some towns where the railroad has come through that are now cities , that the good citizens of that town haven't rethought about what nelson eddy did . if they did they're probably running him out on a rail . br br nelson is of course in good voice and has a variety of concert and popular pieces to sing including a ballad to the immigrants written by sigmund romberg , where else but here . the song is a heartfelt tribute from an immigrant who did make good in his adopted country . too bad it didn't have a better venue . br br the almost platinum blonde virginia bruce i'm sure is dubbed here . and i'm sure jeanette macdonald was just as happy she wasn't accompanying nelson on this trip west .",0,1
"ha . without a doubt tommy's the evil one here . i don't know why , but for some reason , little kids in horror movies tend to come across as little butt munches . and since they're kids , they won't die . because they're annoying . . . well . . except for asylum of terror . but those are few and far between . br br anyway onto the movie . can't find this movie on dvd ? sure you can ! all you have to do is buy the chilling classics dvd pack ! not only do you get metamorphosis on dvd for 15 , but you also get 49 other movies ! what a bargain ! pff . ok . i'm done advertising for these cheesy movies . let's just say , this movie ain't worth the 15 bucks on its own . br br so we have a chemist scientist . yeah . cause all chemist scientists look as handsome as this guy playing peter . he's trying to come up with a serum to stop deterioration of the body . the college he works at wants to pull the plug on his project , so he tries it on himself . but because this is a horror movie , he sucks it up and starts and incredibly long transformation sequence that takes nearly 34 of the movie . br br to pad out the movie he gets into a relationship with some woman who has a son . and she was never married ! scandalous ! but of course tommy is one of the most irritating characters . . . . no . i take it back . he is the most irritating character . far worse than the old crippled guy who wants to take over peter's work and gloats over him while he's in the hospital . that's right , even as an old cripple , you can still be the villain . br br so we see peter start to randomly kill some people in visions he has until he realizes he's the one doing it and just decides to kill everyone in his path to get back to normal . however at the end he ends up deevolving into a lizard . yeah , i know don't ask . the ending really doesn't make any sense . and if you're hoping for any really good payoff , you're not going to get it . br br this isn't a horrible movie . . . . it's just frustrating because of the lack of a good payoff . if you already own the 50 movie pack and this is next on your list , you're not in for a snoozer , but you're also not in for a great movie . just sit back , relax , and eat a lot of snack food . because this movie isn't going to be making you jump out of your skin anytime soon . br br metamorphosis gets 4 plastic lizard heads , out of 10 .",0,1
"i couldn't bear to sit through he entire movie . do families like this really exist somewhere ? there have been many comments describing this family as akin to llbean models and such , and i think that that is a great description of how they behaved . br br more absurdly unbelievable writingacting occurs as we meet a character referred to in high school as pigface who , of course , has grown into a dropdead gorgeous 20year harvardeducated plastic surgeon but only to do good in the worldnot for the money , and she beds steve carrel on the first date . that's when i quit watching . . . br br if you can completely suspend your disbelief for two hours , then perhaps you'll enjoy this sentimental , selfindulgent waste of time .",0,1
"the honey , i shrunk the kids franchise was a huge deal and not to mention very famous . i loved honey , i shrunk the kids when i was little . it was an original story and had such an exciting plot ! the sets were so amazing and the cast seemed like they enjoyed each other's company . now honey , i blew up the kid was pretty stupid , so i think they wanted to go back to the story that everyone loved . br br basically , adam is a little more grown up now and the mom's are going on vacation to leave their husbands with their children . but when wayne's favorite item is threatened for the garbage , he wants to shrink it and keep it , but he and his brother get in the way . but when the wives come back after forgetting to give some meds to their son , they get caught in the machine as well , leaving the kids in the house alone ! br br the plot is silly , but like i said , it was just a family film that i think some might get a kick out of . the original honey , i shrunk the kids is the best , i think everyone could agree . the third one wasn't so bad , i would recommend this one at least over honey , i blew up the kid movie , it was at least a little more fun . br br 410",0,1
"there is not a single sympathetic character in this entire movie . is it the lawyer played by kenneth branagh that we're supposed to be pulling for ? well , let's see we learn he's a sleazebag defense attorney who gets criminals off on technicalities . he treats his coworkers like cattle , gets them involved in his own personal crisis in the process , getting one of them killed , jeopardizes the safety of his kids , threatens his exwife's new boyfriend , tries to strongarm the police and school administrators and all this for what ? because he was thinking with his little head ! i was really pulling for the father and his gang to beat the stuffing out of the lawyer and drown him in the swamp . . . it would have made for a far more satisfying ending .",0,1
"who could possibly have wished for a sequel to bert i . gordon's legendary bad trashfilm food of the gods ? nobody , of course , but director damien lee thought it was a good idea , anyway , and he put together a belated sequel that stands as one of the most redundant movies in horror history . gnaw is a sequel in name only , as the setting moved to a typical late 80's location a university campus and also the cheap cheesy gore effects perfectly illustrates the 80's . this script hangs together by clichs , awfully written dialogs and plot situations that are not so subtly stolen from other and more successful horror classics . neil hamilton is a goody two shoes scientist who performs growingexperiments on ordinary rodents in order to do a fellow scientist a favor . due to some incredibly stupid animal rights activists , the huge and ravenous rats escape and devour pretty much everyone on campus . following the good old tradition that spielberg's jaws started , there's an obnoxious dean who refuses to admit the problem even though severely mutilated corpses are turning up everywhere . during a hysterically grotesque climax , the rats invade the opening ceremony of the campus' new sport complex ! gnaw food of the gods 2 is terribly bad and therefore a lot of fun to watch ! the characters do and say unimaginably stupid stuff like descending into the sewers unarmed while they know it's infested with rats , the acting is atrocious and there's a genuinely bizarre sequence involving the hero having sex under the influence of growthserum ! i wonder what freud's theory would be on that ! there's a satisfying amount of gore and sleaze and it has to be said the music is surprisingly atmospheric . in case you just can't get enough of this junk , there are quite a lot of creaturefeatures revolving on mutated rats , like the italian schlock film rats night of terror , the modest 70's cult film willard and its lame sequel ben , the 2003 willard remake starring crispin glover and the surprisingly good recent ratmovies by oncefamous directors tibor ticaks rats and john lafia the rats . go nuts !",0,1
"movie about a small town with equal numbers of mormons and baptists . new family moves in , cue the overwritten dialog , mediocre acting , green jello salad with shredded carrots , and every other 'inside mormon joke' known to man . anyone outside the mormon culture will have a hard time stomaching this movie . anyone inside the mormon culture will be slightly amused with a chuckle here and there . you'll be much better off watching hess's other movies napoleon dynamite , etc . . than trying to sit through this one . the acting is mediocre . jared hess has had his hands on much more quality films like saints and soldiers , and napoleon dynamite . i would recommend both movies over this groaner .",0,1
"lois weber , self proclaimed missionary via the cinema , wrote , directed and produced other films on controversial subjects , but this may be the first to get wide viewing , thanks to tcm . this film is her indictment of abortion , but she cleverly muddles the issue by bringing in eugenics and birth control , leaving the impression that they are somehow equivalent to abortion . her talent in writing and the other cinematic skills are well displayed here , but one may be forgiven for wishing she had used them less didactically . if you have wondered what tyrone power , jr . 's famous father looked like , here is your chance . 1916 fashions and automobiles are also on display to add to the interest of this museum piece . it's enjoyable even if you don't appreciate the propaganda .",0,1
"this was my very first bollywood movie and i found it in the same way many other recent viewers did through ghost world . having done a little bit of reading up on the film industry of bollywood this week , i understand somewhat why there are seemingly unrelated musical numbers and romance and comedy in a horror film . but something for everyone doesn't always add up to a cohesive product . br br the ultragroovy musical dance number jaan pehechaan ho has captivated the world in a way it probably could not have done in 1965 . it's all over the internet now , with many folks scrambling for a good english translation . laxmi chhaya does an amazing job dancing take after take , making it all look fresh , new and fun even when any normal person would be exhausted ! she rules ! br br on the beach with miss kitty is a lightweight fun and pretty tune in total contrast to the horror plot . still , i find myself singing it in hindi a week later . i found a rough translationbr br if you want to live in this life then listen to what i say leave your sorrows behind and join the party take my advicebr br those who want to live live with laughter and singing let your hair down and relax people of this world what do you know ? come to me and i'll explainbr br whoever there is who will see me will stop worrying in this world fish swim freely here and therebr br my second favorite number in the film is the butler's dream where mehmood is entranced by miss kitty's dancing . the electric tikilike idols are just wonderfully tacky as is the entire set of this number . online , i'd seen it described as what would happen if liberace threw up ! ! way fun . br br gumnaam is not a good movie as a whole . that's why i gave it a rating of 3 . it's actually a real stinker of a film with some fun , kitschy musical numbers that have nothing really to do with the murder plot .",0,1
"richard tyler is a little boy who is scared of everything . he doesn't like riding his bike or climbing on his tree house because he knows what kind of accidents might happen to him . so one day he is riding his bike and because it is starting to rain , he decides to wait in the library until it stops raining . in there the whole story takes place . he experiences all kinds of staff and in the end he is not scared any more . but the whole story is unbelievable and even good actors like macaulay culkin could not make the story better than it is .",0,1
"stifler , has finished running his naked mile and is now attending beta house . crazy stuff happens , people run around naked and nerds are made fun of and this series is dead in the water . the naked mile was a crap film , but i found it to be significantly better then band camp . it seems they've gone back to what didn't work for them and it shows that they don't care either . you can tell where the target audience is and they nailed it perfectly . young teenage boys who like to see naked women , crude humour and beer drinking will love beta house , everyone else can pretty much look away . br br star wars became a massive success that stunned audiences with it's ahead of its time special effects . lord of the rings created an entire world of mythical creatures and massive battles that dazzled the eye . the matrix changed the way action and scifi films were made , specifically with the cutting edge special effects . with all the advancement in technology , we eagerly await the next big thing that will have our jaws dropped to the floor . then comes american pie beta house , which pushes the boundaries of what technology can do . when people have created spaceships , landscapes and creatures using cgi , beta house decides to use this technology to create semen . yes , the thing that creates life , the thing you see so many times in pornography films is created and time slows down to show us the white residue shoot across the room onto a teddy bear . is this funny ? disgusting ? neither ? beta house shows more nudity then the naked mile , which is surprising considering the previous installments title . does the film need it ? of course not , does it ever advance the plot , does it ever ? does it ever get a laugh ? does it ever get young boys aroused ? yes the women are beautiful , but if i am the one who thinks there is too much nudity then you might as well just have made a porno . br br the female who catches the affections of our main character is pretty and doesn't annoy the viewer , like previous girls have done in the series , but not once did i ever believe this character would ever do what she does . i'm pretty sure every action from the characters in this film are far from realistic . the american pie series has fallen from a realm of reality into a fantasy world . none of the events in this film would ever happen , if they ever did then i need to attend this school immediately . is this film suppose to make people feel like they are having a good time ? well it doesn't , we are watching them have a good time , by the end of the film we hate them for all the fun they are having . br br there is a deer hunter scene in the film , but to make it funny for today's audience they decided to substitute bullets wit horse semen . are you laughing yet ? instead of shooting themselves with said semen in the head , or face , they place the gun in their mouths . are you on the floor laughing yet ? the first time we are introduced to stifler's roommate , he's having sex with his girlfriend . are you cheering at the nudity yet ? the film at first seems like it will be about the boys trying to get into the frat house , but then it shifts to them already being in the frat house , but needing to perform certain tasks . then it shifts to a competition between nerds and the boys . it goes a little revenge of the nerds on us for a bit and it seems out of place . i honestly do not know what these film is about because it goes all over the place . br br most of the comedy seems forced for shock value . even at the beginning with the dad showing his son the list of people he has had sex with . the joke is in there somewhere , i think it might be the fact that his wife is not the last name on the list , or it could have been that one of his son's friend's mother was on the list . either one , it doesn't work . br br i guess if you haven't guessed it yet , this film is not funny . nor does it seem to be focused , the story is pathetic and the so called crude humour that the series has been known for doesn't shock . skip this lame installment and any future ones as well . i do not know why i have seen all the entries in the series , but for some unknown reason they seem to have found their way to my eyes .",0,1
"i saw this director's woman on the beach and could not understand the good to great reviews . this film is much like that one , two people who are caught in a relationship with very little dynamic and even less interest to anyone else . like his other films , you have to want to listen to vacuous dialog , wade through very little and become enchanted with underwritten , pretty uninteresting characters . if you feel you can like this film , don't let my review stop you . i do like minimalism in films , but i feel tsai mingliang's films are far superior . he has a fairly terrific actor in lee kangsheng in his films . there is nothing here . i wish iu liked it , but i don't . oh , well .",0,1
"i love this show . i watched every episode last year . i bought the dvds . and i tune into to watch tonight and i see for some reason you have retooled this great show . and you have taken what made it work and ruined it . you took one of the best aspects of the show away which was the 4 friends . sam , sully , lizzy and piper . i love the other characters as well , but they are good in small dozes like derek , darcy and even sully . it is like the show lost some of its family and everyone else is trying to hard to fill in . it is overdose . while things are funny in small dozes when you are exposed to it all the time it goes from funny to annoying . i was so looking forward to the return of this show . so please bring back the charm . even if you could not fit piper into the show at least bring lizzy back . but i loved those girls . they brought the fun . the show was about sam trying to live his business life and handle his personal life and friends as well . that was the charm . and that great dog as well . br br i hope the network fox forced the writers to do this and the writers did not willingly do this to the show . i will give the show a couple more episodes before i give up , but tonight's episodes were bad . i made a big deal out of the show returning tonight and had people over and i felt like a fool , because no one was laughing except 23 times . i apologized to them and said i don't know what happened . and about 10 minutes into the episode i realized they were not going to show piper or lizzy and this was no longer a must see tv comedy .",0,1
"maggie smith and peter ustinov as a very unlikely couple in a very not likable film at all . br br the film shows promise for ustinov is released from prison for embezzling . he convinces robert morley to go away so that he can assume his identity and begin hacking away at computers at a very fancy firm run by karl malden and bob newhart , another unusual duo for films . br br morley sounds just as he did in 1938's marie antoinette . perhaps , he needed to return to that genre . br br this film is ridiculous at best . hard to believe that the following year , maggie smith totally changed her ways and gave a shattering oscar performance in the prime of miss jean brodie . br br ms . smith is made out here to be an apparent dumbred head , but by film's end , she is the brains of the outfit . too bad the writing didn't go the way with her .",0,1
"i figured the whole joke of the movie would be to see some rich white guy acting like chris rock , and then see chris rock react to people's reactions . instead you just see chris rock being himself and people not understanding him . there are maybe 2 scenes in the entire movie where they use their gimmick . this should have been a lot better .",0,1
"i picked this movie up to replace the dismal choice of daytime television and to go with my thirst for femme fatales . well , for the previous , it is better than daytime television . . . . though i'm not sure how much . br br it does have its points but after about the first 2030 minutes , the good points pan out and one comes to the conclusion that they are watching a made for tv movie that was put together with not much time to make something that will hold together . in short , a terrible sci fi channel type movie . br br it has its points such as the future is dirty , like blade runner showed . . . . . of course , this is no blade runner . the captain looks , sort of feels like actor robert forster , the kind of person one might want to be around . br br but unfortunately , it rather ends up feeling like a bad andromeda rehash where the muscle of the crew consists of poor copies of the smart gunners of aliens , the mystic is vampire willow sexually intensified , and the new captain might as well be like janmichael vincent running around on danger island in the banana splits ; he only put on the uniform with the epaulets ; he's got very little right to it . all of them running around with their version of force lances inside a ship that looks very much like the 'eureka maru' as they are fighting a class of 'people' who occupy the universe and are broken up into several different tribes or sects of different evolutionary qualities . . . . . . . just like the nietzcheans in andromeda . br br it might have a redeeming feature with michael ironside , but after a while , one gets the feeling that he took the part as a hoot ! he probably had fun doing it , but it doesn't help the movie much . br br it's . . . . . okay . okay in the way that one might watch the dvd once without turning it off ; if they watch it with commercials , they will probably change the channel . one might watch it once . . . . . . . . . . but a few hours later , be wondering what it was that made them watch it all . br br for me , that was the femme fatale . . . . . . . . . . . . . when she was fighting .",0,1
"pointless movie about making a movie . no where near the flesh shown in the original , which was quite enjoyable and even had fun music . not here . br br it's always fun seeing the pathmark guy though .",0,1
"i know that in this episode there's other stuff apart from what i am going to discuss , and in fact i think it has some virtues ; for example , the fact , after we had been given a very negative opinion of jin from seeing sun's flashbacks in house of the rising sun , we get to see jin's side of things and get a new , more balanced understanding of his life . br br but there is an element in this story that made me so deeply uncomfortable that it greatly dampened my enjoyment of the whole episode . before now , in the scene where jin appeared with blood on his hands and shirt , it had been hinted that sun's father was someone who was getting rich through shady , illegal methods . i thought maybe he was a mob boss , even ; mobs operate in korea , just like in almost every other country in the world , so it was a reasonable possibility . however , in this episode we learn that sun's father is in fact the boss or a top executive of a korean automotive company , and that what jin had been doing was physically attacking a government official who was actually going to be murdered on his behalf . br br i may be especially touchy about this because i happen to work in the automotive industry , but i would say it is spectacularly offensive and racist to even suggest that this kind of thing goes on in korea ; that huge , serious companies like hyundai or kia which must be the model for this fictitious car company , as they are the only ones that actually exist in reality operate with these mafialike methods , instead of like any normal automotive company of the west . it is just unbelievable to me that the writers would have the gall to write something like that into the story , and that there hasn't been an uproar in korea over it . it feels like extraneous buy american ! propaganda , portraying foreign car companies as criminal , untrustworthy , thirdworld outfits .",0,1
"the strange people living in a town go about their lives . there's the licker a guy who licks everything , a dumpster diver that finds a body which he takes home to live with him , a crazy girl with a doll dressed like her , a guy who wants to cleanse girls of their wicked ways . . . offbeat in the extreme , this shot in black and white movie is better with out the color . the monochrome takes the edge off the two steps up from home movie feel . like a troma movie , this movie is fun in fits and starts but mostly its weird for weirds sake and soon becomes a crashing bore since one you see the set ups you can kind of guess where its going a lot of the timenot always but enough for it not to be fun . though i didn't see the cleansing coming . worth a shot if you've nothing else to watch and you're waiting for the next set of golden girls to come from netflix .",0,1
"if you are under the age of 6 or 7 , then you're going to really enjoy this movie . my youngest daughter is glued to the tv when she watches it . as an adult , i can't stand it ! ! i'm all up for sequels . . . . when they have a decent storyline . but this is nowhere near up to standard . please forgive me for slating what is after all a kid's film , but when you have to sit through it nearly every day when your kids who love it so much , you'll understand why . my daughter would watch this film over and over again on the same day if we let her . br br i've given this film 4 out of 10 purely for the fact that it keeps my youngest entertained .",0,1
"well , what can you say about a barbara cartland adaptation ? br br there are some amazing actors in this oliver reed , sarah miles , christopher plummer but they clearly are clocking up the money . br br lysette anthony and marcus gilbert have appeared in two other cartland epics anthony with hugh grant who looks suitably embarrassed and gilbert with helena bonham carter . br br if you really want to see a watchable adaptation of cartland , the bonham carter one is the one to go for a hazard of hearts what a title ! ! . gilbert is the weak link in that , but bonham carter is suitably beautiful and of course can actually act , and the rest of the cast play it to the hilt with tongues firmly in cheek edward fox diana rigg",0,1
"the movie begins with much voiceover , a bad sign . then it just slides downhill with silly and intelligenceinsulting scenes involving trappers and indians . but , it reaches new and impressive lows when all the merry mountain men square dance with each other in a high alpine meadow . meanwhile , the happygolucky indians sit around watching them . it's a better scene than the dancing cowboys in blazing saddles . there is a minor flaw in this comparison ; across the wide missouri is not a comedy . br br",0,1
"this movie is truly brilliant . it ducks through banality to crap at such speed you don't even see good sense and common decency to mankind go whizzing past . but it doesn't stop there ! this movie hits the bottom of the barrel so hard it bounces back to the point of ludicrous comedy behold as kor the beergutted conan wannabe with the overabundance of neck hair struts his stuff swinging his sword like there's no tomorrow and the way he swung it , i really am amazed there was a tomorrow for him , or at least , for his beer gut . don't miss this movie , it's a fantastic romp through idiocy , and sheer bloody mindedness ! and once you have finished watching this one , dry the tears of joy or tears of frustration at such an inept attempt at storytelling from your eyes because some stupid f00l gave these people another 5 to make a sequel !",0,1
"threadbare horror outing has an innocent teen meg tilly , appealing as always attempting to get in good with the popular clique at school despite the fact they seem to hate her outright and letting herself be subjected to their sororitylike initiation spending the night in a creepy mausoleum . despite the complete absence of originality , this lowbudget thriller manages to come up with some decent special effects and has several good performances particularly by robin evans , oozing campy viciousness as the leader of the girls . the script isn't razor sharp , but it has enough quirks to make the proceedings somewhat bearable . from",0,1
"a lessthansubtle poke at the beliefs and teachings of the catholic church is given a darker shade of death near the end of the show . throughout the show , dark humour plays a medium through which several commonly heard rhetoric questions are asked , especially if god is so good , why does he allow evil to exist in the world ? br br diane keaton is excellent in her role as an exaggerated version though some might disagree of they stereotyped religious teacher who spouts the company line and condemns half the world to burn in hell . to celebrate her school's 25th anniversary , she invites her first students to return and perform their christmas pageant . br br however , when the quartet update their play to parody sister mary's fallacious teachings , the nun is pushed over the edge , sending the story spiralling into a chain of unhappy events . the ending finally leaves the audience with a sick feeling in their hearts . br br not recommended . go watch the play instead .",0,1
"the dvd version consists of 2 episodes , the parricide of caesar being the juncture . in addition , the language was spanish without subtitles . hence , it's hard for me to review in depth this movie because because i didn't understand what was said . br br cleopatra being an historic icon , the part is very difficult and i found that for a newcomer , leonor varela just plays fine . she is strongwilled but also a very supportive , tender soul mate . thimothy dalton as caesar is perfect and their romance is the main thing of the first episode . so , it is not really a documentary , nor a peplum but a great love story . br br after the parricide , a new lover comes marcantoine but the flavor is gone we remember always our first love . so , i found the second episode dull and their tragic fate isn't told powerfully . br br nonetheless , the production is luxurious the sets are big , tastefully decorated ; the moroccan live location exotic and the wardrobes splendid . the producers have a lot of money for sure , but they spend nothing on the special effects . they are so poor blue screens , ships , sphinx that it's funny . br br finally , i would like very much to hear it in french or english to make a definitive opinion about this two movies .",0,1
"rocketship xm should be viewed by any serious movie buff for the following reasonsbr br 1 it is one the first and the few movies not to have a happy ending . doubtless the effect was more profound in postworld war ii america than it would be today , but nonetheless the sad ending adds to the film's message . br br 2 it is also one of the first movies to deal with space travel in a serious fashion , using space as a valid setting for drama . the lack of scientific background notwithstanding , the movie stands on its own as dramatic fare . it's not so much a space drama as it is a drama set in space . br br 3 the antinuclear war message is delivered in a serious manner that is not lost in sfx involving large grasshoppers , men , or animal . the effect of martian society from nuclear devastation is starkly and frankly presented . the fact that the survivors from the expedition crash land and as such are unable to preach the lesson learned on mars adds another element of sadness to the tragic ending . br br sterno says take a ride on rocketship xm .",0,1
"harrison ford playing a playing a cop in a crime thriller . the perfect ingredients it seems for top entertainment with harrison back to his indy and han solo best , protecting a witness from ruthless and merciless murderers . how easy it is to be fooled . if the film concentrated on the main , supposed , themes of crime and suspense instead of putting up barns and shoving ice creams in peoples faces it possibly could have been more worthwhile . unbelieveably predictable with the best method of despatching of a foe is with corn .",0,1
"maureen o'hara is always beautiful and appealing . here she plays an actress terminally ill . we don't know with what . it is a bit of a precursor to love story in that respect . br br william bendix is good , as is most of the supporting cast . john payne is meant to be grieving but he seems to sleepwalking . the girl who plays the child he and o'hara adopts does her best with a contrived plot device of course ! adopt an orphan . she will live on after the passing of your wife . it's a sweet movie but it doesn't feel sincere . i was hoping to be moved . i was , by o'hara's gentle performance . but i don't like to feel manipulated .",0,1
"this movie sounded like it might be entertaining and interesting from its description . but to me it was a bit of a let down . very slow and hard to follow and see what was happening . it was as if the filmmaker took individual pieces of film and threw them in the air and had them spliced together whichever way they landed definitely not in sequential order . also , nothing of any consequence was being filmed . i have viewed quite a few different korean films and have noticed that a good portion are well made and require some thinking on the viewer's part , which is different from the typical hollywood film . but this one befuddled me to no end . i viewed the film a second and third time and it still didn't do anything for me . i still don't really understand what the filmmaker was trying to convey . if it was to just show a typical mundane portion of a person's life , i guess he succeeded . but i was looking for more . needless to say , i can't recommend this movie to anyone .",0,1
"if you live in the suburbs , are relatively well off financially , and do not really have much contact with the city life of england , then this is the comedy for you . not something a mass audience would go for , but if you're like these characters they show you'll love it to pieces . overall this is a comedy that the snobs at the bbc will sit back and laugh at for their pleasure and only a select few of the publics . comparing it to bbc comedys like only fools and horses , fawlty towers , black adder , and other classics , this series tends to drift away from the bbc's regular product to the audience and deliver to somewhat of a folk culture .",0,1
"this movie was difficult for me to watch . stan looked very old and ill compared to what i remembered , and ollie was heavier than i ever recall in another film . most difficult though were gaps in the scriptproduction where i found myself wondering , how did they get from here to there ? ? ? it took nearly half the film before i could deal with the dubbing of nonamerican actors that was also a distraction . br br although i miss great actors such as laurel and hardy will there ever be great actors like those of the old studio era ? ? ? this film helps me understand why actors sometimes bow out in their prime .",0,1
"i'll probably get a lot of flack for hating this movie guess i didn't approach it with the proper dewyeyed nostalgia of the generation before me . but suffice it to say st elmo's fire was pretty crapfreaking tastic , even as far as brat pack films go . br br here is yet another lovely example of the smug , selfindulgent neurosis that is everything 80s rent , anyone ? the plot is virtually non existent and the philosophies are kitchy at best , poorly delivered the rest of the time . the complete lack of anything resembling sympathetic characters doesn't help the situation . there really was no growth , no forward movement at all . even the climactic suicide scene was effectually neutered by once again refusing to let death or anything resembling reality or adult life enter in . br br each cookie cutter figure simply goes about making you hate them in the blandest , most predictable way possible . the stalker is a creep for no discernible reason other than he is a stalker and andie macdowell is gorgeous . the jackass does everything in his power to constantly remind you he is , well , a jackass . the gorgeous slut hides really soulful , deep pain with a wild lifestyle . the poet moods and mopes around for a full 34 of the film until he can reveal ! he actually is full of teddy bears and sunshine and rainbows . the virgin finally becomes a whole , happy human being after getting every virgin's desire of one hot roll in the sack with a jackass before he ditches her to really change for real this time . the cheating bastard cheats until it is time for him to get caught . and finally the feminist go around dousing holy water on any soul that utters commitment . br br which brings me to my final beef what bond of supercement was holding these people together as friends ? i can't imagine being with just one of them now think of the vortex created by all that narcissism centered in one bar . and they were all so terrible to each other heads in toilets , near rape , and sleeping around with everrrryone . the cherry was after two bffs act like total baboons after screwing the feminist , she's like , umm , actually i don't want to be with either of you anymore . let's be friends ! and we can hang out in a totally unawkward way every day knowing that i may hook up with one or the other at any given point , but neither of you are satisfying enough for commitment not that word ! . and they all smile as if to say , golly gee , i never thought of that ! what a great idea ! br br only it's not . kinda in the way that watching this movie is not .",0,1
"lesbian vampire film about a couple on holiday who are staying on the grounds of what they think is an empty manor house but is really being used as a pair of lesbian vampires . as the vampires bring in the occasional victim the couple go about their business until the two groups come crashing together . br br great looking film with two very sexy women as the vampires there is nothing beyond the eye candy that they provide to recommend this cult film . yes its a sexy vampire story . no it is not remotely interesting beyond the women . to be honest there is a reason that i've been seeing stills of this film in horror books and magazines it looks great , but other than that . . . br br for those who want to see sexy vampires only .",0,1
"each year the company called nu produces couple of action packed , full of suspense movies . this little nugget , called shadowcaster iiiuntil i visited this site i wasn't avare this is a whole trilogy , is a great example of the good job the company is doing . frank zagarino is as mean as always and does a great job as almost undestructable ? , schizophrenic ? ? android . i won't waste any more words since i don't want to reveal the terrific plot and ruin you a couple of great laughs . br br rating 210 revard for those hard working tehnicians . man , putting together this kind of rubbish must be nervewracking .",0,1
"tara reid as an intellectual , christian slaterusually great as a dollar store constantine and stephen dorff as . . . well it's stephen dorff for christ sake ! ! ! ! i personally just want to thank those brilliant casting directors for the hard work and effort . you guys are on . heres an idea , just my humble lowly opinion as the movie going public but it follows directly with your previous choices , a movie about the most brilliant neurophysicist in history invent one pill to cure all diseases ever known to man and get this , heres the clincher they have to be played by jessica simpson and paris hilton . i knew you guys would love that . seriously though you owe me 7 . 50 .",0,1
"i have read several good reviews that have defended and critised the various aspects of this film . one thing i see , over and over , is annoyance with megan , the idealistic political scientist , trying to change the world . i loved her character . maybe , because i am a 23 year old political science student and i think i'm going to change the world too , so i relate to megan . besides , she's cute . she's no super model , but more of a cute girl next door . br br ok , so she cried and screamed a lot . it's very dramatic , and seems overdone , but doesn't it fit her character ? she goes on that show with the intention of sacrificing her life to prove a point . she thinks people who enjoy such a show are sick . i think she made her argument very well . of course , being a young naive girl , she is terrified of what she is about to face . i think her acting accurately portrays a young girl showing moral courage despite her overwhelming fear . furthermore , i think she maintained a certain dignity throughout the film despite the desperate situation she was in . br br as for the movie in general , other than megan , it was pretty much what i expected . it had excellent gore scenes , by microbudget standards . the plot maybe took a quick thought , hardly any contemplation . it's basically just a dark humorist senseless slasher film , which the name implies . i love the sadism of the doctor . he kept ripping megan's shirt off , not just for the cause of sleaze though largely so , but also to torment her , before he kills her . the chainsaw hick was hilarious . for slasher film lovers , he was probably the best character . br br i give this film 4 out of 10 . it had a good setting , almost no plot , and a mix of good and terrible acting . i would recommend it for a cheap thrill , but hardly a diamond in the rough that is microbudget horror .",0,1
"sheltered young woman , homeschooled and possibly quite gifted , harbors a disturbed , overlyemotional side which comes to the surface after her absentee father pays her mother a visit , asking for a divorce . directed by celebrated cinematographer william a . fraker , this illtitled psychological thriller falls into the trap that most films helmed by directors of photography find themselves in each shot is composed for the utmost style , but at the sacrifice of fluid pacing and a tight , gripping narrative . fraker and his cinematographer , lszl kovcs are very fond of gauzy whites and golden tones , giving the picture a burnished , tableaux feel . the mansion at the center of the action looks like a funeral parlor , and fraker paces the wheezing yarn just like a funeral . robert shaw and sally kellerman as shaw's fiance , two of the most interesting actors of the 1970s , manage to cut through the plastic overlay and are quite compelling despite the jagged editing which turns their scenes into little bits of halfrealized business . sondra locke , another interesting screen personality , seems cast for her resemblance to catherine deneuve in repulsion . pale and saucereyed , with imposingly thick and long hair , locke is a curious human puzzle , and she's initially quite intimidating and dangerous ; however , this role is so oldhat that locke can find nothing fresh to bring out of the deep freeze , and she flounders . fraker allows locke's freakout scenes to go on and on , while shaw looking terrifically debonair is put in the impossible position of playing touchyfeely daddy to her . all of this nonsense might be worth slogging through if the screenplay had been peppered with a modicum of tangibility or , at the very least , some dry wit or humorous relief . as it is , lewis john carlino and edward hume's limp script , adapted from stanton forbes' novel go to thy deathbed , strands the viewer early on , and only the charisma of the players gets us to the finish line . 12 from",0,1
"the best thing about camp films in general is that you know what to expect . it's like watching a professional wrestling match or a day time soap opera or a jerry springer show you immediately can follow the skimpy plot , identify the cardboard characters , and watch in satisfaction while all the cliches are being fulfilled . however , at times , the director does something real unexpected . it may be something extraordinarily stupid , or something weird , or something insightful . the director makinen is up there with the best camp directors , and this is his best movie . br br in yon saalistajat , everything seems to come together . there's nothing good about it , but still manages to be a coherent whole . not once does the movie slow down the action flows on and punches keep on coming . br br the weirdest thing is that there's no sense of time some characters seem to take months doing something while other characters have only spent one hour at a bar . this is partially due to finnish summer where the sun never sets , so you don't experience the day turning into a night at all . br br finally there is a plot , there , somewhere . you may have to watch the movie three times before you realize it , though .",0,1
"i really enjoyed the first film and when it turned up again , without thinking , or checking , i took a family of friends to see it . i was ashamed that i had enthused so much about it to them . br br disney processed the original film just like the human body processes a delicious meal takes in something good and turns out . . . well , you know . and by having a darkskinned person as the fbi man , the results of fingerprinting the informant were subdued . br br taken as an isolated film , i suppose it is not too bad if one likes that weird sort of thing , but when one has read the book or seen the first film horrible !",0,1
"if you are going to make a movie from any book , be sure that the characters are consistant with that book . this movie not only defied the biblical story that has been told for thousands upon thousands of years to children one way or another , but it clearly took liberties that no adaptation would probably ever try . at least the lord of the rings is close enough to the books that people understand the story more if they read the books than this noah's ark tried to .",0,1
"if you have plenty of time to kill and the dvd was given to you by your friend for free but still it may require lot of courage to watch this film which does not have good script or humor for that matter . br br on the acting front imran is frozen in timeacting , tushar kapoor was slightly better than imran in this movie paresh rawal was good at comedy was usual . br br the story revolves around a college campus where imran is a bad boy n tushar is the good one , they pretend to be the opposite of respective nature and so the story goes on . . . . . br br watch it only if you don't have any thing to do and the film is running on your local cable tv .",0,1
"you know i only watched 15 minutes of this film , so i can't really describe how great it is . i mean the concept alone is so original and intriguing it just did not let me go . then there is the mass of academy award winning people involved here plus the academy award nominated director . you just can't miss . i mean imagine it is the middle of the night and you're not sleepy yet . this film comes on . you watch it and are shocked . it is so brilliant , so original it is so great . it will feel to you that half an hour later you've turned off the screen , but as you go to your bed you see it's only 15 minutes after midnight . enjoy ! ! ! br br 3 out of 10",0,1
"a couple of friends and myself visited the video shop a few years back and we were in one of those moods to rent some cheesy non seen flicks . my friend grabbed head of the family and we were greeted by a head sitting in a wheelchair . well that set us off laughing and we decided to have a bet to see who would be the one who had to go to the desk and pay for the movie . well you guessed it , it was me ! ! ! ! ! ! ! ! i have never been so embarrised in all my life . we got home and put it on and we rolled about the floor laughing for about 45mins because this was the funniest film in the world . i cant remember much about it but one thing i do remember was the blonde girl getting it on with some guy in the back of a shop every 5 mins . that head made me laugh and when i look at other peoples comments aboout this movie it makes me laugh even more . head of the family is so good and the head is funny and im still laughing ha ha ha ha ha ha ha",0,1
"this is a awful remake of a very good movie called up in the air starring frankie darrow , mantan moreland and marjorie reynolds . i was only able to get through about 20 minutes before turning it off . almost all the lines are identical , i have no idea why they would redo the movie . i totally disagree with a previous post that dislikes the songs there the same also , in the original the singing is first rate , i'm not sure if marjorie reynolds actually did her own singing , it's hard to tell since the vocals were usually added later , and the songs are very good , surprising in a b movie . if you get the chance see the original it's available on dvd . you'll be pleasantly surprised .",0,1
"a chicago couple , dillon and dougherty , are falsely accused of killing their daughter . people begin to wonder if they did it . the police investigate and find suspicious evidence . the couple are maligned by the public and accused in the press . the cops speculate that they are satanists and have ritually murdered their own daughter . they are charged and brought to trial . they are represented by publicityseeking lawyers who give them bad advice and bill them for 100 , 000 . the evidence presented against them is twisted or hidden by the police . fabricated intimations of sexual abuse are presented . their other child is taken away from them and put in a foster home . dougherty is pregnant and gives birth to find her baby removed . verdict , she didn't do it but he did . he goes to the slams with a sentence of 45 years . br br in the last third of the movie , with dillon in jail and dougherty wondering what to do next , we see people who have been antagonistic now slowly coming to the couple's defense . witnesses admit to having lied . other facts are brought to light that , finally , result in dillon's release . the killer is never found , though the movie gives us a thorough whacko as a plausible perp . br br this is a weeper from beginning to end . nothing seems to go right for the couple . oh , there are a few happy moment , maybe a party where everyone is glad to be together and tearing up with joy , or some point of evidence in their favor is discovered and people hug one another . but it's never long before someone rushes through the door with more bad news and all the faces are frozen in tragic disbelief . usually a fade to block follows . there isn't necessarily anything wrong with moving tragedies , although i can't imagine what pleasure we get out of seeing people suffer . there's plenty of tragedy in shakespeare too . i suppose whatever we find interesting about tragic stories lies in the way they're told . oh , but i am fortune's fool ! romeo cries after killing juliet's brother . here we have dougherty running in her robe through a hospital corridor , screaming , where's my baby ? ? ? there isn't any ambiguity or irony in the story as i'm sure there must have been in the real life events on which it's based . people are either good or bad here . or else they're bad , then they turn good . br br the film isn't aimed at exploring human quirkiness , or the way things work out . it's aimed at wrenching tears from the audience . the actors provide firstrate role models . i can't remember the last movie in which i saw so many tears . there are rivulets of tears . showers of them . cascades of them . a veritable niagara of them . a lake lacrymose of them . br br well , i'll give one example of the efficiency with which the movie is crafted . dillon and dougherty hire a chicago cop who works on the side as a private investigator ed asner . asner is sympathetic to them but he doesn't really accomplish much . he seems to be in the movie not because of his importance to the case but because he can provide the victimized couple with a kind of philosophy learn to live with it , which is okay and because he suffers from colorectal cancer , so we can watch him take his medicine , double over with pain , and finally pass away . br br what's frustrating about the movie is that in focusing so intensely on the suffering of the couple , it sidesteps one of the more important issues that it raises the function of gossip in regulating private lives . br br gossip is a strange thing really . if we call it gossip it's bad , but if we call it public opinion it sounds acceptable , at the very least . of course we all have convictions about issues that may or may not be justified . as i write , michael jackson is once again being brought to court accused of molesting a young boy , and i wonder how many of us thrilled at the news and immediately assumed he was a pedophile . but gossip isn't all bad either . it's like water . when it's properly controlled it's a community asset . we need gossip to keep each other in line . it helps us to maintain public order . but , like water in a flood or a tsunami , it is ruinous to a village when it rages out of control . br br this is a movie that's okay if you're not looking for too much in the way of insight into human nature . it's done so cleverly that , given its goal , it's hard to argue with it .",0,1
"sappy . br br i liked how they went to the haaavaad baaa to quote books at each other to impress the ugliest girl there . br br probably the janitor at my school is a genius too but is waiting to land that big construction job . br br just because you keep your nose to the grindstone is no reason to try to cut a steak with it . do you like apples ? br br the guy nods or something . br br well , how'd ya like dem apples ! wow , that is genius . br br duh , minnie driver would give her number to anybody . robin williams can't paint and keeps the good books on the top shelf . and there's a professor who always wears a priest scarf for no reason .",0,1
"i am very surprised by the positive comments because there were four of us that saw this at one screening and we all walked out . we personally felt that it was painfully slow to watch and couldn't sit through the whole movie . and we really tried to stick with it . in particular , those in the group who really wanted to like it because of their personal experiences with sexual orientation alienation in the school years depicted didn't like or identify with it at all . br br that said , it is great to see that this film really resonated with a lot of people here on the boards and with reviewers . that's the beauty of the subjective art form of film .",0,1
"this was a very good show . i enjoyed the construction of real time and flashback , seeing the old diggers meeting again and recalling the terrors of their captivity in changi pow camp . the main problem with the way the show was written is that the scenes of life in changi are more like a holiday camp than what the place must have been like . i am old enough to remember film footage of the men being liberated from changi and other japanese pow camps . no actor could lose enough weight to have a resemblance of the state of those men . they made the jews of belsen look like sumo wrestlers . i have met several veterans from changi over the years . many would never ride in a japanese car , let alone own one . the physical and mental torture those men endured was too horrific for them to even talk about . what percentage survived ? john doyle might be ok writing comedy for roy and hg i hate that too but this is a serious sugar coating of history that should never have been tolerated . i'm happy for satirists to write the life of brian and make fun of the crucifixion because it is obviously comedy , even if some consider it to be in bad taste . changi is written as a portrayal of a real event and , as such , might be regarded by younger people as a true record . great performances by a fine cast cannot redeem this lightweight screenplay .",0,1
"a movie has rarely left me as cold as this one . there is not a bit of tension , not a second of fear , not a moment we jump , even a little bit . the girl is cute , yeah . that's it . was that worth a movie ? i knew it wasn't supposed to be a great movie , but i was at least expecting one .",0,1
"'helen of troy' follows the story of helen and the outbreak of the trojan war . this is more of a love story between helen and paris , who is shipwrecked and falls in love with helen without knowing she is queen . the film portrays the couple as lovesick and wanting nothing more than to be together . other films and books have different portrayals of the characters , but in this one , they are simply hopelessly in love . the film is pretty slowmoving in some places , but the battles and the detail to the scenery are done pretty well . there are also some good performances . i thought that the slave girl did a particularly good job , and she was one of the most wellliked characters . br br overall , this is a good adaption if you can look beyond the slowmoving story in places and look beyond some of the cheesy romance and dialogue . in my opinion , a perfect iliad film version has not yet been created , but this one is entertaining and does have some good bits .",0,1
"this film is worse than cat people , which i saw during the same week . it has all the 80's style . mtv punk rockers , the real ones who are anti social , not todays pc commercial type , frat boys , and a bad guy called splater . i really like splater , and the film does that blue lighting 80's feel , but the rest of it looks like low budget canadian schlop . i have seen so much of this while living in this great country , and realize these type of movies were made because of tax breaks . avoid at all costs .",0,1
"this opens with the company credits informing us its by world international network . i knew id seen this company credit before but couldnt remember where , but knew it was at the start of a really bad movie id seen so i seriously thought about changing channels , only thing was id seen every film on the other channels which is one of the problems of being an imdb reviewer . what the hell i thought it wont really matter if wanted is good or bad because ill still be able to review it for this site . br br as i expected wanted wasnt all that good . its a plot id seen so many times too many times before involving a fugitive on the run , a bit like the incredible hulk tv series without the shirt ripping . jimmy crosses the mob in an entirely contrived way and goes on the run and in an entirely contrived manner finds himself working at a catholic reform school . have you noticed an oft used description in the last sentence ? entirely contrived is the answer . let me repeat for the hard of thinking that this is an entirely contrived film where everything relies on coincidence . another problem i had was the reform school run by the church its far too compassionate and kind , im led to believe these type of establishments make alcatraz look like a country club , im saying this is a fact but when the head priest looks like the spitting image of donald rumsfeld you do feel theres a large amount of sugar coating going on . br br to be honest despite the ridiculous plot twists etc wanted isnt really a bad thriller though its a terribly good one either . i never really had the urge to switch it off no matter how contrived it became which is an under hand compliment to the movie",0,1
"the brief existence of the sex pistols and the making of this film after the controversial , groundbreaking english punk band's breakup both happened before i was born . however , i started listening to their only album , never mind the bs , here's the sex pistols , in 2003 , when i was a teenager , and quickly became a big fan . i didn't see the great rock 'n' roll swindle until 2006 , but saw it a couple times that year , and thought it was pretty good certainly not great , but pretty good , even if i could only remember bits of it , and didn't see how it all connected . seeing it a third time , nearly three years after the second , i didn't care much for it at all . i'm not even sure what i found so good about most of it in the first place can't remember now . br br this film is a mockumentary , in which sex pistols manager malcolm mclaren tells his side of the story of the band and its members ; guitarist steve jones , credited here as the crook ; drummer paul cook , credited as the teamaker ; bassist sid vicious , credited as the gimmick ; and john lydon a . k . a . johnny rotten credited as the collaborator . mclaren claims that he created the band and even the genre of punk rock as a scam to make money . he tells much of the story to helen wellingtonlloyd a . k . a . helen of troy , in various places where they go together . it's basically a hodgepodge of mclaren talking , pistols songs , live footage of the band , fictional scenes often silly , strange ones , several cartoon sequences , etc . , all put together in one film , to tell the pistols manager's side of the story in a bizarre way ! br br it has been well proved that mclaren is a liar , i know many have already pointed this out , including band members themselves . he was not the driving force of the band , he didn't create them nor did he invent punk rock , and the sex pistols weren't even the first punk band , though they were unique . the band members were the ones who made the band what it was . the filth and the fury , a much more believable film about the band from julien temple , who made this film , is told from the point of view of the band members , who contradict mclaren's claims . however , the dishonesty of the great rock 'n' roll swindle is not my biggest problem with it . if it were actually entertaining which i used to think it was to a certain extent , i would be able to overlook that , like i obviously used to be able to do . during my third viewing , apart from sex pistols songs , some live footage , and at least one mildly amusing cartoon sequence , it was pretty dull ! i found the who killed bambi song mildly amusing at first , but it got tiring very quickly . br br is this mockumentary worth watching for sex pistols fans ? it seems a good number of fans would say it is , not to learn about the true story of the shortlived but groundbreaking 70's punk band , but for entertainment . that was once my opinion on the great rock 'n' roll swindle . after the first time i watched it , i couldn't remember a thing mclaren said , and by the time i saw it the second time , i was aware of what the pistols manager was using this film to imply , but could still barely remember anything i heard him say ! obviously , other aspects of the film were what i found impressive . now , after my third viewing , i can definitely remember some of the things mclaren says , but it still wasn't 100 clear . like most of the film , i guess his words are not that memorable , probably because of the way they're presented . if you're a pistols fan , i guess it wouldn't hurt to give swindle a try , but to me , for the most part , it's just an incoherent , boring mess that tries to be funny but fails .",0,1
"the dereks did seem to struggle to find rolls for bo after 10 . br br i used to work for a marine park in the florida keys . one day , the script for ghosts can't do it was circulating among the trainers in the fish house where food was prepared for the dolphins . there was one scene where a dolphin supposedly propositions bo or bo the dolphin , asking to go make eggs . reading the script , we lauuughed . . . br br we did not end up doing any portion of this movie at our facility , although our dolphins were in the big blue ! br br this must have been very close to the end of anthony quinn's life . i hope he had fun in this film , as it certainly didn't do anything for his legacy .",0,1
"the sitcom the league of gentlemen follows the lives of several bizarre inhabitants of the fictional village royston vasey . the different scenes are linked together by their common setting . br br in the first series , a sketch show , the main plot deals with a new road which is going to be built through royston vasey . consequently , more foreigners visit the small town . but edward and tubbs , the owners of a local shop , which is actually far away from the town , do not like foreigners . whenever a visitor enters their shop , they kill him . in my opinion some scenes are kind of tasteless and not funny at all , for example , when the couple absorb two engineers who want to build the new road . edward drums , while tubbs is dancing half naked around the victims . br br moreover pauline lives in royston vasey . she works at the local job centre . although pauline hates the people she has to work with , the woman does not want to loose her job . so when an unemployed man gets an interview as fireman , she does not allow him to go because he is not ready for the job yet . br br then there is barbara dixton , a transsexual taxi driver who goes into great detail about her sexual conversion . br br furthermore the vet , mr . chinnery , always kills animals instead of curing them . in one case , he comes to a farm and is leaded into the sitting room , where a dog lays in his basket . the farmer goes outside . on the assumption that the dog is the sick animal , mr . chinnery euthanizes him . a second later , the farmer opens the door , holding the real sick animal , a sheep , in his hand . br br some more inhabitants are a husband and his wife who are visited by their nephew his friend is killed by the shop owners , by the way . the couple is very tidy . they have , for example , towels in different colours . each colour stands for one part of the body . besides , they have thousands of keys , marked with different colours and precisely classified . br br in my opinion , the actors play very well . by playing women , the scenes become comical . the costumes are suited to the actors , too . tubbs is wearing a scarf and some crazy characters , for example edward , have unappetizing black teeth . the show has a great deal of dark humour , typical british . the set design reflects the mood of the series . the village and all the houses look grey and are decayed . around the local shop there is often fog which strengthens the threatening effect . even the village sign is ominous welcome to royston vasey . you will never leave . br br although i think that the actors do a great job , this type of series is not my taste .",0,1
"this film was the most longest film and the record breaking film for sure it had 30 actors after jaani dushman2002 i guess no one had the guts to do something like thatbr br the film as the title suggests is based on the kargil war but the problem is there are too many characters and the romantic subplots and the songs of many characters are boringbr br even there are too many cinematic liberties like killing people with knifes , wonder which soldier does that ? br br direction by jp dutta pales front of border music is okaybr br amongst the huge cast ajay devgan stands tall , saif is very good in his part and also it's his first film with kareena , abhishek is likable manoj bajpai has his moments sanju is wasted , suneil is okay akshaye khanna does his part well rest are passable rani is good , esha is okay rest are passable",0,1
discovery channelanimal planet must be ashamed of themselves . this fantasy is modeled after the walking with dinosuars series . even though this is 100 fantasy it is presented in the same factual and archaeological way . even mixing the fantasy dragons with trexs and the extinction of the dinos . added to being shown on an educational channel instead of say scifi it gives an air of factual authenticity to this show . br br on its own the show is about an 7 . 510 far as entertainment goes . but the way in which it is presented i have to give it a 110 . don't get me wrong i have no problem with fantasy but they way they put this out is so wrong . i can really see young kids and slow adults believing that they did find a dragon and that this is real . br br i also think this weakens the great walking with dinosuars series because now you have to view that with a mind of how much is fantasy on that miniseries .,0,1
"gordon goes over the top in typical full moon fashion , but that's to be expected . combs is surprisingly lowkey , keeping his performance at a more realistic level than we are used to seeing . also gone is the usual stuart gordon 'tongueincheek' black humor . br br the film is quite effective in showing combs' break down and his final heroic act to save his wife daughter . you actually feel sympathy for his character , despite his shortcomings . br br personally , i was more surprised at the nudity and borderline porno sex scene , than i was shocked by the graphic violence gore . br br not classic gordon , but certainly something you might enjoy if you've seen his more famous films .",0,1
"i mean , you just have to love the italian film industry . someone came up with a postdoomsday action movie road warrior and the italians were busy for years doing one ripoff after another . then some other one came up with a successful barbarian movie conan and the italians were busy . . . eh , see above . br br besides countless other variations of the theme one of my favorites is umberto lenzi's the barbarians starring the paul twins the ator series was created . and this , the second one , is probably the worst or best , depending on your point of view . br br ator is called back into action by his old teacher , who has discovered some kind of nuclear power that , of course , has to be protected so it won't get into wrong hands . the old man sends his daughter to ator , and after a few complications ator , his sidekick tong and the girl set back to the castle , which meanwhile has fallen to some evildoer of course , an old class mate of ator . somewhere along the way the heroic trio forgets about the plot and eradicates some giant snakeworshipping cult for the fun of it not before some virgins are sacrificed . just in time before the madman finally loses his temper and kills the wise teacher our heroes remember their duties , invent hanggliding and grenades and save the day . br br included terrible acting by all participants especially o'keeffe , incredibly hilarious special effects you just have to adore the snake fight scene , which must be sort of a hommage to bride of the monster , badly staged fight scenes , numerous continuity errors ator flies two different hanggliders during the climatic battle , watch for it , just an example and an overall nonunderstanding of the concept of history cavemen , civilized barbarians , castlebuilders , all thrown in one film . br br if you're , like me , devoted to bad movies , this is the one of the series to see , you'll probably end up rotfl . for the records the maltafilmed third part is actually quite watchable . br br considering joe d'amato's other efforts this is probably his most entertaining movie , as he certainly has failed to deliver watchable horror or erotic movies . but i strongly have the opinion that this was completely by accident . br br",0,1
". . . and that is only if you like the sight of beautiful woman with nice , bouncy jugs running around the so called african jungle . so no problems there for most males out there . br br i watched it as one of those bundled together package . forget about the plot which is essentially just a flimsy storyline to get our heroine flashing her jugs on screen at every opportunity possible . just to give you a sense , our heroine swings from vine to vine and climb on top animals at every chance possible for no good reason at all just to let you see her jugs at all angles . again , no complaints . br br the fight scenes are laughable and borderline on the pornographic . our heroine got caught by the baddies at least five times in the movie . on occasions when she has to fight , the fighting involves rolling around in the dirt , grunting unconvincingly and basically fighting like kittens . i am surprised no hair pulling is involved . it get so bad that the chief baddie had to remind the combatants that i said , the one that draw first blood wins ! in order to avoid watching anymore stupid fighting . br br the witch doctor kuku was a bloody blast . from being a big , cuddly bear in the beginning , he became manic depressive when captured and then , outright psycho . he spent the whole movie muttering lines with no irrelevance . br br beside liana our heroinebouncing around topless , you also get to see plenty of other amazonians as well as one woman who decided to jump naked into the lake to take a swim for no good reasons . yeah , it is that kind of movie . br br watch the beautiful liane in her bouncy glory . despite the movie being more than 20 years old , the allure of watching blond women flashing their nice jugs on screen never gets old .",0,1
"i saw this movie while surfing through infomercials and latenight 80's sitcoms on tv one night at 2 in the morning . i must say , i didn't expect much , and i didn't get much . although rose mcgowan is hot , her performance and the performance of the rest of the cast was not oscarworthy , to say the least . this movie has its ups and downs , and does have a nice couple of twists at the end , but in all honesty it was awful . not even a typical slasher movie . no gore , no sex , no nudity , no real violence . just bad acting . i'd give it a 3 out of 10 .",0,1
"this move is about as bad as they come . i was , however forced to give it a 2 for the scenery . there are many great shots of the southwest including many in monument valley , one of the most breathtaking places in the us . it is also , starting with john ford , one of the most filmed . in fact one scene with kris and the girl was filmed on a place called john ford point .",0,1
"most lorne michaels films seem to fail because they're essentially just extended versions of skits that barely managed to make people laugh in fiveminute segments . tommy boy is a character right from snl a big fat lovable in their opinion goof who doesn't know anything . br br david spade gets the thankless overwhelmed everyman role . he's paired with the annoying overweight slob and they endure miserable misfortunes as they travel cross country to save daddy's business . br br the plot , for starters , is really faulty . the whole premise daddy dies and rich stupid son has to save the family biz can be traced back to just about any movie you want . like any snl style film it is reduced to a simple motivation empty , shallow ; just a reason to see a fat guy and a thin guy be funny together . br br the movie's biggest influence is the 1987 comedy classic planes , trains automobiles . that movie is great because the plot isn't stale and recycled . it's basic , yeah a guy traveling home for thanksgiving gets stuck with a slob . but it's real , dammit . it makes all the difference . the characters are real , the situations are far more real . tommy boy is pure slapstick and its ridiculous situations undermine the characters we feel nothing for them , and we don't care about what's happening onscreen . pta walked the careful line between outrageous and utterly believable and relateable tommy boy is simply absurd , with jokes like a simple deerintheheadlights turning into a crash turning into a struggle with a dead deer that really isn't dead , then awakens and wrecks their car . br br the whole wrecked car thing is stolen completely from pta and it's eerie how much stuff in this film actually does resemble the steve martinjohn candy movie . br br farley is simply way too obnoxious to find likable i've never enjoyed watching him in any movies and this hasn't changed my mind . spade's given very little to do , serving as the movie's most thankless character . br br dan aykroyd is wasted as the evil baddie who plans to destroy daddy's business . the ending is a joke , and not in a harhar funny way . more like a oh god are they serious ? ! way . br br some people dig it , that's cool . but i just can't get into it , nor do i appreciate all the stuff it borrows from not just counting pta without any credit whatsoever .",0,1
"jack black and kyle gass play fantasy versions of themselves in this comic showcase for their sideband tenacious d , an artrock outfit with satirical , barbed lyrics . an exrunaway obsessed with heavy metal and a beachfrontliving , potsmoking slacker who pretends he's a rock god meet and form a band the birthmarks on both their buttcheeks form the group's moniker . opening with a funny prologue which apes a twisted sister video from the '80s , the pick of destiny is a fairly wellproduced movie aimed at older kids ; it occasionally resembles nothing more than a middleaged variation of wayne's world , with jokeystoner interludes and a climactic bout with beelzebub himself , yet black and gass have an enormously comfortable rapport they also acted as producers , cowrote the script and all the music . the target audience will obviously go for it , though inspiration is a bit low , particularly in the secondhalf just about the time our heroes impulsively outrun the cops in a studentdriver car . the music sequences are far more successful than the attempts at movie satire and , for the first thirty minutes or so , jack black's manic enthusiasm is infectious . 12 from",0,1
"the van is a feelgood movie about a guy who tries to lure girls into his new van , in order to seduce them . the only thing this movie doesn't fail at is precisely depicting the van fad in the us in the late 70s . it looks like it was totally made by amateurs . it's trash , but i loved it ! i have to admit i am a fan of 70s trash ! hope this one makes it to the imdb bottom 100 ! br br 2",0,1
"this was the typical women prison movie . i thought the women were very sexy and the outfits were great . all the camera did was focus on the women and the women were always in provocative poses for the camera and they were always scantily dressedwhich i loved . this is your basic prisonbreakout movie of the 70's . all i can say about this film is that it's extremely cheesy , but the women are gorgeous and their butts are great !",0,1
"i give this marriage 3 years and thats stretching it . adrianne curry is fouled mouth , spoiled , controlling , loud , and her bi sexual past makes me laugh . she tells chris he has an image to protect and must avoid strip clubs . he married her . chris has low self esteem and from a different time warp . i have nothing against adrianne curry but this combination is not gonna have a happy ever after ending . her mother said he was an old rooster and thinks this is his last attempt to recapture his youth . here 2 very good people who are gonna end up in a nasty divorce . i don't think his old brady family is gonna fit into his new life . i see them being shut out . chris said his friends were more important than his family . the supported him and was there for him .",0,1
"i watched the malayalam movie boeing boeing made in 1985 which in turn is probably inspired by an english movie of same name long back . the basic story of garam masala is the same but it is told in a pathetic way , the classy jokes replaced by routine ones which are found in normal hindi movies probably the director did this to suit the taste of hindi audience . . . br br i haven't seen the english original . but had really enjoyed the malayalam film made by priyadarshan himselfwhich was a side splitting comedy , back then . of course the acting by mohanlal , mukesh and sukumari who did the cook's role was so natural and spontaneous . br br probably , i am too smitten by the malayalam film that i cannot tolerate even the smaller flaws in its hindi remake . but i still feel that akshay kumar and john abraham have overacted . paresh rawal has done a decent job but doesn't reach anywhere near sukumari . br br but all in all its ok , if one compares it to other recent hindi comedy movies .",0,1
"matt cordell is back from the dead for a third goround , although i'm not sure anyone cared at this point except for rabid manica cop fans . cordell , who died in the last flick , is resurrected through voodoo , and is now hot on the trail of several miscreants involved in the shooting of a fellow officer cordell is very fond of . i missed part of this early '90s lowbudget quickie , but it was pleasing to see cordell wracking up the body count in various , gruesome ways . problem is , the overall film is pretty static , and cordell simply ain't jason or freddy . the interest wanes pretty fast , even with that grand bmovie master robert forster as a doctor who ends up with his brains scrambled . stick with the first film in the series , which is funny and scary and exciting , all at the same time .",0,1
"elderbush gilch was a big disappointment for me . i'd heared how great it was , how important it was . it just didn't strike me . it had a dimwitted story line , plus some moronic and sadistic native american characters that are thurroughly offensive by today's standards . while most of d . w . griffith's films have depth and intelegence , this one feels more like a formulabaised programme picture . br br i loved seeing lillian gish and mae marsh in prebirth of a nation roles , plus some of the staging of the battle scenes were pretty good . acording to future griffith cameraman karl brown , audiences were standing on their seats and cheering once the cavalry comes riding in at the end . i felt nothing . and beleave me , i lve watching griffith's early work at biograph . this film just isn't what it used to be . br br the best thing about this film it that , for all of it's flaws , it has many of griffith's touches to it . he handles his principal actors pretty well , plus the scene where the indians are encircling the cabin it reminiscent to the climax of birth of a nation , a far superior film that would send shock waves across america a little over a year later .",0,1
"david mamet is a very interesting and a very unequal director . his first movie 'house of games' was the one i liked best , and it set a series of films with characters whose perspective of life changes as they get into complicated situations , and so does the perspective of the viewer . br br so is 'homicide' which from the title tries to set the mind of the viewer to the usual crime drama . the principal characters are two cops , one jewish and one irish who deal with a racially charged area . the murder of an old jewish shop owner who proves to be an ancient veteran of the israeli independence war triggers the jewish identity in the mind and heart of the jewish detective . br br this is were the flaws of the film are the more obvious . the process of awakening is theatrical and hard to believe , the group of jewish militants is operatic , and the way the detective eventually walks to the final violent confrontation is pathetic . the end of the film itself is mametlike smart , but disappoints from a human emotional perspective . br br joe mantegna and william macy give strong performances , but the flaws of the story are too evident to be easily compensated .",0,1
"occasionally one is served a new entre from foreign films . that is their great attraction . they take from life and serve it up raw . american films , rarely dare to touch the forbidden subjects of society . too many hangups and a morbid fear of financial failure . the almighty dollar , determines their selections . something which invites european directors . in addition , audiences world wide remain hungry for different films , especially those which offer a savory bite out of the wretched , suffering body of humanity . despite the fear of directors or producers , many audiences yearn for beauty , poetry , and the pristine flavor of life . that is what the film to the left of the father offers to curious audiences . a family locked in the belief that unity of family stems from the unity of it's obedience to tradition . yet when the patriarch of a family forgets it's members are flesh and blood humans , filled with raging , unbridled dreams and dark passions , then the two are set in motions against itself . selton mello plays andr a son who seeks to control his inner passions with the stagnant philosophy of his father . raul cortez plays his father . simone spoladore is ana a young woman who seeks to quench a forbidden thirst from the family waters . leonardo medeiros is pedro , the elder brother . the film offers much , but does takes an extremely inordinate amount of time to say it .",0,1
"minor plot spoilersbr br i must confess to having a soft spot for wayne crawford . i know little about him , but he appears to have masses of enthusiasm to compensate for his lack of talent . in his films he usually performs multitasks perm any 3 from lead male , director , producer and scriptwriter tackling story lines from the subbasement . despite this the end product is usually enjoyable fun for the nondiscerning . br br 'the evil below' features crawford as a downonhisluck captain of a ramshackle charter boat , a bit like bogart in 'to have have not' the similarities between the films ends here though . br br the story begins with an underwater scene with two divers searching a wreck , before being attacked by an unseen creature bit like the start of 'jaws 2' . the wreck turns out to be that of the 'el diablo' , which went down centuries earlier . the ship was manned by heretic priests on the run from spain , with a cargo of stolen church treasure . this allows the introduction of various links to supernatural forces with lucifer and the armageddon both getting a look in . the films title refers to this sunken devilship , rather than any malevolent seacreature . br br whatever faults the film has and there are many it is fun to watch and competently made . you can't help but like a film which , in the final 5 minutes , copies the famous beach scene in 'from here to eternity' and the final line from 'casablanca' .",0,1
"i got this dvd well over 2 years ago and only decided to watch it yesterday . i don't know why it took me so long as i do like the inspector gadget show and even the new gadget and the gadgetinis . while it may have a bright color pallet and all the technical sophistication of a modern animated movie , there are some old things missing that bog this gadget right down the toilet . br br first of all the classic inspector gadget theme song and music is completely absent . the composer tries to compromise by doing a score that sounds similar but it's still just no good enough . the gadgetmobile is now a talking car , not a car that can turn into a van . plus it looks a lot cuter and rounder instead of being plain cool . penny no longer has her computer book and she and brain hardly make an appearance at all . br br the plot is nonexistent . there's something about a transformation formula and doctor claw using for some never revealed evil but that's all i got . what the deal was with the shortgiant italian guy i will never know . it had nothing to do with anything . br br and if the title is anything to go by , his last case is wrapped up in no way whatsoever . and he stays on the force so why it's called 'last case' is a mystery also . br br i wasn't impressed at all . this is an affront to a great animated show that is strangely absent on dvd , but don't let that prompt you into buying whatever inspector gadget dvds you can . i sold this mere seconds after finally watching it . no kid will like or appreciate this and no fan of the old show with tolerate it .",0,1
"my roommates i nearly shorted out our tv from the numerous spittakes we did while watching this hilarious piece of 1970s self important pseudozen dreck . i'd read about this campfest for ages and scanned my local late night tv listings for years in search of this elusive turd . several years ago our local abc affiliate was known for showing cool flicks for its late night weekend flick ie frogs , night of the lepus , etc . then one day it happened at 140am on a saturday night over 5 years ago there it was ! we had over 15 folks over and the flick did not disappoint ! br br see ! andy griffith as the silliest most unthreatening bad guy since jaye davidson in stargate ! br br see ! william shatner sport a variety of things atop his head that only faintly resemble human hair or anything organic for that matter . br br hear ! jaw droppingly inane 1970s psychobabble that makes chicken soup for the soul sound like bf skinnerbr br feel ! content that any decade was better than the 70s . br br for those still reading . . . the plot surrounds a bunch of middle class mid level aholes who decide to suck up to their shead boss griffith by joining him on a cross dessert race that spans california mexico . they all wear leather jackets , looking more christopher street than anything else . along the way they stop at a cantina , get drunk , smoke joints the sight robert mike brady reed smoke a joint is an image you won't soon forget , start a fight , attempt rape , and just act like a bunch of suburban middle class jack offs . although i have an excellent copy that i taped off tv i wish this one would be released on video so the whole world could enjoy its half baked goofiness .",0,1
"awlright , damn it , the moocow will grudgingly admit the truth i kinda' like this cheap , cheesy 70's parody . the idea that vast hordes of killer tomatoes are destroying the us is a great idea , and in spite of itself , the moovie does provide some decent chuckles , moostly the sight of terrified extras running away from large , obviously fake tomatoes . this film , along with the kentucky fried moovie , is one of the earlier attempts at spoofs , which became so popular in the 80's 90's , thanks largely to airplane ! . this one , like moost spoofs , is pretty poor . many attempts at humor are dismal failures , and will induce much groaning . but thanks to the ravenous tomatoes hordes , the obnoxious puberty love song , and the awesome helicopter crash scene , attack of the killer tomatoes does provide some goods , though largely for the wrong reasons . there are sooooo many things wrong with this film . . . and so right , it's hard to explain . enough people must also have enjoyed it as the tomatoes made a comeback in 2 moore films , and a cartoon series ! ! large chunks of time spent away from the tomatoes are pretty dull . and dig those 70's clothes , dude ! ! ; 8 this tomato is seedy and cheesy , but worth a chuckle or two ; the moocow says grab a pizza and pop in the tomatoes ! !",0,1
"666 the child starts as a plane crashes , the only survivor of flight 666 was a young boy named donald boo boo stewart who is adopted by news reporter erika sarah lieving her cameraman husband scott lawson adam vincent after they covered the incident for channel 6 news . at first donald seems like any normal kid but death seems to follow him around , after warnings from a nun vicar scott begins to believe that donald is evil the cause of all the deaths . . . br br this straighttodvd horror flick was directed by jake perez under the pseudonym jake jackson one has to say 666 the child is really rather poor . whenever i see the asylum is responsible for a film i get worried , i get very worried since their track record is awful . they seem to specialise in making or distributing low budget horror films which are usually ripoffs of some recent successful big budget horror film in the case of 666 the child you don't need a degree in rocket science to realise that it's a complete ripoff to cash in on the recent the omen 2006 which was released the same year . the script by benjamin henry austin laurel is terrible simply can't match the ambitions of the the hollywood equivalent , i mean just what exactly does donald the antichrist expect to achieve from a middle class family in a small town ? it's hardly a great starting point to bring about the destruction of thew world is it ? every character in 666 the child is some form of the main character's from the omen , the adopted parents , the priest who tries to warn them the sinister babysitter . there's a real lack of incident , there's barely any gore the plot is poor . i mean donald killing a dentist because they were trying to fix his teeth is just so random needless , what were all the disgusting pictures donald drew all about , where did the babysitter come from there's just nothing that ties everything together it's just a disjointed mess that just becomes very boring very quickly . the references to the number 6 also becomes annoying are very unsubtle . br br director perez does alright i suppose , it's competent if nothing else . there's virtually no blood or gore , there's a few sprays of blood , a cut off hand someone gets a circular saw stuck in their face but it sounds a lot better than it looks on screen . it's certainly not scary , there's no atmosphere thanks to a throughly bland contemporary setting in a suburban house there's no tension because we never really know what donald is trying to do there fore there's no threat from him . br br technically the film is alright , it's reasonably well made but since the actual film is so poor it makes little difference . the acting isn't that great but at the same time i've seen worse . br br 666 the child is a poor mans the omen ripoff , i'd sooner watch either the original or the remake over this any day of the week . not good definitely not recommended . followed by the sequel 666 the beast 2007 which also went straighttodvd .",0,1
"that's right , you heard me . i am a huge fan of james patterson . i own 10 of his books , and i have read the entire series about lindsey boxer . in my opinion , the screenwriter should be shot . br br what right did any film maker have to slaughter a terrific work of fiction and make it into a mockery of the mystery genre ? if i ever thought that harry potter was butchered , then michael o'hara has proved me wrong . br br i can only pray that the next screenwriter who tackles this fabulous book will do it a great deal more justice . to michael o'hara and russell mulcahy don't quit your day job .",0,1
"enough talent and sincerity went into making this film that i wish it turned out better . everyone is clearly doing their best to be true to an intriguing premise , but it's too deep a vision , too involved attempt at disentangling mental delusion to survive a transition to the screen . it is an attempt to capture the dimensionality of gossamer patterns on celluloid the result is muddled and slow . i give it a 10 for effort , but a 5 overall .",0,1
"i always get frustrated by films that were obviously written by one gender . especially when they obviously don't do enough research to find out when something not only doesn't ring true , but rings blatently false . br br the scene i am remembering is the one in the bathroom where jack tells his football teammates that he got diane pregnant . in no way , shape , or form would a guy ever cheer another guy getting a girl pregnant in high school . they might cheer about the guy having sex with the hot cheerleader , but i can also guarantee that the first the football team heard about it would not be at a urinal . br br it was obvious that this film didn't take itself so seriously , and it wasn't hideously bad , but come on !",0,1
"istanbul is another one of those expatriate films that errol flynn was making in the last decade of his life trying to support his family and stay out of trouble with the irs . it's a remake of the fred macmurray ava gardner film singapore from a decade ago . br br unlike that studio product , istanbul has the advantage of that great location cinematography right at the sight of the golden horn . but errol flynn , who was aging exponentially before the camera in every film , was way too old to be playing these actionadventure types any longer . his scenes with cornell borchers really do lack conviction . br br as for cornell , she plays errol's former sweetheart who through the trauma of being saved from a fire now has amnesia . she both doesn't remember errol and is now married to torin thatcher . br br but errol's got some nasty people led by martin benson and werner klemperer who are after some diamonds which have come into his possession . got to deal with them too . br br best reason to see istanbul is to hear nat king cole sing and play the piano . most people today don't realize that cole was an accomplished jazz pianist , they only think of him as a singer . actually he was a pianist first , the singing was an afterthought . br br istanbul is a routine actionadventure film for those who are fans of that type of movie .",0,1
"as many have detailed here with a level of seriousness that i find amusing , this is not br br a film . cue dramatic music br br it's just a sobadit's good , totally surreal , jackie chan stuntforall . the women fighters are totally kickbutt and jackie is definitely put in his place . br br this is the movie you want to see with some good friends on a sunday afternoon surrounded by munchies , ready to roar with laughter , cheer on the good guys , boo the bad guys , and continually yell , what ? when something totally bizarre happens . great fun ! !",0,1
"butter battle is an entertaining story about two fictional cities and their arms race . it is also as misguided allegory about the coldwar and arms races in general . yes , it is a children's book , but like so many of theodor seuss geisel's works it hits people over the head with its moral . br br and that moral is what , exactly ? sure it is laudable to encourage us to concentrate more on what unites us than what divides us . it is even a good thing to encourage international cooperation . but to equate the differences between the warsaw pact nations and the nato west to a difference in butter application is just plain wrong . to point out the obvious , many warsaw pact nations enjoyed intermittent periods of shortages of butter and bread they would have been happy to eat it butter sideways if it were available . on a less literal level , and whatever your political inclination , soviet socialism versus western particularly angloamerican democracy is not a mere question of preference and custom . br br to make the point even clearer , nuclear weapons were not developed in a cold war with the soviets , but in a hot war with the axis powers . there is no doubt that germany was developing nuclear capability during the war . should the us have refrained from nuclear weapons research putting their trust in their less than inevitable victory in the conventional war ? once the weapons were developed they were used against the enemy who attacked us at pearl harbor . what does a nation do at this point when the genie is out of the bottle ? furthermore , hindsight is 2020 , which is to say that there was no way of assuring another half crazed dictator wouldn't crop up with his eyes on developing nuclear weapons . the second gulf war has shown the incredible difficulty in ascertaining credible threats and neutralizing them . br br in any event , the cartoon is little more than simplistic propaganda which does little to explore the nuances of the ethical questions behind nuclear armament and instead tries to inculcate fear of weapons technology into children .",0,1
"star rating saturday night friday night friday morning sunday night monday morning br br ray ray winstone has a criminal past , has had problems with alcohol and is now forming a drug habit that is making him paranoid and prone to domestic violence to his wife valerie kathy burke who tries to hold the family together but ends up coming off more like a doormat . meanwhile , her mother janet laila morse is aware of ray's son , billy charlie creedmiles and his escalating drug habit that is sending him off the rails . the film follows these despairable characters as they tredge along with their lives . br br it is said that the british seem to enjoy being miserable , and that would include watching films that entertain them this way . films like nil by mouth highlight this . it's a tale of a broken family , torn apart by crime , poverty , booze and drugs , the kind jeremy kyle would lap up like a three course meal . it is also essentially a tale of self destructive men , three generations apart and each copying the other , tearing a family apart and women trying to hold it together , despite not being strong enough . if you pick up a little of what it's about from the offset , you can see it doesn't promise to be cheerful viewing from the start and it certainly doesn't disappoint in this . br br it's true what everyone said about the performances , and the lead stars , winstone and burke , do deliver some great acting . we see winstone lose it with his wife , beating her senseless after some more coke induced paranoia , breaking down during a phone conversation with her and unleashing a typical arsenal of f and c words when she refuses to let him see his kid . likewise , in a private moment , we see burke skillfully lose her composure on a staircase , the full impact of the night before kicking in . br br this is another of those films where there's no 'plot' to follow , as such , just a real life feel of these hopeless lives carrying on from one day to the next . it's been acclaimed by many including the baftas ! but it really was just too grim and bleak for me . i have no right to criticize it for this , knowing what i knew about it from the offset , but sadly this is how i found it .",0,1
"this is a pretty simplistic romance . girl finds boy , girl loves boy , girl loses boy , girl finds boy . colleen moore is the outstanding ingredient in this recipe , delivering a wonderfully varied dramaticromantic performance , well deserving of an oscar nom . equally fine are the aerial combat special effects . br br moore plays a french girl whose mother has turned over their field to a british aerial squadron during wwi . she is the daughter of the regiment , loved as a little sister . into this mix comes a fillin for a downed flyer , gary cooper . at first they hate each other , then they love each other , then the entire squadron is sent out on a suicide mission . cooper returns but crashes in the village and a red cross unit removes him . moore searches for him , is told at a hospital he is dead , then wanders the streets until he calls from a hospital window and they are reunited . br br it's a nice little romance , but hardly more than that . recommended for fans of ms . moore and mr . cooper",0,1
"this film has it all ; the deft camera work , reminiscent of martin scorcese , or oliver stone , the tight acting of 'heat' , the explosive action of a jerry bruckheimer movie , the witty dialogue of a tarantino script and the epic feel of say , 'the godfather'br br the judge reinhold character displays a fiery temperememt , yet also shows real emotional depth and intensity . his performance reminds me of robert de niro's portrayal of jake la motta in raging bull . br br the action scenes are truly breathtaking , not since bullit has a movie depicted such high octane , yet stylish car scenes . the special effects push the boundries of technology and filmmaking to their limits . independance day set the standard that this movie clearly has matched , and greatly surpassed . br br overall , great acting from its a list cast like an oscars night party invitation list ! , classy locations , gripping action , and a tight script .",0,1
"it figures this is a french film , lol , with the emphasis on young girls with much older men . . . why is it the french are so fixated on this kind of thing ? when the age difference is this great , it really comes off as pervy ! valentina cervi is beautiful she bears a strong resemblance to olivia hussey , of zeffirelli's '68 romeo and juliet , set in a similar period , but she looks about 15 and the actor playing tassi , her painting instructor , looks . . . well , 50 is kind . br br other posters have done the work of explaining the historical record unusually detailed in this case of the real artemisia , a great artist and one of the earliest recognized female painters of this period 17th century . her story speaks to us in modern times particularly because of the ageold accusation that all great artists were men she pretty much blasts that assertion to bits and because the story of her rape trial is so poignant . not only was she clearly assaulted , and forced into a degrading sexual relationship because in those days marriage to your assaulter was the only way to avoid social shame , but tassi was a serial rapist and possibly killed his wife and child . br br the movie does a terrible disservice by inverting this truly fascinating and remarkable real life story very dramatic and not in need of any spicing up because in some weird frencified way , it's hotter to have an oversexed teenager drawing male sexual organs and having a hot love affair with a man old enough to be her grandfather . that's sexy the truth is boring and seems too feministpolitically correct . br br it also disturbs me that this is only part of artemisia life considered interesting enough to film . the fact that she painted for decades her famous painting of judith beheading holfernes was painted after , not before the rape , that she was the first woman admitted to the prestigious florentine academy , that she went on to have children . . . oh that's boring stuff . after all , that's about a middle aged woman and they aren't hot like teenagers . br br i understand that there is a lot of creative license in making a film or a book about a real historical character . you need to create dialog , have subplots , create dramatic structure . certainly some details can be sacrificed it's no big deal if the dates are moved a few years , or if artemisia is played by a blonde actress when we know from her self portraits that she was a brunette . . . and a big boned one , not a skinny minny , or something like that . but to turn her story around on her , and make rape into a romance is actually sick and disturbing . it's even worse because the director is female . she should be horribly ashamed of herself ! br br if you like this and i know some people could care less about the real woman artist and just like period costumes and hot sex , you will probably like dangerous beauty with rufus sewell and catherine mccormack . similarly based on heavily rewritten history , with lots of heaving bosoms and jewel encrusted goblets bon appetit !",0,1
"i am not lynne bates my names is ritichie but lynne is my mum i'm just using her account ! barney and friends , or barney , as it is called here in england is the corniest show ever . i never really liked it , it had been about for 3 or 4 years when i was born , so it was nothing new . my friend , however , loved this dildo of a show . i was about 6 , and i was at his house once , and he had a barney vhs tape playing on the tv . i turned the power off , and he burst into tears . grow up its a talking dinosaur for christs sake ! anyway , i happened to catch the barney movie on tv later that year , and i loved it . i got the vhs of it a few months later , and i wore the tape out i loved it so much ! i gave that tape away a few years ago now , but i loved it at the time . but the show ! my god the show was bad ! several kids fell victims to paedophiles because of this butt plug of so called entertainment ! never again , never again ! its not just me who hates barney , either ! 85 of all the comments on this show are bad , and and just look at the amount of you tube poops and videos that take the mess out of barney are on you tube ! and don't get me started on blow job bj ! why the hell would the producers dare give a character such a sexual name ! yet another subliminal message in a kid's show ! and that baby bop is the worst thing since osama bin laden ! all in all , i give barney and friends minus 1000 out of 10 !",0,1
"first , i'm sorry for my english . second , the true story of this episode 39 soldiers , operation magistral' . 6 soldiers were killed . hundreds of insurgents were killed too . within 10 years the soviet army has lost less than 15 thousand person and killed over 900000 insurgents and civilians . there is no insurgents without permanent help of usa the veteran of war traditions . there are no traditions in this film . there is no military oath , there is no first jump , no farewell to the fighting banner . there is no delivery of awards and medals . there is nothing sacred . there is only a hatred to soviet army . being in this area on investigation , we have revealed startup jet shells by insurgents . an exact place could not define . so gunners have asked to give easier square . also have covered it . through pair minutes . here it was the reality of fights . so there was no feeling oblivion . these feelings have appeared then . already on other war and in other state chechnya . others were children . more kindly . more humanly . and prapors were as fathers . well and culmination fight full orgy . shooting in anywhere . mental attacks young benladens , not killed both not broken through . and full absence of mutual aid . that there was a main thing on this war . even americans accused us of inadequate application of force against insurgents . and here it is direct on the contrary . in the summer 1981 i about myself have firmly solved , that personally should fill up a minimum 50 insurgents . as a result accepted plan has been underfulfilled , and on a demobilization i departed strongly contused and malicious as fig . after returning the first months there was a feeling of that i not was at war up to the end , not business there have completed all how follow . there was any vague , but an oppressive sensation of discontent with itself and caustic irritation . such here night ideas , can be and out of place at all . officers really in film are not present absolutely . in occasion of that , what is the time they spent with staff . on fightingis constant . new year on fighting . from where did they take beds ? in mountains ? and so on . . . br br if you want a fairy tale about war , 9 rota and shtrafbat is for you . if you want truth , you must see come and see or batallions ask for fire .",0,1
"star rating saturday night friday night friday morning sunday night monday morning br br old detroit is back , with the giant omni consumer corporation continuing to swallow everything in it's path as construction of the new delta city continues and a new menace to contend with in the shape of cain , a cruel drug lord with delusions of christlikeness , peddling a deadly new addictive on the streets called nuke . as he continues to struggle with the memories of his former life haunting him , the tin plated hero sets out to bring this villain down only to wind up getting chopped into pieces of scrap metal . with robocop out of action , a ruthless ocp businesswoman proposes plans for her new android a stomping , snarling beast of a machine that needs an equally nasty test subject to power it which cain fits perfectly . after a brief glitch in his system , robo returns to bring justice to the streets and settle the score with cain . br br the original robocop is a film that always manages to astound you each time you watch it , no matter how many times you've seen it , one of those films that just can't be done again . that said , it's not surprising a sequel was made it's even less surprising that that sequel really pales compared to the original . empire strikes back director irvin kirschner has crafted an unpleasant , slightly incoherent and overlong film that can't capture the magic of the first film , no matter how hard it tries . and it certainly does that , the funny ads from the first film running none stop , the corporate satire aiming to be that bit sharper and the action roaring as fast and furious as before , but with bloodgore even meaner than the first film . the first film earned a name for some nasty , bloodsoaked violence including a man's genitals being blown off and a man being blasted to pieces but while that was more memorable the violencegore on display here is of a more sadistic and gratuitous nature , with a very unpleasant and meanspirited tone to it . br br but overall , the film leaves you with a feeling of general apathy why are you watching this when you could be watching the original again instead ?",0,1
"a group of young adults open a plain of escape for the spirit of elizabeth bathory when they recite her poem from a video game supposedly representing a sance . the only one who dies in the game is milleradam goldbergwho also is found dead the same way he perished in said video game . while the others' characters didn't die in the video game , their reciting her poem has instead unleashed the video game into reality with walking cgi characters stalking and killing each of them , one by one . they must follow certain methods using a mirror and nails to defeat bathory and save their skin . br br if this premise sound stupid , that's because it is . the characters are hohum rejects from bad wb television shows , this time allowed to spout profanity . this flick follows the slasher rules , but doesn't show much violence or gore . it stays pg13 safe with most of the death taking place offscreen . there's a scene where the true hero and heroine are running from video game characters pursuing them . yes , it's that bad . nothing at all to recommend . goodlooking cast including sophia bush as the appropriately named october .",0,1
"don't be fooled by the other reviewers . although this film contains an impressive array of talent , the material they present leaves a great deal to be desired . nat king cole's 3 numbers are pretty lame and not even close to his later efforts , though he does impress with his piano playing . 'moms' mabley is not a bit funny , though i remember her as a very entertaining talk show guest from my youth . actually , the best performances are from a couple of fat guys who impress with a lively tap dance and a four tops takeoff , and the jazz band itself , especially in the number featuring the bass player . the print itself is pretty poor quality , and the wonderful butterfly mcqueen is totally wasted in the wraparound plot .",0,1
"cowardly and cynical , the hospital' represents the nadir of paddy chayefsky's special brand of celebration of the status quo disguised as satire . br br thanks to hamhanded director arthur hiller , this ludicrous script gets the visually ugly , poorly paced presentation it deserves . br br only a great performance by george c . scott , in the sort of meanspirited role he was born to play , keeps the hospital' from being a complete disaster . br br ironically , though , scott's performance does viewers a disservice . his magnetism keeps them watching when they might more profitably turn off the vcr and clean out the closets , stare at the clouds , or watch reruns of baywatch . 'br br certainly , anyone who emotionally invests in the setup modern medicine apparently gone amok will feel cheated by the dismal payoff , where chayefsky reveals that the system works just fine , so quit your carping . br br while the first half of this film provides some entertaining black comedy , it all turns out to be a red herring . before that becomes clear , though , chayefsky gives some good lines to scott as his middleaged , middleclass , white male standin . br br bitter , alcoholic , impotent , scott's dr . herbert bock has alienated those who know him best , and he has the bile to keep alienating them . in chayefsky's worldview , all that of course makes bock a magnet for a hippie chick half his age . br br playing a collection of adjectives , the longhaired , longlegged , braless and almost bustless diana rigg struggles in the part of the girl . ' the british rigg is miscast as a southwestern free spirit , but any other actress would struggle as well . like the rest of a good cast gone to waste , rigg can't overcome a script that isn't interested in any character except bock , or any philosophy beyond banality . br br for fans of george c . scott , this is another star turn and worth watching . for fans of black comedy , turn it off after the first 45 minutes . for anyone else , don't bother .",0,1
"the ladies man is a funny movie . there's not much thought behind it , but what do you expect from an snl movie ? it's actually better than most snl movies i . e . superstar or a night at the roxbury tim meadows and will ferrell were both very funny . chris parnell was also funny in his short scene one of the funnier ones in the movie . other than that , the rest of the cast is average and is just there to support meadows . i've definitely seen funnier movies , but i've seen dumber ones too . again , it's not exactly a deep movie , but it's good for a few laughs . it was funnier as a skit though . but still , if you're looking for a pretty funny movie , i'd recommend this one . just don't think about it too much , or you'll hate it . br br rating 610",0,1
"genre cartoon short with no dialogue , african girl and lion . br br main characters inki , the lion and the minah bird . br br what happens a lion wants to eat an african girl called inki . there is also a rather confusing minah bird . is he on inki's , or the lion's side . . ? br br message ermbr br my thoughts i agree with lee eisenberg , this is rather mean on poor african people ! ! i like how the main character , inki who is an african girl is quite a nice main character , but they still portray her rudely and make a younger audience not like her very much just because she's hunting ! ! grrr charles m . jones ! ! i don't like the lion very much and i think the minah bird is all right i suppose . personally i prefer charles m . jones's looney tunes cartoons in the future . br br if you want to watch this anyway , then i recommend the website youtube . just type in inki on the space in the main page and you're there . br br i wish charles m . jones had been nicer to inki in this short . so there . br br recommended to people who are interested in old cartoons andor people who are just messing around on you tube .",0,1
"i imagine when hitchcock scholars and experts find themselves together , the talk is not of the master's great films like north by northwest or strangers on a train , but a lesserknown effort like this one from 1931 , obscure and seriously flawed , which showcases the great director in fledgling form . br br emily and fred hill joan barry and harry kendall are a middleclass london couple scrimping to stay ahead . he begrudges their lot ; she accepts it . change comes in the form of a letter from an uncle , saying he will set them up so they can enjoy a life of globetrotting luxury . they make plans for a world cruise . but their problems have only begun . br br just ask richard hannay , roger o . thornhill , or marion crane . well , marion's indisposed at the moment , but you get the idea . travel and hitchcock go together like moths and candlelight , setting one up for a perilous journey at best . this is perhaps hitchcock's earliest foray into this theme , and not his most successful or memorable . hitchcock tries to mix comedy with another element , in this case domestic drama rather than suspense , but the two do not cohere , at least not here . br br the hills are a dull , flat couple , with no chemistry or personality . when they find themselves at the folies bergre , in the form of crosscutting with footage that looks ten years older than the rest of this film , they are abashed at the outfits of the female performers . the curtain's gone up too soon ! gasps emily . they aren't dressed . br br when the hills drift away from each other on an ocean cruise , it seems a mercy killing more than a tragic thing , even if the people they partner off with are drips , too . emily's man , gordon percy marmont carries around photographs of himself sitting next to empty chairs , which he suggests be filled by emily . fred's girl the princess betty amann has clara bow's eyes and wallace beery's five o'clock shadow . there's also an obnoxious fellow passenger , a dowdy spinster whom hitchcock always introduces with a cartoonish horn cue . subtlety was still to come . br br everything is shot in an abrupt manner , with confusing blocking and strained dialogue . hitchcock tries for some early comedy with fred and his umbrella that doesn't come off , and kendall seems to aim for laughs while berry plays for tears . when fred and emily break off , they are seen being jostled on a pair of wedgedtogether rickshaws , one of many clunky attempts at symbolism . br br emily's the only vaguely sympathetic character , in part because she really cares about her husband and agonizes over her affair with gordon , but mostly because she's among the first of hitchcock's many magnetic blondes , her platinum ringlets whipping around her face like a botticelli aboard the open deck of a chinese junk near the film's conclusion . br br matters conclude with a dangerous situation as setpiece for the protagonists to come to grips with , and presumably repair their relationship . only they aren't active participants in the resolution , and except for the fate of a friendly cat , nothing about the ending resonates . br br at least you get some enjoyable views of london in the early 1930s , and a chance to see hitchcock when he was still working for food . rich and strange is hitchcock paying his dues , and learning his trade , one for scholars but not casual film goers .",0,1
"susan swift is an appealing youngster , a flower child transplanted to the 1980's like a young susan dey , but she doesn't quite have the vocal range for a demanding dramatic lead and she tends to whine ; still , she's rather sweet and has bright eyes and a pretty smile . in the coming as it was called when briefly released to theaters , swift may be the reincarnation of a salem witch . the flick is very lowbudget and borrows from so many other pictures that i gave up on it with about 15 minutes to go . it starts out strong and has some camp appeal . obviously , there are more serious films that deal with the salem witch trials that deserve to be seen over this one ; however , as junk movies go , it isn't too terrible . the boston locales are a definite plus , and the supporting cast is amusingly hammy . 12 from",0,1
"this is not horror , as the first part was this is campy light and humorous entertainment . like in so many sequels , the action starts right away with no explanations . but there's boobs , so i don't complain . and real boobs that is . if i understand correctly , those are quite rare today amongst the teenage girls in u . s . of a . which brings to my mind the fact that the main actress here is pamela bruce's sister springsteen . br br this cannot be thought without the first movie , so i compare this to it . again there is too small clothing mainly pants and funny hair , it's not hard to tell what decade this film is made in . again there is really strange characters , this time even more visibly pathological ones . especially the personnel of the camp . it's like some mental rehabilitation summer camp . people are older most of the actors must be at least 25 , but i think they're supposed to be 16 or something . some methods used by the evil dyke are quite unpleasant . actually this movie don't have much in common with the first part , and this is worse than it in every way .",0,1
i was expecting a documentary that focused on the tobacco industry in north carolina . instead i watched a man who rues the fact that his great grandfather lost his tobacco empire to the duke family . and this went on and on . if mr . mcelwee's family had prevailed over the dukes i doubt that mr . mcelwee would have any problems with the death toll caused by tobaccorelated diseases . i grew up near the area where mr . mcelwee's family began it tobacco business ; i expected more than mcewee's continual focus on his family . i learned very little about the history of tobacco in the nc economy and the ramifications to the state's economy by tighter regulation of tobacco . the countless references to the movie bright leaves are out of place so what if gary cooper played mr . mcelwee's great grandfather ? does the viewer gain any understanding of the role of tobacco in the north carolina economy by the showing of old film clips of a fictionalized film ? i didn't .,0,1
"sure , if you ask any mom who's the most beautiful baby in the world , she'd tell you her son is the most amazing kid in the whole world . she's right , at least in her own world . br br the producers of the movie were biggie's mother and his good friend puffy . oh , well , do i need to say more ? i'll break it down for those who doesn't want to do a simple deduction . br br the whole movie was fake . you may just put a few biggie's mtv video together and call it a movie . br br the beautiful angela bassett played biggie's mother . the real one in life looks like a dog . br br i just wonder why he called himself biggie small . big body small dick ? big mouth small sound ? big fat small eyes ? disclaimer i'm a person of color . so keep your racist remark to yourself .",0,1
"you cannot deny that we have an affinity for speed . that's why movies like fast and the furious , dhoom , rempit get made to play to the satisfaction of audiences , especially local ones . we live on a tiny island , and i cannot fathom why , for the relative efficiency of the public transportation system , most of us want to get into debt by owning a set of wheels which come with 100 tax when they reach our shores , and the myriad of taxes and bills to pay when operating one . not only that , the high end sports cars were once quipped by a prominent politician up north that they will never reach fourth gear , lest they reach the sea . br br and these movies are relatively easy to make . hot wheels and hot chicks always go down well together in targeting the required demographic . for once , those plunging necklines exposing uncanny buxom and short skirts accentuating legs two meters long , can't compete with the attention given to those beautiful curves that exotic cars possess in movies such as these . of course there are amongst us ahem those that go for the sexists portrayal of women as mere sexual objects otherwise explain why motor shows come with truckloads of models , and movies such as these cannot do without a leggy model in a frame , however , they don't warrant the kind of collective orgasmic sighs whenever the four wheelers come on screen , even when they do exactly nothing and have their gears into park . the guy sitting beside me , i swear he wet his pants every time his dream cars appear , and creamed his pants even more when he hears those growling engine moans . br br so there we have it , the fan boys who turned up in droves just to watch which of the latest cool cars get featured in the movie . with the fast and the furious franchise , the japanese models like the evos and the skylines take centerstage , as does the gt . here , the ford gt takes on an incredibly droolworthy facade modification , that even i'm impressed , alongside the latest models like the ferrari enzos , porshe carerra gts , koenigsegg ccxs , and every car out there that has wings for doors . but seriously , my heart goes out to the cars each time they're mercilessly wrecked just for entertainment . i mean , this are perfectly fine , high performance models that are at the apex of motoring , but yet because whoever financed the movie had millions to blow , they do so because they can , br br there's no story in redline , just excuses to put together a movie full of beauties the cars that is that can rip down the tarmac in probably the most boring fashion possible , and with the usual shots of pedals always the accelerator , mind you , tapping the brake pedal is tantamount to blasphemy , and earn you no respect , steering wheels , gear shifts always shifting up and not down , all these while having the actors make pretend that they're the baddest asses with an engine , snarling and giving each other dirty looks . not a very tall order for an actor , and that's why we get the most woeful performances ever , with lines that seem to be written by elementary schoolkids . br br the heroine yes , it made a statement that girls can drive natasha a very plasticky looking nadia bjorlin is one of those million dollar finds a girl with model looks who don't mind getting down on fours and immersed in oil , who has racing pedigree within her , and performs with a rock band singing songs with lyrics that are just plain laughable every line had to do with cars , and when singing about love , just had to string those innuendos like shifting gear shafts , lubricants and going for rides . introduced against her wishes to illegal racing by a gangsta called infamous eddie griffin , she gets drawn into family squabbles involving a leo dicaprio lookalike iraq war veteran , and some sleazy lecherous looking rich uncle . everything else , well like i said , just serves as an excuse for the movie to go from race to race . br br and it's almost always the same , as there's very limited to what you can do to heighten tension between race cars , especially when you know the race is rigged for narrative reasons and can see the race outcome a mile away from the finishing line . while fast and furious had quite charismatic actors , and i will put my head on the chopping block by naming paul walker , sun kang , and of course , the star it created vin diesel , redline had none , just pretty faces with lots of air unfortunately . it looks like a tv movie in its treatment from the get go , with a very insipid opening sequence where it's one man , one car , and a 105 minutes race against time to get to vegas . br br if not for the cars , then this movie seriously is a piece of junk , with bad acting , bad lines and bad action . strictly for the car fans , or those who like their movies with countless of bevy beauties who pimp their bodies without any speaking lines .",0,1
". . . but the actress playing the daughter just doesn't come across as credible . br br it doesn't work for me when i see an actress of about 25 years playing the role of a 12yearold . . . other commentators have suggested that this is one of the messages of this film , that children may sometimes seem more adultlike than adults , but with the casting as it is in this film , it just doesn't work for me . br br you might want to check other comments to find out what this film is actually about , because i couldn't bear watching it to the end . br br i agree that the premise for this film is beautiful though i wish another director would try to pick up this story again .",0,1
"i grew up watching the bowery boys on the weekends and even at young an age i could tell this was low rent stuff as the name implies . still it was fun to watch satch hall get the better of muggs gorcey after muggs would beat the crap out him . the east side kids stuff were never shown even though it was public domain stuff and probably cheap to run , it was just to low a standard for kids to tune in even though we only had like 5 channels to watch . enter the year 2005 and i am repossesin about my childhood . i can't find any bowery boys on dvd but i found the east side kids on disc and also on a public domain website . thankfully i saved my dough and saw bowery blitz on the web for free , and it really really blows . now i can see there are some bowery boys and maybe monogram bad movie lovers here that gave this melodrama crap a 7 of 10 but c'mon folks , this ain't even trying to be funny . it's an east side kids drama , not a comedy so it's no good . the best part was seeing muggs fight at the end , he reminded me of my grade school days flayling away like a girl when i would get in a fight , it was kinda abusin . leonard maltin said in his mini bio that this flick is one of the better ones , so you can just imagine the rest . if you wanna see some halfway decent east side action see ghosts on the loose maybe but the bottom line is usually a comedy team starts out strong in their career and tapers off , these mugs blew chucks early on then slowly picked it up until hall's antics dominated than they were at best . still 2nd tier stuff way below the 3 stooges , who they imitate but amusing for those who grew up with them . this feature won't bring back pleasant bowery boys memories and is best left to monogram fanatics .",0,1
"i found this film to be a bit too depressing . i don't mind dramas , but this was a bit too much for me . luckily , there does seem to be somewhat a decent outcome . i suppose it was well done . i'd watch it again , but it's nothing to rave about .",0,1
"final score an average of various classic cinematic qualities acting , visuals , creativity , payoff , humor , fun , ectbr br 4 . 3 out of 10br br had atlantis the lost empire come out a few years ago it would have seemed like a bold , serious new direction in disney animation . however , it comes just a year after the innovative and nearly genius the emperor's new groove and marks a step back in freeing disney from it's repetative disney formula . i'm a big fan of the feature length disney animated films . have to see them all love it or hate it . atlantis is an animated throwback to 20 , 000 leagues under the sea and similar liveaction scifi adventures of the 50s and 60s . problem is that this version hardly contains one original idea . it feels like a remake of something , even more so than actual disney remakestarzan , the hunchback of notre dame . the characters are little more than a walking cliches of the usual suspects that typically populate these type of films the oddball mechanic , the gung ho general , the sassy tough women . beyond milo thatch fox and rourke garner the supporting cast is flatout obnoxious . the movie also suffers from it's succinct pace . instead of fleshing it out into an epic story , disney jams a lot in the usually brief running time brushing over opportunities to develop . . . suspence , characters , anything really . they thow us into this new and wonderous world and barely let us get our barings . the awkward pace sometimes makes confusing what is a relatively simple story . the animation is dark and dreary and cheap . this thing looks like a slapped together saturday morning cartoon . let's hope they haven't forgotten that 2d traditional animation can still be wonderous . the iron giant among others proved that . br br negatives the visuals , pace , and sheer lack of originality . br br positives quite possibly the coolest death scene for a disney villain in a long time . it's the creative highlight of the movie .",0,1
"if he wanted to be accurate , he should have chosen some frisco natives and not a bunch of ny actors who know nothing about the sucka free not sucker free . i've lived in sf my entire life , and folks here do not talk or act the way these actors did . everything was overdramatized , and the only cat i saw from the bay was jt the bigga figga with his little cameo as a rapper . no shock that he was the only one in the film who really dressed like cats out here ie his warriors jersey . not once did i notice anyone wearing any giants or 9ers gear ; instead he fitted them in some cheesy madeup sf or oakland jerseys that aren't even sold around here . hp has no bowling alleys , black and asian gangbangers do not wear head or wristbands with the colors of africa or china's olympic team , nor does every chinese gangster wear a yao ming jersey and try and sound black while shooting hoops . further , while there now is a significant yuppie community that has invaded the mission , all that was shown was some white dude and a selfproclaimed 100 west coast boriqua . this is not new york ! puerto ricans here are few and far between , and the latinos in the mission are very , very different from the one that was shown here , who was without a doubt from ny . also , hp is not the only black neighborhood in the city . an accurate depiction would have shown the drama between hp sets in their own hood as well as vs . fillmore , sunnydale , lakeview , etc . br br this film could've been much better if lee had done some more homework and had a better storyline to work with .",0,1
"ok , i did think that it would be horrible . but when i saw it . . i was proven wrong . emily bergl did a superb job as did jason london . sue snell was underused and underwritten . the meanies were ok , dylan bruno and rachel blanchard are definitely the standouts . as for the things the teens do and how people claim it's all wrong . whatever . my friends and i use the term swank a lot and i have driven a car and had someone steer as i changed . it's pretty much all there . i've just never been at a aftergame party in a house that big with it's very own light show . . the deaths are good . the best involves a pair of glasses , a spear gun and a pool . . all in that order . i must say , there will be people who hate it . . but i'm not one of them .",0,1
"in a sense , this movie did not even compare to the novel . however , it was good to have a visual of what the congo looked like and also the natives if you are not good at visualizing as you read . i would never recommend watching the movie rather than reading the book . i hardly suggest even watching this film , let alone any other films based on this literary work . this movie ; and many others , did not fulfill this book . one important part that is missing from the movie is marlow's sense of how government of lack of there in africa was forming an early genocide . also in the movie , marlow and his companions didn't stop and get the note and wood . likewise , kurtz' african mistress knocks marlow out towards the end of the story which has a major influence in the story but was not in the book . in the novel , kurtz died on the ship , however he died in his hut in the movie . the fianc's reaction to marlow's interpretation of kurtz' last words also differed . this movie is only effective if you wish to visualize more clearly the novel .",0,1
"had i known to what i was submitting myself , i would have fled from the theater . the film is dreadful , in the literal sense of the word . despite striking images , intriguing locales , and a subject matter that might have been fascinating , the film is dead . br br i was unfamiliar with this period of greek history , and prepared to experience a great film . the filmmakers's hand is heavy . it is not enough to see a train going by ; we must watch it from afar , we must watch it car by car , we must see the smoke , we must see it slow down , and we must see it stop . the director's approach is didactic . likewise , the characters that he creates never develop , they never change . they are so stereotypic that we wonder , are they meant to be everyman ? everygirl ? everyoldmusician ? is there some point to this allegory ? it is the most pretentious film that i have seen in a long while .",0,1
"alan rickman emma thompson give good performances with southernnew orleans accents in this detective flick . it's worth seeing for their scenes and rickman's scene with hal holbrook . these three actors mannage to entertain us no matter what the movie , it seems . the plot for the movie shows potential , but one gets the impression in watching the film that it was not pulled off as well as it could have been . the fact that it is cluttered by a rather uninteresting subplot and mostly uninteresting kidnappers really muddles things . the movie is worth a view if for nothing more than entertaining performances by rickman , thompson , and holbrook .",0,1
"i have to admit that in spite of all media promotion and being nominee for oscar , my expectation from the film was not so high before watching it . and i really found what i expected ; a film trying to be likable for both for conservatives and liberals in turkey , trying being authentic for foreign spectators and enough funny for all . but it should be understood that it is not possible to be favorable for everybody , therefore film stays as average for all . br br whole movie is telling a story occurred within 24 hours . to fit the short story in a full movie length , some scenes are added without a connection with the main story . these are mostly the icecream selling scenes to the eccentric local people i . e . goat herdsman , old women etc . , and each of these selling scenes are tried to be interesting to the spectators by skits with comic dialogs . the subject is mentioned as a universal problem struggle of a local producertradesman against holding companies and monopoly , but this was the interesting subject of twenty years before . most of the readers will remember the hero grocer against supermarket from ferhan sensoy in 1980's . this was the correct story at correct time . shortly the story is not strong enough and worth to be a movie as by now . br br except some gibbers due to local accent , the performance of cast is so successful . the leading role is played by turan ozdemir with excessive body language but anyway he is successful too . br br on the other hand against limited budget , appreciable efforts of director and players are obviously giving a good mood to the film . but this is not resulting a film well enough either to compare with italian neorealists or worth to be oscar nominee . br br note in the real life , normally the icecream seller would stop his own production and be the dealer of one of the competitors of manda brand .",0,1
"in 1913 , in carlton mine , addytown , pennsylvania , the cruel owner of a mine uses poor children in the exploration and after an explosion , a group of children is buried alive . on the present days , karen tunny lori heuring has just lost her husband after a long period of terminal disease when the family savings have been spent in the treatment . without any money , she moves with her daughters sarah scout taylorcompton and emma chloe moretz to an old house in the mountains that belonged to her husband . karen is advised by her neighbors to stay at home in the night , and sarah hears that there are zombies in the area . when emma becomes friend of mary , he mother believes she is an imaginary friend . however , when sarah's friends are attacked and eaten alive by zombie children and emma vanishes , karen and sarah chase her nearby the mine . br br wicked little things is not a totally bad movie the acting is good ; the makeup is creepy ; and the cinematography and the music score are excellent . however , the story , and consequently the screenplay , are very weak , indeed a bad collection of clichs . the beginning is reasonable , with a widow moving to a house in a remote location because the family spent all their resources with the illness of the patriarch . but when she arrives , coincidently the little zombies attack people without any consequences , for example , families do not search the missing persons . then the wicked mr . carlton comes to the place with the most disgusting attitudes , a typical clichs that he will die in the end . there is no explanation why the children attacked innocent people and why they should stop after killing mr . carlton . when sarah is running away with her mother and says that she is tired and cannot run anymore , it is one the most stupid lines that i have ever seen in a horror movie . my vote is four . br br title brazil zombies",0,1
"rented this from my local blockbuster under the title speck that may be the way to look for it if you still feel the need to see it after this review . br br it's a movie about the serial killer richard speck , who killed several nurses in chicago in the sixties . watching the movie , one gets the feeling that it follows the crimes to the letter . unfortunately , that doesn't make for a good movie . br br another problem i had was the nearconstant music letting us know that this was a scary movie , and some godawful narration letting us know what's motivating speck . the acting was average for this type of film ; to give credit where credit is due , the movie is very beautifully photographed for my taste . your mileage may vary . br br over all , if you're interested in the subject matter , it may be worth your time .",0,1
"i normally only write reviews for movies i really hated or really liked . and , as you can probably tell from the number of stars up there , i didn't like it . by now , i assume you have read about the plot or maybe even seen the movie , so i'll skip the summary . let's break this down , pros and consbr br cons the concept the premise was set up to be interesting . using chaos theory as a theme was interesting . however , it wasn't carried out so well . correct me if i'm wrong , but it seems to me that chaos theory was kind of misrepresented . the event that occurred in the movie seemed more like contrived coincidence than anything . i guess the butterfly effect was represented by the whole gods causes tsunami to bring back statue . the presentation comes off as really sloppy though . some people call this intelligent , but it just seems to be another souped up action film . br br storyline is it just me , or does it seem that kamal just threw this together to give him an excuse to play ten roles ? the plot is extremely contrived ; govind kept losing the vial so many times in obscure accidents his friend just happens to mix up the vial with a package he was sending to india , a crazy old lady just happens to throw the vial into an idol , half the cast just happens to unexpectedly meet up in the same hospital , and the case with the idol just happened to get mixed up with one that belonged to a famous singer . br br cgi oh god , the cgi . it was even worse than the special effects in jaws 3 , and those sucked . right away , i could tell which parts were animated . even my tenyearold cousin knows that underwater cars don't look like that . br br stunts yes , i now that action scenes in tamil movies aren't realistic , but the stunts in this one were horrid and actually distracted me from the story . br br make up i have to admit , they did a better job than expected . i thought kamal would be playing people with similar skin tones , so the two fake white guys and the fake japanese aikido guy caught me off guard . however , it was still pretty bad , i could easily tell which ones were wearing masks . br br the songs the music was distracting and outofplace in many instances . br br asin her character was possibly the most annoying one in the movie . she was loud , ditsy , and obsessed irrationally about that idol . i actually found myself wishing she would die . br br plot holes and fridge logic let me get this straight a lab monkey was smart enough to get past a passwordlocked door , but not intelligent enough to tell the difference between a bar of chocolate and a vial with a deadly virus in it . and then , an excia agent who's after the vial figures out it's headed for india . instead of immediately following it , he marries a pole dancer first . a famous punjabi singer with cancer checks into a small town hospital in the third world when he could easily afford the best medical treatment available . furthermore , he gets shot in the throat with a bullet . you'd think he would be killed , but instead , the magic bullet has cleared his tumor . you read that right , a bullet knocked out the tumor . br br pros . . . the naidu character possibly the only likable part of the movie was his comedy .",0,1
"reading the book i felt once again drawn into castle rock needful things being the final part of the rock trilogy , and the plot was a variant on the demon comes to small redneck village type story king likes to tell . the characters were all described in loving detail , and it made both a good psychological and gory horror . the film on the other hand is awful . gone are the character interactions and clever plot , and replaced by a story that tries to be exciting but misses by a mile . if you haven't read the book then you might enjoy this , else avoid at all costs , as with most films of king's books .",0,1
"formula movie about the illegitimate son of a rich chilenian who stands to inherit a fortune and gets mixed up in the affairs of bad guys and falls in love with a beautiful female lawyer vargas . it looks very much like a tv movie , not really exciting . the only reason i bothered to see it was because valentina vargas was in it . no real surprises here , though it is nice to see vargas . great looking chilenian landscapes on display but malcolm mcdowell's part is very small and doesn't add much to the movie . michael ironside plays as usual a bad guy but this is not one of his most memorable parts . the chase scenes are standard fare .",0,1
"this movie is at times a wild 80s college sex comedy , others a sweet romantic one . . . then it has moments of serious drama and then sprinkles in dashes of science fiction . . . it is so uneven its almost ridiculous . br br but i would hardly rank it as one of the worst films i've ever seen except of course for the fact that they casted peter o'toole . br br there is absolutely nothing for him to work with here . poor dialog , poor performances to work off of , poor everything . . . and yet he's fantastic . . . there is not one good thing about his part and yet he makes it work if only on pure charm alone . br br the fact that he was so able to achieve so much with so little shines a spotlight on how greatly everyone else in this film failed , making it seem even worse than i suppose it actually is . . . br br if any other actor was in o'toole's role , i would have forgotten this movie as crap and never thought of it again , but a fine performance by peter o'toole despite all odds ensures that i'll remember this film for a long time to come . . . if only as a film that , maybe , could have been good if anyone involved in it was nearly half as good as peter o'toole .",0,1
"well its ten year's on since this film was released and the sands of time have not improved it one bit , again like the other comments made the aussie film makers should have a little more drama rather than middle class aussies riding around beautiful places on there bikes with not much in the was of dialog . middle class is not funny nor is rich . there is also a mish mash of cast . why is a young woman going to marry a man old enough to be her father , it escapes me . it's such a shame about this film , looks like a wonderful place to holiday thou . anyway its an hour and thirty mins of my life i will never be able to get back . lifes to short to watch this movie .",0,1
"as a true elvis fan , this movie is a total embarrasment and the script is a disaster . the movie opens with the beautiful son stay away and the scenery of the grand canyon gives the viewer hope of something special . elvis gets in the picture and his talent is wasted big time , especially on the rest of the featured songs . i sat through this movie twice , just to make sure it is a piece of junk ! ! ! 1 out of 10 ! ! !",0,1
"not much to say on this one . a plot you can pretty much peg , in the first 10 minutes . nothing overly wrong with this film , very little action for an action film . there was a chance to explore the characters emotions occasionally . whether an action film is the right genre to do that with , i'm still undecided . sniper was one of the easiest films to watch without giving full attention to , as it had little twists and a straightforward plot . i was probably guilty of that , so with a second watch or with undivided attention it may be better . br br 410 but the best of my 4 out of 10's",0,1
"definitely an odd debut for michael madsen . madsen plays cecil moe , an alcoholic family man whose life is crumbling all around him . cecil grabs a phone book , looks up the name of a preacher , and calls him in the middle of the night . he goes to the preacher's home and discusses his problems . the preacher teaches cecil to respect the word of god and have jesus in his heart . that makes everything all better . ahh . . . if only everything in life were that easy . the fact that this film looks as if it was made with about 500 certainly doesn't help . 110",0,1
"rating 4 out of 10br br as this miniseries approached , and we were well aware of it for the last six months as scifi channel continued to pepper their shows with bg ads , i confess that i felt a growing unease as i learned more . br br as with any work of cinematic art which has stood up to some test of time , different people go to it to see different things . in this regard , when people think of battlestar galactica , they remember different things . for some it is the chromium warriors with the oscillating red light in their visor . for others , it is the fondness that they held for special effects that were quite evolutionary for their time . many forget the state of special effects during the late 70s , especially those on television . for some the memories resolve around the story arc . others still remember the relationships how how the relationships themselves helped overcome the challenges that they faced . br br frankly , i come from the latter group . the core of battlestar galactica was the people that pulled together to save one another from an evil empire . yes , evil . the cylons had nothing to gain but the extermination of the human race yet they did it . while base stars were swirling around , men and women came together to face an enemy with virtually unlimited resources , and somehow they managed to survive until the next show . they didn't survive because they had better technology , or more fire power . they survived because they cared for and trusted each other to get through to the next show . br br the show had its flaws , and at times was sappy , but they were people you could care about . br br the writers of this current rendition seemed to never understand this . in some ways he took the least significant part of the original show , the character's names and a take on the story arc and crafted what they called nothing less than a reinvention of television science fiction . since that was their goal , they can be judged on how well they accomplished it failure . it was far from a reinvention . in fact it was in many ways one of the most derivitive of science fiction endeavors in a long time . it borrows liberally from sttng , stds9 , babylon 5 , and even battlefield earth . i find that unfortunate . br br ronald d . moore has been a contributor to popular science fiction for more than a decade , and has made contribution to some of the most popular television science fiction that you could hope to see . one of the difficulties that he appears to have had was that there could be no conflict in the bridge crew of the enterprise d e . that was the inviolable rule of roddenberry's sttng . like many who have lived under that rules of others who then take every opportunity to break the rules when they are no longer under that authority , ron moore seems to have forgotten some of the lessons he learned under the acknowledged science fiction master gene roddenberry . here , instead of writing the best story possible , he has created a dysfuntional cast as i have ever seen with the intent of creating as much cast conflict as he could . besides being dysfunctional , some of it was not the least bit believable . anyone who has ever been in the military knows that someone unprovokedly striking a superior officer would not get just a couple of days in hack , they could have gotten execution , and they never would have gotten out the next day . it wouldn't have happened , period , especially in time of war . br br the thing that i remembered most of ron moore's earlier work was that he was the one who penned the death of capt . james kirk . he killed capt . kirk , and , alas for me , he has killed battlestar galactica .",0,1
"disappointing , predictable film in which a woman mc teer travels with her daughter from state to state because she can't maintain relationships and find happiness . in this genre 'anywhere but here' starring susan sarandon and natalie portman gave a much better insight into a motherdaughter relationship . with better acting as well .",0,1
"yeah , there's a sleeper watching sleeper cell and it was me . after reading comparisons to 24 like on the cover of the dvd , i expected a fastpaced action romp . but nope . . . this series just putts along . in my groggy halfawake state i would think , he's gonna . . . and , poof , it would happen . . . guess that van is gonna roll off the . . . and there she goes . br br and so on . br br and why would darwyn , in extradeep cover , pursue a babe ? could it be , perhaps , to provide a little ta ? hey , that works for me , hence four stars rather than three . br br this show is no 24 . i've watched 24 . sleeper cell , you're no 24 .",0,1
"although embryo could have been a potentially thought provoking examination of bioethics , it degenerates into a stereotypical frankenstein parable , putting across the by now monotonous lesson that there were some realms man was not meant to enter or study . br br scientist rock hudson is experimenting with ways to prevent miscarried babies from dying . after success with a dog , he immediately jumps to humansviolating medical ethics and any sense of plausibilitywith the equally unrealistic assistance of a hospital administrator . his experiment works too well , with some decidedly unpleasant side effects . br br although barbara carrera is reasonably good in her role , and some of the animal training is spectacular , the film suffers from being too fantastical . even though a message at the prologue assures viewers that this represents contemporary technology , the scientific work depicted looks far fetched even for the twentyfirst century , let alone the mid 1970s . furthermore , the scene where carrera is able to find a cure for the side effects of bioengineering simply by typing a question into a computer is laughable .",0,1
"some people say this show was good in it's early years ! i disagree with all of 'em . the show is just plain stupid and pathetic . my mum hates it , i hate it , my dad hates it , i don't know about my sister but oh well . here some reasons whybr br 1 . the characters babies being used as grown up style characters are stupid . the babies are just precocious and annoying . the grown ups and adults are dumb and unappealing . the worst character is that angelica pickles she really does it in for your ear drums when you had a long , hard and miserable day at the office and also that kimi finster who appears later on ; she is too over optimistic and a pain in the butt . she can't decided whither she is french or japanese it doesn't matter know ; you are a american citizen know and that's that ! oh , what am i talking about , all the characters from this show suck ! br br 2 . the stories the stories are unoriginal and dumb . the make it like the babies go off on a great adventure , yeah to the back yard shed . in one episode , that little goofy brat , tommy pickles the leader broke in to a television's control room and literally almost destroyed it . don't give kids any idea to smash up normal t . v station's control rooms they pay a awful lot of money for them in real life . i can imagine what the broadcasters must of felt like airing this episode , they will probably start staring at their machines throughout the day scared that a baby will brake in . sad ! br br 3 . over rated ! the show has been dragging on for years now and people are still making up stories and new series and spinoffs for this . get off ! the simpsons have been going for nearly the same amount of time as this but they are much better and funnier than babies . the show is just plain over rated ! people , where is your common sense ! br br anyway , i surprised t . v stations across the world want to air this series even off today . the show is utter junk and should have never been produced . the two movies for this cartoons sucked just the same ! 210",0,1
"i purchased the blood castle dvd on ebay for a few bucks not knowing what it was and all i can say is that i wasn't disappointed with this purchase . blood castle is one of those trashy european horror films that has almost no redeeming quality except for being thoroughly entertaining , for all the bad reasons . the opening alone was worth the price of the dvd our heroine , dr . ivanna , arrives at the castle where she's supposed to help a scientist , baron dalmar , who does experiments on dead tissue . on her way to the castle 1 a man tries to rape ivanna . 2 the castle's housekeeper fights with her . 3 the maid wants her dead . 4 and finally , baron dalmar nearly spits on her and wants her out the next day . hmm . . . something tells me she's not welcome . with such a miserable arrival , you'd think ivanna would leave the place in a ny minute but no , like so many great trashy films , our headstrong heroine decides to stay put and even enjoys a candlelight dinner with the grumpy baron on that same eventful day . the intro is so overthetop trashy it's even greater than the memorable first few minutes of that canadian film , junior that i knew i was going to enjoy this . br br but the fun doesn't end there . ivanna is repeatedly drugged whenever she goes to bed at night , only to wake up from unconsciousness , naked , bound and tortured in mild sessions of sm by an unseen man . even after experiencing these nightly sm sessions , ivanna stays at the castle , dully convinced by the angry baron that what she's experiencing are nothing more than dreams . to be expected , even after being treated so badly from the getgo , ivanna , falls in love with the baron . ivanna completely disregards anything negative about him , including the obvious fact that the dour baron is popular with the young ladies . every women at the castle it seems only women work there is in love with the miserable chump , who doesn't mind taking advantage of the pretty young things . things get even sillier as someone lurks around the estate and kills and has been killing women . basically , the baron's physically disfigured brother , igor is responsible for everything . in a very long winded scene , the brother warns the baron he should not get too involved with ivanna or he'll suffer the consequences . so what do the baron and ivanna do about this ? well , they get married of course ! during the very brief marriage ceremony , the baron is shot by one of the angry locals father of one of the dead girls . but all of this doesn't deter ivanna , who , amidst all the dead young ladies and torture surrounding them , cheerfully comforts the hurt baron that it's just a flesh wound and the two can go on and enjoy their honeymoon at the castle , where the killerrapisttorturer brother is . the whole thing quickly devolves into a nightmarish love triangle of sorts , between ivana , the baron and igor . blame it all on love ! br br anyway , you get the idea subtle it's not . almost everything is overthetop ridiculous in this film and when it's not ott , such as the predictable climax , things get a tad boring . but for most of the film , the director or writer revel in one illogically trashy moment after another . i really love these kind of films , everything as subtle as being hit over the head with a sledgehammer , and populated by characters behaving illogically . even those who made the retromedia dvd realize this and when you go to the scene selection section , we hear one of the funniest bits of dialogue from the dubbed movie looped endlessly . br br the production values are beautifully risible . the opening and closing credits , with those candles and red curtains . . . ah , a soupon of class . the music sounds sometimes like something from a tim burton film , which only adds to the oddness of it all . and customary to these kind of films , when the young ladies take off their clothes , they just beg to be killed . br br as a standard film , i rate this a 2 , but as a it's so bad it's good film , i rate it a solid 8 stars . if you enjoy trashy films , please watch this one . it's a must see . the only thing left for me to ponder about it what would it have taken for that woman to get out of that freaking castle ?",0,1
"this one of the best celebrity's reality shows a ever saw . we can see the concerts we can see the life of britney , i love the five episodes . i was always being surprised by britney and the subjects of the show i think that some people don't watch the show at all we can how a great person she his . she his really funny really gentle and she loves her fans and we can see how she loves her work . i just don't give a 10 because of kfed he his a real jerk he doesn't seem to like britney at all . i they make a second season of this great show because it shows at some people how britney really is . go britney your the best and you will never leave our hearts .",0,1
"this film makes you really appreciate the invention of the fast forward button on your remote control . it's exquisite boredom in beautiful pictures . for once hamilton goes relatively easy on soft focus shots . however , what i found hard to take about the film was that although anja schte was about 19 when it was shot the girls are portrayed as much younger than they actually are . this whole lolita thing especially as there is an older man involved leaves me rather uneasy . the heroine is actually shaved in the pubic area in order to make her look even younger than she is . come on , sex is a nice past time between consenting adults . another thing i found odd was that neither beart nor schte have a nude scene in the film , well , not a proper one at least .",0,1
"tom stern and jeremy slate are swing bachelor's planning to hijack a casino , ala ocean's 11 , and pin it on the hell's angels . bad move . for a film with the words hell's angels and the number 69 and featuring actual hell's angels , this movie is surprisingly tame . the hell's angels truly deserve a better film to be centered around them . not this snoorefest . luckily this is one of the dvds that features commentary by joe bob briggs so the pain of having to sit through it is greatly alleviated . if you watch it any other way , let me recommend something to you . don't ! ! br br my grade d br br dvd extras joe bob brigg's commentary ; conny van dyke's message to her fans she has more than one ? ; photo gallery ; theatrical trailer ; and trailers for blood shack , hell high , samurai cop , and the hollywood strangler",0,1
"john carpenter's career is over if this sad excuse for a movie is any indication . his excuse is that he only produced it . jon bon jovi looks like a girl . in fact , bon jovi and the two vampire girls , natasha wagner and arly jover probably all fit in the same clothes . in short , it was hard to tell which one was cuter in an anorexic rampmodel sort of way . bon jovi has the most charisma . at least he looks happy when he is smiling . the two vampire girls on the other hand are all cramps and complaints . at one point they are about to give each other a wet kiss , but stop . amazing how each vampire movie has some set of morays for the respective vampires . at one point , arly jover is providing fellatio to a very dumb vampire hunter and then she sucks his blood while doing the sex act . it would have been an erotic moment except that it was filmed like a total goof , and the male actor looked mildly amused as he watched arly jover move her head to mimic something that was very obviously not happening . as far as gore is concerned , a few heads are ripped off , and the blood spurts profusely . these scenes have so little suspense or buildup that when they happen it is almost funny , and there is no horror payoff from the scene . all you get as a member of the audience is a feeling of wow , that sure was a lot of red paint splattering on the walls . i wonder who has to clean it up . throughout the movie , these vampire hunters who are obviously trying to kill arly jover the top vampire in the world ? ? keep reaching out to her . at one point , bon jovi goes into the abandoned church and after he just shot her with an arrow and has done so on other occasions , he says i am not trying to hurt you . i just want to talk to you . i want to get to know you . huh ? ? of course , the dumb vampire arly jumps out to say hello and bon jovi sticks her again with another impaling device . why can't we be friends the 1970s hit song by war should have been the theme song for this movie . aside from all of the other silly moments , there is a transfusion sequence when natasha wagner has all her vampire blood removed , and the town people all line up to donate blood for her transfusion . i guess blood type is not important ? anyhow , all her vampire blood is removed . bon jovi then decides that if that blood is transfused into him , he can beat arly by becoming a vampire also . of course , as the vampire blood is transfused into him , none of his healthy blood is removed . so apparently bon jovi is walking around with twice as much blood as any human can have in his body . and just like the first vampires , this one also has the vampiresburstingintoflames special effect .",0,1
". . . but it's certainly not without merit . already writerdirector preston sturges is experimenting with unusual cinematic effects in telling his stories , creating broadly drawn yet distinctive characters and situations , and writing clever and sometimes unexpectedly wise and compassionate dialogue . no wonder the coen brothers' next movie is going to be an homage to sturges . br br the major problem is that the plot's not all the way there yet ; it lacks surprise , the unexpected plot twists and sudden changes of fortune that keep viewers guessing . the coffee slogan is a lousy thing to hang the plot upon , and the ending is thoroughly predictable . frank capra does this sort of thing much better . br br if you're new to preston sturges , check out the lady eve or sullivan's travels or the miracle of morgan's creek first . if you've seen these already , then go ahead and watch this one .",0,1
"working at a video store i get to see quite a few movies and on occasion i try to watch some of the not so big movies . proud happened to be one of them . the initial idea of telling of the story of a primarily black crewed ship during wwii had some merit . however in less than 10 minutes of watching the movie you find out that the primary point of the movie was to tell about racial tension in wwii . the underlying story is about the ship , the crew and their exploits in the war . this primary point is hammered at you to the point of excessiveness all throughout the movie . i commend the men that served on the uss mason for their triumph in the face of adversity and for the hardships that they endured . a movie should have been made focusing on the accomplishments these men did for themselves , the navy and for their country and not making a movie whose focus is racism during wwii .",0,1
"look carefully at the wonderful assortment of talent put together to make this movie connery , fishburne , capshaw , harris , underwood , beatty , thigpen , even cameos by slezak , lange , and plimpton . they prove , in spades , the adage that a good cast cannot save a bad script . the story line requires so many leaps of faith from the audience that its implausibility should have exceeded even hollywood standards . it's not particularly original , and the twists are downright cruel .",0,1
"this movie made my face hurt . i don't understand it . . . things just happened , inexplicably , and they usually resulted in someone bursting into a song and dance number . i don't understand how people can laud this film with praise . there are bmovies , and then there are bmusicals , and then there is rockula . br br the songs made me want to run headlong into a wall . the only saving grace is that one of the musical explosions turns out to be a musical video , which eases the pain , yet still fails to justify why it needed to exist . the most frightening section of the film is toni basil's creepdance that accompanies her weird song . but on the bright side , she can manages to find the notes that she is looking for , unlike pop music sensations rockula aka rapula and mona . . . wow , can we say tone deaf . so if you want to question life for about 90 minutes , see this film . if you hate your life , then buy it .",0,1
"don't get me wrong , dan jansen was a great speed skater . if there was one guy who deserved his gold medal at the olympics it was dan . br br but how can it be possible that bill corcoran has made such a bad movie about the incredible dan jansen story , because the real dan jansen story is truly incredible ! especially when you look at this movie through the eyes of a sportsman everything is wrong , the way matt keeslar and the other actors skate , their technique , the dimensions of the speedskating oval , it is all wrong ! br br shame on you , bill corcoran , dan jansen deserves better , a lot better ! br br 1 out of 10",0,1
"i'm not a big fan of romcoms at the best of times . a few have been quite good check of dream for an insomniac , but this one is just more of the same but less . br br with a running time of 100min , i expect more than 1 laugh every 30mins . the only real belly laugh are when male strangers and friends instinctivly help out lee's character . br br all i can say is avoid . i gaurentee there is at least 10 other movies on the shelf that deserve you br br 3 of out 10 and only cos i'm a big lee fan",0,1
"this show has shown it's true colors now that democrats are in power . it never did lead the world in iq as anyone who thought it has intelligence has been programmed to think one way which is a scary thing . br br comedy central moved this it's spin off back to an earlier time once the democrats took power for a reason because now when the democrats screw up which is just as often as republicans do stewart no longer takes pot shots at them . that is why the ratings for both this the spin are dropping . br br basically , most of the humor now is either lame , or lame sarah palin jokes which all the ratings dropping comedians are now telling . the facts to back this up speak for themselves . the jay leno show which has been doing the same kind of humor is on the verge of being canceled . the ratings for letterman conan the shows that follow them are down . br br so emperor stewart is not alone . trouble is if any of them start taking real rips at the bungling democrats in power , they could raise their ratings in a hurry because the best humor is always at the expense of whose in power . the bush years proved that because the ratings for this show colbert , letterman leno were higher there . br br o'bama has done one thing , proved these shows have to be willing to take chances rip the folks in power if they are to prosper . right now , the daily show stewart are sagging but maybe they can get lucky have palin elected as the first woman president in 2012 . then the lame palin jokes will become ratings grabbers .",0,1
"this is a little slowmoving for a horror movie , but the quality is better than you might expect for a director's only effort on imdb . the camera work and lighting were both surprisingly good , and the acting although variable is better than is often found in indie genre flicks . br br as the lead , robert field is rather stiff , which is especially unfortunate given that his character , claude , is the film's narrator as well as the centre of its action . however , it was the entry of christopher brandon despain that i considered the turning point of this film and not in a good way . a twist is introduced in a clumsy fashion , and slowmoving becomes drawn out and overly wordy . br br on the up side , pete barker is consistently entertaining as father william . he's the easy standout in what is a fairly ordinary offering . while the first half hour caught my interest , i ended up feeling quite disappointed in the way things played out .",0,1
"the point of the vastly extended preparatory phase of this star is born story seems to be to make ultimate success all the more sublime . summer phoenix is very effective as an inarticulate young woman imprisoned within herself but never convincing as the stage actress of growing fame who both overcomes and profits from this detachment . even in the lengthy scenes of esther's acting lessons , we never see her carry out the teacher's instructions . after suffering through esther's largely selfinflicted pain in excruciating detail , we are given no persuasive sense of her triumph . br br the obsessive presence of the heroine's pain seems to be meant as a guarantee of aesthetic transcendence . yet the causes of this pain poverty , quasiautism , judaism , sexual betrayal never come together in a coherent whole . a 163minute film with a simple plot should be able to knit up its loose ends . esther kahn is still not ready to go before an audience .",0,1
"and also a wonderful beginning , a real quick start . it keeps you yearning and waiting for is about to come . unfortunately the high adrenaline dries off quickly , but most certainly after half the movie is over . br br and it's a shame , because this movie has really good ideas and explores many of them thoroughly . but that is also one of it's faults . by exploring too many things , it get's mixed up into to many things , so in the end you're too confused to follow any plot or characters . it's very dark and moody , but that doesn't help much , if it's also genre hopping just to try to fit any and everything in it's story !",0,1
"love and human remains is one of those obviously scripted , obviously acted , obviously staged flicks which is so obvious that the escape velocity from its contrivances and fabrication is beyond me . not worth explaining , this amateurish flick tries to cram every clever line , every misanthropic overtone , every peculiar sexual predilection into one film with an absence of concern for making the pieces fit . in short , sensationalistic crap without the sensation . . . which pretty much just leaves crap .",0,1
"this quasi jhorror film followed a young woman as she returns to her childhood village on the island of shikoku to sell the family house and meet up with old friends . she finds that one , the daughter of the village priestess , drowned several years earlier . she and fumiko another childhood friend then learn that sayori's mother is trying to bring her back to life with black magic . already the bonds between the dead and living are getting weak and the friends and villagers are seeing ghosts . nothing was exceptional or even very good about this movie . unlike stellar jhorror films , the suspense doesn't really build , the result doesn't seem overly threatening and the ending borders on the absurd . br br this movie is like plain white rice cooked a little too long so that it is bordering on mushy . sometimes you get this at poor asian restaurants or cook your own white rice a little too long . you end up eating it , because you need it with the meal , because what is chinese or japanese food without rice , but it almost ruins the meal because of the gluey , gooey tastelessness of it all . 310 httpblog . myspace . comlocoformovies",0,1
"you'd hardly know that a year later mgm put norma shearer in the divorcee which glows with mgm technical know how . how far they came in one year . cheney is a very stagey early talkie . the camera hardly moves . shearer is her usual charming self and rathbone does well in a romantic leading role . they are all very careful to speak clearly and slowly into the microphone source which does mitigate against a naturally flowing dramatic scene , but the play is a sturdy and fun warhorse so one can enjoy oneself if one's expectations are not too high . oh , by the way , the plot involves a ring of upper class jewel thieves who infiltrate themselves into society to prey on their victims . there are some clever twists in the script and true love conquers all . an oscar nom for best screenplay adaptation .",0,1
"this movie will be a hit with those that enjoy sophomoronic , mindless , explicit bragging about sexual exploits and f . . . in almost every sentence . like a good plot ? like comedy ? like romance or other human values ? stay away from whipped . it was so bad i left after about half an hour . i saw two kids slip in that looked to be about 10 very harmful this deserves an x .",0,1
"that's pretty much all i can say about this flat and uninspired remake of the 1979 carol kane vehicle . camilla belle isn't much of an actress , and she brings no energy and vitality to the role of jill johnson , the babysitter harassed by an anonymous phone caller . br br but if you're looking for some great home architecture and interior design ideas , this movie provides more inspiration than anything you'll see on tlc or hgtv . jill spends nearly 90 minutes wandering through the house of the rich doctor and wife for whom she's providing her sitting services , searching for the origins of strange sounds and things that keep going bump in the night . as she lurks around corners and peers down hallways , we get to see a beautiful master bathroom with his and hers sinks that look like roman tubs , a huge kitchen with incredible back lit glass shelving , and the piece de resistance , a selfcontained aviary and coy pond that feature a selfwatering system . br br because the movie isn't compelling enough to draw us into jill's fear , we're distracted by the grandeur of the house , which isn't something you should be doing when you're watching a thriller . even as jill is pursued by the faceless maniac , we cringe because she's breaking valuables and messing up the coy pond , not because she's about to get murdered . br br the movie plods along as predictably as most teen slasher movies , and the ending is anything but original . by the time it was over , i just wanted to find out where the heck that house was and if it was real . never mind jill and the kids she was babysitting . br br 2 stars both for the house .",0,1
"i was in 6th grade and this movie aired on pbs during a series called 'wonderworks . ' i distinctly remember sitting on a couch watching the movie with tears running down my face at the end . in the film jesse , the main character , forms an unusual friendship with a girl named leslie . due to a very simple , but careless mistake one of the pair dies . at the time , i found the story very powerful , because the fatal mistake is exactly the type of mistake a kid would make and so any kid watching the film will find it very easy to identify with and feel the emotional weight of the tragedy that ensues . br br last year , i finally tracked down a vhs copy of the show . i probably should have stuck with my memories . watching the show as an adult i was absolutely shocked by what a horribly made film this was . my girlfriend had a similar memory of the movie as well , and she too was pretty sad about how bad the movie was compared to her memories . br br many adults probably have a good memory of watching this movie when they were kids . i strongly advise that these people leave their memories intact , and avoid seeing this film as an adult .",0,1
"83 minutes ? nope , this thing is 72 minutes , tops . br br if you cannot guess the killer in this movie , you had better throw your tv out the window , because you ain't learned nothing in 20 years of cinematic slasher history . br br and how come the plain star who never gets naked is always the one you want to get naked ?",0,1
"i have been reading comments on imdb for some time now . an 8 . 3 average for this movie just plain gets on my nerves . i don't mean to pull one of those i just signed up for an account so i can post on this movie bits . . . . . but , i just did . the only theme you will come away with from this movie is that incest does not deserve to be ridiculed . br br now , i realize many 'hoitytoity' film people love this movie ; nevertheless , it is crap . the thing that really gets to me is the fact that the director expects you to have sympathy for the 'villain' in the movie . if you do have sexual relations with your sister , you should probably be an outcast from society . just my personal feelings i guess . yet , i sat through 2 hours of this expletive expecting some really deep reasoning behind daesoo's imprisonment . br br i tend to like a lot of foreign movies , but this is my first encounter with a korean flick and it has put them last in line in my book . oh . . . i feel better already after a little venting .",0,1
"small spoilers i just bought the dvd of this movie yesterday . i saw it with my friends and i couldn't believe what had happened . br br in the first 3 movies , the critters at least had a sense of humor especially the 3rd movie , but not only did the critters barely ever make an appearance , they weren't funny ! they never made me laugh . i must admit that the story did start off nicely . after an hour had gone by i remembered that the critters movies were always very short . so i thought to myself , where the are the critters ? ! ? ! they were barely in this movie ! if that didn't make me mad enough , the boy named ethan was sitting on his bed after charlie had murdered the ship and he knew that the critters were still on board ! in the first movie the brown family was scared out of their minds . but here , ethan didn't even care ! it was as if the critters weren't even a threat ! br br now what i'm about to say next may ruin the ending , but i'm going to say it anyways . in the first movie , at the end , they had to face the giant critter for a final battle . in the second one , there was the great ball of critter . in the third movie , the critter with his fave burned did a spindash from sonic the hedgehog and was going to attack the little kid . but at the end of the fourth one which is what made me the angriest the bald critter charges toward ethan , and ethan kills it as if it were nothing . br br now something that i really don't understand was what happened to ug . he was one of my favorite characters in the first two . then after 50 years , he's evil . that was very disappointing . not only that , but wasn't he a faceless bounty hunter ? why was he still johnny steele ? plus he seemed to have a different personality . he seemed much smarter and not as monotone like in the first two . br br being someone who actually enjoyed the first two critters movies , and loved the third one , i give critters 4 a 210",0,1
"with the exception of the sound none of the above are really criticisms for this type of no budget , truly independent horror film . make up effects and gore are very good and the lead actor was effective , the lead actress although attractive needs some coaching as she was particularly poor . br br the major problem with frightworld is it's length , at 108 minutes its half an hour too long to be effective as a slasher movie , plot wise only about ten minute of the first fifty are relevant . br br in places it is visually engaging and sometimes the lack of lighting works in the films favour . however when this is combined with the poor sound as is the case with most of the film large sections are difficult to watch . br br this could certainly be an entertaining if unoriginal serial killer back from the dead movie with some judicious and ruthless editing , in its current form it plays like an unfinished rough cut .",0,1
"the duke is a film based in the heart of the british aristocracy where an old duke john neville dies and to avoid his large property and the vast riches to be taken from him after death by 2 devious aristocrats oliver muirhead and sophie heyman ; he passes his dukeship down to his dog . the dog's best friend , an american girl named charlotte played by courtnee draper whose parents die becomes orphaned by the former duke due to him being her great uncle . a young chef named florian arrives , with him and charlotte instantly connecting creating a romantic subplot which in its own way , acts as the under tone for the main plot line being the activities of hubert , the 'duke' and his many activities and love interests with other dogs . all this is watched over by james doohan who plays a butler who is determined to try and serve his old duke by doing his best to serve his new master , hubert . doohan acts as the older character there to comfort and advise the younger ones whilst he over looks and performs various ridiculous tasks under his new master . a fine comedic performance mixed with elements of drama to end the career of a fine and influential actor . br br though from the technical viewpoint , i dislike this film as i only watched upon discovering james doohan's role . though the plot is good , elements of the writing and directing have to be obscured . ignoring the absurdity of a doggie duke , i personally dislike the over use of comedic and outrageous jokes upon the 'bad' characters due to their ludicrousness . the dependence on hygiene related humour as you like is much too apparent and general silliness of many characters doesn't appeal to me . the director , phillip spink uses midlong shots too often with either an overdubbed voice or affecting the overall sound quality . plus , the acting of muirhead and heyman , whilst good at the dramatic and romantic sequences , fall drastically short fulfilling the wholesale requirements regarding the role . br br but , as a mature movie fan , i find it easy to be over critical of a simple family film designed to make you laugh . i can admit i found certain bits funny and other bits touching along with a plot that may be farfetched , but has definite connections . i do not recommend this film to mature movie fans but i do highly recommend it to dog lovers , families who wish to enjoy a funny film for their child and james doohan fans who wish to see 'scotty' in his final role .",0,1
this movie should have ended as soon as the joke about bebe's kids is told in the opening . i liked robin harris and most of his comedy but the really funny routines were not meant to be something the whole family could go see . liken it to taking the point of one of jerry seinfeld's jokes and attempting to squeeze the joke for as long as you can in order to turn it into a movie . this movie had to be selfserving because i can not find anyone who found the settings or antics familiar . whats most funny about this movie is the gumption of the writers and producers to pass it off as something of value . 110 stars because there is no half star .,0,1
"'ernest saves christmas' is comedian ernest's christmas special film . in this film , ernest has to find a successor to santa claus in order for christmas to continue . along the way , he meets a young girl who is a thief and who ends up stealing something very important of santa's i won't tell you what that is ; you'll just have to watch the film for yourself . like most ernest films , there is a lot of slapstick humor involved . br br this film is probably one of ernest's best films . it's funny , and it has some important lessons to learn regarding friendship and family and not being afraid to show love . it's not the best christmas film around , but it is a good one to get you in the christmas spirit . it's a little bit sad that the film is a little dated now .",0,1
"wrestlemania 2 is the only wrestlemaniathank god to be held at three different locations , and while it was an interesting idea , it didn't really work . there are only really two matches that really struck out , with the rest being decent , or most of them , pretty terrible . there are some entertaining celebrity's on hand , like susan saint james , ray charles and cathy crosby , but the experience was a waste of time for the most part . the british bulldgos vs the dream team match , is worth the price of admission itself , but you can honestly see that anywhere . br br matches . br br nassau coliseum . br br paul orndorff vs the magnificent muracow mr . fuji . for the time it had , and despite the crappy finish , this was surprisingly bearable stuff , with the crowd being really into it . crowd chants bullsht at the end . that being said it did nothing for either's career . match ends in a double count out with them fighting outside the ringbr br 25br br intercontinental championship match . randy savagec vs george the animal steele . not that great wrestling wise , but heavily entertaining due to the antics involved , and some great comedy from steele , besides savage can wrestle a potato and make it look interesting . savage wins when he puts his feet on the ropes , for leverage . br br 2 12 5br br jake the snake roberts vs george wells . for a throwaway match , this was better than it should have been , but it's too short to make any impact what so ever . roberts wins with the ddt , pulling out the snake afterwords , which disgusts saint james . br br 1 12 5br br boxing match . mr . tw the hati kidjoe frazier vs roddy piperw lou duvabob orton . a huge failure in my opinion . i was bored senseless throughout this , and while it may have been a marketing success , it certainly didn't succeed at entertaining me . lot of rowdy chants are noticeable as well . t wins by dq , when piper slams t . br br 15br br rosemont horizonbr br women's title match . fabulous moolahc vs velvet mcintyre . ends too quickly , before it even gets a chance to start , making a record for quick pin fall , as far as woman's matches are concerned . moolah wins when she takes advantage of velvet's missed splash from the top ropebr br 05br br corporal kirchner vs nikolai volkoffw classy freddie blassie . big pop for the corporal . stupid match up , with boring offense from both involved , while being much too short to matter . corporal wins when he whacks volkoff with blassie's cane . br br 15br br battle royal . william perry and andre get the biggest pops . this is pretty entertaining stuff , despite all the nfl talent involved . it's also noteworthy for bret hart's 1st ever wrestlemania appearance . andre wins when he chucks the hart foundation out . br br 2 12 5br br tag team titles . british bulldogsw lou albanoozzy osbourne vs the dream teamw johnny valiantc . absolutely tremendous match , that is one of the best wrestlemania matches of all time . you won't have time to catch your breath , with all the maneuvers on hand , and the excellent in ring psychology . this is pure wrestling at it's finest , you cannot call yourself a wrestling fan , if you dislike this match . bulldogs win when dynamite kid collide's heads with valentinebr br 45br br los angeles memorial sports arenabr br ricky steamboat vs hercules hernandez . pretty decent match up here , with both men putting on solid performances . hercules is a nasty brute , with above average skills , and it contrasted well with steamboat's highflying style . steamboat wins with a highflying cross body off the top rope . br br 2 12 5br br adrian adonis vs uncle elmer . terrible match , with annoying comedy involved . the fans love uncle elmer , but i do not . adonis wins with a top rope maneuver . br br 05br br the funk brothers vs tito santanajyd . pretty solid match here , with a lot of memorable bumps taken from terry funkthe one through the table was something else for that time . i would have to rate this as my 2nd favorite . funks win with help from jimmy hart's megaphone . br br 35br br wwf championship . hulk hoganc vs king kong bundy . decent pop for hogan . one of the most overhyped matches in wrestlemania history . hogan can't wrestle worth a lick , and bundy is not that great himself . the violence was brutal for the time , but hogan's superhero act is kind of annoying , and there are too many boring moments . hogan wins when he escapes before bundy . br br 15br br bottom line . wrestlemania 2 is a failure in most aspects . die hard wrestling fans should see this once , but you really don't have too . there isn't enough here , to satisfy a true wrestling fan . vince blew it on this one . don't be fooled by the hype of the main event , it really is a boring affair , like most of the card . not recommended , and ranks as one of the worst wrestlemania's , outside of the brilliant tag title match . br br 410",0,1
"exceptionally horrible tale that i can barely put into words . the best part of the movie was when one of the murder victims turns up at the end , alive and well , only to be massacred again . there is the chance that i missed some crucial plot elements since i may have been in a slight coma during the time this baby was on . the box that the movie comes in shows scenes that are never even in the film . i was lured in by the crude images of bondage torture and promises of a 'eurotrash , sexy horror flick . ' i get the feeling this was the budget version and about one quarter of the film was left out . all the good stuff more than likely . i got the pg13 addition that made about as much sense as the end to the new 'planet of the apes' movie . watch this one with a friend and a bottle of the hard stuff . you'll need it .",0,1
"i am a big fan of auntie mame with rosalind russell . she really was the perfect actress to play that character . br br i've heard angela lansbury was very good on stage in mame but it's hard to imagine anyone topping rosalind russell . br br lucy was such a great comedienne that her comic bits salvaged her performance in this movie where i think she was miscast really , they should have dubbed her singing voice hearing these songs sung at a faster tempo and with strong voices really changes the whole effect . br br i just saw the stage revival in washington d . c . and i think christine baranski was very good as mame , harriet harris the nasty chain smoking agent on frasier played vera and she was particularly good . br br both would be good casting for a tv movie of this show . maybe if that production makes it to broadway they'll consider filming it . br br also i think tracy ullman would be good as agnes .",0,1
"am i the only person who thinks that the entire forensics and scenes of crime community in the usa must detest this almighty slap in their faces . a rookie cop is first to a crime scene where her back up is so slow to respond that she has time to send the kid who found the body to the local store to buy a disposable camera . by the time he returns still no senior cops , socos or other assistance for the lovely jolie this is new york isn't it ? ? it has started raining and she gets to work photographing the evidence , only after she'd stood in front of an amtrak to stop it disturbing the scene . br br i want to know the name of that camera as the photographs were so incredibly detailed that no amount of zooming in distorted the images ! ! the horror continues not in the film itself pretty ordinary i'm afraid but in the lincoln rhyme character as played by mr washington . this man is a highly dedicated forensic crime scene examiner with years of experience who , instead of the highly trained but invisible local crime scene examiners , entrusts the work to an untrained cop , a rookie cop , who proceeds to find the very obviously placed clues and move them before photographing them thus contaminating every item and making dna profiling well nigh impossible . now that was a bright idea eh ? i know one should be able to suspend disbelief to a degree but those who say this film is intelligent must have entirely disengaged their ability to think in order to find this film believable . br br i have given this film 410 for the superb acting of denzel washington and for miss jolie's lips which are the only items requiring my disbelief to be suspended !",0,1
"if anyone thinks this is a great sports movie it is probably the only sports movie they have ever seen . there are different aspects a sports movie can take . whether it be professional or college or high school . examples of sports movies i liked and i haven't seen many are jim thorpe all american , all the right moves , any given sunday , eight men out , and rocky , among others . all of those movies had a little more than just plain sports . whether it was a mans ascent and then descent from greatness , or a man losing out on a dream by the actions of a vindictive coach , or the effect of money on professional sports . in hoosiers , there is not much content . it didn't even seem as though the movie had a beginning or an end . there was no character development , all of them were forced on us . i could sum up this movie , by quoting a very bad coach go out and try to score more points than the other guy .",0,1
"this movie is not the same as the 1954 version with judy garland and james mason , and that is a shame because the 1954 version is , in my opinion , much better . i am not denying barbra streisand's talent at all . she is a good actress and brilliant singer . i am not acquainted with kris kristofferson's other work and therefore i can't pass judgment on it . however , this movie leaves much to be desired . it is paced slowly , it has gratuitous nudity and foul language , and can be very difficult to sit through . br br however , i am not a big fan of rock music , so it's only natural that i would like the judy garland version better . see the 1976 film with barbra and kris , and judge for yourself .",0,1
"having some idle time before going to work , i looked at my 50 movie pack comedy classics dvd collection and picked the most obscure title in the pack zis boom bah starring a forgotten grace hayes . classics is obviously the operative word here since most of the titles i've never heard of and i suspect they're all in the public domain . anyway , this movie also stars her son peter lind and his wife mary healy who i just found out is a new orleans native from the state i live in , louisiana with benny rubin as a malt shop proprietor and huntz hall , taking a break from the east side kids , as peter's buddy . the plot , about a vaudeville mother trying to turn her rich carefree son into a responsible one with him unaware of who she is , is for the birds and doesn't have many funny scenes though i did like peter's celebrity impersonations and his dance with hall in drag . and the songs and dances are entertaining in themselves . rubin , however , is all over the place with his confusion of the american vernacular of the time and almost everything concerning him makes no sense whatsoever though i did like his funny dance . since this was only 61 minutes that i'm sure played on the lowerhalf of the double feature bill , i'll be charitable and give this one a 3 for the few entertaining bits that i mentioned enjoying .",0,1
"i am probably one of the few viewers who would not recommend this film . thought visually stunning like all of ang lee's work each still frame seems worthy of a print , i was really disappointed by the film's disjointed pace . it really was too long . br br the story is set in civil war era missouri , and is about a young man roedel who joins the feral forces of the bushwackers , sort of renegade confederate sympathizers who conduct geurilla type fighting with the jayhawkers , their union counterparts . he and his close friend , jack bull chiles played by skeet ulrich , join the group after chile's father is shot pointblank and his home is burned , presumably by jayhawkers . the story follows roedel's and chiles' raiding adventures and their interactions with other victims of the war , including former slave who fights for the bushwhackers daniel holt played by jeffery wright , and a war widow played by jewel . br br it seemed that every time the film developed the story to an interesting point , it would turn to some other subplot and leave things undeveloped . for example , the agitation among roedel's group caused by former slave holt participating in the confederate cause is shown briefly through some conflict regarding propriety and protocol , and then dropped until later in the movie . a young villianbully bushwhacker hates roedel and directs much angst and violence against him , but , we never know why . some of the characters never seem to surface ; i think that is because the movie embraces too many of them as well as taking on large amounts of history . br br the historical detail was excellent . i loved looking at the housing , furniture , clothes , etc . , and i thought the lead actors did a wonderful job of humanizing the characters , though they stumbled a bit with the dialog . unless you really enjoy history or are a huge ang lee fan , though , take a pass on this one .",0,1
"i saw this move several years ago at the central florida film festival if i recall . i liked it , it showed great potential . i guess most people here are blasting this film because the film did seem hobbled together by the filmmaker's own admission on the official site the short was exhibited as a roughcut . br br but nonetheless , it was an easygoing comedy . i think many people try to read far too much into a comedy . all they are supposed to do is make you laugh that's all . i did just that at its showing , so it succeeded on that level . just my 2 cents anyway .",0,1
"i might have given this movie a higher rating before peter jackson's trilogy came out , but seeing the two of them side by side there is simply no comparison . the pace of this movie is rushed , many important scenes from the book are left out , and there is little character development . the animation is a strange mixture of traditional cartoon drawings and live action scenes that were painted over , which i found distracting . and the most disappointing thing about this movie is that it breaks off in the middle of the story and was never finished . there are some good points the battle scenes are exciting to watch , and the dialogue follows the book pretty much to the letter . watch this one if you're in a hurry and can't spend 10 hours watching the new trilogy . but if you haven't read the book you'll probably be confused , because there is a lot missing from this version . 4 out of 10 .",0,1
"utter dreck . i got to the 16 minute27 second point , and gave up . i'd have given it a negative number review if that were possible although 'pissible' is a more fitting word . . . . unlike the sizzle you could see and practically feel between macmurray and stanwyck in the original , the chemistry between dumb ol' dicky crenna and whatsherface here is just nonexistent . the anklet becomes an unattractive chunky bracelet ? there's no ciggylightingbyfingertip ? and i thought i'd be sick when they have a mortifiedlooking and rightly so , believe you me lee j . cobb as keyes practically burpingupchucking his way through the explanation of his little man to mr . garloupis . no offence to the nonsighted , but it looks as though a posse of blind men ran amuck with the set design of both the dietrichson and neff houses . the same goes for those horrid plaid pants that phyllis wears . and crikey , how much does neff make , that he lives overlooking a huge marina ? this , folks , again , all takes place in the first 16 and a half minutes . if you can get through more of it , you have a much stronger constitution than me , or you are a masochist . but please , take some alkaseltzer first , or you will develop a little man of your own that may never go away . proceed with caution , obviously .",0,1
"as someone who has read all of baroness orczy's books and seen most of the movies based on them , i must say that the 1980's version , with anthony andrews and jane seymour , was better than this . it was better written and stuck more to the spirit of the story than this one , which seemed to go out of its way to involve people getting shot . this new adaptation is less lighthearted , yet does not have as much depth , either . although there is some good acting , the actors did not have much to work with . nice costumes , though .",0,1
"opening with some blatantly reused footage from 'kit for cat' , 'tweety's s . o . s' fails to live up to that classic cartoon . instead , we get an example of friz freleng's tweety and sylvester series at its most generic . unlike chuck jones's road runner series , which strived to introduce new jokes to the same setting , freleng's series seemed happy enough to recycle jokes as long as the characters were in a different place . 'tweety's s . o . s' , then , basically amounts to this time let's put 'em on a boat . it's not an entirely weak cartoon . there are a few good jokes , mostly involving granny's glasses , but they are outweighed by gags you can see coming a mile off the seasickness routine and it all builds to another of those endings where someone else other than tweety says i tawt i taw a putty tat , a joke that worked well once but has diminishing returns . 'tweety's s . o . s' will probably please children who enjoy virtually any cartoon but for big kids like me who are looking for more than the same tired gags it's definitely one to avoid .",0,1
"there is a really good movie lurking just beneath the surface of the layers upon layers of cheese that is the pagemaster . br br i found this out when i watched this again this morning after neglecting it for years and years . i remember hating it with a passion when it first came out , but this time , i found that the special effects are quite good . the plot is just the neverending story with a creativityendectomy , but it's an okay little flick for anyone who just wants some really awesome eyecandy . the animation is amazing , and i especially liked how the animators let their characters look and act a bit more surrealistic than the norm . i'm giving it a grade of three as i would have given it a two just for parody value if i had ever decided to watch this movie expecting it to absolutely blow my mind storywise .",0,1
"whoa . i mean , whoa . i mean , whoa whoa . br br i saw this movie , waaay back when i was eight , in 1996 . back then , cgi films were a rarity ; and good ones even more so . also , back then we listened to things called cd players . but i digress . i used to like this movie a lot , way back then , and up till viewing it again , i've held reaally fond memories of it . hey , it's don bluth ! anyone who hates all dogs go to heaven is clearly a robot . but , again , i digress . br br then , i saw it again . this really isn't one of his best , i can say now , eleven years later . i've seen a lot more films , and i've garnered a little bit more knowledge . now , sure , the voice acting is good , i'll give 'em that . story's . . . okay . i mean , we see it all the time . a lot . but , it works . the musical numbers are what irk me . this would've been more at home in the eighties , with these kind of musical numbers . in '96 , most kids movies had epic numbers , like the lion king which came out a year or so previous , but whateveror stuff like that . you get showtunes here , vaudeville style . br br the animation kind of hurts , too . at times choppy , and at others completely changing style and format with the change of a shot , it's really hard not to notice . br br i still like all dogs go to heaven , but this could've been waaay better . br br 410",0,1
"it's hard to imagine that anyone could find this short their favorite if they have seen most of their shorts , but i know that humor is very subjective . i have seen all of their sound shorts by far the best of their stuff imo and i found this one of their weaker efforts . br br in the year this was made 1930 stan and babe made 15 shorts and one feature . they were extremely popular and their boss hal roach took full advantage by keeping them working constantly . in addition , this was a time of experimentation for the writers and stan . i would say this was an experiment that really did not work . as someone else said , it does not play to their strengths . too much dialog and plot . br br the best part of this one for me is the largely improvised sequence with stan as agnes the maid and the great thelma todd talking about girl stuff . br br if you really want to see the boys at their most creative and funny check out blotto , or brats from the same year . br br they made so many shorts in such a short time that i think they can be forgiven for turning out a few less then par shorts . they made something like 108 films altogether . very few except for the ones made at fox were outright failures but there are some . county hospital , me and my pal , the live ghost , the fixer uppers come to mind as essentially weak ones . but other then those i find something wonderful in just about all their shorts . quite a record in my book . br br if you have seen and enjoyed all their other shorts then by all means check this one out , but i would be willing to bet that this one was less then memorable to stan and babe .",0,1
"scarecrow gone wild starts as high school teenager mike david zelina his mates decide to to give a 'hazing' to wimpish diabetic sam caleb roehrig as an initiation of some sort . mike his mate decide to take sam to a corn field , tie him to a cross next to a freaky looking scarecrow leave him there all night , sounds like fun right ? well , things backfire when sam goes into a diabetic coma after suffering from a hypo the vengeful spirit of sam passes into the scarecrow which comes to life starts to hunt down the kids responsible for sam's unfortunate lifethreatening predicament . can sam's best mate jack matthew linhardt his girlfriend beth samantha aisling save the day sam's life ? br br written directed by brian katkin scarecrow gone wild is the third straighttovideo entry in the scarecrow series while i haven't seen either of the previous two after seeing scarecrow gone wild i'm certainly in no hurry to change that situation that's for sure . the script actually has an almost decent premise as the wronged soul of sam seeks revenge his friends have to keep the real sam alive somehow but the way it is told is poor i suppose that basically it's just an irrelevance to the fact that this is a film about a killer scarecrow running around killing people in not very gory or imaginative ways . having said that there are one or two scenes here which save it from a one star rating , the fart gag in the corn field is funny something a lot of immature blokes might do like me , the bit when two guys bury their mate in the sand then stand over him pee on him is also rather funny in a laddish juvenile way a cool bit when some guy starts singing an awful song so the scarecrow throws a pole which impales him ! however these ok bits are few far between as a whole it's a silly , boring , poorly written teen slasher film with highly annoying character's who irritate . it' also very predictable has a stupid twist ending which doesn't really feature the scarecrow at all which is a problem as when you watch a film called scarecrow gone wild you expect to see a scarecrow go wild i have to admit he looks quite cool as horror character's go . br br director katkin does a reasonable job here actually although what on earth is up with that hospital at the end all that neon lighting everywhere the fact there is only one patient there two members of staff ? the cinematography is much better than the usual straighttovideo low budget horror film of late there's some nice , if totally unrealistic , lighting . the film lacks any real scares or tension some of the medical terminology used throughout is a bit iffy to say the least i say that as an insulin dependant diabetic myself . there's not much gore here , there's a couple of scenes where some actor has some fake guts placed on their stomach to represent them being gutted but it looks pretty fake , there's also a burned face a couple of impalement's but little else . there's a fair amount of naked female breasts on show if that's your thing . br br technically scarecrow gone wild is pretty good considering some of the low budget abominations i've sat through recently , unfortunately it's still a poor film overall . the least said about the acting the better . br br scarecrow gone wild isn't as bad as some of the straighttovideo horror crap that's been turning up recently but having said that it's not that much better it's still a bad film when all said done . not recommended , the two previous entries are scarecrow 2002 scarecrow slayer 2003 both of which also went straighttovideo .",0,1
"this movie proves that you can't judge a movie by the awesome artwork on the dvd cover . it also goes to show that you should learn more about a movie before you buy it or get it for someone at christmas . the beginning of this movie actually looks somewhat promising . well , until you meet the characters . pumpkin jack the old guy from down the street brings the college coeds a book full of witch's spells that he leaves at their annual haunted house where the movie takes place . after that there is some drinking , fighting , and soft core porn . then the action of the movie finally takes place after over an hour . br br overall , hallow's end was predictable , unsuspensful , and reminiscent of a softcore porn . this movie is probably best viewed with a group of friends who have nothing better to do , as it is a good movie to make fun of . and for firsttime viewers , it is really fun making predictions of the order of people who die .",0,1
"this was something i had been looking forward to seeing . the ultimate avengers movies had both exceeded my expectations and since iron man has been one of my favorite marvel characters i thought that this same production team would be able to do some really great stuff with an iron man solo title . but the final film was unsatisfying . i wasn't expecting them to spend most of the movie paying tribute to iron man gray armor . the red and gold armor is seen for maybe ten or so minutes all together . not a major complaint but not what i expected from the ads and box . the worse thing however was the story , the acting and the cellshaded cgi animation for the monsters and iron man armor that was not convincing . it didn't blend in well with the cell animation at all . even on it's own it seem sticklike and lifeless . tony stark's character arc , as incredibly slow as it takes , is so forced and unconvincing . i wanted to see this movie because i love iron man but after forcing myself through the film i wondered if they couldn't have come up with something that had been as good as the ultimate avengers movies .",0,1
"this movie was recently released on dvd in the us and i finally got the chance to see this hardtofind gem . it even came with original theatrical previews of other italian horror classics like spasmo and beyond the darkness . unfortunately , the previews were the best thing about this movie . br br zombi 3 in a bizarre way is actually linked to the infamous lucio fulci zombie franchise which began in 1979 . similarly compared to zombie , zombi 3 consists of a threadbare plot and a handful of extremely bad actors that keeps this 'horror' trash barely afloat . the gore is nearly nonexistent unless one is frightened of people running around with green moss on their faces and the english dubbing is a notch below embarrassing . br br the plot this time around involves some sort of covert military operation with a bunch of inept scientists ie . an idiotic male and his stupid female sidekick who are developing some sort of chemical called death one that is supposed to reanimate the dead . unless my ears need to be checked , i don't even recall a reason for the research of death one . it seems to exist only to wreak havoc upon the poor souls who made the mistake of choosing to 'star' in this cinematic laughfest . br br anyway , death one is experimented on a corpse whom i swear looked like yul brynner , and after it is injected into his system , he sits upright and his head explodes ! the sound effects are also quite hilarious as the corpse's face bubbles with green slime , the sound of 'paper crumpling' can be heard . the death one toxin is transported outside and is 'hijacked' by a group of thieves where one makes off with it , but infects himself after cutting himself on an exposed vial . br br needless to say , the guy turns into a zombie , but not before he makes his timely escape to a cheap motel , infects a lowly porter and murders a maid by pushing her face into a bathroom mirror ! . the military catch wind of this and immediately take action before 'eliminating' everyone who is unlucky enough to be within the 'contamination zone' and turn the motel upside down . they find the infected thief and burn his body , only to have the smoke infect a flock of birds that are flying over the chimney stack ! . br br we cut to the introduction of a group of men who are on leave from the army , listening to 'groovy music' that is coming out of a little dinky boombox while trailing a trailerload of slutty girls who are leaning out of the windows and showing off their chests . can someone say zombie food ? we also have a subplot involving a girl and her boyfriend driving a car who stop to inspect a group of birds lying on the road . . . the same birds that were infected by the 'zombie' smoke ! br br the birds attack the boyfriend and the girl drives off to a deserted gas station to seek water . this is one of the most incredibly hilarious moments of the movie . she walks around this old dirty , rusty and obviously abandoned building where she continues to ask aloud , hello ? is there anyone here ? please , i just need some water ! she encounters a group of zombies , one of which is chained to a wall ! and the other is swinging a machete . after a bit of rumbling and tumbling around on the ground , she escapes but not before blowing up the gas station with her lighter . br br meanwhile , the birds attack the trailerload of whores and one girl gets pecked and infected . they all pull up to the same motel where the original infection took place , and this is where the second most hilarious moment of the film takes place . after a matter of hours a day at the most , the same motel is now caked in dust , has vines growing throughout it , and looks like it has been sitting derelict for years . anyway , what better place to take refuge than this particular building ? needless to say , the group begins to break down as several people walk off together to get themselves stuck in an incredibly stupid situation involving a zombie attack . br br the third most hilarious moment concerns a man and a woman who explore a deserted village , of which the woman comments , this place is a dump ! she then proceeds to get 'pushed' off a balcony by a zombie into pirahna ? infested water where she has her legs bitten off and turns into a zombie within seconds ! meanwhile , her friend back at the motel who got pecked and infected hours earlier is still turning into a zombie ! br br unfortunately , there are just too many inconsistencies in this movie that makes this movie just too stupid for words . for example , the time rate concerning infected people being 'zombified' differs greatly . sometimes it takes seconds , other times it takes hours . some zombies run , others drag their feet and walk really slow . some even do kungfu moves , while others hide under stacks of hay to surprise people . some of the zombies even talk ! the funniest moment of course is the infamous 'zombie head in the fridge' gag which 'elevates' itself in midair and 'attacks' a stupid man who goes looking for food . funnily enough , his girlfriend gets her throat torn out by it's 'headless' counterpart lmao ! . br br the biggest disappointment for me though was the lack of storylines involving the people who are in fact killed by zombies . we never get to see them come back as zombies , in fact the only ones we do see 'zombified' are the ones pecked by the birds and the one girl who gets her legs bitten off . other than that , i was at least expecting the couple who were killed in the kitchen andor the guy who was killed on the bridge to come back as zombies . it is also amazing that these zombies only take a 'few bites' and then move on to their next victim . br br the most laughable moment was of course the zombie fetus . a pregnant woman who has been infected lies on a bed in a hospital . a woman who seems to have a lot of 'medical knowledge' tries to deliver the baby ! and has her face pulled off by a zombie , before having her head pushed into the woman's stomach where a hand bursts out and proceeds to rip the rest of her face off . timeless ! br br as usual , all the characters are perfect stereotypes of this genre . the megalomaniacal military officer , the pathetic useless squealing women who scream to get killed , the obvious characters who are about to get killed ie . watch for the man chasing a chicken ! i guess this movie really is a comedy . there were many laughable scenes , such as the shed that gets blown up with a hand grenade obviously the scene where the entire budget was spent and a climatic scene where a man screams , i'm thirsty . . . . thirsty for your blood ! . the costumes are really bad the same zombies reappear throughout the course of the film , wearing the same 'asianlike' clothing that may be found in a bruce lee film , and watch out for the blue 60's skirt the girl at the motel is wearing when she and her boyfriend bump into the infected man . br br the end of the film leaves open the door as usual for the apocalyptic storyline . a radio dj who narrates throughout the whole movie turns out to be a zombie himself and warns his listeners about the 'beginning of the end' while the two survivors take off in a helicopter . hardly dawn of the dead material if you ask me . br br regardless , this movie does deliver many laughs . the gore is minimal , and what gore there is , it is very unconvincing , let alone unimaginative . the usual mix of black blood , thick green goo oozing out of weeping sores and 'zombie makeup' consisting of green moss . zombi 3 makes for a good rental for a sleepover party or a night of beer and popcorn . other than that , horror fans should stay away . br br 3 out of 10",0,1
"how poor is this movie ? well , i got it less than two months ago and can hardly remember what it was about . . . br br i also paid a 1 for this on dvd , the old story of 'putanewcoverontheboxandsomefoolwillbuyit' syndrome . all i really recall it that the cast ran around a lot , use of cars must have been too above the budget and that a vampire was involved . then again , guess you could know that from the film's title . br br straight to video rubbish or straight to cheapjack dvd as it is now . this stuff will be in the bargain bins at rental shops , supermarkets and charity shops until the death of the sun . only cockroaches will rule the earth but this trash will still be around . god bless the dawn of the dvd age . . . .",0,1
"! ! ! ! possible mild spoiler ! ! ! ! ! br br as i watched the first half of guilty as sin i couldnt believe it was made in 1993 because it played like a jagged edge joe eszterhas clone from the mid 80s . it starts with a murder and its left for the audience to muse is he guilty or innocent and will he go to bed with his attorney ? , but halfway through the film shows its early 90s credentials by turning into a lawyer gets manipulated and stalked by her client type film which ends in a ridiculous manner , and guilty as sin has an even more ridiculous ending in this respect . br br this is a very poor thriller but the most unforgivable thing about it is that it was directed by sidney lumet the same man who brought us the all time classic court room drama 12 angry men",0,1
"i'm really disappointed by this piece of work . it is quiet shallow , keeps repeating itself , is mostly not exact and sometimes on the verge of being wrong . i think it's made for elementary school , especially because it keeps repeating itself over and over again while leaving large gaps . a young kid might actually enjoy it and learn from it , but a better way to make a kid appreciate theoretical physics are books like a short history of time or the tao of physics . if you are familiar with the topic on a very basic level , you won't gain any new information or views from this series . don't waste your time with it . nice eye candy though .",0,1
"dreamy young ashton kutcher as tom stansfield wants a date with sexy blonde tara reid as lisa taylor . ms . reid thinks mr . kutcher is gay . kutcher works for reid's father , an anal retentive terence stamp as jack taylor . kutcher agrees to housesit for the boss , believing it will get him closer to reid . mr . stamp has a pet owl named o . j . , who becomes a toilet cokehead . br br this is a film to get your restricted to grated preteens ready for raunchier rrated fare . it will help if they haven't seen the plot before , and especially like moronic potty humor . remember , people get paid to act like this . br br my boss's daughter 2003 david zucker ashton kutcher , tara reid , terence stamp",0,1
"contrary to most other commentators , i deeply hate this series . br br it starts out looking interesting , with mysterious aliens and giant robots , and i kept my hopes up until the very last episode . at the end of it , i still didn't understand what the alien attacks were all about maybe i missed something , who knows ? , and realized that i had sat through 26 episodes consisting mainly of the characters' own selfhating , selfishness and selfpitying . it actually flips between alienrobot fights and these dark , depressing blinkingonandoff scenes where one or more characters can just say or shout i hate meyouit 1012 times in a row . br br i can't really see either shinji or asuka two of the main characters showing growth or change . nor can i see any of the other characters learning or growing either , for that matter . i wanted to kick them and tell them to get a bloody life during the first episodes , and the feeling didn't change during the last ones . shinji truly possesses the kind of helpless hopelessness that makes people angry rather than charitable , and asuka is such an infuriating knowitall that i wanted to smash the tv screen every time she came into view . oh , and more than anyone else , these two hate everything , and say it veeeeeeeery often . br br i'm otherwise a big fan of anim and manga , and never before have i disliked one so much . i read that the series creatorwriter wrote this while suffering from a depression , and i can believe that ; it made me depressed to watch it . is that the aim of this series ? i'm honestly asking . is it designed to make the viewer confused and annoyed ? and if suffering from a depression , why just not write a book or biography about it , instead of mixing it up with aliens and mecha's ? this alien war plot , as far as i could tell , lead to absolutely nowhere . br br finally , since i'm truly fascinated by how many people claim to love this patchwork of deadend plots , i can't help but wonder how many of them actually find it good , and how many say they do because they've been told it is .",0,1
"schizophreniac the whore mangler is another example of what happens when you get a bunch of untalented people together to make an extreme horror film . any sort of acting , production , storyline , fx , etc . . . go out the window in an effort to create shockvalue . now don't get me wrong i consider myself a connoisseur of shock films , and the sleaziergoriernastier the better but it's still nice to see some sort of talent from someone involved in the film . br br schizophreniac chronicles the life of harry russo a drugaddicted freakshow who takes orders to kill from his ventriloquist's dummy , rubberneck . he goes on a few sprees killing hookers and other random people , and screaming about how much he hates hoouhs that's whores for those of you that don't speak new yorkese . . . and how he wants to rape them in the ass . there are a few weak necrophilia scenes , very little gore , and some nudity to mix things up a bit but nothing that you haven't seen in a better film . . . br br the only redeeming thing that i can find in this retarded film are the often unintentionally ? hilarious screamingfits from our main man , harry . he goes onandonandon about wanting to kill everyone and do them in the ass , and it really becomes quite comical after a while . in fact , i'm almost tempted to believe that there's supposed to be some sort of homoerotic undertone to this film , with all the ass talk and constant shots of harry running around with his dong hangin' out . in all honesty , that joker is nekkid more in this film then the few chicks that show some tanda and some fullfrontal , for good measure . schizophreniac is mildly amusing as a 1time watch , but i can really only recommend this to those that want to be able to say that they watched a film called schizophreniac the whore mangler . to be honest the title , by far is the best thing about this trash . . . a generous 3 . 510",0,1
"filmatography excellent , nice camera angles i don't remember seeing a movie of late , with good closeups , until this one . could have avoided gruesome scenes with a soft camera . ny is pictured good . i liked the upside down angles , in particular a different touch . br br music not impressive . songs don't stick around in your mind even after watching the movie . may be , i expected same quality like anniyan . a disappointment . br br actors kamal needs to slowly pull away from hardcore action sequences . his age and belly really show up . also , he should avoid close romantic sequences going forward . it was a very awkward to see a matureaged star still trying to play like a 20 heroes scenes . love can be expressed at any age ; as we get older , you still can express love nicely from a distance without touching a woman too much . for example , the love expressed by rajinikanth in chandrmukhi . br br jyotika just appears for the namesake in the movie . not sure why she accepted this . well , that is not my problem , i guess . br br others just have a small presence . br br direction i expected gautham to excel or measureup to his other movie kakka kakka . he disappointmented me . it took a long time to release the movie due to various issues . he slips in few scenes . even abvious things got slipped from a famous director . br br overall just a okay movie . too much graphics . definitely not for kids and adults who expect some kind of entertainment . br br thx",0,1
"i a huge fan of when it comes to doctor who series and still am , but i was very disappointed when i began to watch this new series . br br children under the age of 15 , or even better under the age of 10 will probably will enjoy it the best , and possibly new fans who haven't seen any of the original series , but as far as fans of the original series , will find this series missing much of the charm the made the original series so great , it took david tennant to get me to appreciate how much better christoper eccellestion was as a doctor in the 1st season . br br i would only recommend this series for people who haven't seen much of the original series , people who are under 15 , and extremely die hard who fans , everyone else will just get a laugh and mumble curse words about russel t . davies screwed up one of our favorite tv shows .",0,1
"sure , this film was retarded . but you expected that the moment you looked at the coverbox . it's a b movie , and on the ta factor this movie delivered . truthfully , it was funnier than expected . while it was by no means a work of comedic genius , like the party animal or orgazmo , as far as b movies go it was worth the watch , if you're into that sort of thing anyway . br br christians and morallyoriented parental groups , this is softcore adult entertainment . if you don't want your children watching sexual content and nudity , then you should keep your children away from this film .",0,1
"this was included on the disk shorts volume 2a rather dull collection of short films . shorts are among my favorite style of films but somehow the people assembling this second collection had a hard time finding quality contentand it wasn't nearly as good as the first volume or other shorts collections . br br this short film feels like it's woefully incomplete . there is a story , but so much in unanswered that the viewer , like me , feels a bit left out and unfulfilled . br br the film begins with a woman , her boyfriend and her westie that's a dog , by the way going to a lonely beach . the lady speaks with an accent that , at times , is a bit difficult to follow . given that i am hard of hearing , i sure would have loved if it had been closed captioned . anyway , the boyfriend goes for a swim while she naps . when she awakens , her dog is gone . she panics and makes the guy follow her all about looking for the dog . they spend most of the time arguing and being disagreeable . then , out of the blue , they stop to have sex . later , they find the dogend of story . br br as far as the characters go , both seemed rather dysfunctional and unlikable . she was a fussy and demanding lady and he seemed to have contempt for her . when you wondered why they were together , their little sex break showed what bond kept them together . br br some might like the characterizationsi kept finding the people irritating and unrealmore like caricatures than people you might meet or know . also , the payoff for all this just isn't worth the wait unless you want to see the guy naked .",0,1
"nice movie and nicholle tom does a fantastic job playing the guy in the girl's body , she really does it well . br br a sort of teen version of many other movies , but well done . br br well casted , from matt to matt2 .",0,1
"this starts out interestingly , as there's a carnival right next to someone's house with an oil rig right there too and some kind of storefront church across the street with a neon jesus saves sign , all right in one tiny area . . . . now that's pretty dazzling , if improbable . . . and then we go right into the movie which takes improbable to new levels . of course this is a lame remake of the 1979 thriller starring carol kane as the babysitter jill johnson . . . . now jill is some chick that ran her cell phone minutes up so high her evil parents are punishing her by making her work it off , probably something that the audience this movie targets can identify with . jill is taken to this huge and fancy house on a lake in the middle of nowhere of course by her dad to babysit for the mandrakis family . the children are already nestled all snug in their beds when jill arrives , and the housekeeper is still there , huh , she couldn't babysit ? of course , despite the remote location one of jill's friends pops by , one whom with which she apparently has issues as in boyfriend stealing or something . anyway , of course the alarm in the house goes off for no reason and then calls from someone start coming in , calls from someone that wants to kill her . of course jill calls the cops and since there hasn't been any actual threat on her life they blow her off , but tell her to call back if there's anything else they can do for her . check out the scene with jill calling her friends at the high school bonfirepep rally or whatever it's supposed to be , it looks like some kind of burning man festival , ? ? ! ! ? ? there's all kind of contrived scares in this including the cool cat chester who of course pops up here and there , one of the tiredest horror movie clichs there is . i will admit that i dozed off at some point during this , and did i miss anything ? hard to tell , or care , really . this is one of those films that makes me wonder how bad the remakes of amityville horror , house of wax or the fog could have been . anyway , from reading online reviews , it seems like the folks that were the most scared by this were 12 year old girls , and i can only assume that from statements like it made me peepee my pants . well , one can only hope that this will put an end to hollywood remakes of films that weren't exactly stellar to begin with , but don't bet on it . 2 out of 10 and i'm being overly generous .",0,1
"bela lugosi is not typecast in this fantastic twelvepart adventure serial , playing the lead as frank chandlerchandu the magician , enjoying his role as a representative of the forces of white magic pushed against those of black , while displaying vigourous fighting skill , successfully wooing a young egyptian princess , and cutting a lean and dashing figure in yachting gear , complete with nautical cap . the somewhat lumpy plot engages chandlerchandu in an ongoing series of escapades pointed at achieving the rescue of his fiancee , princess nadjimaria alba and others from the clutches of the idolworshipping sect of ubasti , which covets nadji's blood in order to revivify an ancient mummified princess entombed upon the mysterious island of lemuria . director ray taylor , an old hand at such entertainments keeps events moving briskly , but repeated scenes and footage , a good deal of which is to be found in the previous year's skull island setting from king kong , and the port locale from son of kong , reduces original action to less than 60 minutes from the serial's running length of over two and onehalf hours and , if viewed at one sitting , becomes lacking in effect to most viewers , unless insomniac .",0,1
"shaky hand held cameras this piece was shot for television mind you , not film not only keep you utterly conscious of how horrible the cinematography is in this film , but make you absolutely unable to become immersed in the story . poor miss austen must be rolling in her grave . all i can say is , if you enjoyed the novel , stop there , until the bbc creates one of their smart sensible period masterpieces like pride prejudice with colin firth , which , speaking for what i imagine in my opinion , austen would have revered . the bbc would never dare overdub cheesy saxophone solos and indigo girl hollers over a shot of an historic castle and a loving embrace . giles foster seemed to be often confused that they were editing the music to the specialist . if you want austen as you love her , look for the bbc logo . . .",0,1
"apart from the da james eckhouse , and a brief appearing woman who is convincingly sympathetic to ellen gulden's renee zellwegerplight , ellen herself is the only convincing characterand likable character in the movie . she is the one , not her dying mother , who should be and isthe one true thing . it's not only in the role , in zellweger's acting , but also in the plot itself . . . . until , the plot turns against itselfand makes the mother the one true thing in the eyes of her weak willed , shallow husband who can do nothing right for his wife or daughter . the daughter perceives what the viewer perceives , but such intelligent perceptions must give way to the shallow sentiment of the husband who is blanked out on both the realities of his wife and daughter . br br to boot , the one powerful scene in this whole movie , when ellen confronts her father's cruelty , is given the lie at the end . ellen is just another young strong woman who must be tamed into conformity by a crybaby father . a very flawed movieso flawed as to be called a bore and not worth the time .",0,1
"there are two points i need to make clear right at the beginning . first of all we all know what this year's oscar's were really all about this year . it was the academy's way of showing people that they are no racist , and never have been . they wanted to clear all preconceived notions about themselves . secondly , it's kinda pointless to make remarks about the show , because really , what difference will it make ? but , it's fun to write about it . this is the year i became fedup with the oscar's ! i will never watch the show again . every year they do something wrong . before crowe wins for gladaitor when they real winner should of been ralph fiennes for sunshine . if you haven't seen this movie yet , watch it and you'll agree . eyes wide shut when released receieved no nominations . and as far as this year goes , well , the bad choices were all over the place ! baz lurhmann gets no best director nomination ! are you joking ! ! a beautiful mind is up for best makeup ? ? ? ? training day gets nominated ? ? the movie was awful , and it seemed like washington didn't even turn in a performance , all he proved was , he knows how to use four letter words ! that's what h won the award for ! take away the language and i bet he was almost playing himself ! i liked gosford park , i really did , but why 7 nominations ? and how on earth could they not give it too altman ! i mean , c'mon , if there just giving the award to people to clear up any bad feelings , what about altman ? the man has been in the public's eye for 32 years now and no oscar ! there were many , many things that bothered me about this year's oscar's , but , i'll live with it , as long as i never have to watch another show again ! the highpoint and the only one of the show was when woody allen made his first appearance ever to the award show . that will go down as one of the greatest moments in he history of the show .",0,1
"on paper this movie has some chops a street kid overcoming past trauma , rebuilding his life and succeeding when the world would have written him off . great stuff , everyone loves a happy ending . br br in the theater though , there were some omissions that left the movie dead inside . the dialog was hollow and uninteresting , the characters were almost cartoonish in their lack of dimension and complexity , and why did everyone need to be gay ? i have nothing against homosexual themes or characters in a movie but when it's used in this fashion not only is is offensive to homosexuals , it trivializes the lifestyle and cheapens the movie . if the story works without this cheap trick it should have been cut . br br every character seemed to come out of the same cookie cutter form each had one major flaw and one minor flaw , every character is good hearted were they succeed or not , and everyone one of them had or is in an abusive relationship with someone . br br the most annoying fact of the movie is that they never let you get over that the name pip comes from great expectations . they give it to you once and that should be enough . the story shares enough with the dickens classic to make this fact obvious . br br the most interesting part of the film is the story of the grandfather and the cassette he leaves for pip and how pip , the main character , learns how to grow up from the lessons learned from the tape . in the end , with lessons learned , pip confronts his dark past and movies forward with his life .",0,1
"this film is so incredibly bad , that i almost felt sick watching it . up until this point , the other installments had at least one good thing about it . part 1 was suspenseful and gory . part 2 was off beat and entertaining . part 3 was interesting with great effects . part 4 had great music , good special effects , and a new entertaining freddy krueger . part 5 is more boring than anything i've ever seen before . alice , a much prettier blond , from part 4 is back with her boyfriend dan . at parts , this supposed elm street installment turns into a daytime soap . the newer characters seem harsh , and even that sweet alice has a chip on her shoulder . freddy seems to be completely out of this one . he looks tired , and doesn't seem to be as gruesome . his oneliners seem out of place and different , where as in part 4 they could be pretty funny . leslie bohem's story never gets off the ground and stephen hopkins' direction is so bad , that it makes my grandmother look good ! the whole plot of this movie is ridiculous and unrealistic . it's also confusing and pretty stupid . avoid part 5 at all costs !",0,1
"spoilers the killer in the movie doesn't wait a second as we see him sneaking into a girls shower and hacking her to death taking her severed and bloodied arm as he makes his getaway . we then get this official looking prologue , as if were watching a true story , stating that a number of gruesome murders were committed in the late fall of 1985 in a small midwestern collage . br br grandfatherly looking , and hearing impaired , sheriff ron delboys is baffled by this murder and later when the murders of local collage students , all women , continues his run for state senator is in jeopardy with him bumbling the investigation at every turn . there's at least two times when delboys says that they'll never be another murder as long as he's on the case and within minutes another murder happens . br br finding a golden amulet at the scene of each murder the sheriff's daughter , the collage librarian , tina finds this reference book about withcraft indicating that the amulet is a symbol of a witches cult that originated in the early 1700 just after the salem witch trials . this cult was out to avenge the 19 accused witches hung by the local townspeople back in 1692 and they went out at night killing men and women of authority and taking off with a body part . when the body parts would form a complete person they would be burned in an occult midnight bonfire ritual . br br you never get a handle to what's exactly happening in the movie blood cult not just because it's totally disjointed story but it's ever more outrageous and gradschool level acing especially by charles ellis playing the butterfingered sheriff ron delboys . getting himself into more trouble then even the on the loose killer could have gotten him into . the bumbling sheriff delboys ends up with his head busted coffee spiked as well as almost burned alive , after being dismembered . the only reason he wasn't is because he seemed to have dreamt it all up while under the influence of some strong and unnamed drug . br br there's a weird dream sequence in the movie suggesting that a number of highly respected members of the community are members of the witches cult that's responsible for the sorority murders . the movie doesn't bother to explain at all if the dream , that the drugged sheriff delboys had , was a dream or actually a real experience on his part by dropping the whole thing as if it were cut out of the movie ! br br getting out of the hospital and staking out the collage sorority house , while munching down a bag full of mcdonald cheeseburgers , sheriff delboys finally comes face to face with the killer . shefiff delboys find out to his shock and amazement that not only does he know who he , or she , is but he's also willing to let the killer escape ! br br the very first straight to video motion picture and it shows . not only would no one it their right mind be crazy enough to pay admission , at least with the video you can tape over it thank god , to see this disaster but no moviehouse owner would dare play it on their screen without the danger of the outraged patrons , in a justifiable show of righteous indignation , tear the place apart !",0,1
"squeamish 11yearold luke benward as billy worm boy forrester moves to a new town . at his new school , young benward is picked on by the other boys . they put worms in his thermos . getting his gag reflex under control , benward tosses a worm on frecklefaced bully adam hicks as joe guire . benward bets he can eat 10 worms in one day without regurgitation ! br br tall , teased hallie kate eisenberg as erika erk tansy uses her archery skills to help benward . director and former sctv writer bob dolman promises , no worms were harmed in the making of this movie . in a related note , sctv star andrea martin has one funny scene . how to eat fried worms is loosely based on thomas rockwell's popular novel . preteen kids into grossouts should enjoy the film . br br how to eat fried worms 82506 bob dolman luke benward , adam hicks , hallie kate eisenberg , alexander gould",0,1
"i didn't know whether to laugh or cry at this misrepresentation of canadian history , particularly the disservice done to the history of the mounted police in the yukon . br br i'll leave it to pierre berton , noted historian , born and raised in dawson city yukon , and author of the definitive history of the klondike gold rush , klondike the last great gold rush , 18961899 to express my exasperation with this silly movie br br the american idea of an untamed frontier , subdued by individual heroes armed with sixguns , was continued in the far country , another story about a cowboy from the american west wyoming this time driving his herd of beef cattle into gold country . the picture is a nightmare of geographical impossibilities , but the real incongruity is the major assumption on which the plot turns that there was only one mounted policeman in all of the canadian yukon at the time of the gold rush and that he could not deal with the lawlessness . when james stewart and walter brennan reach the yukon border with their cattle , the customs shack is empty . br br where is the constable ? asks brennan . br br up on the pelly river . trouble with the chilkats , someone replies . he's got a real tough job , that constable . he patrols some ten or twenty thousand square miles . sometimes he don't get home for two or three months at a time . br br the historical truth is that the yukon territory during the gold rush was the closest thing to a police state british north america has ever seen . the northwest mounted police was stationed in the territory in considerable numbers long before the klondike strike . they controlled every route into the yukon and they brooked no nonsense . they collected customs duties , often over the wails of the new arrivals , made arbitrary laws on the spot about river navigation , and turned men back if they didn't have enough supplies , or if they simply looked bad . in true canadian fashion , they laid down moral laws for the community . in dawson the lord's day act was strictly observed ; it was a crime punishable by a fine to cut your wood on sunday ; and plump young women were arrested for what the sternfaced police called giving a risqu performance in the theatre , generally nothing more than dancing suggestively on the stage in overly revealing tights . br br in such a community , a gunbelt was unthinkable . one notorious bad man from tombstone who tried to pack a weapon on his hip was personally disarmed by a young constable , who had just ejected him from a saloon for the heinous crime of talking too loudly . the bad man left like a lamb but protested when the policeman , upon discovering he was carrying a gun told him to hand it over . no man has yet taken a gun away from me , said the american . well , i'm taking it , the constable said mildly and did so , without further resistance . so many revolvers were confiscated in dawson that they were auctioned off by the police for as little as a dollar and purchased as souvenirs to keep on the mantelpiece . br br in 1898 , the big year of the stampede , there wasn't a serious crime let alone a murder in dawson . the contrast with skagway on the american side , which was a lawless town run by soapy smith , the denver confidence man , was remarkable . but in the far country dawson is seen as a community without any law , which a soapy smith character from skagway he is called gannon in the picture can easily control . in real life , one of smith's men who tried to cross the border had all his equipment confiscated and was frogmarched right back again by a mounted police sergeant . br br in the movie the lone mountie says yes i'm the law . i represent the law in the yukon territory . about fifty thousand square miles of it . br br then why aren't there more of you ? br br because yesterday this was a wilderness . we didn't expect you to pour in by the thousands . now that you're here , we'll protect you . br br when ? br br there'll be a post established here in dawson early in may . br br what happens between now and may ? you going to be here to keep order ? br br part of the time . br br what about the rest of the time ? br br pick yourselves a good man . swear him in . have him act as marshalbr br the movie mountie leaves and does not appear again in the picture . his astonishing suggestion that an american town marshal , complete with tin star , be sworn in by a group of townspeople living under british jurisprudence is accepted . naturally they want to make jimmy stewart the marshal ; he clearly fits the part . but stewart is playing the role of the loner who looks after number one and so another man is elected to get shot . and he does . others get shot . even walter brennan gets shot . stewart finally comes to the reluctant conclusion that he must end all the shooting with some shooting of his own . he pins on the tin star and he and the bully , gannon , blast away at each other in the inevitable western climax . br br to anybody with a passing knowledge of the canadian north , this bald retelling of the story passes rational belief . br br excerpt from hollywood's canada , by pierre berton , 1975 .",0,1
"through its 2hour running length , crash charts the emotional anguish of its 10odd ensemble of characters when faced with the sometimes blatant and sometimes latent forms of racism underlying in american society . that and the emotional anguish of one of its audiences sitting near the front and desperately trying to make sense of what movies have become these days . br br the era we live in has become so complicated . not only do we reject modernism , even the not very enthusiastic flagwaving of postmodernism ideas is always being shot down by what , postpostmodernism that aims to destroy all these ideas , all in no part thanks to the great destructivist ideas of those great 'thinkers' . but i digress . this has nothing much to do with the what the movie is about , but rather what the movie is . br br sure , it seems hard to earn a living in a hollywood that has to cater to a market that is so postpostpost everything that cynicism has become more than just a motto in life . it has become part of everything we do and part of everything we think of whether we like it or not . and so a new studio product is born ! indie films , which once were energetic and idealistic in its defiant experimentalism now seem to be as equally adamant as hollywood films to sell to indie film markets . an indie film must sell at sundance before becoming 'acclaimed' . and so nothing is simple anymore . even what constitutes a good film becomes so murky . whereas in the past filmmakers just wanted to entertain people and tell a good storyand in these seemingly simplistic attempts the greatest of films are bornefilmmakers nowadays have to make films that are good first and foremost ; films have to make people think , have to be meaningful , has to be provocative , raise questions , yadda yadda yadda . what it all boils down to , is a subversion of the hollywood movie system , but this subversion seems strangely similar to the formulaic similarity of hollywood films , the countless ways of differing to essentially be the same product . br br and i haven't even begun on the film yet . maybe i've become too picky on films i see these days . maybe it's because of my primary need to be entertained , rather than , say , be probed when seeing a movie . but hell , this movie is one big load of crap . and i'm repulsed by this movie not just because it follows the how to make a good movie good 101 guidebook to the tcharacters spout eloquent lines and are sooo witty like they're gifted with the speech of god ; it raises issues about racism and life confronting racism in america ; it has 'touching' moments where everyone discovers more about themselves and more about other people ; not to mention the fact that once you hear the ambientnew age soundtrack of women singing in high registers in foreign languages , you know you're in for all of the above traits . br br and something about the aforementioned pointabout it raising questions about immediatelycompelling issues like racismpisses me off big time . like all postpostpostpostpost everything movies , it doesn't contend with just having a message about this issue . because oh , our audiences are much to intelligent for that these days in this postpostpostpost world . our audiences want us to make them think , doesn't want us to put things so simplistically , and then they will go into existentialist crap and say that's because life itself isn't simplistic . ha ha ha . what other common drill do we here then the audience need to think about issues rather than have them fed to them . okay , okay , and okay . so the film makes it a point to pound the audiences with these nonmessages and since they're not exactly a message , it's so decidedly subtle and subtle means good right ? so we're being hit again and again with this wellwritten subtlety with the eloquence of rhetorical prose . and as if the irony is not steep enough , we have ludicrous' character , the only character who seems to not take all these racism discussion bullshit seriously , being 'converted' into one of those irritatingly meaningful characters where he learns something in the end , giving meaningful looks and pauses where audiences are supposed to 'learn something about themselves too' . um , yeah . how i wanted to see an incredibly racist film right after this man . br br to cut the long bullshit short , i guess i wouldn't have taken issue with the film if it wasn't so bloated in its selfimportance . the angst that forms the entire movie felt more like whiteboy whining than actual spike leeish anger . it's so tim robbins and sean penn , the type that wants to wave flags about humanitarianism when the only thing they don't realize is the flag they're waving is their holeridden underwear . plus it's become so trendy in the postpostpostpost world to be completely subtle about it . nothing is simple any longer . in its best efforts to actually be good , provocative , and ultimately human , it's become neither , imho , just another indie crap from an indie director that wants to make a name out of himself as a credible indiefilmmaker . now at least hollywood is more simple and sincere in its manipulativeness .",0,1
"in this film , there is a loose plot of a man bardem who wishes to obtain financing for his construction business , and marries a woman he does not love the wideeyed maria de medieros in the process . he maintains his passionate relationship with his first and true love , and ultimately gets entangled in his own romantic web . he never gives up his juggling act , until the three main characters come face to face . the film results boring , with lots of free sex well , both girls are really good , all the reactions in the film are absurd , incoherent and of course , too much stupid . none of the characters are believable , which makes the movie a little annoying . anyway , the acting is surprisingly good for such a bad directed film , which makes it a little interesting , but , if you can , watch another film please !",0,1
"i agree with the majority of the comments i have seen written . i grew up watching seseme street before a lot of the people who have written comments were even born . i was born in 1964 , so i was 5yrsold when seseme street was introduced to television . the show taught me my numbers the count , spelling the muppet , and about life . i liked all the old characters big bird , oscar , grover , and cookie monster and don't quite understand why they had to change . i understand that everything has to change in some way , but to make cookie monster into a veggie monster to promote healthy eating . the show has introduced new characters and monsters since it's inception , why not make a separate veggie monster that talksdiscusses the benefits of eating a varied diet with cookie monster . but , back to my point . i grew up watching the very beginning of seseme street , my now 20 yrold daughter grew up watching ss with me along side her , and we discussed mr . hooper dying , although he had died prior to her being born , as well as other topics on the show . i saw the episode as a older child , and still remember how well they portrayed the event , much like real life . and i'm sure it hit the cast extremely hard as all deaths and losses effect families . you saw this on the show and it allowed parents and children to discuss very difficult events . the show has talked about traditional families , adoptive families and combined families . it's one of the few shows that actually discusses these scenarios . i now have a 5 yrold daughter who really doesn't watch ss . i've tried to watch the show a couple of times , but , it really is not what it used to be . the elmo 12 hr with mr . noodle is absolutely ridiculous . like many people have said , it doesn't teach anything . it's geared for the less than 18 month old maybe , and isn't even funny . i always prided myself on watching ss as a child , teen , and adult with my own child . now on my second goround , i really have a hard time watching ss . the topics that were discussed death , marriage , nontraditional families , new to neighborhoods , moving away were related to children and adults in a manner easy for 299 year old to understand and relate to . now , there are no concepts taught , minimal counting , only the occasional mention of the alphabet . it is not the same ss , from an original watcher of the show . please if any producers from the show read these comments , return the show to its foundation . new concepts have never been a problem with ss , they just used to have a better way to incorporate them into the show .",0,1
"i saw this movie when it first came to the theaters in 1988 and though i knew it wasn't of award winning caliber . . . i kinda liked it . it tales the tale of 5 former cub scouts reuniting to take on the one task they never got to finish as kids which is to climb mt . whitehead . of course now the cub scouts are all grown up and have developed their personalities in a variety of ways , but none too differently than they were as children . richard lewis is still neurotic , richard belzer is still a playboy , franklyn ajaye is still sort of the dear abby of the group , and tim thomerson is still the surfer dude of the group . of course the top billed star is louie anderson , a true believer in everything cub scout related . he still lives in the same house with his mother , still goes over the cub scout manual daily , is brave , reverent and clean , and is the one who reunites the others for one more grand adventure in scouting . compounding their task , however , is the grunski brothers , two bullies drummed out of the cub scouts by the above mentioned . by coincidence they run into their old den and decide to harass them a bit , albeit harmlessly . not so harmlessly is three escaped convicts , who think pack 7 is from the fbi and are intent on wiping them out . all in all , the movie still has bits of charm . observe richard lewis trying to get comfortable on a folding cot , for example , and you have a really funny bit going for you . upon further review , the entire film needed more of that type of observational humor . it doesn't hold up well after all these years but still remains a guilty pleasure .",0,1
"w . somerset maugham's of human bondage is supposed to be a english language classic . if so , much must have been missing from the film version here . phillip's leslie howard attraction to mildred bette davis is so utterly inexplicable as to make the scenario seem like the postbreakup retelling of a relationship from the man's point of view . being a family lawyer i've heard many such accounts ; the man depicts himself as noble and always correct , and the woman is a hellion who has had no other objective than to exploit the man . br br indeed , unless one is willing to laugh at the social assumptions of the film maker , this is an uncomfortable movie to watch . phillip even indulges mildred when she brings over a baby of indeterminate paternity , but the real high point comes when phillip allows mildred enraged and now of dubious sanity the free run of his flat , with predictable results . bette davis was attractive for about five years of her life , but that period didn't occur here . in fact , by the end of the movie she looks a lot like the baby jane character she would play thirty years later . br br i note how howard's character is always impeccably dressed and groomed . it tells me that phillip craves middle class respectability . someone like that could not run from a woman with a course cockney accent fast enough . phillip is , for most of the movie , a student ; such a person would have been more believable if he had been younger , and had the disheveled looks that bespeak the low income and the low self esteem that often accompanies student status an english raskolnikov , as it will . and balanced that by allowing mildred a modicum of charm .",0,1
"it's times like these i truly wish i was a more avid reader of clive barker's literary repertoire , since very few things feel worse than not being able to fully comprehend a movie of this stunningly 'visual' caliber . based on the novella cabal , the story of nightbreed involves a behemothic amount of lavish and bizarre creatures and settings in an underground society of demonic ghouls . a normal guy becomes linked to the strange world , called midian , through his dreams and his psychiatrist coerces him into believing he is responsible for a series of gruesome murders of families in recent months . . . thinking this to be true , he retreats to midian located under a rural cemetery where he is reluctantly accepted . the shrink , however , is right on homeboy's heals with a diabolical scheme to whip out the community of nightbreeds . . . br br wanting so much to love this movie , i was very let down in the long run . i have regretfully not read the story so barker's fantasy world and the purpose of it and all these monsters was horribly confusing and the premise was painfully uneven . i understand how the final cut was diced to hell and even barker show's moderate dislike for the overall product , but i just didn't get it . even if it is crucial to read the story , i feel like it should at least be translated to film in a way that it is still comprehensible for those unfamiliar with the literature . if cabal is as convoluted as this film than barker really milked a dead concept . couldn't help but feel a bit bored after a while , especially when things started getting increasingly ridiculous somewhere around the jail scene i realized just how bored i was like a police department fearlessly going to war with midian like it happens every week ! no one seems to think the idea of immortal monsters is a tad . . . strange . i did like the visual effects and all that crazy sht that went on in midian , especially that porcupine lady and that big headed sob . . . definitely an epic flick when you consider the massive quantity of effects and convincingly morbid decor . david cronenberg fills his position well as the loony shrink with his cool zipperhead potato sack mask , but we all wish he had done some behindthecamera work to help save this heap . . . br br so , if you have a boner for clive barker material and fully grasp what exactly midian is , why they show the creatures during the opening title sequence terrible idea ! , and why these creatures reside there and how some punk kid shares a telekinetic link to it , you should probably check out nightbreed . i'll look for cabal one of these days and hopefully gain some perspective . . . or maybe i'll just forget this travesty completely . . . until then , this is a poorly constructed and fairly tedious mess of a movie . . . watch hellraiser instead .",0,1
"this movie is a nonsensespoof comedy , in the lines of the airplane or naked gun , but it doesn't even come close to this two , because it lacks originality and a little more intelligent jokes , rather then just throwing you with the same old easy jokes . br br you can figure out some references to other movies , from the top of my head i identified dodgeball and rocky , so you can have some fun with that , trying to find out what movies are spoofed . br br the movie also offers you an occasional laugh , but nothing that can cause you injuries , thus nothing really funny . br br i liked the character ipod in some ways even though some of the jokes with him are standard comedy 101 . br br i think this movie and like most of nonsensespoof comedy depends on the mood you are in , so if you think you will laugh to any joke watch this movie . if you are in a serious mood forget about this rewatch the airplane instead , it will definitely make you laugh",0,1
"no , it's not the horror movie . . . this one is actually a love story . br br the ring is a silent film from 1927 that stars two boxers and the woman that comes between them . she loves the boxer known as one round jack . she loves him until the champion comes along , that is . even though she marries one round , she starts overtly flirting with the champion until the climactic final boxing fight between one round and the champion . she comes back to one round's corner , just when things look their bleakest , and he miraculously finds the inner strength to win the fight and win his wife love back . br br this film was very early in hitch's career , but the limitations of the time must not have made him make a lasting film . although there are special film tricks , and some comedy relief , this film just does not hold up to any of his later work . it must have been extremely risqu for the time period though , with the shameless adulterous wife . that may have been the draw back in 1927 . while looking through all of these old films , it is amazing how i think that they could be redone on today's screen and really come off . maybe i should be the one . . . . br br skip this movie unless you are planning on watching all of hitchcock's films . you could fall asleep in the middle .",0,1
"this cartoon is not right , lol i totally disagree with a lot of things it portrayed however it ended on a positive note , but as for me and mine we will not be viewing this in our household mainly because we fight against stereotypes every day and this cartoon just confirms what most white people feel black people act likebr br the comment one of the little black girls made on the cartoon was that her boyfriend was so conscious he was white that really offended me that's not something we as black people take lightly conscious is a state of being that black people achieve when they realize their true ability",0,1
"welcome to our town , welcome to your town ? as we are introduced into the worlds of its townsfolk of 1901 america , this three act play is opened before us with the help of the stage manager , a visual narrator if you like . after his initial introductions , we are lead into the homes of two particular families ; the webb's and the gibb's . br br this is most definitely middle america at the turn of the century , and the progressive way of life of the american dream and its saccharine overtones that can seem a little biased in this dream town . here we see the everyday lives of some of its 2642 populace of grover's corners , new hampshire , even if there are , too , the migrant polish workers that add another 500 to is numbers , they , never get a lookin . br br once the daily lives of these families have been introduced ; wives cooking , children homeworking , fathers working , kids falling in love and the clean picketfences painted white , the second act is started three years later , after young george a young and unrecognisable william holden , then aged 22 and emily have fallen in love and intend to marry . blossoming lovebirds reaching for the stars and reaching , too , a turning point in their own lives , from the nest they lived and now , into the anxieties and woes of young adulthood they nervously step . the third act is slightly more sour and foreboding , it is in this act that the movies intentions become apparent , here we see not life , not celebration but death , and it is in this predicament that the dead , as they return to revisit and reconcile their own life past , are here to remind us , to tell us , that life , and every last minute , every precious breath is not to be wasted and squandered . br br it is in this last third that the movies own political stance also seems more apparent too , feeling more of a propaganda stunt on the moral lecturing on , and by , middle america and how it should direct its home and how it should also put it in order . this isn't just about our town , this is moral diction aimed at our souls and how america can better itself if its peoples' , excluding the poles , the irish , the native american and the freed ethnic minorities' , and minorities' in general , plus the supporting backbone of the americana's who , still , have not had a fair part in this narrative , such as the middle classes , can live up to the expectations of the american dream through honest , decent living . the purveyors of the american dream with special invitation only . br br i was entertained , slightly , by this movie too , but i felt that its narrative held a stronger impact than anything else that took part in it albeit the bland acting , the musical score or how well , or not , it was made . this was the movies intention to exclude other groups , and to only include the likes of the webb's and the gibb's , in the future of the developing country of the usa , a good movie , but also a slightly biased in its stance , i thought . br br taken from the play by us' born thornton wilder 1897 1975 this pulitzer prize winning play , and six academy award nominated movie , was the focal point on the perpetual motion of life and its three main attributes ; life , love and death , the plays translation onto celluloid comes across as a slightly to the right blurb of social consciousness . our town starts off with what seems a lesson in pointlessness , like other towns , nothing too exciting ever happens here , if anything at all , this town only has the right sort of people , you can still leave your backdoor unlocked here , we are seeing the developing lives of these two families , but it is their moral and social stance that is more important than them themselves . our town may just have been any town , just as long as you came from the right part of town that is .",0,1
"like a latter day ayn rand , bigelow is la major muy macho in her depiction in the film of a few tough american hombres stuck in iraq defusing roadside bombs set by the ruthless , relentless , childkilling arab terrorists . as bigelow posits the iraq war as the backdrop of the grand stage of human drama , one veteran bomb expert gets blown up and another shows up to replace him in the dusty , hot , ugly rubble that is iraq , and a new hero is born . br br the new guy is what john hershey described in his book , and later the movie , the war lover , as a sadistic wingnut who actually isn't fit for civilian life , and requires the stimulation of war to sublimate and suppress his errant sexual desires . the war lover can only fully function in war , peacetime suffocates him . while hershey chastised the war lover , played in the film by steve mcqueen in one of his greatest roles bigelow glorifies him . the army needs war lovers , they are the bulwark of defense against our enemies . we can't handle the truth , that it is war lovers who are the best soldiers , the toughest men . according to the unironic bigelow , regular men are pussies , the war lover is a special breed , the last of the cowboys . so what if he wants to bareback his men , or fondle an iraqi boy ? he is a throwback to the sexanddeath cult of war . in war , sex is a thankless , loveless , don'task , don'ttell kind of male bonding . bigelow has no opinion on this ; she just limits the options of masculinity in this hamfisted attempt at realism . only a warlover can win the moral struggle between right and wrong , between american innocence and arab perfidy . bigelow disguises her racism and arrogance behind the ingenuous facade of journalism . she's just another gungho yahoo depicting a brutal war against civilians as a moral triumph of the spirit . br br on the political front , bigelow returns to the western genre and its relentless clichs again and again , ad nauseam the wonderful world of the open frontier , which happens to be some one else's country . you can shoot people here says a soldier ; the tough but human black guy companion , the soldier with a premonition of death , the gruff , possibly crazy commanding officer , the collegeeducated fool who tries to befriend the enemy . you name it , bigelow resurrects it . br br the manboy love is palpable in scenes with the cute arab boy who befriends the war lover , but bigelow plays it straight ; she doesn't consummate the sex , just sanitizes it . what bigelow really wants to show us is the ugly , sneering face of the arab enemy . any iraqi who isn't pure evil is either demented , hostile or up to no good , anyway . they all deserve to die for their impudence , and many of them do in this glib gorefest film . the iraqi women are all hysterical , they only make their presence known by screaming . they could be male stunt men in drag for all i know , you never see their faces . there is no female presence at all on base or in battle , although female casualty rates in iraq would certainly disprove this . br br bigelow goes through all the motions one by one . she glorifies war , she canonizes the sadist nutcase hero . the cowboys , surrounded by the subhuman indians , prove their mettle by doing god's work and subduing the wretched terroristinfested hellhole with sheer bravado and suicidal mania . toward the end , i felt like rooting for the indians . in bigelow's world , though , no mercy or understanding ever makes it through . the iraqis are dehumanized par excellence . the slaughter of civilians is just the dramatic backdrop to our hero's psycho sexual struggle . every u . s , bullet finds its mark . you have to love the guy , the war lover . it's just his way , he is the true hero . he's just a guy trying to get things done the hard way , and so what if he lusts for boy tang on the side .",0,1
"so . . what can i tell you about this movie . if you cheated a lot in high school , you do recognize some cheattips . . . br br this is the best thing i can tell you about this film ! br br if you like americanteen movies , maybe you also like it ! br br but i don't see this kind of movies as something funny . . sorry to say but if you are older then 10 years , i shouldn't advise you to watch this . br br because there is one shot with a couple of beautiful women girls . . in this movie i'll give it a rate of 2 ! br br so . . deal for yourself ! good luck",0,1
