text,true,pred
"such a delightful movie ! very heart warming . one can't help falling in love with the character of gigi . he's adorable as a child and grows into a sensitive artist . the whole movie revolves around him . he lives in a wonderful world living all life curiosity , desire and anticipation . there is an elder brother who tries to steal his glory but really remains in the shadow all his life . the father is very stereotypically italian and so is the mother . i wanted the father to come and reunite with the mother in the last scene and have them cry and laugh . i also wish that there was at least something redeeming about the elder brother . his personality seems to have been trashed entirely . passion and ardour that's the key to life . and looking through the camera focusing on small details and savoring the delicate details of life .",1,0
"the movie takes place during the year 1940 and the french are about to loose the war . br br the movie includes all genres comedy , romantic , murder and history . it is probable the historical part may be not as probable as the rest . br br it is not , however , a big laugh movie but the occasional large smile !",1,0
"the ma pa kettle characters were highly popular and controversial . the films that featured their brood paved the way for television sitcoms that came after it and sought to emulate its winning formula . one obvious reference is 'the beverly hillbillies , ' where the new home was bought with oil money , not having been won in a contest . you could even say the 1980s sitcom 'newhart' borrows its idea of backwards rural characters from this series . still , i wonder if betty macdonald , the washingtonbased author who created these characters , didn't do more harm than good . her portrayal of hillbilly characters makes them the butt of many jokes in terms of their alleged sloppiness and laziness . the real life family that macdonald based the kettles upon , successfully sued . . . claiming they had been ridiculed and humiliated with these lessthanflattering references . sure , it's comedy and the situations bring us a great many laughs and fun moments . . . and political correctness as we know it today did not exist in the 1940s and 1950s . but i think macdonald could've still written these characters more sensibly and universal international could've had its scriptwriters show them on screen with more dignity there's such a thing as good taste . the more realistic moments are when the oldest son tom is ashamed of his rural heritage but learns to accept his parents and siblings for who they are . for their part , the kettles have to realize that they don't exactly fit into a modern world . that's not a joke . . . that's a sober truth .",1,0
"well , well . . . . roeg touched a bit of a nerve there , didn't he ? he was a genius while he was cataloguing his various characters' descents into psychosis for a couple of decades , but as soon as he has the bad taste to suggest that redemption or even some good advice might be found in the bad old catholic church , the hipperthanthou alternative movie crowd gets extra vicious . worse still , theresa russell's character faced with experiences that nothing in her avowedly rationalist outlook has an explanation for , is unwillingly forced to deal with those experiences on another level that of the spiritual . you know , the realm of the ignorant and superstitious , the sort of thing that the arthouse cinephiles are supposed to be above . oh , the horror . . . so she finds her marriage the idea that it might be a uniquely important commitment affirmed by what seems uncomfortably like divine intervention . people who find this idea prima facie offensive could maybe ask themselves why they instinctively jump into attack mode at being challenged to take seriously the idea of a spiritual dimension to their lives . but they probably won't . sure , this film has some problems , notably talia shire's delirious hamwork as the overwrought nun , 1950sstyle attire and all . and the dialogue between marie davenport and the young priest in their last scene is straight out of the spellbound school of glib interpretations though hitchcock's movie escaped similar charges due to the source of wisdom having impeccably secular credentials as a freudian psychoanalyst . but , sadly , nicolas roeg appears to have copped a critical mauling as much for even asking the question as for the possible answers this film presents .",1,0
"this movie probably had a 750 budget , and still managed to surpass titanic . i rented this the day i crashed my mom's car , and it was the only thing that cheered me up beyond belief ! it has to be tied with 'the assult of the killer bimbos' . things to look for are 1 . the drive in blow job chinese girl scene 2 . the bleach blonde in the sassoon shirt who never changes 3 . the flinstonelike screech out driving 4 . the clashing ensemble worn by the redhead right before she gets killed don't worry , i'm not ruining any surprises , for it's soooo predictable 5 . the guy who finds it necessary to howl . 6 . the mental patient who plays a convincing job of being insane by poking out the eyes of a maniquen . 7 . the hour long chase at the end involving the teacher and the priest . 8 . the womman writing grafitti on the bathroom wall . 9 . last , but not least , the wonderful special effectsespecially the stab in the boob that made a . . . heaven help me . . . popping noise . br br enjoy ! br br",1,0
"as soon as i knew keira knighteley being in this flick , i said i have to watch this movie . she's the undisputed main character , domino , a bounty hunter . her job , as the no action scenes would teach us , reflects her rebel , violent attitude to life . i have to admit that it's the very first time that i watch an action movie whose most important scenes are the one in which the guns are far away from characters' hands . so , this stomped me a bit . anyway , for all the john woo's fans , there are helicopters falling down , explosions , gunfire as if it would rain , and a lovely keira that shoots with two machine guns , one per hand . the cast is absolutely brilliant . going beyond keira , which in this movie is a real tomboy , pretty much different from the lovely action figure we're used to see , mickey rourke is back , with his usual slapthrowing face and his potent body . christopher walken makes his job pretty well , as a reality show producer . br br let's go to the contents this movie has a journalistic shape . the talk show scene is disgustingly real . anyone that watched that load of . . . youknowwhat , can tell that this is the air that you breath in those situations . as well as the producer , when domino's mom says that the reality that should show domino's life is trash ; no offense , he answers i don't take it like an offense . this movie portrays a difficult life . domino , coming from a world that didn't want her , ed mickey rourke , a bounty hunter not so bounty , choco the third guy of the band , which family is using ed's words , the correctional institutes he's been , and alf , the driverbomber coming from afghanistan during the russian occupation . this bunch of people represents in some way the humankind born without the shirt ; unlucky , violent , and with nothing to lose , excepts their as they would consider miserable lives . the intro of the movie says that it is inspired by true story . . . more or less , so i couldn't possibly tell you how much of this stuff is true . anyway , going beyond explosions and dozens of weapons which could have been added to make the film easier to see , and be classified as an action movie , the characters' story is too realistic to be edulcorated . br br the interaction between the characters is various , well studied , and definitely not boring . what hasn't convinced me so much is the role of the psychiatrist lucy liu , sober as never in her acting career . it represents only the reason by which domino starts telling her story and that's a story . probably , the only con , in a movie with a lot of pros . br br all in all this isn't swat . the characters are crafted ; they have an identity , a shape . they have a name and a surname not just gamble and street . it's the case to say , it's the biography of a girl whose life went as fast as a bullet .",1,0
"no one would ever question that director leos carax is a genius , but what we wonder about is is he an insane genius ? so many people hated this film ! i am normally the first person to accuse many french directors of making offensive , boring , disgusting and pretentious films such as the horrible recent film 'l'enfant' and the pointless and offensive 'feux rouges' . but strangely enough , i actually think that 'pola x' is an amazing film , made with great skill and passion by a master of his craft , and containing remarkable performances . the film does carry melodrama to more extreme lengths than i believe i have ever seen on screen before . but then , carax is extreme , that we know . the film also contains what i consider way overthetop trotskyite or anarchist fantasies and wetdreams , what with a mysterious group of young men training to fire machine guns at the bourgeoisie in between playing scott walker's rather fascinating music in a band which has its recording sessions in an abandoned warehouse filled with squatters and fires burning in old steel barrels . guillaume depardieu plays a rich young man in a chteau whose stepmother is catherine deneuve , and he wanders into her bathroom while she is naked in the bath , by the way . but he suddenly 'snaps' completely when he discovers that his deceased father , a famous diplomat , had fathered an illegitimate daughter who had been effectively disposed of by deneuve as an inconvenience . this is because the sister suddenly turns up as a kind of romanian refugee with wild dishevelled hair , expressionless face , and little ability to speak french coherently . depardieu then transforms himself into a 'class hero' of the far left and wants to kill or destroy his family for their hypocrisy and corruption , and lives in squalor and extreme poverty , while scorning a vast inheritance . he then commences an incestuous sexual relationship with his halfsister , which is shown in an explicit sex scene which has offended many people , though i have no objection to it , as i think people are far too hysterical about sex , especially in america , where apparently it never happens . the intensity of the acting and the filming make this unlikely scenario come off as an experience of powerful , if depressing , hypermelodrama . the differences between carax making an extreme film like this and the numerous extreme french films which i think are pretentious and disgusting are 1 that carax is an excellent filmmaker , and 2 he is seriously attempting to explore a meaningful , if harrowing , extreme emotional condition , whereby a human being disintegrates and turns against his background . many would say that the extreme elements in this film were gratuitous , but i don't agree . i believe carax was genuine , and was not making an exploitation picture at all . it is very difficult to defend a man who goes that far and who , for all i know , may be a complete madman , but i believe he deserves defending for this remarkable cinematic achievement .",1,0
"it's a unique film , as it gives us our only chance to see the young noel coward in all his ironic glory . because he seems so reserved detached he's perfect for the role of an unloved cad who matteroffactly uses all those around him . however in the deadly serious no pun intended last act , when coward must make like the flying dutchman , he's much less comfortable . br br but his way with an epigram is peerless , and hecht macarthur have given him some gems macarthur , really he was the wit of the pair . br br the film is superbly lighted by the great lee garmes , but has little camera movement aside from a storm sequence . hecht and macarthutr cared about one thing getting their dialogue on screen . note hm themselves have blinkandyou'llmiss'em cameos as bums in the flophouse scene . br br the most notable supporting player is the one and only alexander woolcott , notorious broadway columnist and close friend of both macarthur and coward , who appears as one of the bitchy authors always kept waiting in the reception room of publisher coward . br br curious that woolcott would agree to do a film that clearly lampoons the legendary algonquin round table , of which he was a founder , and macarthur something of an auxiliary member . br br the scoundrel actually won an oscar for best story , though that victory is probably due more to coward's imposing presence than any brilliance in the plot . it's coward , woolcott , and the dialogue you remember . . .",1,0
"financially strapped paramount pulled out all the stops for this '34 stage adaptation entry big budget , large cast , extravagant production and mitch leisen tagged as the director . what happened ? two things busby berkeley didn't work for the outof focus rock and a murder mystery script that didn't deserve to be in the same trash can as the worst charlie chan first draft down the street . i have to believe that the cutting was out of leisen's hands since the great duke ellington's number is savagely chopped , but that doesn't mean that it ain't worth a look the 'sweet marihuana' number featuring topless chorus girls is a mind blower , considering the looming production code and it also has the ravishing toby wing whose unfortunately fed horrible lines and playing the prototype dumb blonde as a chorion hot for an otherwise preoccupied jack oakie . carl brisson's acting is bland as melba toast but he's a competent singer . maclaglen reaches for new plateaus as a stereotypical dumb detective . and try to spot lucy in the chorus . this rates a 7 . 0 as a curiosity . feb 2010 rethink i recently gave the film another look and now feel i was wrong to berate the lack of busby berkeley production numbers . i can understand leisen's argument for more realistic production numbers within the context of the plot . i still have enormous issues with the editing however . paramount , the raciest major studio in town , faced huge issues with the production code at the worst possible time in it's history , financially speaking , and pulled out all the stops on this one also check out 1934's search for beauty . a must see for precode buffs .",1,0
"the lead characters in this movie fall into two categories smart and stupid . simple enough . br br jiri machacek standa plays a hapless , dopey guy who gets arrested for a crime he did not commit . when he tries to get financially reimbursed by his evil , former boss , the situation gets out of control . br br while standa is genuinely but endearingly stupid , his buddy ondrej is an absolute blithering idiot who bungles everything and manages to say and do the wrong thing every time . without ondrej , standa might stand a chance of going through life with some modest degree of success . with ondrej , life will never be boring , but it sure won't be without a lot of headaches ! br br ivan trojan plays zdenek , an evil genius type who degenerates into some hitleresquire delusional tyrant . zdenek and his henchmen try to kill standa to keep zdenek's secrets safe . br br i am very impressed with the high quality and imagination of czech films . for a relatively small country , the czech republic certainly has produced more than its share of superb entertainment . the best czech movies i have seen are 1 peliky and 2 tmavomodr svet dark blue world . if you see these two movies , you have seen the absolute best of czech cinema .",1,0
"an unmarried , twentysomething hick played by john travolta leaves the farm and goes to houston , where he learns about life and love in a texas honkytonk . at face value , it's a modern love story . . . texas style . there's gobs of cowboy hats , pickup trucks , neon beer signs , and references to big beltbuckles and rodeos . the music , if not texas native , is texas adapted , courtesy of the talents of mickey gilley , johnny lee , and the charlie daniels band . and that texas twang . . . y'all . br br the story and the characters are about as subtle as the taste of texas fivealarm chili made with jalapeno peppers . it's enough to make civilized viewers abort the film in favor of a genteel classic , one starring laurence olivier or ingrid bergman , maybe . hamlet it's not . but urban cowboy is spicy and explicit , and i kinda like it . br br technically , the film is generally good . the dialogue , the production design , and the costumes are all realistic ; the editing is skillful . and both the casting and the acting are commendable , if not oscar worthy . i would not have cast travolta in the role he plays , but he does a fine job . . . ditto debra winger . barry corbin and brooke alderson , among others , are good too , in support roles . but , the cinematography seemed weak . the film copy i watched was grainy , and at times suffered from a reddishorange tint , a visual trait i have noticed in other films from the same time period . br br at first glance , the film does not seem to offer any social or political message . but i would argue that when urban cowboy was released twentyfive years ago , it had rather prophetic implications . in 1980 the u . s . had all kinds of problems , not the least being american hostages held by iran . in the minds of a lot of folks back then , the u . s . was being pushed around , bullied . br br this film , along with others of its time , offered something that americans wanted to see in their political leaders . . . toughness . urban cowboy is a very physical film . the characters in it may not be the brightest people on earth . but , they're tough ! br br everything about urban cowboy is antiintellectual . as a vehicle for cultural expression then , this 1980 film was one of several that augured a new gettough era for the u . s . it started in 1980 with the election of reagan . and that era continues to this day , with a president who probably will not be remembered for his intellect , but will be remembered for his toughness and aggression , traits that americans seem to gravitate to as surely as texans to fivealarm chili .",1,0
"i don't think anyone besides terrence malick and maybe tran anh hung makes cinema on a purer level than claire denis . that said , i don't love this , her newest film , quite as much as her 2001 masterpiece trouble every day although it comes very close , which itself is one of my absolute favorite films . it it only because the narrative here is possibly slightly too elliptical for it's own good . don't get me wrong , the fact that this film barely has a plot at all is really one of the best things about it , but i think denis took it about one degree farther than it needed to go and consequently the film does flirt with incomprehensibility , and a few key plot points should have been clarified somehow like that the main character goes to south korea to get his heart transplant , instead of just showing him there all of a sudden without any explanation of where he is or why he is there . also some of the other characters seemed unnecessary and as if they were just excuses for denis to use actors she likes yet again beatrice dalle's character in particular is a little distracting because you keep expecting that she is going to have some significance . still , the film is incredibly absorbing and the cinematography is beyond amazing . it is definitely very much a masterpiece in it's own way . at least as good as denis' more highlyacclaimed beau travail , if not better . claire denis has to be my favorite french director at this point , better than leos carax even . also i have to admit that the south korean sequence really does do lost in translation better than that film itself does and i , unlike some , am a huge fan of that film as well .",1,0
"the first thing i wanted to do after watching this film was watch it again because i'd missed lots with all the laughing i did . i'm european and i've studied abroad and i've as good as lived with spanish , french , italian and german people . the film was full of stereotypes , which , more often than not , p people off , and reading some of the other reviews i see that it did p people off . but , this film gets the stereotypes so right i cannot fault it . except for maybe the way the french guy became a drunken party animal . the english guy was the perfect geezer stereotype . drunk , annoying , insulting but shines through in the end . as well as the stereotypes the film also got the emotional aspect of studying abroad correct . at first he's shy , doesn't know anybody , misses home , doesn't know his way around . as time progresses it becomes his home and when the time comes to leave , it is extremely difficult . a feeling people can only understand if they've experienced it . i highly recommend this film .",1,0
"okay this movie fine like i said but you surely need to watch it as its worth a watch . it's about two boys mac and sam who are great friends and work as fashion photographers and the laughing time starts when mac akshay kumar starts dating with 3 air hostesses at the same time leaving his wife suspicious . sam attains fortune and almost forgets his friend but not completely . but mac thinks so and so he starts dating with air hostesses . there's garam masala at every step of the movie , songs rock but somethings lacking . the comedy's not up to the mark and deserves an award . its nice but not all that excellent . some people laughed till their stomaches ached but it didn't deserve that many laughs . but of course everyone's opinion is different . so if you wanna watch the movie you're welcome to do so .",1,0
"after all these years , i am puzzled as to why julie brown west coast isn't a household name or a hugely famous comedic star . she is one of the funniest females on the planet . in this spoof , she takes on madonna who is one of her favorite targets . she is medusa , a hugely successful singer , like madonna who also happened to have documentary truth or dare . julie brown spoofs madonna as medusa who came from wisconsin , the land of dairy and beer . i remember the segment where she went to wisconsin to visit her family and a grave . i don't remember if it was a parent or her pet . i remember somebody saying that medusa did nothing original . she was just copying others . i have to say that i hope this spoof documentary is available on dvd somewhere . julie brown was at her best mocking and spoofing others .",1,0
a lush fantasy world with quirky characters and annoying 80's music . this epitomizes the 80's desire to rewrite fairy tales and make fun of how they work . personally i liked greensleeves and the other harsher characters . they had some of the more amusing lines .,1,0
"those engaging the movie camera so early in the century must have figured out some of its potential very early on . this is a good story of a playboy type who needs money and inadvertently sells his soul to satan for a lot of money . unfortunately , the soul is his double and he must confront him frequently , tearing his life apart . there are some wonderful scenes with people fading out and , of course , the scenes when the two are on the stage at the same time . the middle part is a bit dull , but the faustian story is always in the minds of the viewer . one thing i have to mention is the general unattractiveness of the people in the movie . also , they pretty much shied away from much action which would have at least given some life to the thing . i first was made aware of this movie about 25 years ago and have finally been able to see it . i was not disappointed .",1,0
"having discovered the ring trilogy , i have been greedily gobbling up all those other japanese and korean films that are either on or following the bandwagon . br br i don't have an easy definition of horror , but this film certainly pushed some of my buttons , even though i can't claim that the film makes a lot of sense . i'm squeamish so there were several points in the film when i just didn't want to watch what was happening on screen . the film unnerved me so i became apprehensive of seeing things that i thought i was going to see . br br it's an imaginative film offering a great deal visually . it also provides food for thought . and plenty of material to argue about when the film is over . br br the characters are welldefined to say the least . could they make films like this in the west ? br br so it doesn't make sense in the end , but when one has an appetite for the occult , the supernatural , the bizarre , the otherworldly , then no film is going to deliver a final allexplaining payoff .",1,0
"i'm biased towards any movie that paints a luxuriant picture of italy in my opinion the most romantic country in the world . unfortunately the movie was rather short , unusually so for a period piece , and a little sparse on the cinematography aspect . however , the excellent story makes up for it . the four ladies embark on a muchneeded relaxing vacation with problems on their minds . over the course of the movie , they realize their problems and begin fixing them . they believe san salvatore , the castle they stay in , has an enchanting effect on people . it's a tub of love , says lottie wilkins . you can watch their gradual change from dissatisfied to exuberant as the italian seaside works its magic on them . br br all their problems and their solutions are plausible . the actresses were great . the background music seemed very appropriate for an romantic italian locale . all in all , a 1010 movie for me .",1,0
"spoilers through br br i really am in the minority on this one but i liked this movie . it's not a classic but it's definitely involving and quite an adrenalin fueled ride . i definitely thought it was worth at least a 7 rating . br br perhaps the reason i liked it is because i haven't seen the original . something tells me that with a movie like this it's strongest fans will be the people who have not seen the original version and thus , have little to compare it to . this was not a masterpiece but i did get into it quite a lot and it actually made me want to see the original . br br there were a few things i liked about it . one was the casting of kowalkski . viggo mortenson was superb and really brought a lot of charisma to the role . since the bulk of the movie fell on his shoulders , he really needed to be excellent and he was . this was a great role for him . br br another interesting thing about vansishing point was the fact that it's made for television . i had no idea this was the case when watching it . it sure seemed like a major motion picture and i would never have guessed this was not a big screen release . br br i also found the story to be very absorbing . i'm not one for action movies but i got sucked into this . plus it was a lot more then an action movie in that there was drama , mysticism , a love story , quirky people every which way you turned . i didn't even recognize priestly . and it was touching . this was not a great movie but it is watchable . br br and then there's the ending . it packs a strong punch and if one's been involved in the story up to that point , it's very difficult not to be transfixed at the very end . i am not sure how i feel about the ending . the implication was that kowalkski survived and though i'm highly skeptical of how that would be possible , it is a movie and realism isn't an ingredient that's always in the mix when making a movie . br br so i'd have to say i found the end incredibly unrealistic but very touching in a manipulative kind of way , which i don't usually like but for some reason , is almost forgivable in this movie . admittedly , a lot of things were just props for the plotcould the villains have been anymore stereotypical ? but the makers got a lot right even if they got many things wrong as well . however , having said that , i will admit i can understand why someone who's a major fan of the original would hate this version because , though i have not seen the original , i have seen many original movies i loved being remade with terrible results . my big dislike is actually sequels . but i can understand the low ratings if the original is of that high a quality . br br people have compared this to smoky and the bandit . how about a road version of legends of the fall meets thelma and louese as well ? i sure felt touches of both filmsboth of which i'm a fan of . i do not think however , that this was a great film . it was better then average to me but far from great . but it was an absorbing , adrenalin fueled , touching movie with excellent casting of the main character . my vote is 7 of 10 .",1,0
"with an opening segment that imitates the music and cinematography of todd haynes's safe 1995 , david lynch uses dream , myth and warped notions of reality to tell the fractured story of a failed bitpart hollywood actresswaitress , diane selwyn , let down by fame and her own demons and obsessed with camilla rhodes , who is engaged to hotshot director adam kesher . br br the film effectively takes place in diane's drugfueled head ; we are witness to her crazy distortions , her wishfulfillments , regrets , obsessions and fears . using the dream narrative as a way of presenting two notions of reality in conflict , lynch does not simplify the opposition between reality and fantasy but actively entangles them . the last 45 minutes are as dreamlike as what came before ; and the troublesome air of detached , otherworldly ambiguity still pervades , fracturing the seemingly secure distinction between reality and dream we expect to see in films about nightmares and dreams . br br lynch's film borrows from many films , old and new , but ultimately is a film unlike any other with the exception of the director's own lost highway and blue velvet . it constantly challenges the viewer to interpret what is seen , not only intuitively but intellectually . yet it is not as pretentious as one would have imagined because lynch makes us sympathize with the protagonist despite her murderous deeds an element that was missing in all of his other films except the straight story . he does this by presenting diane's dream alterego , betty , as a wholesome canadian farm girl destined for fame . lynch also presents us with an intriguing story that affirms and negates in equal measure . are camilla and diane really lovers or just friends ? who is the bluelady ? what does she signify ? who is the bum behind winkies ? what is the significance of the rotting corpse at sierra bonita ? does aunt ruth really exist ? is silencio an abstraction of hell or perhaps a selfreferential take on the film's status as fiction ? lynch isn't prepared to answer any question he poses , choosing instead to present his love story in the city of dreams as a set of interconnected abstractions and motifs . br br the acting is top rate , especially naomi watts as diane selwynbetty , who is yet to eclipse this performance . laura harring has the requisite hayworthesque allure as camillarita , while adam theroux as adam brings an freewheeling arrogance and sublimated paranoid aggression to his role . it was staggering and a grave injustice that not one of them was even nominated for an academy award . br br this is a film that demands to be seen and analyzed closely . the mystery at the heart of the film remains in lynch's hands but half the fun is finding consistent ideas from the maze of seeming incongruities that he presents . upon closer inspection there is a definite sense of a puzzle , perhaps an incomplete jigsaw that teases us with closure but denies the imaginary plenitude of narrative coherence . ultimately , this is lynch's key film .",1,0
"while watching this film recently , i constantly had to remind myself that it was made in 1957 . . . . . . . . . . and in the ussr ! that makes it all the more remarkable . many of the cinematographic effects in the film seem cliched in 2002 , but they were quite original in 1957 . i first saw this film in 1963 , when it was first released in the us , and i was struck by its originality then . now just having seen it 40 years later , i have no reason to change my mind .",1,0
i recently got the movie and all i can say it is a good movie . there's a lot of famous rome monuments and historical locations . it is from the same writer and director from the da vinci code . tom hanks stars along with ewan mcgregor and ayelet zurer . the movie starts out with the space and time experiment in sweden until one of the canisters is stolen by the church's most hated enemy the illuminati . the plot is hard to discuss about without spoiling anything . its a race all of rome following the illuminati trail to get to the illuminati secret meeting place . while racing against time to find the path of the illuminati . over all its a movie worth seeing hell i watched it 3 times and i still like it so in the end go buy it . it is a lot better than the movie 2010 . and the ending has one awesome plot twist .,1,0
"if this film doesn't at least be selected for an oscar nominee for best foreign film i'm going to stop waking at nights watching the event . fridrik thor fridriksson has proven that money isn't the key to making a good movie but originality . out of a cold country comes a warm but thoughtprovoking film of a mentally ill man and his struggle against an insane world . after an insight like this , you question whether or not the man is crazy or the world he lives in .",1,0
"bonanza had a great cast of wonderful actors . lorne greene , pernell whitaker , michael landon , dan blocker , and even guy williams as the cousin who was brought in for several episodes during 1964 to replace adam when he was leaving the series . the cast had chemistry , and they seemed to genuinely like each other . that made many of their weakest stories work a lot better than they should have . it also made many of their best stories into great western drama . br br like any show that was shooting over thirty episodes every season , there are bound to be some weak ones . however , most of the time each episode had an interesting story , some kind of conflict , and a resolution that usually did not include violence . while bonanza was a western , the gunfighting was never featured as the main attraction . while i am a fan of the rifleman and wanted dead or alive ; those shows usually ended with a gunfight . gunfights were how many westerns resolved every conflict , and bonanza was very different in trying to seek peaceful resolutions and harmony instead of killing . br br in the early years of bonanza , there are some interesting episodes that do feature a lot of gunfights . those episodes stand in contrast to the rest of the series , but they are pretty good in and of themselves . in 1964 , when pernell whitaker wanted to leave the show , guy williams was brought in to replace him . williams was playing the role of a longlost cousin . unfortunately , whitaker decided to stay one more year , and thus williams was written out of the series when he moved away to marry adam's old girlfriend . if williams had stayed on for the duration of bonanza , one can only wonder how much better the series would have been in the years after 1965 , when pernell whitaker left the show . br br undoubtedly , once pernell whitaker left the series , the stories focused more on comedy and country hijinks . whitaker had often played the heavy in many episodes , and his absence left a void in the cast . little joe always wanted to play the nice kid , and hoss always wanted to play the good old boy with a heart of gold . since ben was the kind and wise patriarch of the family , that did not leave too much room for any gunfights . br br at some point they hired a ranch hand called candy david canary who became their fourth member of the cast , but candy was never featured in any gunfights , and he was hardly more than an older version of little joe . for a year or two they also had ben take in some other lost cousin jamie , played by the forgettable mitch vogel who was a teenager that was usually getting into some kind of trouble with someone . br br apparently by adding the teenager , the studio was looking to attract younger viewers . it also gave the writers a chance to write episodes about teenage problems , alcohol , delinquency , etc . those kind of preachy episodes were popular in the 1960s as a reaction of the establishment media to the counterculture movement . dragnet was probably the most popular source of law and order tv , though hawaii 50 , the f . b . i . and many other shows also tried to jump on the bandwagon by doing tv shows that featured irresponsible teenagers causing mischief , mayhem , and crime . br br the addition of a teenager to the cast gave the cartwrights more chances to show up and solve problems , but those episodes feel very contrived and are not very good in general . after dan blocker died , the series limped along for another year or so before it was canceled . the last season was pretty bad , as it featured little joe tracking down the killers of his wife , and most of the episodes were somewhat depressing because little joe was usually drinking or otherwise remembering how much he loved his wife , and how unfair it was that she was killed . br br i don't think i have ever seen the last episode of the series , and i wonder if they ever officially wrapped it up in some way . by the last year , there was only ben lorne greene actually living on the ponderosa , as adam had moved away and never came back even once as a guest and hoss had died and little joe had left after his wife in the series had been killed by drifters . br br overall , the era from 19591965 is the best of this series . once adam left , it slowly declined . most of the shows before 1970 are pretty good too . by 1970 , the series was trying to hard to be hip and topical , and it had lost a lot of its western flavor . the addition of candy and the teenage kid also diluted the general quality of the show , and the death of hoss dan blocker was the final nail . bonanza is probably the best western series ever made , and of the 465 episodes that were produced , at least one hundred of them are excellent western drama ! that is a pretty good record . even the worst of bonanza is better than a lot of other tv shows .",1,0
"the 1983 bbc production of jane eyre starring zelah clarke and timothy dalton love him has always been and will always be my favorite jane eyre . if you watch any other version of jane eyre without reading the book , it will be like watching some regular movie which you will forget the next day . but watching this one almost equals to reading the book . i used to watch these miniseries a lot when i was little , and they inspired me to read the book . at the time i didn't pay attention to how close this television production was to the book . recently , i watched the 1996 version of jane eyre and was very disappointed . it was only 2 hours long and didn't have many important scenes from the book such as my favorite gypsy scene . after that i fell in love with this jane eyre even more because it includes all the important scenes of the book and it just tells the whole story the other versions don't , if you haven't read the book . br br the cast of 1983 jane eyre is excellent . it's true that timothy dalton is a very handsome actor handsome enough to play butler in scarlet , and julius caesar , but he is so great as rochester that i can't imagine anybody else playing this role . and zelah clarke is , without a doubt , the only jane that follows the description of the book . the other thing that makes this film so great is the clothes and the makeup of the actors . jane looks so modest and naive , just as bronte describes her although she doesn't look 18 , but do you actually pay attention to that ? . . . br br some people say that this jane eyre is too long , but i would rather spend my whole day watching it than spend 2 hours watching some other version . some say the movie is dull and boring because jane is not passionate enough , or because there are not enough kissing scenes . i hate when they make jane eyre some hollywood movie with inappropriate kissing scenes . you don't have to include crazy , madly in love scenes to show the love between jane and rochester . and both zelah and timothy express this love so perfectly that there are no other scenes needed ! ! i am 19 years old , and many girls of my age refer to this film as boring and oldfashioned . but i can only feel sorry for them because they don't appreciate the purity and beauty of it . after all , the novel is set in 19th century , and that oldfashioned look makes it more attractive and more like the book . br br i don't think there will ever be any other version of jane ayre that will have the popularity and love of this one . no matter who plays jane and rochester in other movies , the real jane and rochester for me at least will always be zelah clarke and timothy dalton !",1,0
"i saw this when it first came to video , my little sister got it as a gift and i was probably 12 at the time . . . what stood out for me was the lack of midmovie conflict that so many movies have , where the main characters get mad at each other because when it comes time to explain themselves they just don't say the one thing that you're shouting at the screen that would make sense of the whole deal , that any person of reasonable intellect would know to say . this is what i like the most about the movie i guess , that the main characters don't do mean things to each other halfway through . . . they don't break up and make up , they just grow to like each other more as the movie goes on . br br these two kids team up and though they seem at first to be from opposite sides of the track , they're not that different . loui is actually just some middle class kid that needed to realize how lucky he was to have a loving family , and cecelia was an upper class kid that just needed to prove to her family that she existed and they would miss her if she was gone . anyway , i saw this movie posted on hulu and had to watch it again . . . sure there's plot holes if you analyze the script and no , woog and dweeb shouldn't be eating hot dogs since they would have been herbivores in reality . br br now , what detracts from the film is it's unexpected scariness . little kids under the age of 5 would probably be frightened by the scenes with dr . screweyes . and , the addition of him halfway through the movie though it's blatantly obvious in the first scene that he will make an appearance is too abrupt . . . there should be a glimpse of him doing his show earlier in the movie , perhaps to show that it's not that scary without the the dinosaurs . i guess it just lacked any real present danger for the entire first half of the movie , so that it lacks a little continuity when he appears for the second half . br br considering the target audience , who i'm sure can overlook the not so mind blowing animation and dialog issues . . . i think i'll give it a pass on those factors too , and just enjoy the story . it's a great flick for kid and it does stick in your mind . . . makes you kinda think about how you treat people and it should be revisited every 10 years i think .",1,0
"i've bought , the feast of all saints , and it's not truly a horrible movie , but a lot of things could have been better . it had a lot of historical value , played out by very talented actressactors , and it's not an everyday occurrence that actors can play out such a role and have it be somewhat believable . there were some parts that were a little mediocre and confusing , but i wouldn't say that the entire movie was horrible . once you think about that , capturing 1800's new orleans , and making something out of it , it pretty hard , and much harder to get actors who can strongly signify those parts . but the only big problem i had with the movie was that most of the actors who did play the free people of color , were mostly light skinned africans , not very universal in casting others who weren't light skinned ; one of the old creole stereotypes that still exists . whomever did the casting could have picked a wider variety when it came to hue , despite many creoles are color conscious . rather picking actors that looked near white in a sense , could have been more thought out . the actors did a great job , the script could have better written , and overall i found the performances were very believable .",1,0
"br br this is the best mock documentary of a dog show that i have seen in a long time . a very long time . well lets face it , ever . isn't that part of the charm ? the idea of actually going to the trouble to make a movie mocking a documentary about an event that most people would find odd in the first place . even if there were no big laughs , one would still be smirking at the thought . any movie that attempts something new scores highly in my proverbial book . i loved the dogs too !",1,0
"i am frankly surprised how little has been done in film on the columbine massacre . there isn't a major documentary , very puzzling . fortunately we are graced with the talent of ben coccio who directed zero day , and gus van sant who did the equally fine elephant . two different takes on the event , which have in common the idea that the real cause of the massacre will always be a mystery , that there's something ultimately baffling and unknowable about the motivations of the two killers , and what actually drove them to carry it beyond fantasy into horrible reality . zero day , purportedly made up of videotapes made by the shooters and found after the event , is absolutely riveting . even if you know where it's going , you still harbor hope that it won't go there . . . and the tension in the final minutes of the movie is excruciating . the film is terrific from top to bottom , from director to script not much improvised , though it appears very spontaneous to the two lead actors , and the supporting players as well . there is only one aspect of zero day that troubled me . okay , so we can't fathom why the shooters would do what they did , but certainly one of the contributors was their anger . yet these boys don't really seem angry . they may say some things to indicate that they are , but in fact they didn't convince me that they had something inside them that compelled them to kill innocent people . but this still leaves me with the sense of why ? ? ? that director coccio wants me to have . anyway , rent or buy this movie , it will creep up on you and stay with you for a long time . the blair witch folks could only wish for the kind of success these guys had at making a mock documentary .",1,0
"a fondlyremembered melodrama thanks chiefly to ronald colman's fine oscarwinning central performance about an ofttreated theme the nature of acting and how it can overtake one's perception of reality . in this case , we have a wellknown thespian tackling shakespeare's othello , so that the film's last third delves effectively into the thriller genre with press agent edmond o'brien who happens to really be besotted with colman's costar and exwife signe hasso 'investigating' the actor's possible involvement in the desdemonalike strangling of a celebrityseeking waitress a very slim shelley winters . the theatricalnew york atmosphere of the immediate postwar era is vividly captured by the husbandandwife screen writing team of garson kanin and ruth gordon and legendary actor's director george cukor all of whom were recognized by the academy with nominations ; incidentally , the film nabbed a second oscar for miklos rozsa's eclectic score . colman , forever the suave leading man blessed besides with a velvety voice , does well enough by shakespeare gaining conviction the farther his character slips into obsessive jealousy , a murderous rage and , eventually , paranoia ; however , he is not let down by a supporting cast which also includes director ray collins , reporter millard mitchell , detective joe sawyer and coroner whit bissell . though the midsection is a bit strained , the film makes up for any deficiencies with a remarkablyhandled expressionist denouement .",1,0
"this movie is the best horror movie i have ever seen . the acting is terrible and the plot leaves a lot to be desired but the puppet gave me nightmares for weeks . seriously , if you have little kids don't let them see this . of course i am a little biased because of an irrational fear of puppets and midgets . also a body double cameo by the guy who does mini me verne troyer . and some gratuitous nudity , a must in any low budget horror movie . all other horror movies will forever be judged against this in my book .",1,0
"ah , a kellysinatra sailorsuit musical . so familiar , right ? yes , but this isn't the one you usually hear about . on the town's thataway . but if you stick around , you might learn something . okay , probably not . anyway , anchors aweigh tells the story of two sailors on a three or fourday leave . joe is the sea wolf and clarence , the bookish type , begs joe to get him a dame . now , after they're picked up by the coppers they get little donald home . that's where they meet susie , that temptress , that jezebel . just kidding ! clarence falls in love with her . at least he thinks he does . is he right ? or is he a moron ? or is he just misguided by society ? find out all this and more when you watch trumpet fanfare anchors aweigh ! br br p . s . if you want to see kathryn grayson be anything but sickeningly sweet , try kiss me kate 1953 .",1,0
"as a 'physically challenged' person god , how i hate that phrase i just happened to catch this on cable where there was absolutely nothing else to watch overall , it was a fantastic movie . yes , i was a little disappointed upon finding out that neither actor is disabled , and yes , i was a little disappointed that more of the movie wasn't filmed from the 'true' point of view of the disabled can you imagine what it's like always being the tallest person in the room and then having to live the rest of your life with a view of nothing but other people's asses and crotches ? having to always wait for the idiot to stop reading the newspaper in the only handicapped stall , enduring everyone else's rude bodily expulsions while you wait ? . and the scene with him driving the car was absolutely me ! been there , done that , literally . but the movie was true enough to matter while i've never lived in a home or assisted residence , there were plenty of times throughout the movie where i found myself nodding and saying to myself yeah , that's true . . . . that's happened to me . . . . what impressed me is that some of the commentors on this board expressed the fact that the movie made them view life a little differently and with a little more insight as the lives of a silent 'minority' can't ask more than that out of a movie , that it makes you think and view life differently , so by virtue of that alone , the movies was tremendously successful . should be required viewing of every kid in junior high school . br br pretty much for every person that's severely physically disabled , independence is one of , if not the most important focus of our daily lives , from working to socializing to recreating . for those of you who felt the movie was 'cliched , ' try living our life for a single day you'll see that the movie was 'cliched' because . . . . . it's true . the challenges the actors faced only skimmed the surface of what happens to us every day if we're lucky , we experience the same emotional and personal growth that the three characters including the girl did . every day presents obstacles for us to overcome it's just that there's no swelling , dramatic music to accompany our lives , unless it's in our ipods . . . . lol !",1,0
". . . . . whoops looks like it's gonna cost you a whopping 198 . 00 to buy a copy either dvd or video formatfrom itv direct . br br ouch . br br sorry about this , but imdb won't let me submit this comment unless it has at least 10 lines , so . . . . . . . . . . . br br blahblahblahblahblahblahblahblahblahblahblahblahblahblahblahblahblahblah blahblahblahblahblahblahblahblahblahblahblahblahblahblahblahblahblahblah blahblahblahblahblahblahblahblahblahblahblahblahblahblahblahblahblahblah blahblahblahblahblahblahblahblahblahblahblahblahblahblahblahblahblahblah blahblahblahblahblahblahblahblahblahblahblahblahblahblahblahblahblahblah blahblahblahblahblahblahblahblahblahblahblahblahblahblahblahblahblahblah blahblah ! ! br br",1,0
"that kid a is such a babe ; this movie was no titan a . e . of which it is in many ways modeled after but still came off as entertaining , the fact this lost to a piece of monkey crap like tomb raider makes wanna cry ; includes some of the most entertaining characters i've seen in disney film",1,0
"go , igor , go , you are the proof that slovenian films may , should and must be different . there's soul in it , and this is rare . don't let anybody put you down !",1,0
"i am quite the mitchell leisen fan so it was a great anticipation that i rented this movie but the print i got was extremely bad , so worn down from use and scorched seemingly beyond repair , the movie was so dark . so dark that in certain scenes that are cinematographed in the dark , you can't see a single thing . that said , i believe i share the same opinion as the first review of this movie . it starts out unusually and does not tote the lines and rhythms of your typical hollywood 30's movie . heck , not even your typical hollywod movie of any era . it seems the director has been influenced by the europeans because there is a certain caustic realism to the proceedings from the opening shot which is so crafted in camera movement and placement as maggie carole lombard and skid fred macmurray meet . you half expect them to start singing make believe from show boat . it starts with a few laughs and poor anthony in a one scene role where he speaks not a word of english gets slapped around by freddie . skids is a bum who doesn't care that he's a bum . that's why he signs up in the army where he can hide from the world . he's just been released though and in a set of screenplay shenanigans , she misses her boat for new york . this is when the movie kicks into high gear and we begin to get those french movie of the sixties vibes to the whole proceedings . the scenes are so well acted by lombard and cecil cunningham , the movie gains a pulse . macmurray is good too as he and lombard fall for each other as she nurtures his talent for the trumpet . then the temptress arrives in the form of dorothy lamour . enough with plot . the movie has fantastic montage sequences that dazzled me . they are very good . and lombard scores a home run in this movie but in the second half , a bit more is called of freddie and he fails to deliver the goods . with a heavily melodramatic ending and an actor you don't believe , the movie falls short but since it is not your typical movie in structure , set design , and direction . it is worth a look . for what is what it was one of the 37 hits of the 193637 season . i don't know its exact rank though .",1,0
"the 80's is largely considered the decade in which horror decided to have fun . sometimes , there were some definite brains behind it all evil dead ii , night of the creeps and return of the living dead for example and then there were those movies that were mindless but had a definite low rent charm and were perfect for a night with beer and friends . movies like pieces and blood diner stacked rental shelves in the 80's and 90's , offering little in intelligence or craftsmanship but plenty in dumb entertainment . kevin tenney's 1988 movie night of the demons is a part of this traditionstupid , poorly acted and not an original bone in it's body , but dammit if you don't have a good time . br br the plot is so simplistic it just had to come from the 80's a group of dumb teens played by a bunch of actors in their mid to late 20's decide to go to a party at hull house thrown by angela mimi kinkade and suzanne scream queen legend linnea quigley . well , angela and co . decide to throw a sance . this turns out to be as will arnett's arrested development character gob would call it , a huge mistake , because a demonic force soon possesses angela , and starts to get to the others as well . br br take the evil dead , a nightmare on elm street and your average dumb dead teen flick , throw them in a blender , and night of the demons is what you get . the movie is anything but original , and really , it's not a good movie . the whole thing is insanely derivative , the acting is terrible , the jokes often fall flat , the characters are annoying especially the character of stooge and the plot holes are numerous . that out of the way , it's still a lot of fun . so why ? br br well for one thing , the make up and gore effects are top notch , with some really memorable moments especially a nasty and just plane odd bit with a tube of lipstick that really stick out . it also rarely if ever takes itself too seriously , yet with the exception of some terrible puns , plays it straight and never wastes the audiences time with winking self awareness . plus , there's a definite energy and enthusiasm to the whole enterprise that's almost impossible to resist . yeah , it's nothing special , but it knows that , and it couldn't be more proud of that fact . it's a goofy party horror movie , and it never pretends to be anything more . br br it might not be a classic , but night of the demons is a good example of horror junk food done right . it might not be too memorable or original , but sometimes you don't want a fancy beer . sometimes you want a budweiser .",1,0
"while possibly the stupidest , most tasteless , and violent slapstick comedy ever made , guest house is also a very funny one . don't listen to the critics , they have no sense of humour . while the climax runs out of steam but not vomit , it's still a funny party movie . seven candles in the eye out of ten .",1,0
"after finishing the zero woman series , i was looking forward to the female prisoner scorpion series ; both based upon comics by tooru shinohara . unfortunately , i was not able to see them in order , as this is the third in the series . br br it starts great as the scorpion meiko kaji is escaping from the police . detective kondo mikio narita did manage to get a cuff on her , but she proceeded to cut off his arm and get away . if that isn't bad enough , later on a dog digs up the arm and is seen trotting down the street before finding a place to enjoy his treat . br br scorpion might as well go back to prison as life is no picnic on the outside . first , a local yakuza tanida v threatens to put her back if she doesn't put out ; and then the gang leader gets her when she gets rid of tanida . but , they don't hold her for long before she escapes and is looking for vengeance . br br soon they are dropping like flies . some certainly deserved it for wearing garish outfits with shirt collars so big they went all the way to the shoulder . the madam reisen lee turns herself in to avoid getting killed . br br the police arrive at her latest kill and trap her in the sewer . she's in there for a week and the cops find out that a friend yayoi watanabe has been supplying her with food . the story o yuki watanabe and her brother is a subplot that is very interesting , but only incidental to the movie . they try to burn her out , but this is the scorpion , and she has some unfinished business . br br not the usual mix of sex and violence , this is a slow tale that is beautiful throughout .",1,0
"it is often only after years pass that we can look back and see those stars who are truly stars . as that french film critic , whose name escapes me , said there is no garbo . there is no dietrich . there is only louise brooks ; and there is , thank heavens ! louise brooks ! this is the third of her european masterpieces . but it is also an exceptional film for being one , if not the , first french talkie , for following a script written by famed ren clair , for reportedly being finished the direction , that is by georg pabst , and for incorporating the voice of edith piaf before she was well known ! so much talent working on and in a film , how couldn't it turn out to be a masterpiece ? ! and that's what this film is . it's a shame louise brooks was blackballed by hollywood when she came back to the statesso much talent cast so arrogantly by the wayside ! in the film , in addition to getting to watch louise brooks in action , it's great to see pictures of paris ca . 1930 and to hear piaf's young voice . i never get tired of this film !",1,0
"i think that anybody whose dumb enough to risk being a wax dummy just so they can go to a football game or they don't want to leave their car to get stripped deserves whatever happens to them . br br the guy , wade who went to a barbershop and asked for the heman haircut wasn't my type , but there's this really cute scene of him having his eyebrows and facial hair waxed . that's a little too highmaintenance for me . br br also fun , but not my type is the fat guy in the big sunglasses who looks like elton john only gayer , but that whole plot goes nowhere ! br br blake was hot , i could see myself with him if he wasn't so into his girlfriend , who is a phony paris hilton in a bad wig no chihuahaua in her handbag , though but that would have been really precious . i don't think girls who look like that go to football games anyways . nick the car thief is the sexiest ! one of the best parts is where a football lands by him , and instead of throwing it back , he chucks his cigarette down and it burns the football . see , that's just the kind of guy he is . he has a sister who looks dumb borrowing his white wifebeater . her bra straps are showing for , like 12 the movie ! br br mostly you will just want to wax your legs and not ever go to football games after seeing this .",1,0
"this enjoyable eurowestern opens with a scene that predates a similar scene that sergio leone wanted to shoot for once upon a time in the west but couldn't persuade clint eastwood to appear in . three toughlooking gunfighters ride into a town . one is dressed like the man with no name in a poncho . another is dressed like colonel mortimer from for a few dollars more , and the third is garbed like django , except he rides a horse instead of pulls a coffin behind him with a machine gun in it . our hero meets them in main street behind a wagon loaded with three coffins . any gun can play is a spaghetti western with an injoke on spaghetti westerns since the hero here wipes out the three killers . aside from a little too much comedy , especially in the acrobatic fight sequences , this is an aboveaverage oater . br br the notorious mexican outlaw montero gilbert roland of barbarosa and his gang of triggerhappy pistoleros rob an army train transporting 300thousand dollars in gold coins across the frontier . director enzo g . castellari of inglorious bastards stages the hold up from a variety of camera angles that thrust you into the forefront of the action . the bandits seize the locomotive along with the coach carrying the gold and separate it from the rest of the train that houses the u . s . cavalry . while montero and his gunmen keep the cavalry pinned down , pajondo pedro sanchez of sabata commandeers the locomotive , kills the engineer and his crew and trundles it away , leaving the other pistoleros behind to fend for themselves . essentially , pajondo doublecrosses montero and steals the gold for himself . later , montero catches up with pajondo at the rio grande . before the bandit can reveal the whereabouts of the loot to montero , however , a cavalry sergeant shoots pajondo dead . before he dies , pajondo tells montero about a medallion that serves as a clue about where he stashed the treasure . the irate cavalry captain ivano staccioli of commandos imprisons montero , but he cannot loosen the bandit's tongue even after he uses his whip on him . infuriated by montero's reticence , the captain threatens to have the mexican shot if he doesn't talk . meanwhile , the jailers let a priest speak to montero , but he really isn't a priest . the sixgun toting stranger george hilton of the ruthless four masquerades as a man of the cloth and rescues montero from a firing squad . unfortunately , before montero is rescued , clayton edd byrnes of tv's 77 sunset strip takes the medallion away from him and keeps it for himself . clayton is the bank representative that was sent to safeguard the gold . he is horrified that the captain wants to shoot montero . clayton's career at the bank hinges on his ability to recover the gold . the stranger stages a fire at the fort to distract the firing squad and montero takes the captain as hostage and tries to escape , but the stranger shoots him off the horse . before the authorities can verify that montero is dead , the stranger claims the body for the handsome reward he will receive and he rides out with the captain's gracious thanks . no sooner have they left the fort than montero's men show up to rescue him from the stranger . from this point on , the stranger , montero , and clayton forge shortlived alliances among each other as they search for the gold . castellari and scenarist tito carpi , who has penned a number of spaghetti westerns such as a few dollars for django and another castellari oater seven winchesters for a massacre , rely on clever humor and surprise reversals to keep the action fresh and fastpaced . one cool scene has clayton seated at a table about to eat his meal when he hears some suspicious sounds from behind him . clayton pours his drink on the table and sees the gunmen behind him with holstered sixguns . br br any gun can play lives up to its title . in fact , many guns do play , and at least twenty or more corpses pile up before fadeout . this western isn't so much a parody as it is a knockoff of sergio leone's the good , the bad , and the ugly . mind you , bad guys and good guys fall as frequently as tenpins in a bowling alley , but their deaths aren't depicted in the brutal fashion of a leone western . any gun can play doesn't take itself as seriously as the aforementioned leone masterpiece . the three leads jockey back and forth for supremacy . each has a piece of the puzzle that will lead them to the treasure , but they refuse to share their information until the shoot'em up finale . lenser giovanni bergamini's colorful widescreen photography is spectacular , especially the opening shots of the train chuffing along railway tracks with distant mountain peaks rearing up dramatically in the background . another great shot occurs when montero tests the stranger's imperturbable calm . this scene happens after the stranger has rescued montero and the mexican's minions arrive to save their chieftain's bacon . confiscating the stranger's sixgun , montero takes aim at the ponchoclad tough guy and empties the revolver , placing his wellaimed bullets harmlessly in and around the unflinching gunslinger . bergamini , who photographed castellari's world war ii thriller inglorious bastards , frames the scene with the stranger in the background and his pistol in montero's hand in the foreground for a pleasing , threedimensional style shot . meanwhile , francesco de masi's lively orchestral soundtrack is as memorable for its own idiosyncratic melodies as ennio morricone's soundtracks were for the leone westerns . the opening song is reminiscent of a 1950's hollywood western with its catchy lyrics and guitar riffs . although it isn't a major spaghetti western , any gun can play is always entertaining nonsense with interesting plot twists and good performances , especially the indefatigable gilbert roland who was 62 years old at the time !",1,0
"directed by a veteran hollywood director henry king who began his career still in 1915 , love is a many splendored thing was one of his last great films . it was based on a bestseller by han suyin called simply a many splendored thing the phrase that was borrowed by the author from the poem the kingdom of god by francis thompson where that many splendored word love' was used in quite a different and rather transcendental context meaning the love of god . made in the 50s , the film marked along with works by such directors as douglas sirk and vincente minnelli a sort of renascence of melodrama , its florescence and reaching yet again a peak of popularity . br br the story begins when a handsome american reporter mark elliott played by william holden yet once again typecast in one of his irresistible playboy' roles comes to the hong kong and meets there a young and pretty han suyin jennifer jones of halfchinese halfenglish origin who is working as a doctor at a hospital and whose husband was recently killed by the chinese communists . instantly mark feels a rather strong attraction towards her but at the beginning his deep feelings are not quite reciprocated by han's heart left cold after the death of her husband i believe in human heart now only as a doctor' . but very soon she yields to the persistent courting of tempting as hell mark and both of them enter a passionate relationship apparently stoppable by nothing , even by the fact that mark is unhappily married and his wife doesn't want to give him a divorce or social differences and prejudices caused by han's chinese origin . but still it's the fate that has a final word to say in determining the fairness of the eternalness of such a blissful loving relationship for no matter how enduring the two assume it to be the merciless time is waiting in a rather alarming form of death , prepared at any given moment to prove its impermanence . br br undoubtedly one of the most romantic films ever made , love is a many splendored thing features fine performances from william holden and jennifer jones , wonderful academy award winning musical score by alfred newman and extremely romantic , touching , heartwarming but ultimately heartbreaking story . don't miss that many splendored film . 810br br",1,0
"when i first heard about the title , i thought of 'the simpsons' , just like so many other reviewers , but when i saw the cast , i was completely stunned , that so many great characteractors would actually be in this ! first of all , we have christopher walken deer hunter , pulp fiction , who plays the title character , mcbain . he is rescued from a vietnam powcamp by some of his buddies , one of which is santos chick vennera , yanks , who splits a hundred dollar bill with mcbain vietnam soldiers are loaded with cash apparently , and tells him that he can redo the favor to him , if he ever gets into trouble . br br then , 18 years later , santos and his sister christina maria conchita alonso , the running man , predator 2 join the rebels in colombia trying to get rid of their evil dictator , el presidente victor argo , taxi driver , king of new york , and when santos fails the mission , christina goes to mcbain for help . br br mcbain then asks his good ol' vietnam buddies to help him . first there's the token tough black guy , eastland , played by american ninja's steve james , who was also in director james glickenhaus' previous movie , the exterminator , where the exterminator's real name also was eastland , coincidence ? i think not . there is also a lot of other references to the exterminator , among other things , the most notable one being that mcbain himself wears a weldersmask when christina sees him for the first time , when he is working on a weldingjob on top of a bridge ! br br the other guys in the vietnampack are the rich guy who can afford all sorts of equipment for the team , frank bruce michael ironside , total recall , starship troopers , and then there's the doc , dalton , played by jay patterson , who doesn't look like the guy the imdb is linking to , and i haven't seen him in other movies , so who knows , and last but not least , there's the cop , gill , who has had enough of his unsatisfying job , he's played by thomas g . waites , who some of us might remember from the warriors and the thing . br br and in other big roles , we find luis guzmn boogie nights , carlito's way , as a smalltime drugdealer who can't get a decent job . also , there is dick boccelli as the drugdealing kingpin who gets hung up in a crane on top of a roof by the mcbaingang , almost exactly in the same way he got hung up over a meatgrinder by john eastland in the exterminatormovie ! now , i haven't seen glickenhaus' shakedownblue jean cop yet , but i'm almost ready to bet half a hundreddollar bill that boccelli gets hung up in that movie too ! br br well , back to the plot of this movie . . they go off to colombia and saves the day , yay ! but who cares about the plot anyway , the cast is great , and the actionscenes are very well done , and you're never bored while watching this movie ! highly recommended to all actionlovers !",1,0
"punishment park is a pseudodocumentary made by peter watkins . the premise is that the nation's dissidents hippies , musicians , protesters , pacifists , etc . are being rounded up and tried by a tribunal and then given the choice of prison or running the course of punishment park . it's a 52 mile grueling trek through the desert to an american flag , with police , national guard , and various other authority figures in pursuit . the idea is , that if you make it to the flag , you're set free . the tribunal consists of a bunch of conservative types , all condemning any behavior that is not like their own , and there is no result except a prison sentence or the option of punishment park for any of those on trial . there are a lot of things in this that still ring true today , which is quite disturbing in itself . the people running the course are promised water at the halfway point , which isn't true , and the pursuing officials are mostly a sadistic bunch that are just out for a bit of target practice . this is not a very graphic film but it's more shocking in its ideas and themes than anything else . the scary thing is , it could happen . not a very upbeat film but definitely worth seeing . warning it might make you angry . 9 out of 10 .",1,0
"there have been a lot of zorro films made over the decades , but it's a shame that one of the best is probably one of the least seen . br br zorro's fighting legion is a bit different from other zorro films . first off , it's a republic serial in 12 chapters . and this time , zorro is not played by a top studio star like douglas fairbanks , tyrone power or antonio banderas but instead by workmanlike actor reed hadley . while hadley does not cast as strong a presence over the proceedings as those other , he does an adequate job , helped by the fact that he is not the sole hero here ; as the title implies , he has a fighting legion to call upon . br br another big difference is that the setting isn't california . the story here take place in central mexico in 1824 where a man posing as a living god incites the indigenous indian population and a band of outlaws to aid him in his plan to overthrow the newly established mexican republic . something , zorro , and a handful of followers plan to do anything they can to stop . br br don't get me wrong , there is at least one incredibly cheesy moment per episode , from corny twang bow sound effects to ludicrous acting . but overall , this represents one of the best republic serials of all time , and probably the best zorro one . br br the plot is stronger than most serials and never becomes incomprehensible or meandering . , and there's lots of great action fans of the indiana jones movies will notice many bits borrowed from this serial .",1,0
"i could write a big enough comment on any one of the characters in gundam wing , they could each lead the series with their internal conflicts . instead we get 8 great leads that take us through 49 golden episodes of anime bliss . br br it contains dialogue that you can roll around in your head for months . . . years , and then go back to and derive new meaning from , a masterpiece in script writing even though it has the typical anime trait of there being a disparity between subtitles and english dub . it has an abundance of concepts and philosophies that make you think about your own views . br br the relationships between the cold unfeeling males and loving female characters is a stand alone aspect of this series . the relationship between heero and relena , and milliardo and noin are joys to watch . the apparent rejection of the male is underpinned with an inner turmoil that makes the love a word never mentioned in the series of the women necessary for them in their harsh soldier environment . the women are chasing aspects of the men that we rarely , if at all see , which makes the leading men all the more enigmatic . it takes heero all of the 49 episodes to show some caring , but he gets there , and when he does , its a big pay off . br br and then there's the giant robot fighting . fun to watch awesome sequences as good as any hollywood epic fight scene . any less clued up person would see giant robot fighting as a silly cartoon function for kids , as has become clear when i'm trying to recommend this series to my friends , but they're wrong . many of the giant robot fights in gundam wing contain a hefty dose of pathos , usually concerning young rebels fighting for what they believe in against an oppressive society making their beliefs obsolete . br br the constant shifts in tone and emphasis through each episode makes gundam wing impossible to be boring , it is a captivating , thought provoking study on the potential of the human mind and body .",1,0
"mighty like a moose is one of many short films director leo mccarey did starring charley chase . what a dandy it is ! charlie and his wife both undergo plastic surgery to improve their hideous appearances unbeknownest to each other . they then meet at a party and become smitten with each other . now they can't allow each other to find out they're cheating . that's the preposterous premise of this frantic farce . vivien oakland , one of the few comic short leads to have a flourishing career long after the silents , is perfect as charley's long of nose wife . charley has an awful case of buck teeth , which are quickly dispatched at the dentist's . after a party is raided by police for no other reason then to practice raids , charley and his wife frantically try avoiding each other at home for fear the alterations in appearances become known . both have been photographed with their new features at the party . the hilarity back home culminates in charley trying to teach the nogoodnick cheating with his wife a lesson . the nogoodnick of course is the new charley , which his wife comes to realize long before charley teaches a lesson in faithfulness . this is one of charley chase's better efforts . of 4 stars .",1,0
"the first featurelength adventure of jim henson's beloved muppet characters is a very competent musical comedy vehicle as kermit the frog leaves his carefree , swampy surroundings for the bright lights egged on by stranded hollywood agent dom deluise who overheard him singing ; on the way , he meets fozzie bear a pitiful standup comedian at james coburn's el sleazo caf who has telly savalas for a bouncer and madeline kahn a patron ! , the pianoplaying dog rowlf , bestial drummer animal and his laidback , funky band , egomaniacal beauty queen miss piggy in a ceremony presided over by elliott gould and edgar bergen , etc . all the while , kermit et al are pursued by frogleg burger magnate charles durning and reluctant acolyte austin pendleton , sold cars , ice cream and balloons to by , respectively , milton berle , bob hope and richard pryor , served food by insolent waiter steve martin , nearly brainwashed by mad german scientist mel brooks and , finally , land an audition in the offices of movie mogul orson welles who has cloris leachman for a secretary ! the pleasant song score comes courtesy of paul williams who also makes an appearance as the resident pianist at el sleazo's . for the record , i have recently acquired four of the subsequent muppet movies and should be watching them in the weeks to come when their turn falls due .",1,0
"this well conceived and carefully researched documentary outlines the appalling case of the chagos islanders , who , it shows , between 1969 and 1971 , were forcibly deported en masse from their homeland through the collusion of the british and american governments . angloamerican policy makers chose to so act due to their perception that the islands would be strategically vital bases for controlling the indian ocean through the projection of aerial and naval power . at a time during the cold war when most newly independent postcolonial states were moving away from the western orbit , it seems british and american officials rather felt that allowing the islanders to decide the fate of the islands was not a viable option . instead they chose to effect the wholesale forcible removal of the native population . the film shows that no provision was made for the islanders at the point of their ejection , and that from the dockside in mauritius where they were left , the displaced chagossian community fell into three decades of privation , and in these new circumstances , beset by homesickness , they suffered substantially accelerated rates of death . br br following the passage of more than three decades , however , in recent months and years , following the release of many utterly damning papers from britain's public record office one rather suspects that there was some mistake , and these papers were not supposed to have ever been made public , resultant legal appeals by the chagossian community in exile have seen british courts consistently find in favour of the islanders and against the british state . as such , the astonishing and troubling conclusions drawn out in the film can only reasonably be seen as proved . nevertheless , the governments of great britain and the united states have thus far made no commitment to return the islands to what the courts have definitively concluded are the rightful inhabitants . this is a very worthwhile film for anyone to see , but it is an important one for britons and americans to watch . to be silent in the face of these facts is to be complicit in a thoroughly ugly crime .",1,0
"this movie is the only movie to feature a scene in which michael jackson wields a tommy gun . plain and simple . br br this movie rocks because it is freaking' hilarious ! it may be creepy to see jacko w little kids , but this movie also stars . . . . . . . . . . . . . . . . . . . . . . . . . . . . . . . . . . . . . . . . . . wait for it , . . . . . . . . . . . . . . . . . . . . . br br joe pesci ! ! ! ! ! ! ! ! ! ! ! ! ! ! ! ! ! ! ! ! ! br br think about it , joe pesci and jacko with tommy guns , throwing coins into jukeboxes from 20 feet away ? whats not to like ? as stated before , this movie rocks ! ! ! ! ! ! ! ! ! ! ! ! ! ! ! ! ! ! ! ! ! ! ! ! ! ! ! ! ! ! ! ! ! ! ! ! ! ! ! ! ! ! ! ! ! ! ! ! ! ! ! ! ! ! ! ! ! ! ! ! ! ! ! ! ! ! ! ! ! ! ! ! ! ! ! ! ! ! ! ! ! ! ! ! ! ! ! ! ! ! ! ! ! ! ! ! ! ! ! ! ! ! ! ! ! ! ! ! ! ! ! ! ! ! ! ! ! ! ! ! ! ! ! ! ! ! ! ! ! ! ! ! ! ! ! ! ! !",1,0
"i was worried that my daughter might get the wrong idea . i think the darkheart character is a little on the rough side and i don't like the way he shapeshifts into a mean frog , fox , boy i was wrong , this movie was made for my kid , not for me . she gets it when it went over under ? my head . of course i don't get it . this isn't one of the new kids movies that adults will also enjoy . this is straight for the young ones , and the crew knew what they were doing . there isn't any political junk ether . there's no magic key that will save the world from ourselves , nobody has the right to access excess , and everyone isn't happy all the time . and as a side benefit , nobody dies ! russwill .",1,0
"scientist working frantically in seclusion finds a way to locate the impact crater of a meteor carrying a new radioactive element . all pseudoscience and breakthrough technology talks of the 1930s are right there , including the idea that radioactivity could heal any illness if properly harnessed . when he summons his rivals who had cast him out of the scientific community and ridiculed him to witness his discovery , they propose a 'joint' expedition to africa . . . of course they end up stealing much of dr . rukh's original discovery , giving him only residual credit . in addition to that , an effeminate weakling who looks like a supporting comedy actor from the worst abbotcostello lawton literally steals dr . rukh's young trophy wife drake , who falls head over heels for that scrap of a human being . having grown horns like a deer wasn't going to make dr . rukh karloff any friendlier , so he embarks in an undercover revenge mission . . . killing 2 of his foes and friendly dr . benet lugosi , the only one who had helped him . . . finally succumbing to the deadly radiations that had allowed him to embark in his revenge to start with but to my utmost dissatisfaction sparing the adulteress and that poor excuse for a human being she had married . acting is mostly fine , with karloff lugosi being very good . check the hysterical chambermaid scene . . . other characters aren't worth mentioning . . . recommended , much like all old universal horrors . . .",1,0
this did for crime what not another teen movie did for school . i laughed all the way through as 2 inept gangs warred with each other and among themselves . an unsubtle comedy using overt jokes and gags that kept me rolling all the way . i suppose the biggest gag in the entire film was that time never seemed to go forward leaving the characters trapped in the 30's .,1,0
"an imagination is a terrible thing to waste . . . especially when you have talented actors . writerdirector jones wastes no time in siding the viewer with his protagonist . br br anyone who has shared an apartment with a slob will be crying with laughter . anyone who has arrived while a meter maid places a ticket on your windshield will just plain cry . we've all wanted to rip a terrible toupee off a man's head . these are only snippets of what's in store when watching cross eyed , a heartfelt film that should be a stepping stone for jones and his wry sense of humor both in front and behind the camera .",1,0
"read a biography of the late george c . scott and you'll discover why he was so enormously talent . he was asked by an interviewer what his secret was when making each character he played his own . scott replied , he possessed inside him a burning fire which drove him . in one of his last interviewers , he sadly revealed he had lost the drive . this was not the case when he starred in the movie , the hospital . in this offering , he plays talented doctor bock , medical director of one of the finest hospitals in the country . however , life has dealt him some crippling problems , such as losing his wife to a divorce , becoming alienated from both his promising children and worse of all , believing himself to be physically impotent . at this point , he is now becoming complacent , morose and frequently fantasizes various ways of committing suicide . to add to his growing list of personal obstacles , his main reason for being , his hospital has come under siege by students and neighborhood protesters , incompetent doctors like dr . welbeck richard dysart and a mysterious md . who is killing both patients and doctors alike , because he believes he is the wrath of the lamb . barnard hughes . few choices are left to bock . one is promising doctor brubaker robert walden whom he confides in by saying , if there were an oven around here , i would put my head in it . the second is a luscious young woman , named barbara who is attracted to bock because he acts like a wounded bear . paddy chayefsky wrote the screenplay and arthur hiller did an extremely good job of directing this dramatically interesting , dark story , but a vehicle nonetheless , lit by the fire of george c . scott .",1,0
"hysterically painful ; perhaps the kind of movie chekhov would have made had he made movies . what's really funny is that the two cousins have so very much in common many descriptions of their relationship on this site are dead wrong . br br what's really funny and uncomfortable about these characters is that they just can't bring themselves to talk to each other or anyone else ! it's horrible . if you've ever been too shy , worried , selfinvolved , or just plain scared to talk to someone and who hasn't ? you'll definitely see yourself in this film . and it won't be pretty . br br it holds a mirror up to the audience and says , if you don't like what you see . . . change it .",1,0
"demonicus is a movie turned into a video game ! i just love the story and the things that goes on in the film . it is a bfilm ofcourse but that doesnt bother one bit because its made just right and the music was rad ! horror and sword fight freaks , buy this movie now !",1,0
"the bevy of box office big league stars is phenomenal in this movie ! ! william baldwin , kiefer sutherland , kevin bacon and julia roberts ! ! this movie was made in one of my favorite years too , 1990 ! ! i am a chicagoan , and the setting in chicago was very identifiable and artistically expedited as well ! ! i liked this movie , and the agitation which motivated the climax in this picture was a powerful element to the plot which was utterly sensational ! ! br br flatliners centers around a group of disgruntled premed students who want to be flat lined as a way of attaining some sort of societal vindication ! ! when life does not make sense , it would appear very illogical to get curious about apocalyptic nightmares ! ! at the same time , once their desultory curiosity has gotten the better of them , there is no turning back ! ! the king of the hill , so to speak is the one who vehemently shouts i will do two minutes ! ! who else is going to do that ! ! anyone want to try for two and a half ! ! ultimately , all of these newly arrived and very unwelcome recriminations now have an extremely ubiquitous disposition in these re probate's lives ! ! the consummation to their justified or unjustified pathos required a full 360 degree perspective on the issues they were agonizing over ! ! whatever purpose all of this reckless and academic chicanery serves , it is definitely an original approach for asserting your personality ! ! i liked this movie , 1990 was a good year for me too , things seemed to fall into place that year ! ! when i saw this movie some night in november during the year 1990 , i was very glad that i did ! !",1,0
"in this film , made just as the production code was being enforced , jean harlow is eadie , and patsy kelly is the wisecracking , manchasing sidekick kitty . girl from missouri starts out with the girls getting on a train , with eadie making a promise to herself to earn money while looking for a millionaire husband , staying wholesome in the process . it doesn't take her long to meet up with frank cousins , lewis stone , was the kindly doctor in grand hotel , as well as judge hardy in the andy hardy films . , but all is not as it seems . . . the censors must have loved harlow's line a girl couldn't accept an expensive gift like that from a gentleman unless she was engaged . later , someone says you know we've never been alone together and eadie replies yeah , and we're not going to be ! lionel barrymore is t . r . paige , another rich , uppercrust who comes to her rescue when trouble comes looking for eadie . at one point , paige declares you oughta scratch me off your list i'm not a ladies man . . . . i wonder what that line would have been just a couple years earlier before the hayes code came rolling into town . what was he really saying ? carol tevis seems to be the highpitched baby talker as listed in the credits on imdb . looks like she was only in showbiz from 1931 1939 , with munchkin in wizard of oz being the last part she played . fun , cleancut romp as the girls chase men around the country . look for nat pendleton as the lifeguard , who was an olympic wrestler 1920 silver medal winner turned film star he was in many of the dr . kildares , and would appear in four of harlow's films . mistaken identity , plot twists , a young franchot tone , love stories , even jean harlow in a bathing suit in palm beach , although the outdoor scenes of downtown appear to be a backdrop .",1,0
"rene clair's groundbreaking musical . if you want to see where songs first drove a story this is the place . this is the story of a starving young artist who finds he's won the lottery just as his creditors come calling . unfortunately his ticket is in his coat , which is in his girlfriends apartment and has been given to an on the run convict who then . . . oh but that would be telling . br br this is a light and frothy story where much of the dialog is sung most people think this didn't happen until oklahoma or andrew lloyd webber . its the sort of movie that they don't make any more , and rarely did when they did . its sound a film from the early days that plays like a movie from five or six years later . clair moves his camera around in ways that not even busby berkeley was doing though to be honest comparing the two film makers is unfair since berkeley was doing essentially stage bound dance numbers and clair was moving the camera through the real world . its an amazing little movie . and its a charming movie that will just make you smile . its just a fluffy piece of enjoyment . br br i'm sorry i can't say more . its just a nice little movie and thats really all you need to know .",1,0
"this is no walk in the park . i saw this when it came out , and haven't had the guts to watch it again . you will never see a more horrifyingly devastating or depressing movie . i felt like i'd been severely beaten . what kind of world are we living in when we have children who are treated worse than garbage ? this is our world , what we have created , what we have allowed to happen . and i would hesitate to say that imewe are not responsible for this . babenco made this film to wake us up , to shake us to our very core , and he succeeded . how can we be cruel , or selfindulgent , or neglectful of our children , when we see the graphic results of such behavior ? he is pointing a finger of accusation at us all for doing this to the lowliest and least powerful of our society . and if you aren't doing something each day to prevent it , then you are part of the problem . i am not a religious fanatic , but this movie made me think about the state of my soul .",1,0
"how anyone can say this is bad is beyond me . i loved this show before i even saw it . for 3 reasons , 1 . the story intrigued me , 2 . jessica alba and 3 . james cameron ! please ignore the bad comments and please watch the whole first season before you decide that it's bad because i know that if you watch the first season you will love it and go out and buy season 1 as well as season 2 on dvd and then join the campaign to get season 3 made ! br br i hate fox and i'm sure a lot of you dark angel fans hate them too . they have a thing for canning good shows ! don't you all agree ?",1,0
"excellent , precode amoral tale with barbara stanwyck as the newly inspired by writings of nietzsche ! to drive out her sensitivities and exploit herself , use men to her advantage . not really fair on the german philosopher but interesting that this was the year hitler came to power . stanwyck , even in this young version doesn't do a lot for me but she certainly performs well here , ever driving herself and the film forward . not as much flesh on display here as one might have expected but plenty of risqu situations and astonishing quips and innuendo . great fun , if not a particularly attractive presentation of men and i suppose in all honesty not a very attractive view of the gold digging female . still , that's life !",1,0
billy and jade had a very close relationship that went to far one evening even though billy was sleeping with jade's mother . jade has to deal with the fact that her mother may never know and that it will never happen again . billy is played by rob estes who couldn't have looked better . lifetime tv has made another movie that everyone is bound to like .,1,0
"having watched the show for about four weeks , which is enough to get a feel for the show , i think it shows potential . whilst much is borrowed from other shows what scifi doesn't these days , and the characters are stereotyped , i like what they are doing with the stories . there is some continuity with plot development and character interactionrelationship building , despite the essentially modular nature of each episode . there have been some science related topics explored as well as character secretweakness revelations . these have also added some comedy to the show , something i would gladly see more of in serious scifi . in all , this makes for good balance , such that can appeal to larger groups of people , unlike the star trek vs babylon 5 debates i've been numerous participant and witness to . the visual aspects of the show are more than adequate , and well budgeted for a first season . the acting is acceptable , and i am curious to see how well the actors manage to grow their characters out of their scripted stereotypes . i see enough positives and potential to remain interested in seeing where the show wants to go . . .",1,0
"well i was a teenager when i saw the movie . . the songs were a huge hit but the elite class skipped govinda movies back then coz watching govinda and karishma aka karizma movies were not the in thing for that 'class' but anyways a lot of people liked it as the series of these movies rocked the 90's through out and most of them were successful . . today i was watching it again after a long time and i remembered , there was a long que of people and the riot they created when the a aa e uo uo o song came on screen . . . . the dresses of govinda and karishma were complimentary to each otherthe worst dressing duo of that time well karisma in the late 90's transformed but govinda has still been very faithful to his designer as his dress sense remains the same . . . but back then it all blended it was all good . . everything worked and slowly the elite class realized what fun it was missing and then . . . . . there was no looking back for this jodi as it went on n on making those indian carry on series . . hated by a few but loved by the masses . br br if you are looking for a good time with nothing to do rent it or watch it on tv i don't think you will regret it . . . but remember its the worst at its best . . br br still i watch those movies when i get time coz i cant stop laughing . . . so i say go ahead and have a good time as there are times when we all love stupidity and specially when its done by the kings of their times it surely is watchable . . . i recommend it to all movie lovers . . .",1,0
"they both believed that a hidden sentiment has unified them . this certitude is beautiful , but the incertitude is more beautiful . they believed that they had never been met . nothing has happened between them . but those roads , those stairs , those corridors for all that time they could have been met . although it did not mean to be , it was a swan song . two young people , who are neighbors and have never been met , are found in the same places , the same times , doing most of the times the same things . they finally meet in the dramatic and very brilliant end that brings them together . meanwhile the woman has met an old man . their relation is brotherhoodlike . he told her his life . it was like the young one's but with better prospectives . the young man can do whatever the old man has not lived . he can be happy with the woman . the ending is exceptional . there is a ship wreck . the only survivors are the heros of the three colors . the man and the woman finally meet . the scene lasts a few seconds . the woman there looks like the photo she had taken for an ad in the beginning of the film ; sad in a red fond . but every start is only the continue . the book of the life is opened in the middle .",1,0
"this is a film that on the surface would seem to be all about j . edgar hoover giving himself a a big pat on the back for fighting klansmen , going after indian killers , hunting the famous gangsters of the 1930's , fighting nazi's in the us and south america during world war 2 and commies in new york during the early 1950's . of course in 1959 we did not know about mr . hoover's obsession for keeping secret files on honest americans , bugging people like the rev . martin luther king , jr , but worst of all , his secret love affair with his deputy director , clyde tolson if you want to know more about that subject , i suggest seeing the film citizen cohn . hoover aside , this story of a life in the fbi as told by jimmy stewart makes for a decent , but dated film . vera miles as his devoted wife is also good . but jimmy is the movie . as much as hoover controlled production and always made sure the fbi was seen without fault , jimmy stewart gave the film a human side , quite an achievement considering hoover was always looking over his shoulder . the background score is also pleasant . i have read recent online articles suggesting that this is a forgotten film . jimmy stewart was one of the greatest film stars of all time and none of his films should be forgotten . tcm was the last network to show it a long time ago and i hope they show it again .",1,0
"i thought i was going to watch another friday the 13th or a halloween rip off , but i was surprised , it's about 3 psycho kids who kill , there's not too many movies like that , i can think of mikey , children of the corn and a few others , it's not the greatest horror movie but it's a least worth a rent .",1,0
"i have great memories of this movie . . . br br i was only 12 when it was released and it scared the bejesus out of me . i really miss my bejesus . . . br br zombies , graveyards , mausoleums , how can you go wrong ? it's like phantasm's retarded cousin . br br this movie was released 1 year before the pg13 rating was instituted . br br i submit that one dark night is the goriest pg movie not scariest , mind you that has ever been released . br br can anyone come up with a gorier pick ? br br fyi i don't consider poltergeist to be gorier . . . scarier , yes . but not gorier . . .",1,0
"i almost didn't rent this because of all the bad comments but did anyways . i thought it was similar to darkness falls which i also liked . the only part i hated about the tooth ferry was the 2 red neck brothers at the gas station . they were funny and the dialog made me laugh but this was not a comedy . it ruined the movie a bit for me because it was unnecessary . the rest of the movie was the way a horror or suspense film should be . the makeup was good and i have seen way worse movies then this one . it was a simple story with believable acting . it's not the scariest or goriest movie , but i wasn't ticked off or wanting a refund after watching it . on the dvd there was previews of other movies that all look good and i'm gonna check them out .",1,0
"i rented this for my son who is recently found interest in 911 . he was a kindergartener at the time and had no idea what was unfolding . i liked the way it was told as a documentary . if there was one movie that i would recommend to see concerning 911 , this would be the one ! normally you see a movie it has actors that are well known . this movie had nobody known . also , you see a movie concerning 911 , you hear about a firefighter or two losing their lives saving people . i didn't feel this had any of that ! i only rented this movie and would definitely consider adding it to my collection ! very well done indeed ! my heart goes out to the survivors and families of victims of 911 !",1,0
"this film was enjoyable but for the wrong reasons . the coordination of the action sequences are laughable and make the film have some funny slap stick moments . robert ginty and fred williamson have a memorable scene together near the end , where williamson says to ginty , you sure do get around buddy boy ! . i did enjoy this film only for ginty and williamson , but not for the storyline that must have been written on the back of a napkin in four lines and the rest adlibbed most likely . a film with over 30 parts only has a credit list for 10 or so . it seems odd that no one else has a credit in the film , maybe they had some insight into how the finished product would look . the one thing this film does have going for it is that it is quite violent , so that tripled with fred williamson and robert ginty make for a film worth seeing .",1,0
"i think that mario van peebles movie posse is a very important film . it is an excellent entry point film to a side of history many are not aware of . this is a story of early black settlers , cow boys and infantrymen returning from the spanishamerican war with a cache of gold . the main character peebles is haunted by memories of his murdered father . the racism applied to the new black settlers and infantryman is explored in this film with excellent casting including melvin van peebles marios father , billy zane , stephen baldwin and a wonderful performance by big daddy kane . br br one senses that peeples strived to use as many notable black and some not so notable smile actors as possible perhaps too many , some notable persons issac hayes , pamela grier are only scene in cameo , others briefly such as tone loc . the sentiment and efforts of peebles efforts to expose these actors will be understood by some . the large cast a feat for any director work well and do a good job of telling the story in the classic revenge and fight vs justice western . br br most noteworthy was the wonderful narrative role of veteran actor woody strode from once upon a time in the west , who's own life was a barrierbreaker , within the context of a previous era not yet completed faded from memory . no other actor could have done this role better . read the minibio on woody strode here as a primer httpimdb . comnamenm0834754bio br br the film does a good job of balancing action with a bit of sardonic humour . the dialog was excellent if a bit contemporary ! and as others have mentioned the profanity was not accurate to that period . the sex scene was a bit much not really needed . there are some historical inaccuracies such as the seeming electronic branding of the cattle etc . but posse is a good effort to hopefully open the door for more historical and creative works reflective of other untold stories and events . the actual photos of real cowboys at the end credits was very nice touch .",1,0
"grey gardens is shocking , amusing , sad and mesmerizing . i watched in amazement as ediths jr . and sr . bickered and performed while reminiscing of their past . their existence in a dilapidated mansion , which they had not left for more than fifteen years is both a comedy and a tragedy . this is a film you will not soon forget .",1,0
"noel coward is perfectly cast as a suave , vain , selfish well educated , upper class publisher . the literary crowd that congregates at his office is equally lacking in depth and seems concerned only with their status and success . they constantly meet at noel coward's publishing office in the hope of gaining favor for their next book and to make sure they are not left out on the latest gossip in the artistic realm . br br cora is a young idealist and poet who believes her love can change noel coward and that they can establish a long lasting relationship . she ends her relationship with her fianc to become noel's lover . however noel returns to his playboy ways after 6 months and ends the relationship . this breaks cora's heart and she eventually returns to her fianc who has since lost his job and self respect after losing cora . br br the story picks up when noel coward leaves new york city by plane chasing after a new lover , a concert pianist who is just as shallow as he is . however a storm is encountered and the plane crashes into the sea killing noel . god takes pity on him and grants him one month on earth to find someone who will cry for him , otherwise he is condemned to wander the earth , never to find rest , for all eternity . br br the climax takes place on a dim , rainy night and ends with a prayer and a miracle . a strange redemption occurs . the death experience teaches noel the true values of life , although his former associate artists are incapable of understanding his message . br br the film has beautiful music and the scenes are classic film noir . unfortunately it is not on dvd or vhs . for those who enjoy this type of movie it is a classic masterpiece . noel coward's dialog is sharp and witty and no one could play the part better .",1,0
"overall , a well done movie . there were the parts that made me wince , and there were the parts that i threw my hands up at , but i came away with something more than i gone in with . br br i think the movie suffers from some serious excess ambition . without spoiling it , let me say that the obvious references to the trial by fire in ramayana , is way beyond what this movie stands for . the ramayana is an epic . not a 200 page book that puts down women in india . the movie is about two girls married into a very distinctive indian family . while the basic tenets of the unwritten laws of the family tradition seem to be that of conservative india , let me assure my reader that i having lived in delhi for 12 years found entire parts that just did not ring those bells . i mean some things and some actions are very true , but some other stuff is just way off the mark . especially today . br br delhi is complicated . india is complicated . the director tries to simplify both . and fails pretty miserably at that . br br why in english ? can you imagine a movie about american indians in english . or the french speaking in english . seriously jarring . even the servant spoke in fluent accented english albeit with a hint of colloquialisms in the language for believability . br br but the chemistry between the leads is palpable . if you like it hot , this is a movie for you . i think that is the biggest saving grace the development of a true real life love story . br br if this film was about radha and sita , then it would have got full marks from me . and in being about them , it could have made a subtle statement . but this movie goes out there to say this is what india is , and this is what indian society is like . and in that respect it succeeds as much as it fails . just take everything you see with a pinch of salt . the dark secrets of india are not being revealed . just two girls are falling in love . just like it happens everywhere else .",1,0
"since douglas macarthur affected more human livesfor the betterthan any other american not elected president , he deserved a better film biography . not that universal's macarthur is bad . it's just not all it should have been . br br oddly enough , the potential was there . from the very early star trek episode the corbomite maneuver 1966 to the recent hbo films something the lord made 2oo4 and warm springs 2oo5 , director joseph sargent has emerged as one of the most expressively human directors in film , a man capable of subtly shaping the emotional shadings of his actors' performances , and carrying the audience exactly where he wants them to go . the producer , frank mccarthy , also gave us patton 197o , the legendary jerry goldsmith scored both films , and universal widely touted the fact that the film was four years in preparation and production . yet for all of this , macarthur is perfectly adequateand not much more than that . br br the film begins in early 1942 , shortly before the beleaguered general was orderedby president franklin d . roosevelt dan o'herlihyto flee the philippines to avoid capture by the japanese . thus , this film omits br br macarthur's birth in 188o in a frontier barracks in arkansas still subject to attack by native american tribesmenthus establishing that his remarkable life spanned the distance from bowsandarrows to thermonuclear weapons ; br br his graduation from west pointfirst in a class of 95 , br br how he joined his famous father , general arthur macarthur who had earned the medal of honor at missionary ridge in the civil war on assignments in japan , china and , most importantly , in the philippines ; br br his heroic exploits in the 1914 excursion into vera cruz ; br br how he leaped about the trenches of world war one like a mountain goat , often wounded , and promoted with blinding speed to brigadier general ; br br his postwar service as west point's youngestand most progressivecommandant ; br br his participation in the courtmartial of billy mitchell in 1924 ; br br his routing of the bonus marchers in 1932 ; br br his efforts to sustain a woefullyunderfunded army as chief of staff in the early 193o's ; br br his retirement from the u . s . army to become field marshal ! of the army of the philippines ; br br and the reactivation of his commission by fdr shortly before the outbreak of the second world war . br br all this is omitted in favor of prolonged footage of macarthur trying to fight off seasickness while being evacuated by pt boatthus , we know that general mac is a legend , but not why ; nor can we appreciate why the allegations of cowardice were so wounding to dugout dougand so patently unfounded . br br the remainder of his career is presently straightforwardly his islandhopping hit 'em where they ain't campaign , the fulfillment of his pledge to the filipinos i shall return ! his crowning achievement , the winning of the peace in postwar japan , then the difference of opinion with president harry truman a properly feisty ed flanders over the conduct of the korean conflict which resulted in his outright firing , and finally , his proclamation to congress that old soldierssimply fade away , after which he did just that . all quite historically accurate , and all presented with a very deliberate lack of commentary . br br sargent and the producers almost painfully distance themselves from adorning the historical record with their own approval or disapproval if macarthur's actions appear noble , let them be presented as such ; if they appear egotistical or bombastic , let those conceptions register sans comment . since joe sargent is quite expert at subtly manipulating his audience's reactionsagain , see warm springsthis refusal to offer comment appears quite intentional . historically , that may be commendable , but it almost defeats the efforts of the viewer to place this extraordinary man in any kind of rational perspective . br br and finally , there is a sort of made on the cheap feel to the film , as there is to midway , released about the same time . both films were relegated to television directorssargent in this case , jack smight on midway , and both have a madefortvlook . even jerry goldsmith's march , while perfectly serviceable , lack the subtle undertones and the grandeur of his patton themejust another way in which a largerthanlife man is memorialized by a very ordinary film . br br there was vanity and pettiness in this man , inarguably ; there was also greatnessand love him or loathe him , one must acknowledge the fact that macarthur did what no military commander before him had done he won the peace . br br in the end , macarthurlike so many film biographiesis a good place to begin research into this remarkable man , but a poor place to end it .",1,0
"to anyone who hasn't seen this film yet , i have a friendly warning don't watch la casa dell'orco expecting any demons at all , because you won't find them here . this film is not a third installment to the demons series and it has nothing to do with it whatsoever , except the fact that lamberto bava directed them . as a matter of fact , michele soavi's the church is also known an unofficial demons 3 and it's a deceptive title in that case as well , so go figure . it is obvious that due to the demons films success ; they tried to deceive the audience with misleading titles , even though it is obvious that this is a disconnected story . having said that , i think it's unfair on the other hand , to say that la casa dell'orco is not worth the look . honestly , the movie is quite atmospheric and even though there are a few unintentionally hilarious situations , i thought it was genuinely creepy on the whole . nevertheless , i think it's fair to say that the story somehow tries to emulate lucio fulci's the house by the cemetery . of course , that's just a speculation i have , but i think i have my valid evidences . for instance , in both films , paolo marco is the man of the family , in both films , there's an irritating little son named bobby , in both films , the woman of the house is a beautiful thirtysomething , who seems to be the only one to see that there's something really wrong in the new house , and in both films , there's something really , really wrong going on in the basement . i'm sorry but i can relate both films very easily and i'm not saying that as an accusation . for the contrary , my point is that those who enjoyed the house by the cemetery are probably going to enjoy this movie as well , keeping in mind of course , that la casa dell'orco is far less pretentious , less scary , not nearly as atmospheric , but the formula is still there . br br in la casa dell'orco , charel , her husband tom and their little son , bobby , go on a vacation trip to an old deserted castle , situated in the heart of an italian villa called trifiri . leaving aside the beauty of the place , shortly after their arrival , charel starts to have the feeling that she has been there before , which is impossible , considering that she had never been to trifiri before . sadly , charel can't get over her dj vu and the worst part is that her visions , come along with the image of a horrendous creature going after her . tom , who is not a very patient guy to begin with , advices her to leave the nonsensical hallucinations aside and enjoy the vacation . however , the woman's visions become more and more real and the peace and quiet that they were supposed to enjoy , suddenly turn into a living nightmare . the old nightmare from charel's childhood becomes real and this time , she won't be able to escape without confronting that menacing ogre first . br br as it is expected , the plot somehow turns out to be a little bit simplistic and as a consequence , it is hard to fill an hour and a half . this means that la casa dell'orco offers more than a couple of sequences with nothing but total silence and the image of the main character , walking around the castle for several minutes , reviving the images of her childhood and nothing else . it gets rather tedious from time to time , but overall , it's nothing serious . like many italian horror films that came out throughout the late eighties , this movie is pretty stylish and effective , but it also offers a nice variety of unintentionally funny moments , that make the movie unforgettable in a way . for instance , the part in which charel is brutally slapped by her husband and instead of going to her bedroom crying like i would have expected , she strikes back against him by punching him on the face really hard and running away to the woods like a maniac . the funniest thing however , is the fact that two minutes later , they're a happy couple again , as if punching each other like that , was the most natural thing in the world . i know it's silly , but i myself , found it absolutely hilarious . the ogre which is obviously the villain of the story looks creepy and funny at the same time too and let's face it a villain who can freak us out and make us laugh a little bit , it's twice as welcomed . it reminded me of michael jackson in thriller , but much more natural and human , of course . but if focusing on the genuinely good aspects that i mentioned before the music composed by simon boswell is one of the high points and even if it pretty much always the same , it fits perfectly and it helps to create a rather dark atmosphere during the moments of tension . so if i have to give my final statement regarding this movie , i'm going to have to say that i can't help loving it , including the small flaws and most people who enjoy these typical italian horror movies from the late eighties , won't be disappointed by this one . it has all the typical and always well received clichs , like the crazy old man who actually speaks the truth , the foxy local woman who is said to be a witch , a creepy castle , a huge dark basement with a terrible secret and the local folks who try to prevent the tourist with their hostility , to stay away from the infamous lands . i would say that la casa dell'orco deserves two thumbs up and a punch at your spouse's face , as a way to pay tribute to the heroine of the story . take this movie for what it is and enjoy it .",1,0
"i saw this at the 2008 palm springs international film festival . there are some wonderful descriptions of this film from other commenter's here and they seemed to have really enjoyed it so i won't too far into giving a film synopsis but you could see a little of woody allen and maybe a little of federico fellini in this film's collection of some 50 short sketches or vignettes strung together with no real singular plot . a few of the vignettes are related to each other in their character and plot lines however and a a corner bar is used frequently as a central scene where they are always giving last call . the beginning and ending scenes have a common theme too that bookends the film . it took three years to film this and much of the time must have been spent on finding the plainest and homeliest looking people in all of sweden to make the cast . this is sweden's official submission for best foreign language film for the 2007 academy awards . it's a nice movie but hardly worthy of an official submission for best foreign film . last year sweden's official submission was the very weak farvl falkenberg and the year before it was expensive looking but dull zozo , so once again sweden will have no chance in picking up the oscar . this film has it's moments and would have made a good 2025 minute short film but it gets a little old and cold for a full length feature film . roy andersson directs . gustav danielsson is the cinematographer . editor anna mrta waern deserves a lot of credit for the work she must have put into this . benny andersson of abba fame provides an entertaining music score . it's an interesting film with a lot of dry humor and i did like it but it's nothing really special and could only give it a 7 . 0 out of 10 .",1,0
"the whereabouts of al caponebr br who shot jfk ? br br cynthia gibb lands the part of gypsy in the tv remakebr br these are some of the great unsolved mysteries of the 20th century . how else can i say it , except , i thought she was unredeemingly awful . mannequin mannerisms , poor reactionary acting ie that blank , stoic stare while he costar in the scene speaksand a singing voice that most voice coaches would rate mediocre . but she is stunningly gorgeous and after all , wasn't that what the gypsy character is all about ? cashing in on her looks cuz' she didn't cut the mustard in the talent department ? br br as for the rest . . . bette is fantastic . whether or not she's playing herself or playing mama rose , it works either way , and i for one thought rosalind russell was as exciting as drywall in the original . peter riegart as herbie is the perfect understated foil to bette's overthetop mama , and he's the mediumtemperature porridge between midler's hot dish and gibb's stone cold mush . riegart is juuuust right . br br one final holler to the man responsible for decades to come of cher jokes bob mackie . drag queens would kill for the glitz and glamour on display here . everything's coming up sequins and bugle beads ! br br",1,0
"i loved this show but then i don't remember ever not loving anything he did , starting with americanization of emily . a town sheriff who keeps trying to steal the town blind and ride off to mexico , gotta love it . like everything he does it has a tongue in cheek flavor that brands it as a garner product . james plays the same character in lots of his shows and movies but somehow it never gets stale . br br p . s . re killing off the main characterbr br if i remember right the good brother was killed off and replaced with the evil twin in an effort to increase the ratings i . e . ; make it more like every other western on tv at the time . i think this show was too far ahead of its time and i still miss it . tv without a jimmy g show is missing something .",1,0
"skippy from family ties goes from cleancut to metal kid in this fairly cheesy movie . the film seems like it was made in response to all those upset parents who claimed metal music was turning their kids evil or making them kill themselves except in this one a dead satanic metal star is trying to come back from the grave using skippy to help out . and while the plot is corny and cliche , the corniness for example , an evil green fog taking off a girl's clothesand the soundtrack are what make the movie so hilarious and great . and of course , there's nothing like ozzy osbourne playing a preacher who's asking what happened to the love song . definitely a movie for having a few friends over for a good laugh . and while you're at it , make it a double feature with slumber party massacre 2 there's an evil rocker as stated on the video boxdriller killer in black leather wfringe . a must see for cheesy movie fans .",1,0
"this is a fantasy movie for kids based on the boggy creek legend although i don't know why they called it return to boggy creek as if it's a sequel . this movie has nothing to do with the documentary and its fantasy kiddie fare . dawn wells stars as the mother of 3 children who get lost in the swamp around boggy creek with 2 other men and the monster comes to their aid . yes it's very silly and the plot is corny but this kind of movie is perfect for the 812 yo group which it targeted . it's harmless grated kiddie fare and at least you don't have to worry about leaving your kids alone while they watch it . strictly for the 812 yo set , older kids will get bored and think it lame .",1,0
"revenge is the theme of this denzel washington thriller that offers its share of action , mayhem , murder and grisly bloodletting . the essentials are a bodyguard's search and destroy mission as his charge , young dakota fanning , is kidnapped from school , which is exactly what washington was hired to prevent . the mexico city locations are as chaotic as the storyline moves towards its predictable , violent conclusion , with plot twists along the way . washington , a former cia operative with a drinking problem , gets a good reference from a former fellow agent which sets in motion the plot's outline . washington and fanning have a great chemistry between them and after a troublesome beginning , the bodyguard and his charge become the best of friends . christopher walken , rachel ticotin , radha mitchell , giancarlo giannini and mickey rourke comprise the good cast in support of the two stars .",1,0
"no , this hilariously horrible 70's madefortv horror clinker isn't about a deadly demonically possessed dessert cake . still , this exceptionally awful , yet undeniably amusing and thus enjoyable cathode ray refuse reaches a breathtaking apex of absolute , unremitting silliness and atrociousness that's quite tasty in a soexecrableit'sdownrightawesome sort of way . richard crenna , looking haggard and possibly inebriated , and yvette mimieux , who acts as if she never got over the brutal rape she endured in jackson county jail , sluggishly portray a disgustingly nice and respectable suburbanite couple whose quaint , dull , sleepy small town existence gets ripped asunder when the cute german shepard they take in as the family pet turns out to be some ancient lethal evil spirit . pretty soon mimieux and her two repellently cutesy kids kim richards and ike eisenmann the psychic alien moppets from the disney witch mountain pictures are worshiping a crude crayon drawing of the nasty , ugly canine entity in the den . boy , now doesn't that sound really scary and disturbing ? well , scary and disturbing this laughably ludicrous claptrap sure ain't , but it sure is funny , thanks to curtis night tide harrington's hopelessly weak direction , cartoonish not so special effects , an almost painfully risible'n'ridiculous plot , and a game cast that struggles valiantly with the absurd story besides the leads , both martine beswicke and r . g . armstrong briefly pop up as members of a satanic cult and victor jory has a nice cameo as a helpful native american shaman . favorite scene the malicious mephestophelion mutt puts the whammy on crenna , practically forcing him to stick his hand into a wildly spinning lawnmower blade . while stuckup snobby fright film fans may hold their noses at the perfectly putrid stench of this admittedly smelly schlock , devout tv trash lovers should deem this endearingly abominable offal the boob tube equivalent to alpo .",1,0
"minor spoilers followbr br steve allen opined that topical humor about serious events might be found by many to be acceptable based on the formula tragedytimecomedy . 1939 before the german assault on poland was hardly a fun period and subsequent events , including the blitzkrieg following the sitzkrieg which took germany to the channel , resulted in the heroic evacuation at dunkirk and gave the world the sickening spectacle of a supine france prostrating its honor before the nazi conqueror . br br the stuff of romance , comedy and a big dollop of serious drama ? yep . director jeanpaul rappeneau , with a wellmatched and outstanding cast , creates in bon voyage a pastiche of events and scenes from history and from imagination that is hugely entertaining . br br viviane denvers the sloeeyed and beautiful isabelle adjani is france's top actress as war clouds gather over europe what an overused cliche , sorry . a veteran selfvenerating bedhopper with many affairs to her credit , her inner motivation seems to be whatever is good for viviane is good for . . . viviane . following a premiere of her latest film after which a minister in the incompetent reynaud administration , jeanetienne beaufort gerard depardieu in an unusual role for him , signals his interest in her , she goes home only to tiredly encounter an exlover who doesn't understand the word no . she decisively resolves that issue but then frantically and histrionically enlists another former beau , the still besotted frederic gregory derangere , to help deal with the mess in her flat . frederic is a novelistinexpectation . br br a comic accident that once again highlights , almost as a public service message , the importance of working windshield wipers puts frederic in jail on most serious charges . fortunately the breakout of the germans from their static positions forces a wholesale transfer of prisoners to the south of france but our boy escapes , making his way there privately rather than as a ward of the state . br br the panic and fear in france as the germans swept to victory is well portrayed and a new twist enters the story . who should frederic encounter but the truly gorgeous young research assistant , camille virginie ledoyen who is accompanying the obligatory jewish refugee scientist , professor kopolski jeanmarc stehle . kopolski has some bottles of heavy water he needs to get to england . of course the germans musn't latch on to this vital ingredient for you know what this part is pure fictionthere was never any heavy water in france in 1940just perrier . and camille is so winsome as well as dedicated . br br what next ? peter coyote as a supposed french journalist , alex winckler . be tipped off as to his name . he's really an officer in the abwehr german military intelligence a spy . and he used to bed viviane too and wants a reprise of their affair . apparently the kind kopolski is the only major male character who doesn't want to have it off with the actress . br br what follows is a series of adventures and mishaps that are seamlessly integrated to produce a very fastpaced and enjoyable film . partly a tribute to and a bit of a spoof on casablanca , this is is a remarkably funny movie except for the heavy nazi bits . br br isabelle adjani deserves kudos for the best portrayal i've seen in years of an adorably cute total narcissist with few if any redeeming features . and depardieu , disloyal to reynauld and ready to jump ship and join the traitor , petain , is convincing as a man whose ardor for viviane exceeds his diluted sense of duty to the republic . as a human being in power at a critical moment in french history , beaufort is mundanely vile . br br not shown in too many theaters , bon voyage should be available for purchase or rental soon . see it ! br br 910",1,0
"if you are under 13 or above 13 and pretty intoxicated , you'll enjoy dwar . if you are a seriously dedicated fan of all kinds of brainless action films , you'll enjoy dwar . otherwise , don't bother ! i saw the movie today with my nephews and 3 of their friends . they really loved it and that made me feel good . after the movie was over , all the kidsmy nephews and their friendscould not stop thanking me for taking them to the theater . br br the cg is good . acting and directing are horrible . storyline is extremely simple . but , since the half of the audience was kids , they were screaming , shouting and cheering every time the dragons appeared on the screen . this made the viewing experience far more exciting than it should have been . br br it's a good movie to take your kids to , but except for the final battle sequence , dwar is disappointing . i give this film 7 out of 10 mainly because the kids loved it so much .",1,0
"the kid at 39 years old russel duritz has a life that most men would envy he has a great job , is respected and feared , has a beautiful house and makes buckets of money . but everything comes at a cost , in this case no social life , no conscience and a fear of spending the rest of his life alone . he just needs someone to show him the way . br br as i watched the movie , i kept wondering why disney didn't pass this film on to miramax not because it's particularly daring or edgy , but because it is clearly a movie for adults . this is exacerbated by the marketing campaign which is clearly targeting children it is lumped in with trailers for rugrats the movie , and pokemon 2000 aren't they passe yet ? . but i quibble . br br i was impressed by the sensitive treatment of the subject matter rather than the typical male midlife crisis that involves some pathetic sap buying a porsche convertible and acting like a moron , willis' character undertakes some serious introspection and takes stock of his life . his guide on this journey of selfdiscovery is himself at age 8 they never explain how rusty arrives and frankly , i didn't care . young rusty's innocence and unbridled optimism give him a distinct advantage in divining the truth he sums up russell's job as an image consultant thusly , you teach people how to lie and pretend to be something they aren't . in order for a good script to succeed , however , you need actors to bring it to life . not a problem here . br br although willis has thrice ignored w . c . fields' warnings about starring with children or animals he has lucked out once again , meshing as well comedically with breslin as he did dramatically with osment . willis manages to balance russell's cutthroat powerbroker traits with vulnerability and confusion , without becoming ridiculous . breslin meanwhile gives a dead on portrayal of a kid from everyone's childhood the one that always stuck out for some reason and got picked on . we also get two bonus performances lily tomlin is great as russell's levelheaded assistant and jean smart is perfect as an insightful charming anchorwoman i loved her in guinevere . br br the kid is charming , heavy , and real . and it will appeal to adults of all ages .",1,0
"i saw this on a flight over to the u . s and was a little sceptical at first as a few people had said there were so many characters in it that you didnt get to know any of them . however i didnt find this at all . the film is fast , but this is due to the nature of the director and the star . the chase scenes are excellent and yes it may be predictable but isnt that true of most films . the main villain is a bit of a let down , christopher eccelston is not as convincing as he could have been , but that said its still a good film .",1,0
"thank god for the internet movie database ! ! ! when i first got this movie i watched it every night just before before bed and was getting something different out of it every time . but no matter how i sliced it , it came up disturbing . the black and white and all the twitching really freaked me . you stare at the screen unsure of what you are looking at , and just when you think you got it , it becomes clear and it's something completely different . the imagery is very disturbing , twitching and straight razors do not sit well with me in any movie . still everytime i watched it , i was interpreting it somewhat differently there is no dialogue , ya know , so i decided to check the imdb for the plot summary . boy that throws me for a loop , i had no idea that was supposed to be god . now i'm going to watch it with this in mind and see what happens . . . .",1,0
"i've just finished seeing the film for the first time in it's entirety although i watched some parts when it was first shown in britain in the mid90's , i truly believe it to be a masterpiece of late twentieth century cinema . undoubtledly a film of this scope raises lots of questions , like why are there some narrative differences between the 60's hermann in 'heimat' and hermann in this film ? for example , in the first film hermann has a fairly significant relationship with his stepfather he funds hermann's electronic music , whereas in die zweite . . . there is little mention of his dad until the final episode . br br one other point does interest me ; reading up on edgar reitz i'm struck by historical similarities between him and the stefan character , spoiler coming in the last episode it is revealed that stefan has won a prize at the venice film festival , reitz won an award for best debut work there for his film mahlzeiten ; reitz's film company is called 'edgar reitz filmproduktion' and stefan's is also eponymously named . i'm interested in stefan being an autobiographical character because aside from helga he is probably the least likable of the friends . br br maybe stefan's a red herring , i don't know , what i do know is that i loved this film and wish that more were made like it , with the exception of michael haneke's cache and werner herzog's grizzly man there's not enough ambition , audacity and passion of this sort in modern cinema . i can't wait to see number 3 now .",1,0
"i saw this film with a live performance by the buffalo philharmonic , and the music was one of the two things that definitely made the experience for me ; particularly , the song after the battle where the woman is looking for her husband was just devastating . the other thing that stood out to me is the battle on the ice itself , a bit of strategy ripped off thoroughly by the makers of king arthur in 2004 . also , the battle goes on forever half an hour ? painfully long . i can't think of another propaganda film that makes war look less glamorous or rewarding . i'm surprised stalin liked this film so well ; i wouldn't want to go out and fight after watching it .",1,0
"when i first saw this on tape , about 10 years after it had been released , i thought it was one of the better james bond movies . however , after seeing it again around the turn of the century , i was disappointed . br br i think it's a bit overrated only because critics were so happy to see sean connery end his 12year hiatus from playing bond that they didn't dare criticize the film . i guess what disappointed me was the ending . after investing two hours into the film , you expect a lesshokey , more satisfying ending . and , it may be nitpicking , but i was disappointed in not seeing the regular actors in the supporting roles such as miss moneypenny , q , felix leiter , etc . br br on the positive side , there was plenty of unique action scenes , particularly early on , and the two villains were interesting . i thought klaus maria brandauer was the more intriguing of the two because he was so lowkey and looked the nice guy next door . he wasn't your normal bond villain . br br this had plenty of skin , for a pg movie , especially with kim basinger starring , never being an actress known for hiding her figure . the language was very tame , but most bond movies are pretty good in that department . br br all in all , it's a fair bond and nothing else . just because connery is in it , it doesn't mean it's automatically good . roger moore and pierce brosnan have proved they could play the role well , too .",1,0
"some spoilers facing a midlife crisis and fed up with his marriage to cindy , teddi siddall , who seemed to have more say in what he did and where he stayed then the air force , usaf elite red beret sgt . major davis bay , gary cole , decided one morning to just walk away from in all and start a new life as a civilian . br br david first got this idea when he met at a halloween party sweet and adoring alyson , karen sillas . keeping his background secret from her by telling alyson that he's in a top secret military outfit was the perfect cover for him . back at jackson afb outside of austin tex . david starts to review his life's options with cindy and the usaf and decides to change his identity by running away from it . david then calls alyson , who only met him once , and makes a date with her . before you know it david , now using the name haywood , is engaged to be married to her . br br faking his death in a bicycle accident dave purposely leave his wife and kids out in the cold and deserts his military obligation to his country . it didn't take long for dave to find out that civilian life just doesn't appeal to him . it's now too late for dave to go back to his first wife cindy and his two boys with him facing the brig and a military courtmartial if he comes back to the usaf . dave takes up the only job that he could do to support him and alyson and their infant son chris using his skills he learned in the red berets to rob banks . br br based on a true story lies he told has dave bayhaywood living three , not two , different lives . one of a hard working family man one as a ruthless bank robber and yet another one as a dead and highly decorated , by the president of the us and prime misnister of gb , allamerican hero . gary cole is very effective as both master sgt . david bayhusband david haywood . davids actions are , even though unforgivable , understandable in the case of his depression over his marriage to cindy . the pressure of her nagging him got to the point where he just wanted to get lost and away from her and the kids . but he should have sought professional counseling from the us air force , which he would have been gladly provided with , instead of choosing the easy way out . which in the end lead him straight into levenworth ferderal prison . it may have been that the overly macho dave thought it would have been a bad mark on his career , as well as his ego , to get help for his problems . br br karen sillas as alyson is the glue that keeps the film together with her at first going along with her new husbands explanation of his frequent disappearances , some for as much as two weeks , as him doing covert action in keeping the country safe from domestic and foreign terrorists . the real reasons for his long absences were the result of him casing out planing and robbing banks . which was the only way he knew how to earn a living given from what he learned , in subversive actions , all those years in the elite red berets . br br alyson tracking down dave's mom carolyn baylinda goranson , who he told her was dead since he was a small boy , in portland she finds out the truth about the double , or triple , life that he's been leading since he married her . this lead to alyson finding out about his marriage to linda and the two sons that he had with her as well as his faked death , and now awol , from the usaf . being that it's a true story the ending was anything that you would have guessed it to be in a standard hollywood , or made for tv , movie . that's what makes the film lies he told , a lot better then what you would have expected it to be .",1,0
"this is an entertaining history of the fbi , but it should be viewed as fiction , because that's exactly what it is . what else could it be when j . edgar hoover personally approved and had a cameo role in the production . james stewart is excellent , as usual , and the supporting cast , except for the talentless vera miles , is good . murray hamilton is especially good in a supporting role as stewart's partner and best friend . the fbi accomplishments that the film highlights are undoubtedly all true . what is significant is what it leaves out . br br one of the most shameful parts of the film is the depiction of the killing of john dillinger . it is portrayed pretty much as it happened , but no mention at all is made of melvin purvis , the chicago bureau chief who headed the operation . instead , the operation is depicted as if the fictional chip hardesty were running it . it has been said that hoover was jealous of the publicity that purvis received after dillinger was killed ; purvis was subsequently transferred to a remote outpost , and shortly afterward left the fbi . this is no doubt why purvis was never mentioned in the film . but this viewer , at least , paused to think that if purvis was treated this way , what about all the agents who conducted all the other operations depicted in the film . were they also completely ignored and replaced by the fictional hardesty . br br the film is probably accurate in its portrayal of fbi activity up through the end of wwii . however , after that point , the film would have us believe that the only threat facing the us came from international communism , which is no doubt what hoover believed . never mind the mafia . never mind the lynchings that were still going on in the south . never mind that blacks were being intimidated to keep them from voting in much of the south . i don't know if the fbi had started wiretapping martin luther king by the time this film was made , but if not , it wasn't very long afterward that it started . br br as i said at the outset , this is pretty good entertainment , but it should be viewed as the sanitized fictionalization that it is .",1,0
"the film maybe goes a little far , but if you love the show it's what you expect . it's not a bad movie ; it's actually pretty good . if you don't like the show , don't see the movie . it starts off a little slow maybe , but then picks up and turns out to be pretty funny . there are even a few heartwrenching scenes toward the end . after all the protagonists have gone through these scences do get to you . also jerry throws in his opinion why his show upsets people and justifies his show's existience . he's got a pretty good point . we care so much about the private details of celebrities lives , so why is it wrong that these people tell their private lives on national tv , too . if they were celebrities we wouldn't mind at all , we'd eat it up . do we not like his guest doing this just because they're poor white trash and it reminds us that there really is poverty in this world and not just rich glamous movie stars living in a leave it to beaver world ?",1,0
"i saw this film some years ago and promptly bought the soundtrack because it was simply excellent . bacharach's music is endearing and should be given the recognition it richly deserves . the cinematography is awesome . critics hated it , but they hated home alone too . i haven't found it on video but welcome anyone who can find a copy .",1,0
"its too bad that no one knows anything about this movie , and it gets old telling people it's rap's version of spinal tap . and you know , im sorry i dont have any better comments , but damnit , go get the movie and watch it , and then make all your friends watch it too , just like im gonna .",1,0
". . . on stage , tv or in a book , 'the woman in black' is an outstanding ghost story . other reviewers have already said just about all there is to say about this film , but i thought i would add my belated little review too . the madefortv movie has a deliberately slow first act , which chronicles the main character arthur as he goes about his business as a solicitor in 1920s london . i can understand why this might not appeal to all palates . nevertheless , for me , i love this britishstyle of storytelling similar to any of the bbc's ghost story for christmas adaptations of the great m . r . james' work . in the second act , the ghost story kicks in as arthur is sent to the provinces by his boss , to tidy up the affairs of a deceased client . the third act relentlessly builds up to a spinetingling conclusion . . . as a londoner , i have seen the play . i own the book , dvdr and have the unabridged audio book on my ipod , too . what is sure for me , 'the women in black' on any medium is a ghost story with few equals . it is about time that we had a legitimate region 2 dvd release .",1,0
"i remember watching this late at night on black and white tv , long before a liveaction version was so much as a twinkle in peter jackson's eye . . . and being very impressed . finally getting my hands this week on a vhs copy that was being thrown away and isn't that just par for the course . . ? i had the chance to revisit this film , and found that it still stands up quite well , although it's not quite the success that memory had painted . br br i have to confess to a certain bias here . some reviewers announce themselves as confirmed jacksonlovers , others as jacksonhaters ; i'm not exactly either . i was a devotee of the bbc radio adaptation by brian sibley originally broadcast in 1981 , and instantly recognised the voice of gollum here peter woodthorpe would reprise this performance almost noteperfect for the radio three years later . br br i must say , however , that where i found jackson's films an increasingly indulgent disappointment , the bakshi version , for all that it has been cut to the bone , is actually more accurate . yes , there are the usual , understandable changes here it is legolas rather than arwen who is substituted for glorfindel as the elf sent from rivendell to meet the party and there is a great deal of telescoping of the action . the only exception to the latter , as others have remarked , is the oddly extended sequence at the ford of rivendell , where the ringwraiths , having demonstrated a chilling ability to freeze and draw back frodo in midflight which they deploy again when he defies them after crossing the river then for some unexplained reason simply chase after him in a prolonged straight gallop , which is initially nightmarish but pointless , plotwise , and definitely goes on too long . i would also agree that the balrog is unsatisfactory , due partly to bad animation , and that gandalf windmills his arms too much . br br but having watched both approaches to the film , i feel more than ever that the animated route is the one to take . in a tale that is halfmyth oddly enough , one thing that is included is a snippet of aragorn's story of beren and luthien the extreme literalism required by liveaction filming , where everything from monsters to mailshirts has to be created in detail to appear on camera , is counterproductive latexfaced or cgi monsters are less monstrous than sketchilydrawn shapes , heroic costumes tend to look rather silly worn on real bodies , and hobbits or dwarfs with nonhuman body proportions are easy to animate but hard to film convincingly . many reviewers have cited the sniffing ringwraith in the woods , with its crippled , halfhuman movements , as one of the scariest moments in the film it certainly frightened me silly when i saw it for the first time alone in the dark ! br br the extreme stylisation of the introduction plus a voiceover done with great skill and economy to sum up the backstory in a few sentences works very well to depict an almost mythical era , and the change to the comicbook rusticism of the shire i particularly like the proudfeet corresponds effectively to the similar change in tone of tolkien's prose . i did feel that there were some missed opportunities where the potential of animation could have been used to great effect gandalf threatening bilbo with his true power in the opening scenes , bilbo seeming to become a gollumlike creature under the influence of ringlust at rivendell , and galadriel's famous temptation speech all were drawn more or less straight , where it would have been trivial to distort the scene to reflect the hobbits' changed perceptions . but generally speaking the changes in detail and palette firelight hues at bree , bright colours reemerging at rivendell and in the fangorn clearing , dirty greys and browns for moria and the desolate lands work well to reflect the mood of the various episodes , where a liveaction approach simply doesn't allow you to blur the background or sketch in a stylised setting . br br as a fan i didn't care for either jackson's or bakshi's depiction of lothlorien again , i feel that the radio soundscape was the best evocation i've come across of a beautiful , slightly uncanny woodland paradise caught out of time and i feel that bakshi got the elven singing at this point pretty badly wrong , but i do like the little montage at this point showing the various members of the company relaxing together after their travails in moria . aragorn giving a hobbitfencinglesson here is as charming and equally uncanonical a spectacle as boromir engaging with the hobbits in hollin in the jackson version . br br the depiction of aragorn as convincingly weatherworn ranger is good throughout this film viggo mortensen's scruffy jesus look really didn't work for me , although it would have been interesting to see how they planned to 'clean up' the character in the second half for gondor's benefit . john hurt , unsurprisingly , gives a sterling vocal performance , as does a resonant william squire in the part of gandalf . the hobbits are , i suspect , intended to reflect contemporary youth as audienceidentification figures i find the animated style their proportions are much more 'cartoonish' than those of the human characters works well to differentiate them , and the whole 'hairy feet' thing as drawn here comes across as much more plausible than in more literal depictions , including much fan art . br br personally i have less objection to boromir as viking he was always a fairly bludgeoning type than to beardyaragorn illogical they were both numenorians , after all , although i am clearly in a minority here ! br br the big flaw in this picture is always going to be the fact that it was an unfinished project , with a bizarre tackedon voiceover ending attempting to resolve matters . a pity ; it would have been interesting , not to mention less frustrating , to see what bakshi planned to make of shelob and minas tirith , never mind the dead . . .",1,0
"after seeing this film for the 3rd time now i think it is almost adam's worst film punch drunk love is poor in comparison to this i must say at the end when dickie gets thrown of the boat it is so funny the hair is different to his and i like it when he flips everyone off . this film should only be brought if your a true adam sandler fan . br br the characters are poor in comparison to his funny films like the waterboy , which has the same people in it peter dante who is one of the assassins trying to kill the australian bird . br br this film lack depth and a decent story line and deserves to be in the bottom 100",1,0
"this is actually a groovyneat little flick , made on absolutely no discernible budget with shot on video crinkliness . it takes a little while to warm up to it . the acting is so bad that it soon acquires a zenlike charm . after a few scenes , you stop noticing the awkward lines or rehearsed sound of some deliveries . the characters all develop a quirky charm , especially richard . forget anthony hopkins , maidens is the guy i'd hire to play a raving psychopath . he just seems to enjoy it so very much ! mixed in with the scenes of madslasher gore and zombie infestation are some truly visually effective shots of the title character , the midnight skater zooming through the campus in a black hoodie , looking for all the world like a cross between the grim reaper and , say , the silver surfer . these shots make the sometimes ludicrous things the characters say about the skater seem almost ominous . the soundtrack features some very fun garagepunk tunes and the raspy , raucous meanness of it meshes well with the film's mood . thumbs upish , i say .",1,0
"after a couple years of searching for the humphrey bogart film , two against the world , it unexpectedly showed up as a tcm offering under the title one fatal hour , a first national film from 1936 . bogey's character is sherry scott , the man who runs wubc , a radio station whose program lineup is losing listeners . the owner bertram reynolds robert middlemass , is a pathetic executive who calls the shots at the station , but hides behind his decisions by pawning them off on scott . br br in an effort to boost the audience base and revenues , reynolds has the idea of reviving a twenty year old murder case , and offering it as a fifteen chapter radio play . scott enlists the aid of dr . martin leavenworth harry hayden to write the play and present it on the air . br br the pembroke murder case involved a woman who was acquitted of murdering her husband , the circumstances of which are not made clear . however gloria pembroke has married , and is now living as martha carstairs helen mackellar , married to a successful banker henry o'neill , and their daughter edith linda perry is about to be married on the same day no less as the radio play is to reveal the identity of gloria pembroke . about to be faced with the devastating effects of this revelation , martha and jim carstairs embark on a crusade to have the program stopped . simultaneously , edith's future inlaws respond by demanding that the marriage not take place . br br without revealing the final outcome , the film takes a devastating turn to jolt the viewer . edith carstairs confronts the principals of the radio station , vigorously admonishing scott and the sniveling reynolds . while accepting his share of the blame for the outcome , scott partially redeems himself by quitting his job , firing his secretary , and hauling her out of the office , recognizing her for the conscience he once had . with an entirely abrupt finish , the film leaves one as disoriented and unsettled as any movie that doesn't have a happy ending . br br with about a dozen films under his belt , humphrey bogart gets a chance to take center stage here with intriguing results . with no name supporting players , bogey rises to the occasion by taking charge in the confines of the radio offices , and runs the show as if it was his own . in an interesting bit of characterization , he expresses his exasperation by crossing his hands over his bowed head , predating by a half dozen years a similar effect we'll see him do in casablanca . for bogart fans , it's a genuine treat to catch an unexpected nuance like this .",1,0
"a chinese scholar who criticizes harshly the arrogant nationalist , warmongering policies of the ruling clique around the emperor in prewar japan , is accused of being a 'communist' and jailed for life . his loving wife , who supports totally her husband and his ideas , is left alone to save her family from starvation . this movie is a huge statue erected in praise of the role of the mother in the history of mankind . sayuri yoshinaga is not less than sublime in the title role and it was a monumental scandal that she didn't get an asian oscar for the best female role in 2009 . it went to a young girl with very limited acting potential . br br this deeply moving and most 'human' feature is a must see for all 'true children' on earth .",1,0
"this is one of those landmark films which needs to be situated in the context of time . darkness in tallinn was made in 1993 . it was a period of chaos , confusion and gross disorder not only for ordinary denizens of estonia but also for countless citizens of other former nations which were a part of mighty soviet empire . it was in such a tense climate that a young country named estonia was born . as newly established governments are known to encounter teething problems , estonia too faced numerous troubles as some corrupt officials manipulated state machinery for filling their dirty pockets by making use of their selfish means . this is one of this film's core themes . darkness in tallinn appears as an estonian film but it was made by a finnish director ilka jrvilaturi . he has tried his best to infuse as many possible doses of estonian humor . this is why one can call it a comedy film of political undertones . as ordinary people are involved in this film , we can say that this film signifies good versus evil . this is not a new concept as it is readily available in most of the religious books of different faiths . darkness in talinn shows us as to how ordinary governments can also be toppled by corrupt people . a nice film to watch on a sunny day .",1,0
"i fell in love with this silent action drama . kurt russell and only kurt russell could have played this so well . raised from childhood to know nothing but war and fighting , todd kurt russell is dumped on a planet after being made obsolete by genetically engineered soldiers . br br the stage is set and another classic icon of action movies was born soldier . not rambo , not schwarzenegger , not bruce willis , not mel gibson , not jason statham kurt russell owns this role and made it entirely his original , daring , and all too human . i miss the fact that sequels were never made . br br 1010br br ldbr br br br my faith httpwww . angelfire . comny5jbc33",1,0
"very typical almodvar of the time and , in its own way , no less funny than many of his later works . and why is that ? there is nothing to be provoked or shocked about , and i guess any such effect is more coincidental than intentional . no , the great humor stems from an underlying , almost surreal , absurdity that is woven into the scenery the characters' nearly complete lack of taboo . it's the same kind of 'comic suspense' you find in his later works , though you'll find it in a more rough version here . he's building up for masterpieces to come , but is not yet there . br br the sole reviewer who commented on this movie before i did , claimed that it had to be a very select group of people who'd find this movie hilarious . i do .",1,0
"i think it was ebert who gave stella four out of four stars but , other than his , i have never read a positive review of this sadly misunderstood drama about class divisions , love , and sacrifice three themes most great romantic stories or films have in common . br br here the major theme is class division . stella is a story from depression era america . that said , it was translated to the screen then in such a memorable fashion that this remake if you ask a stanwyck fan or two was not exactly appreciated . fans of the original never gave it a chance . furthermore , this version of stella was made in the 1990s , not exactly a time of great financial trouble in america as the depression was . br br now is the time to remove the rosycoloured glasses , in the midst of a new era of recession and poverty in america , and see that this powerful story still rings true , is as timely and relevant as ever , in its updated format . br br yes , class divide is the major theme here . stella is among the working poor , single , with big dreams but little hope of realizing those dreams . she works in a bar , doesn't have much money , lives in a crummy apartment . you get the drift . in the morning , she doesn't really want to get out of bed . on her wall , pictures of movie stars she idolizes . br br a man sees her dance at the bar . he's wealthy , educated , from one of those upper class families that has nothing in common with stella's . his major concern is what ivy league college to attend , her's is how to pay the rent , how to be 'happy . ' they have an affair . they like each other . stella ends up pregnant . stella tells the guy the news . his response ? how about an abortion ? she replies , i just wanted a room full of balloons . he supplies the balloons , and the proposal , but she sees his heart is not in it , and has too much pride to accept . she sends him packing . br br her daughter is eventually torn between the two lifestylesthe love she has for her mom and the advantages and happiness and love held out to her by her wealthy father . stella , alone and unloved , and not wanting her daughter to become as unhappy as her someday , makes the ultimate sacrifice . she gives up the only love and happiness she has ever known to ensure the happiness of her daughter , and perhaps live vicariously , and with hope , knowing that at least her daughter found something to live for . br br now , for the movie . everything is right about it . beautiful score , artful cinematography , great set design contrast between the two lifestyles ; the messy apt . and the decorated mansions , wonderful and heartfelt performances by the whole cast , with bette midler , in particular , oscarworthy . br br this is a film which is much more significant and wellmade than you've been led to believe .",1,0
"it's movies like these that make you wish that you never picked on the nerd growing up in school . if you liked this movie , then i would suggest you watch valentine . i just found out today that the guy who played martysimon killed himself a little after the movie was released which is a shame since he did a good job . i wonder if it's because of the part he played in the movie . it starts out when carol tricks him into going into the girls restroom to act like they were about to do it . when he was changing in the showers , carols popular friends snuck into the bathroom and got everything ready , camera , electric shock , pole . when marty open the curtain butt naked he realized that he was tricked . he tries to cover the shower up but the kids open it , grab marty and starts being mean to him while the camera is rolling . they picked him up , dunked his head in the toliet while it was being flushed , and they electricuted himslightly . when the kids are in detention , given by the coach , 2 of the boys give marty a joint that will make him throw up . skip breaks one of the glass windows in the gym using a brick to get the teacher to excuse him . while marty is puking in the bathroom skip sneaks into the science lab and mixes some stuff that looks like cocaine but not sure what it was . the lab blows up disfiguring him badly . 5 years later the kids who tormented him that day got invitations for a 5 year school reunion at the old school which was burn that day it exploded . one by one the people get killed off . i don't understand how the girl who drowned really drowned . she could have gotten back up after marty left . she almost got out the first time .",1,0
"along with patrick mcgoohan and robert culp , jack cassidy was an iconic columbo villain . the very first proper episode of columbo , following two standalone pilots , murder by the book is not far off classic status . br br jack cassidy plays ken franklin , one half of a murder mystery writing partnership . his partner jim is the talented one , whereas ken has no talent other than the gift of the gab and a skill for promoting the books . as soon as jim has decided he no longer requires ken's marketing skills , ken hatches a plot to kill jim . except it's not a new plot , it's actually the implementation in real life of a murder storyline originally intended for one of their books . br br it doesn't take columbo long to work out that ken is the murderer , although unfortunately another murder has to take place ken romances and then kills a key witness before columbo has enough evidence to secure a conviction . br br nothing whatsoever wrong with murder by the book , but it's not quite topnotch . i would just give publish or perish the edge over this both episodes feature jack cassidy and the world of publishing , but publish or perish is a fraction more tense and unpredictable . but this is still a great episode .",1,0
the theme is controversial and the depiction of the hypocritical and sexually starved india is excellent . nothing more to this film . there is a lack of good dialogueswhy was the movie in english ? ? . there was lack of continuity and lack of passionemotion in the acting .,1,0
"conrad hall went out with a bang . the great film photographer finished his illustrious career with this movie before passing on . he did himself proud as this is one of the bestlooking crime films you'll ever see . br br of course , the acting ain't bad when you have tom hanks and paul newman playing the leads ! the amount of action in here is just right , too not too much ; not too little . br br none of the characters in here , frankly , are good guys as hanks is a professional hitman for town boss newman . hanks' only redeeming quality is not wanting his young son to wind up a killer like him , although he does teach him how to be the getaway man in robberies ! huh ? br br as good as the acting is and as interesting as the story is , the real star of this film is cinematographer hall , who paints scene after beautiful scene with his lens . his work is just awesome .",1,0
"the first collaboration between schoedsack cooper is a compelling documentary on the migration of the bakhtiari tribe of persia . twice a year , more than 50 , 000 people and half a million animals cross rivers and mountains to get to pasture . you'll feel like a pampered weakling after watching these people herd their animals through ice cold water and walk barefoot through the snow to cross the mountains while trying to get their animals to walk along steep and narrow mountain paths .",1,0
"due to the fact that in 1976 there were no cgi i felt that the movie was quite watchable . the studio productions were very good and very elaborate . the background effects were very believable and always appeared as if they were part of the whole set . the actors did ok considering the premise of the film being set in a type of jules vern atmosphere where imagination and possibilities of future exploration were at most improbabilities . had i watched this film in 1976 i probably would have been in awe of the ability of man to build a machine that could travel to the earths core . i still wonder to this day why we are not all flying around in our cars but i digress . mcclure and cushing have their funny moments , mostly from their facial expressions toward each other which of course makes the film somewhat campy which i loved . the 'monsters' left something to be desired but the story had a good premise although i feel as though some other sort of 'thing' could have been more believable under those circumstances . all in all quite watchable for its time and fun now .",1,0
"let me just start out by saying that tourist trap is a better movie then 99 . 9 of the horror films that have come out of hollywood lately . if you don't believe me see darkness falls or they . and it is certainly better than any of those crappy direct to video releases like stab , bleed , the pool , and so on . one of the big problems with the film tourist trap is that is never really found an audience . when the film opened in 1979 it was given a pg rating by the mpaa . anyone that knows horror films knows that a pg on a horror film is usually the kiss of death for the film . director david schmoeller talks about this problem on the dvd's commentary track . there are exceptions though like poltergeist , which had also received a pg rating . however , there are big differences between tourist trap and poltergeist . tourist trap was not a big budget hollywood film like poltergeist nor was it produced by steven spielberg . that alone was enough to guarantee poltergeist success . still for those of you that have seen tourist trap , you will even scratch your head as to why the mpaa rated this film pg . the 'heart burst' scene alone should be enough for the film to be slapped with and r rating . or how about the pipe in the back with the blood running out of it . i have to admit though that when i was young i looked at a copy of poltergeist in the video store shelf , picked it up , saw that it was rated pg and put it back on the shelf in favor of an r rated film instead . years later , i finally saw poltergeist and realized what a great film i missed out on for not renting a pg horror film . from then on i would never judge a film based on it's rating again . this is most likely what happened to tourist trap . people , like me with poltergeist , will probably overlook it in favor of the r rated film . most likely it would be a teenager too , which most of these types of films are targeted at . friday the 13th was no masterpiece either but did extremely well at the box office due to the fact it was rated r and was heavily advertised by paramount at the time . it found its audience and made enough money to spawn several sequels . when you look at it folks , tourist trap is just as good as friday the 13th . the same thing could've happened to tourist trap . we could have seen tourist trap 2 , 3 , 4 , and so on . as far as the film goes , tourist trap is an entertaining horror film made on an extremely small budget , but it is well acted , well directed and well made on many levels . chuck connors is a riot as mr . slausen and gives the best performance in the film . special credit must be give to composer pino donaggio , whose score for this film really is what sets it apart from others and gives it its creepiness . the music in the scenes involving the mannequins is especially creepy . donaggio worked on the horror film carrie and many other film scores since tourist trap . he has done exceptionally good work in film and continues to score films to this day . the weakness with tourist trap is that there really is never any explanation of davey's powers . maybe that is how it's supposed to be . he just has them , and we should accept that in order for the movie to work . we do accept it to a point , but then the screenplay has incidents like how davey makes the phone ring in the store while he's in the basement of the house . in that case , is davey limited in using his powers ? can he make a phone ring in houston , detroit , los angeles ? what is his range ? those are things that people that didn't care for this movie would most likely to point out as flaws . others would accept it as a mistake . i accept it . there is not enough of those type of questions generated by this film to make me hate it . this is a horror film . we should not be required to read too much into it . many people have called this the 'killer mannequin' movie . i assure you that no mannequin kills anyone in this film . the mannequins are controlled by the power of davey who uses them as a weapon . this is a common misconception about this film . some people have a problem with the mannequins and some have even said they are just downright silly . i think they add to the overall creepiness of the film . overall tourist trap is a good fun rental . out of 5",1,0
"wow what an episode ! after last week seeing mellisa constantly making cameos about the friendship of annie and brandi i almost puked . but that was nothing until seeing mellisa's tirade after being fired . seeing her hobble around on her cast spewing out obscenities and screaming for someone to get her purse was absolutely the most hilarious thing ever on reality tv . she continued to scream at people off set to get her clothes all of them like someone else would wear one of her hideous outfits . mellisa you are like 40 years old and you still throw temper tantrums ? then joan starts calling annie and brandie every name in the book , and gets up and quits the show ! both rivers are spoiled brats who were only left on the show this long to keep ratings up . mellisa crying and refusing to do an exit interview , just proves to america what everyone thought , you are a spoiled baby . wah wah i can't get my way ! i love how annie told the cameras she could manipulate mellisa to think her way , and then did exactly that . mellisa is by far the smartest contestant and clearly deserves to win the whole game .",1,0
"after 30 years of hiatus , once again i immerse myself in the mist of uplifting melancholy . the cold , slowpaced and existential treatment of this crime story comes from a different world , melville's world , where darkness is pure enlightenment .",1,0
"while i score the movie a 7 , i also should point out that it is both interesting historically as it stars mae marsh , lillian gish and lionel barrymore when they were all younger and less wellknown and features pretty exciting action for its day . br br the plot is odd for a western , in that all the trouble with the indians begins for the weirdest reason i have ever seen ! the indians decide to have a giant dog banquet no , they are not feeding dogs , but feeding on dogs and when two indians arrive late , there are not pooches left ! so , they steal two dogs belonging to two orphans from the nearby white settlement and this actually touches off an allout war ! ! ! ! not only is this silly , but seems to play on the prejudices of audiences . i don't know if american indians actually ate dog , but it sounds like the sort of stereotype that later was applied to other ethnic groups . all this over dogs ! the movie has some excellent battle scenes and exciting momentssuch as when ms . marsh crawls across the battlefield to save a baby ! exciting stuff ! but , strange , too !",1,0
"this was one of the few shows that my wife and i agreed on watching . i was upset to hear that it was canceled , especially because i didn't realize the ratings were so poor . as far as i knew it was doing very well with a lot of viewers . almost all my friends and most of the people i spoke to watched the show . now we are stuck watching either crappy shows or dvd's . how bad was the show doing ? does anyone know the real results of the shows viewings ? i know that when it went to thursdays , it was more difficult for me to catch . thank gd for dvr's ! br br anyways , this was a real surprise to know that there will be no more the war at home . if any other networks see this , please pick up the show ! ! ! ! please !",1,0
"i'd been postponing purchasing this one ever since its dvd release for one thing , because i'd been somewhat underwhelmed by this director's two other horror titles squirm 1976 and blue sunshine 1977 , but also the fact that the film itself is said to have been slightly trimmed for gore on the media blastersshriek show 2disc set ! i now chanced upon it as a rental and am glad i did because , not only is it superior to the earlier efforts at least , on this preliminary assessment , but i also found the film to be one of the better imitations of the texas chain saw massacre 1974 . this factor , however , only helped remind me that i've yet to check out another such example wes craven's classic the hills have eyes 1977 , whose 2disc r1 edition from anchor bay i purchased some time ago but , after all , halloweentime is fast approaching . . . br br anyway , the film manages an effortlessly unsettling backwoods atmosphere it was shot in the forest and mountain regions of oregon with plenty of effective frissons throughout but , thankfully , not too much violence even if the last of the villains is dispatched in quite an outrageous fashion ! . the principal young cast here one of them played by jack lemmon's son , chris isn't quite as obnoxious as those we usually encounter in this type of genre offering despite freely indulging in the shenanigans one associates with teenoriented flicks and which , by and large , persist to this day ! george kennedy appears as a sympathetic ranger ; though he doesn't have a lot to do , his characterization is decidedly enhanced by making him a lover of plant and animal life . also notable among the locals is familiar character actor mike kellin in a nice role as the drunkard who first comes into contact with the murderous duo of the narrative his warning to the teenagers , naturally , goes unheeded but he's later able to lead kennedy to them . br br the hermetic family the teens come across in the woods , then , is eventually revealed to be hiding a skeleton in their closet . while one of the girls displays genuine curiosity at the intruders' presence , the rest are openly hostile to them and , in the case of the burly and uncouth twins , appropriately creepy one of them is even prone to maniacal laughter during his rampages ; at a certain point in the narrative , the ranger even offers an interesting explanation as to the nature of their aggressive and generally uncivilized behavior .",1,0
"visconti's death in venice qualifies as one of the most beautiful films ever made . while watching , we acknowledge we are in the hands of a visionary genius . endlessly opulent death in venice surely is ; but in other important ways , it's an unsatisfying film . thomas mann writes with contempt and from a distance of von aschenbach's literary career and output ; of his imperious manner , his layeruponlayer of programmed , selfconscious behavior . when tadzio appears and obsession arises , it's evident that aschenbach hasn't the slightest idea who he is beneath his gildedage trappings and carefully lived life . in fact , upon seeing tadzio , the 'solitary , ' as mann sometimes calls him , splits in two . aschenbach no . 1 absorbs the sight of a beautiful 14year old boy , then attempts to intellectually process the giddy jolt in blood pressure as he would a work of art a 'divine' work of art . but aschenbach no . 2 , emerges as a stalker who takes control of , then replaces , the rational aschenbach no . 1 . like the original aschenbach , his sexualdoppelganger is mortified to make human contact with the object of his obsession and thus tadzio remains a faroff ideal . thomas mann has no mercy for this game . every shred of self knowledge comes too strong and too late ; the excitement of sexual flush is too great to resist . that venice is gripped by disease means nothing to aschenbach except that his game now has higher stakes . when he finally whispers beneath his breath 'i love you , ' he knows that all is lost , and the abyss awaits . is any of this filmable ? perhaps , and visconti creates a visual feast impossible to look away from . but there are errors he and dirk bogarde create aschenbach as sympathetic ; mann , again , did not . aschenbach's pov dominates the film and we are expected to identify . but nowhere on screen is there a man being torn apart from within . bogarde toggles between the sublimely controlled and the ridiculously temperamental with ease but what's underneath ? bogard's reactive performance has no mooring . mann writes a character who is , in his imagination , doing the dance of the seven veils , all too aware of the consequences such freedom invites , yet unable , unwilling to resist . also , visconti's screenplay creates a character not in the original alfred , a friend of aschenbach's to dramatize mann's discussion of art and artists . these scenes are badly written disasters , and the actor who portrays alfred is difficult to watch . also , visconti's aschenbach is a gildedage teutonic composer , which i think works for the film ; and the symphonies of mahler substitute for aschenbach's novels . mahler's great music unfortunately is badly recorded and very badly played . so death in venice , as visconti hands it to us , is not the complete success it might have been , but as a purely visual experience its power cannot be denied . all students of film , especially cinematography , will want to take a look .",1,0
"some films just simply should not be remade . this is one of them . in and of itself it is not a bad film . but it fails to capture the flavor and the terror of the 1963 film of the same title . liam neeson was excellent as he always is , and most of the cast holds up , with the exception of owen wilson , who just did not bring the right feel to the character of luke . but the major fault with this version is that it strayed too far from the shirley jackson story in it's attempts to be grandiose and lost some of the thrill of the earlier film in a trade off for snazzier special effects . again i will say that in and of itself it is not a bad film . but you will enjoy the friction of terror in the older version much more .",1,0
"this movie starts out brisk , has some slow moments in the middle , but generally moves along well , has a few very good moments , then peters out at the end of act 3 . i was able to get to see this in la premieres 2 times with 2 different endings . jason lee is a star , but he is not tomorrows leading man . he is humorous and holds his own , but he is better served as a supporting actor . julia stiles does 'ok' in a comedy role , new for her , but she doesn't 'steal' this movie , the way a star of her caliber should . for an actress who has so much potential10 things , save the last dance , o , it is hard to watch her continue to do roles that are so 'average' , and then not have her take the role and run away with the movie like daniel daylewis did in 'gangs' . selma blair is a good young actress as well , and does an 'ok' job . i didn't expect an academy award performance from her , and she didn't deliver one , but , her performance was adequate . chris koch delivers another film that is 'above average' . perhaps the problem lies in the script more than anything else . i 'did' like this movie ! but , it is not a movie where you walk away and say . . . 'that was great ! ' . . . this 'story' has been done so many times before and there was just not much new here . the rehearsal dinner scene was probably the best in the movie , and larry miller gives an incredible performance in a supporting role he could be the best surprise of the film . if you want to go see a movie that will make you laugh a few times , and have an enjoyable evening , i can still recommend this film , but unless they have changed the ending . . . again . . . leave during the church scene , or you will surely be disappointed .",1,0
there have been several books that have cited this as the earliest gay cinema . i don't really see this as all that gay in the homosexual sense but then seeing two men dancing in what has to be the worlds first movie musical does have its attraction . br br there have been several earlier comments about this film dismissing any homosexual overtones . as to those that are quick to dismiss this film as just being silly and an experiment done late at night after too many drinks . . . well i've heard that story before . br br this film is of interest as an oddity and if folks want to consider it the first gay film so be it . better this than the depressing 1919 anders als die andern .,1,0
"as far as i know , this show was never repeated on uk television after its original run in the late '60s early '70s , and most episodes are now sadly missing presumed wiped . br br series 6 from 1971 however still exists in its entirety , and i recently got the chance to watch it all , the best part of 4 decades on . br br after rushing home from school , freewheelers was essential viewing for me and many of my contemporaries back in those halcyon days of flared trousers , slade and chicory tip . and watching it again brought a nostalgic lump to the throat . br br never mind the bad hammy acting , the unintentionally amusing fight scenes , plot holes wide enough to pilot a large oceangoing yacht through and the frightfully , frightfully rada accents of the lead players . br br no forget all that . because freewheelers harks back to a bygone dare i say golden age of kids' tv drama , when the shows were simply about riproaring fun and didn't take themselves so seriously . before they became obsessed with all the angstladen ishoos that today's screenwriters have their young protagonists fret over , such as relationships , pregnancy , drugs , stis etc . br br no doubt if it were remade for a modern audience in these days of allpervasive political correctness , the boss figure would be a black female , one of the young male heroes would be a muslim , the other would be a white lad confused about his sexuality and the girl would be an allaction gogetter with an iq off the scale , who'd be forever getting the lads out of scrapes and making them look foolish in other words a million miles removed from wendy padbury's deferential , anklespraining washerupper . br br it's a show that's very much of its time . but is that a bad thing ? i for one don't think so .",1,0
"the essence of this film falls on judgments by police officers who , fortunately ethical and moral men , act on situations within situations in a city with a superabundance of violence and killing . good compound interacting story lines and aboveaverage characterizations .",1,0
"besides planes , trains and automobiles and uncle buck , this is john candy's funniest movie . when he gets hypnotized with the playing card similar to the manchurian candidate and becomes a horny guy who does not know what he is saying , he makes two very memorable quotes both deal with the male anatomy . the love scene involving grocery items has to be seen , it cannot be described . br br",1,0
"i was literally preparing to hate this movie , so believe me when i say this film is worth seeing . overall , the story and gags are contrived , but the film has the charm and finesse to pull them off . that gag where jason lee thinks he has crabs , and tries not to let his bossfuture fatherinlaw and coworkers see him scratching himself isn't terribly intelligent , but it sent me into a frenzy of laughter . very few of the film's gags are highbrow , but they made me laugh . as i said , the film has charm and charm can go a long way . br br the characters are likable , too . i must say i wish i got to see more of james brolin's character , since he was a hoot in the very few scenes he was in . plus , i admire any romantic comedy that has the guts to not make the character of the wife who serves as the obstacle in the plot a total witch . the selma blair character is hardly unlikable , and there's never a scene where i thought to myself , why did he want to marry her in the first place ? the ending is hollywoodish , but it could've been much more schmaltzy . br br the cast is talented . i haven't had a favorable view of most of jason lee's mainstream work . i just loved him so much in kevin smith's films that i couldn't help but feel disappointed at seeing him in these dopey roles . and he never looks comfortable in these dopey roles . even in this movie , he doesn't look perfectly comfortable , but he contributes his own two cents and effectively handles each scene . but i still miss his work in independent films . julia stiles proves again why she's so damn likable . of course , she's a very beautiful girl with a radiant smile that makes me want to faint , but she also possesses a unique charm and seems to have good personality . in other words , her beauty shows inside and out . i don't know the actresses' name , but the woman who plays the drunk granny is hilarious . julie hagerty also has a small part , and she's always enjoyable to watch , which makes me wish she received better roles . i loved her so much in airplane and lost in america that it's a shame she doesn't get the same opportunities to flaunt her skills . br br don't be put off by the horrible trailers and even more horrible box office records . this is a funny , charming film . romantic comedies are getting so predictable nowadays that it feels like the genre itself is ready to be flushed down the toilet , so it's always to see a good one among all these bad apples . br br my score 7 out of 10",1,0
"the best bit in the film was when alan pulled down her knickers and ran the cut throat razor over her bum cheeks and around her bum hole . it was also brilliant to see alan's bum going up and down like a fiddler's elbow later on in the film . br br alan was tough as hell in it like when he got annoyed and pushed the four eyed wimp onto the sofa . br br i've been laughing for days about the cut throat razor bit . a brilliant idea by the script writers . alan must be brought back into eastenders so he can do the same to peggy . br br alan is back , and this time he's armed with a razor . watch out if you're a girl and he finds you and pulls your knickers down .",1,0
"considered by many to be a strangely overlooked chabrol it seems to me the reason it has been cold shouldered is its sleaze factor . not as overtly sexy , violent or gory as many films of this period it nevertheless starts rather startlingly and although becoming more measured continues to ooze a rather unpleasant odour . ms audran , not here the ice maiden but a drunken mother , donald pleasence does a cameo as a child molester , david hemmings has his eyes on underage sex and the central theme involves the relationship between a brother , sister and niece . no not very nice at all and chabrol treats it all as if it is very normal like it might be in some small french village ! instead of ed mcbain's new york city . had this been treated in a more sensational manner then it would have been a more acceptable but lesser film . here we really have to choose between the likelihood of various unpleasant options before the final denouement . very watchable",1,0
"the psychopath 1973 a trip down memory lane . i saw this film many years ago on a old black and white t . v . a children's' show host mr . rabbey avenges the brutal abuse that parents inflict upon his kiddie fans . mr . rabbey who looks like he's always on the verge of losing it finally cracks and decides to go on a hunting trip . watch out bad parents cause mr . rabbey is on the prowl ! what happens next is priceless . however , trying to find this movie will be quite a chore . br br what makes this film notable was the fact that joe maniac spinell made a short promo reel for a film based upon this one . in his unfinished film , he plays mr . robbie , a t . v . clownwho looks like a pudgy out of shape edward james olmos who avenges his young fans child abuse by going after their parents . sadly , mr . spinell could never find the funds to complete the project . the film was going to be titled maniac ii mister robbie . rabbey or robbie the similarities are all too close for comfort . pretty violent for a p . g . movie . br br recommended .",1,0
"the movie frailty is actually more of a psychological thriller than it is a horror film . it has all the trappings of a horror film but this it is not . frailty is a film about perceptions of religion and realizing the differences between right and wrong . br br in frailty , a middleaged father bill paxton and his two sons claim to be doing the work of god . it turns out that they are a trio of notorious serial killers called god's hands . we watch the father kill the demons in some rather brutal ways while convincing his sons and himself that they are doing the work god and that what they are doing is right . he claims that he received a message from an angel who gave him specific instructions to eliminate the demons living here on earth . god has given him a list of names and in return for his services ; he and his sons will be given protection , which basically means the police will never be able to capture them . we see all of this unfold in front of us in a very disturbing manner . but what is really disturbing about it all is the effect that it has on the two sons , particularly the oldest son , adam . adam himself seriously doubts the existence of a supreme being , that is until his father and a week in the cellar changes all of that . he knows that his father has obviously lost his mind and is pretty sure the same is happening to his younger brother , fenton . fenton , the other half of this puzzle , takes everything in as if it were his own religion . he seems trapped in his father's world of god and demons . i suppose this is because he's so young and easily impressionable . but everything that happens to these three is rather convincing , in fact , too convincing . br br the events that occur in the film can be looked upon as a vivid hallucination that is being experienced by the three main characters . i say this because they each react to the situation in different ways and at one point in the film they each claim to see god . dad first sees the murders as his mission . his mission eventually consumes him and quickly turns into an obsession with eradicating demons . in fact , his hallucination is the primary one . his orders and the list of names he receives are all a part of this hallucination . watch the scene where dad finds the ax in a barn to figure out where i am coming from . fenton , the younger son , is easily impressed by all of this talk of demons and destruction . since he is so young , it's easy for him to fall into his father's trap . adam , on the other is very skeptical towards his father's actions . br br spoilers br br in a way , the hallucination ends when dad is killed towards the end of the movie . i will not say how or under what circumstances . but i will say that it is not pleasant . after his death , it fastforwards to the present day . the story is being told through flashbacks , as seen through the eyes of the oldest son adam . in actuality , it is fenton that is telling the story , not adam as originally believed . the story is being told the way he perceived it , through his actions and his brother's actions . fenton has gone insane and is continuing what his father started by luring the fbi agent into his trap . br br since religion is a major theme in this movie , the film also plays on how easy it is for religion to be misinterpreted by those that do not have a full understanding of it . before dad discovered his newfound mission , he himself did not have a clear understanding of religion nor did he fully believe in a supreme being . his sons fenton and adam often sang innocent little children's church hymns but yet probably did not have a clear understanding of what the lyrics meant . after the revelation of dad's newfound mission , they both took off in separate directions adam remained in doubt of there being a supreme being while fenton was gradually sucked into his father's madness . br br a very good thriller that will creep the heck out of you , do not watch it alone .",1,0
"it is a damn good movie , with some surprising twists , a good cast and a great script . only a couple of stupid bits , like the rasta hitman scene this guy's a professional ? but that has been commented on already . the fact i had only heard one guy at work mention it before , and did not have many opinions or reviews to go on , made it even more entertaining . this gets a higher score than maybe some people think it deserves , but i have to factor in the low budget and the good effort from the cast . it sickens me that some movies get made whose budget equals the gdp of a small country , with a hyped up release , good reviews , an oscar winning director andor actors , and turn out to be so disappointing , with actors sleepwalking through their roles and uninspired directing , with predictable plot lines and a story with holes in it so big , sandra bullock could drive a bombloaded bus through it . examples in my opinion are the terminal , castaway , matrixrevolutions extra points are awarded for the wardrobe department choosing great clothes for the cast , especially paulina porizcova , who wears a rubber dress in one scene , and a jacket with cnt on the back in large letters in another ! a sex scene which shows off her tight ass and a good soundtrack are added bonuses ! and please , enough with the tarantino comparisons , this did not remind me of a tarantino flick at all . . . . and tarantino borrows virtually every idea he has ever had from other movies ! even if that is your opinion , are we saying once a certain film or book is written or directed one way , noone can ever use the same ideas again ? get real . this film has it's own style .",1,0
"william shakespeare's the merchant of venice is about a jewish moneylender and his bond to extract a pound of flesh from the wealthy merchant antonio , the forfeiter of a debt . the jewish moneylender , of course , is shylock and he is given such a towering performance by al pacino that even outstanding actors like jeremy irons , joseph fiennes , and lynne collins fade into the background . the film is set in 16th century venice and director michael radford relies on setting , mood , and realism to tell its story , rejecting lavish period costumes or a modern setting with rock music to appeal to a wider audience . br br radford slices the play's threehour length to a manageable two hours and eight minutes and also provides some historical background . in the opening narration , he tells us how jews came to england , were subject to increasing persecution , and eventually expelled from england . they were forbidden to own property , could make profits only by lending money at interest , and were forced to live in a venetian geto , a forerunner of darker events to come . in the film , the merchant antonio jeremy irons spits upon shylock in public , yet feels no shame in going to the usurer to borrow 3000 ducats to help his friend and suggested lover bassanio joseph fiennes to properly court portia lynne collins , a wealthy heiress . though shylock has been insulted by antonio , he agrees to loan the money without interest for three months on the condition that forfeiture of the bond grants him the right to exact a pound of flesh from antonio's heart . br br the play is primarily a drama of hatred and revenge , but like many of shakespeare's works there are touches of broad comedy as well . here the comedy involves three pairs of lovers bassanio and portia , gratiano , bassanio's friend , and nerissa , and lorenzo , another friend of bassanio , and jessica , shylock's daughter . portia has offered herself to the person who can pick the right treasure from one of three boxes , made of gold , silver , and lead . the prince of morocco chooses the one of gold , the prince of aragon the one of silver and both are disappointed . bassanio , however , loves her for herself and opens the leaden casket to find the portrait within . radford's adaptation conveys a remarkable feeling for time and place . portia's residence at belmont suggests one of those splendid summer homes complete with immaculate gardens and art treasures hanging in every room and contrasts well with the grungy look of shylock's city with its dank alleyways . br br when it becomes clear that antonio cannot repay the debt , bassanio returns to venice , leaving portia behind . when he arrives , the loan is in default and shylock is demanding his pound of flesh . even when bassanio , backed by portia's wealth , offers many times the amount in repayment , shylock is intent on revenge not only for the loss of the money but for a lifetime of outsider status . the duke , who sits in judgment , will not intervene as portia enters in the guise as a lawyer to defend antonio . it is here that the film reaches its dramatic heights as all parties come to court to achieve a final resolution . br br the merchant of venice is not only about an unpaid debt but also about the estrangement of jews from christian society and their desire for belonging . it has been one of shakespeare's most controversial plays and analysts have debated for a long time whether it is an antisemitic play or simply a play about antisemitism that reflects the prevalent view of christian society in elizabethan england . although shylock is definitely a caricature , he is an ambiguous figure and there are many indications that shakespeare views his flaws as human failings , not jewish ones . the duke recognizes that he is simply a man who has failed to adhere to the compassionate language of the torah . br br in the monologue , i am a jew . hath not a jew eyes ? if you prick us , do we not bleed ? if you tickle us , do we not laugh ? if you poison us , do we not die ? and if you wrong us , shall we not revenge ? , shylock shows a universal humanity , expressing the equality of all men . though we are horrified at the sentence he wishes to carry out , we can feel his pain accumulated over the years . pacino's performance brings new vigor to the text and his often overthetop persona is replaced with a gentler , more understated demeanor that brings understanding to his cause . . during a toronto international film festival interview last september , radford said about pacino , when you work with a brilliant actor , you have a great machine . it's a bit like driving a powerful car . you have to dare to do it . he has dared and we are all the beneficiaries .",1,0
"house of dracula works from the same basic premise as house of frankenstein from the year before ; namely that universal's three most famous monsters ; dracula , frankenstein's monster and the wolf man are appearing in the movie together . naturally , the film is rather messy therefore , but the fact that all three monsters are there is usually enough to ensure that the film's sixty seven minutes don't become boring . it's obvious that the idea of making another monster mash came into the writer's head before an actual plot did , as the yarn we're given isn't exactly without holes . the plot sees count dracula arrive at dr . edelman's home asking for a cure for his vampirism . then , what can only be described as a coincidence , sees lawrence talbot , a . k . a . the wolf man turn up asking for a cure for his affliction ! it turns out that dracula is on the prowl for edelman's daughter , but talbot really is serious . when it turns out that he can't be stopped from turning into a wolf , the wolf man throws himself into the sea . . . where he ends up finding frankenstein's monster . br br overall , this film isn't as good as the earlier house of frankenstein . the 1944 film put its plot together better than this entry in the series does , as the plot here doesn't give equal time to each universal monster . dracula's plot is the biggest at first , but soon fizzles out only to resurface at the end . the wolf man is the star of the show , but his story never really develops , and is essentially just another version of the plot he always finds himself in . frankenstein's monster is given the coldest hand , as he appears in the movie merely as an afterthought , and an obvious excuse to ensure that all three monsters appear in the movie . the story of the doctor who binds all three together is the most interesting , but this is a little disappointing as he isn't the reason why people will see this film . the acting is good enough , with john carradine showing his sinister side and lon chaney jr once again making sure that his character is bathed in tragedy . glenn strange is given nothing to do , and onslow stevens proves the real highlight as dr edelman . overall , this film won't do much for anyone that isn't a fan of universal horror ; but as silly monster movies go , house of dracula is worth seeing .",1,0
"i seriously enjoyed watching this movie for the first time some years ago and whenever it gets aired again somewhere which luckily happens from time to time in european cable television i experience the same thing , i'm moved , entertained and end up wishing there were more movies like this one . br br it all deals with leo kevin mckidd and his group of friends living in urban london , leo as a gay guy who follows a friend to a hilarious new age men's group and falls for straight guy brendon , played by dashing james purefoy , who turns out not so straight after all . thrown in as side characters are the equally great tom hollander and hugo weaving whose side story alone is worth watching the movie , simon callow as the leader of the men's group , turning in a great as ever performance . but it's really hard to pick some folks out here , because every character , the female ones like jennifer ehle's , julie graham's and harriet walter's as well , are exquisitely acted . maybe even kevin mckidd looks a little pale compared to his coactors but it benefits his somewhat subdued character . br br the idea behind this movie is a simple one there is never only black and white , classifications are difficult and may not always stand the test of time . br br leo identifies as gay but ends up falling for a woman as well who turns out to be his teenage sweetheart and brendon's long time girlfriend . brendon starts out straight but gets to learn that gay may be more than just an option for him and being bisexual might not be that bad after all . darren and jeremy hollander and weaving are gay and loving it and even the straight folks in the movie , like angie , leo's female roommate , get their fair share of love and funny moments up until the end of the movie . the comedy bitsespecially tom hollander who's just hilarious are funny and on point and the emotions are believable , as confusing as they may appear at times reading this summary . br br what i like about this movie is its genuinely positive notion . whether you're gay , straight , bisexual or simply not sure , this movie leaves you feeling that it's just okay not to be sure and that not being sure might be something worth living out as well ! sexuality is portrayed fluid in this movie and none of the main characters seem to have a real problem with it , apart from all the gaystraight camp fights that you sometimes get fed with in other gay themed movies . i can only wholeheartedly agree with the subtext of the movie , that what you feel certain of one day , when you think you identify as gay , straight , whatever , can look very different on another . i have never seen what to call it ? bisexuality or maybe just the absence of the segregating need for sexual classification being portrayed in such a heartwarming and true to life manner . br br this movie dares going where few movies go , gay or straight movies , by not playing on labels and stereotypical assumption of sex and relying on that . it goes further and assumes that there may be a life to sex after wellknown classifications and i think the times are more than ready for that and other movies exploring postmodern themes like this one ! br br and for all others who don't care about that , heck , it's just a funny comedy worth watching on a rainy saturday evening with some popcorn on your hands . give it a try ! br br loved it !",1,0
"i loved this program , and for years searched for it on video . i've contacted a great many folks in my attempts to get a copy . . . to no avail . br br i do , however , have the second half of the program . i would be willing to share my half , with anyone who can give me a copy of the first half of this show . i'd offer to provide copies of what i have to anyone , but it's just only part of the program . . . so it's just not an adequate representation of the show . br br there are a few folks selling this on ebay for some incredible cost and that's plainly not fair . . . not to mention blatant copyright violations ! . br br please send any correspondence to thndrmouseaol . com",1,0
"death in venice is a movie i need to see once every ten years . it is always different , because i am always at a different stage of life . br br the movie is about art , beauty , longing , death . some scenes are painfully slow , others simply annoying to watch , especially if you have seem them before . yet i would not want to miss a single frame . the music is repetitive , the main theme of the adagietto from mahler's fifth is used again and again . yet i would not want to miss a single note . when the last image fades , the last note dies , i am left numb and exhausted . br br this movie is a monument to film making . as with most really good movies , the saturday evening crowd should stay away from it . and this is simply the best movie ever .",1,0
evil warlord puts a town through pain and suffering . not long before they call upon giant stone samurai daimaijin for help . daimaijin soon comes and really gets the warlord with all his viscious might . the revenge climax is really funny as daimajin squashes guys under his feet and crushes guys with his fist and even drives a spike though a man's heart .,1,0
"this film was adapted from the well known sutra on journey to the west where a monk with his three students seek out to find a long lost book with regards to the teaching of buddha . br br though this movie is not as solemn as the previous films made according to the legend , it did however , managed to bring in romance and funfilled humorous scene . br br this real objective of this movie revolves around more on the monk who were primarily saved from being eaten by demonic flying creatures . one of his student , the monkey god managed to get him out from the battle in the nick of time , but were in turn captured by the demons and cast into the deep throat of a dragon , locked up in that particular dungeon . br br the monk awoke in a small village where he found mei yan the so called ugly serpent daughter who fell in love over him at first sight . though ugly , she did not let her appearance be casted aside from getting to him . however , a quest for rescuing his three students soon turn out to be filled with obstacles and each of which turned out to get worse with mei yan following the monk . problems crept deeper and this is where conflicts between the relationship gets worse . br br the rest of the tale would be left at your own disposal , but suffice to say , this film does not depict the typical storyline of the book , it is more for those who wants to seek out for a funny and light picture of what journey to the west and the love obstacles really mean . br br towards the very end , the whole summary could be described with only one word , and that is love . the monk went to show the heavenly gates , the celestial palace and buddha himself how love can overcome even the worst fear of all and deemed fit as the most powerful weapon that can be used against any enemy of superior powers . br br a wonderfully created and funny acts awaits those who buys this ticket . there would be of course , no regrets , at least from my side and those who were with me at the cinema that day watching the same film .",1,0
"though i did not begin to read the classics in literature until i was 47 , it's never too late . jane eyre is a favorite for many reasons , mainly because there isn't a part of the book i liked less , only parts i enjoyed more . the 1983 tv miniseries with zelah clarke and timothy dalton was everything i hoped it would be . i saw it as a full length movie in 2006 . dalton's 'mr . rochester' was very good but i absolutely loved zelah's 'jane eyre' . relecting on another 'classics' movie i saw recently , i was disappointed in the production , direction and dialogue . it was only faithful to the avarice and arrogance of hollywood . artistic license to the great works in literature is nothing short of plagiarism . using the title after such license is fraud . leave it to the brits to get this one right among others . you won't be able to reread the book without reliving the movie with it's proper context and spirit . well done bbc .",1,0
"a delightful little thriller opens with trevor howard in his jag convertible and ends on a dockside in liverpool . it's all thrills and spills as the exspy has to restart his career just as he's getting some serious r r cataloguing butterflies how british is that ? . br br trevor howard and jean simmons frolic from london to newcastleupontyne to liverpool via ullswater he's just been thrown out of mi5 or something , and she , you guessed it , is on the run , wrongly accused of murder . there's seedy docks , rolling lake district hills , sheep , country pubs , coppers getting lost , waterfalls , a bunch of amateur cyclists , rooftop chases , and lots of chinamen don't ask , and it's all very hitchcocky and hannayesque . . . br br . . and a smashing example of british noir . . .",1,0
"the tourist season has just ended on a remote island off the coast of scotland , winter is beginning to set in and the inhabitants , both humans and sheep alike are settling down to much quieter times ahead . michael gaffikin james warwick a former paratrooper in the british army , is the local dentist , he's not an islander by birth and as such his relationship with local artist and cartographer fiona patterson celia imrie is always being viewed with a little suspicion , not maliciously , but just out of the protective instincts the tight knit community have for their kin . the islands serenity is broken when gaffikin out for a solitary round of golf finds the headless remains of a brutally slain woman . he immediately reports his gruesome find to insp inskipmaurice roves at the islands police station , inskip arranges for delivery of the remains to local gp , dr goudry , for closer inspection . a quick search for the killer proves fruitless , as does a search for a missing local woman . over dinner that night with michael gaffikin , fiona realises that the dead woman might be sheila anderson , a woman from the mainland , who lives on the island through the winter months . a quick search at her home dove cottage reveals the missing remains of her body , her home proving to be the murder scene , but why did the killer drag her torso over a mile into the woods ? suspicion immediately falls on the one stranger left on the island , one colonel howard jonathan newthwho also happened be the last person to see her alive as they came across on the last ferry together . br br goudry asks gaffikin for some dental expertise on the victims body , it reveals that she had been torn apart my somebody or something with great strength , one set of teeth marks on the body seem to point at a human killer , another points to that of an unknown animal of some kind . a sheep is found mutilated and then a canadian ornithologist is found slain . with a heavy fog rolling in , the island is cut off from the mainland and any possibility of help , the radio also doesn't work , seemingly being blocked and the phone lines have been cut . reports of ufo's and the sighting of a camouflaged soldier are compounded by the finding of an odd looking craft hidden behind rocks on the beach . inskip is confused and refuses to listen to anything but the facts and laughs off gaffikin's idea that aliens might be involved , but a rise in radioactive levels on the island , has him doubting himself . br br the nightmare man is based on the novel , child of the vodyanoi by david wiltshire , it is here adapted by dr who and blake's 7 scriptwriter robert holmes and directed by douglas camfield who also had directing experience on both scifi classics and the film benefits from having such experienced genre experts on board . the nightmare man though is on the whole , a succinctly better crafted piece , that builds its plot alongside solid character development , even down to the minor characters , time is given to giving them all a firm background . the island setting is perhaps a genre clich that has been used over and over , but its one that i enjoy very much , the remoteness , the sense of being under siege with no way out always add to the atmosphere and here it is given an extra oomph by having an impenetrable fog close in to hamper all efforts . in many genre efforts of this kind it is very easy for proceedings to get silly and for the plot to resort to melodrama , but credit to camfield , he holds it all together with the emphasis being on believability at all times . there is an authenticity about proceedings , the characters even speaking gaelic at times to further this point . if there is one negative about the killer its that , we are given hisherits pov for the killings , an acceptable clich on its own , but when seen through a red filter and a fish eye lens , it just screams of overkill and dates the film just a little . still though you will be hard pressed to guess the outcome or the identity or for that matter the species of the killer , given the clues presented , but it's a fun and very well acted piece . the local scottish cast are exceptional , the local bobbies roeves and cosmo in particular spar well off each other and are a delight to behold . imrie , never one i've taken to in other works , is also pretty good and displays hew womanly physique as if she were in a hammer production . the outlandish , maybe even preposterous ending may irk some viewers , it disappointed me in some ways , but taking into account when it was made , its an understandable and acceptable addendum that if you think about it , is even more terrifying .",1,0
"born in 1946 i was about eight years old when first viewing this movie and it left a deep impression . not only scary , for lack of a better word this movie haunted me for more than 50 years . the mob goon played by john larch was terrifying . the only scene that stuck out in my mind during those 50 years was the killing of the little girl and the uncaring policeman referring to her as a little n kid . those words were replaced when the movie was shown recently on tv , maybe there are two versions of the movie or someone felt compelled to alter a little bit this heart breaking scene . accurate or not the film went a long way in formulating my opinion of the south and still till today the closest i've come to visiting a southern city is el paso . that stand may seem extreme but there is a little bit more to the story . when the movie was shown recently it became clearer why it haunted me for years . with the newsreel like beginning this movie gives the impression that what is being shown is fact . the film is made supposedly only one or two years after the depicted incidents adding to its realistic credibility . the terror in the movie isn't provided by creatures or space aliens but by persons living in our society at the time . re killing of little girlthe recent viewing helped make clearer the impact it had on my 8 year old mind . when this movie came out the only school i had ever gone to was attended by mostly africanamericans . the victim looked like a girl in my class , it was like seeing an actual killing . it made a horrible scene that much worse . maybe no one will find this review helpful but it helped me .",1,0
"i love ghost stories in general , but i particularly love chilly , atmospheric and elegantly creepy british periodstyle ghost stories . this one qualifies on all counts . a naive young lawyer solicitor in britspeak is sent to a small village near the seaside to settle an elderly , deceased woman's estate . it's the 1920s , a time when many middleclass brits go to the seaside on vacation for their health . well , guess what , there's nothing healthy about the village of crythin gifford , the creepy site of the elderly woman's hulking , brooding victorian estate , which is located on the fringes of a fogswathed salt marsh . when the lawyer saves the life of a small girl none of the locals will help the endangered tot you find out why later on in the film , he inadvertently incurs the wrath of a malevolent spirit , the woman in black . she is no filmy , gauzy wraith , but a solid black silhouette of malice and evil . the viewer only sees her a few times , but you feel her malevolent presence in every frame . as the camera creeps up on the lawyer while he's reading through legal papers , you expect to see the woman in black at any moment . when the lawyer goes out to the generator shed to turn on the electricity for the creepy old house , the camera snakes in on him and you think she'll pop up there , too . waiting for the woman in black to show up is nailbitingly suspenseful . we've seen many elements of this story beforethe locked room that no one enters , the fog , the naive outsider who ignores the locals' warnings but the director somehow manages to combine them all into a completely newseeming and compelling ghost story . watch it with a buddy so you can have someone warm to grab onto while waiting for the woman in black . . .",1,0
"brian de palma's undeniable virtuosity can't really camouflage the fact that his plot here is a thinly disguised psycho carbon copy , but he does provide a genuinely terrifying climax . his blow out , made the next year , was an improvement .",1,0
"it's what you expect . it induces laughter , cringing , and dryheaving , not necessarily in that order . it's overthetop . you will see things that you may never be able to erase from your mind's eye . jackass number two is better than the first ; the actors definitely took more risks while filming this movie . there are many stunts which could have killed the actors , especially johnny knoxville . the treatment of animals was suspect , but other than that , the movie achieved what is was made to achieve . if you like the preview , see the movie . if you don't , steer clear ! br br 8 out of 10",1,0
"why aren't more films especially american more like meatball machine ? br br this is my first official online review and i am charged with electrical ecstasy after having chosen meatball machine as my first endeavor . this is a review , so i'll try to stick to mere reflection and gut emotion . br br i mean , this is one creative piece of work even though it is clearly inspired by the now classic tetsuo ! so what if it's not all original ? i own both of these films and though tetsuo is one strange son of a bitch , meatball machine is far superior and can be sat through without the strong desire to indulge in a dose of mind altering drugs to clarify film significance . meatball machine is as elaborate in it's story as it is in its high influx of blood and gore . thank you jesus for japanese cinema ! br br simply put , the last time my dreams were overrun by visions of horror happened after watching nightmare on elm street when i was 7 or so . i could picture in my dreams a tongue coming out of a telephone for weeks on end . this time at 31 my dreams were pleasantly awe inspiring . br br in this film human bodies are host to aliens whose sole purpose is to try and fulfill their never ending quench for human flesh and blood . humans become flesh eating cyborgs ! ! ! there's more ! ! ! fight scenes ! ! great music ! ! great pointofview shots ! decent acting by the woman cyborg at least better than her male counterpart . the fight seen in the end is worth watching ten or twenty times . br br oh , and did i forget to mention it's a love story ! wow , i hate love stories but this takes the cake ! br br i can't wait to have friends over to watch this film once more just to see the reaction on their faces . sadly , i took time to write this review because i'm afraid most friends and family wont understand meatball machine . the truth is america as a whole is not prepared for meatball machine . br br lastly , my wife walked in while i was watching the climactic fight scene at the end and she was speechless . normally she says something like why are you watching that junk ? this time she had nothing to say . i was glad ! br br this is not junk . this isn't just splatter splatter for the sake of splatter is also great . this is art my friends . art . br br chacho",1,0
"i'd even say some shades of hitchcock . . . this is clearly better than mmm , which is seen as a guilty pleasure by some if not most woody fans . by the way , did you know that annie hall was first conceived as a murder mystery ? anyhow , woody reclaims some relevance in film comedy with this one . the plot turns are nice and tight . i will say that in the first 20 minutes or so , some of the actors are a little too hasty at delivering their lines , but stick around . scarlett johansson proves wellcast in the diane keatontype role , and at no time is there any uncomfortable moments between her and the much older woody . no one could imagine a more perfect actor for the role of peter lyman than jackman .",1,0
"visual creative epic of inimitable style . br br this film may neither have the most alternative dramaturgy nor the most artistic acting . but who dares to say this film is no art ? i'm not a supporter of the idea , that an important film must be serious , noncommercial or bothering me with questions . even there are a lot of films , apposite to this attributes , that i like . br br bogus journey , for sure , is not one of this films . what you get is pure , excessive creativity with a very positive charged , childlike energy . this film doesn't reflect reality . its friendlynaive and utopian . imagine the world of the future described by rufus for me it would be a pretty nice timeplace combination to live in ! except of that music ; br br technically , bogus jorney is very well made . i always liked the cinematography and the sceneries of this movie . especially in this point bogus journey tops its prequel by far . also the effects are good , and i think most of them very made without cgi . i generally prefer the good old effects in big budget movies . sure its 'just another hollywood movie' out of some peoples view . but i think it is this in a very charismatic way . br br a short word to the soundtrack all the band and orchestral music fits very well into the film . also the sound design has no lack . i am not a big fan of rock music , but i had to get this track by winger from the scene 'station' builds the bill and ted robots in the van . i love the unorthodox camera work at its beginning . br br let me conclude saying thisbr br this film is very naive and very imaginative ! it is way better than panzerkreuzer potemkin , the godfather , eraserhead or aguirre the wrath of god . it is absolutely superior to citizen kane , apocalypse now or chris markers sans soleil . . . . . . it is even better than total recall . . . no way ! ? yes way ! br br bill and ted's bogus journey is simply the best movie ever made . br br who dares to disagree makes himself guilty of artsiefartsy behavior or likes terminator salvation what is the bigger selfdefamationbr br ps part 1 is not the better movie . so bogus jorney is a superior sequel . not even terminator 2 is a superior sequel ! its not !",1,0
"when you start watching this animationmasterpiece , you quickly notice , that it's a european production . although the europeans have sadly integrated some of the clichs you would normally find in an american production of this kind , most are missing . one of these is that there is an overwhelming evil that only our very few and very unlikely heroes can vanquish . another is that one of the group is only in the business for the money , is greedy , runs away when the heat is up but somehow gives in to his better nature . this movie would have been better off without both . br br the movie is based upon a tvseries that was out four years before the movie . unlike the movie , the tvseries is a cartoon and not a computer animation . at first i thought the computer would kill the charm and character of the plot but i was quickliy convinced whoever did the animation knew his or her stuff ! although the characters are obviously fictional in stills they don't even look real , they seem as alive and sentient as the audience following their quest . making characters who by normal standards could be considered deformed those microlegs could never carry that giant body let alone make it jump so alive and lovable is more than just a highlight ! the creation of the world is another masterpiece . not so much because of its looks but because of the inventiveness of it . the world our heroes travel is not solid like our own but is made of many pieces of land varying in shape and size that seem to be floating in mid air . when a person steps on a smaller fragment of ground , it nods a little bit as if feathering from the weight . in some cases up and down no longer apply but our heroes still manage to get a foothold somewhere . although the world of floating islands is completely surreal , in this movie it is absolutely believable and after a short time it doesn't seem any weirder than running into a car somewhere in new york . br br i wrote that the looks of the world aren't as breathtaking as the idea . as true as that might be to my mind , the quality of the world , the characters and the attention to details is staggering . although the faces of the characters have relatively few attributes , emotions can be read as clearly as in sean connery's or dustin hoffman's face . the world around the characters is wonderfully colourful and no two settings are alike . the background is always in motion , something is always going on which makes the world seem even more alive . if you stop the movie and look at the background you will be surprised how many details you can find . br br the existence of hector actually puts the cherry on top . hector is a furry little thing possibly the equivalent of a dog in our world who is totally lovable and extremely funny . although he isn't really important for the main plot , he would be missed like scrat would be in ice age . the really cool thing about hector is that you need to speak gibberish to understand him . br br if the movie is so great , why didn't i give it 10 stars ? well , the plot in itself was rather thin . two hunters are sent out to rescue the world from a really bad dragon who wants to swallow the world , isn't really original . that in itself wouldn't be much of a problem . what i missed was the background information . what kind of a dragon was this and why did it look that way ? i love mythical stories but if they get too thin then they seem to be written after the movie is finished in a feeble attempt to give the whole thing some depth . br br another thing i didn't like was zo . although a little girl like her could be considered adorable , she was somewhat of a pain in this movie . she seemed pretty resistant to all types of learning about reality , kept dreaming of some hero from a story book and basically slowed the others down . she would have been ok if she had developed a little more and a little earlier in the movie or had been less of a girly to start with . to me the idea of this girl who was there to twist the story a little backfired on the writers . br br all in all , this is a really good movie for just about all ages .",1,0
"i'm a petty officer 1st class e6 and have been in the uscg for 6 years and feel that this movie strongly represents the coast guard . there were only a few scenes that were far fetched . the most farfetched was when po fischer kutcher went down inside of the sinking vessel to pull the vessel's captain out of the engine room . . . that would never happen . swimmers are not allowed to go inside of any vessel no matter the circumstances . second , the command center supposedly in kodiak , it looked more like a nasa command center . . . we don't have any gear that hitech . third , the captain of the airstation would not be running the search rescue cases with like 10 people on watch . in reality it would be an e6 or e7 as the sar controller and maybe 2 other support personnel like an assist sar controller a radio watchstander . otherwise the movie was dead on , i think they should have incorporated more of the other rates in the cg and their roles in search rescue instead of just aviation based rates . some of the scenes from a school reminded me of my days their and the dumb stuff i did and got in trouble for in my younger days .",1,0
"at least something good came out of damon runyon's misguided attempt to sentimentalize the mafia . guys and dolls , the seemingly indestructible stage musical , was captured on film in 1955 by joseph l . mankiewicz all about eve in a colorful , enjoyable movie that featured an allstar cast including vivian blaine from the original broadway show , jean simmons whose character bears an odd resemblance to audrey hepburn in roman holiday and two of the alltime great leading men , frank sinatra and marlon brando , both of whom had recently won oscars for best supporting actor from here to eternity and best actor on the waterfront and were on the top of their game . one listen to brando singing luck be a lady tonight speaks volumes about where the early dylan got his voice . stubby kaye steals the show as nicely nicely johnson , who brings down the house with sit down you're rocking the boat . the ubiquitous sheldon leonard adds yet another page to his rogue's gallery of screen gangsters . the film has a bright , cartoonish look , anticipating the pop art of the early 1960s . the characters speak in a stylized patois , apparently based on yiddish idioms . although the film's social attitudes and gender roles are dated , it's all great fun , and even the gentle kidding of the salvation army is harmless and reflects no real animosity toward organized religion . just seeing sinatra and brando in the same film is reason enough to watch this movie , but it has lots of other attractions to offer during its 149 minutes .",1,0
"in this movie virtual sexuality the 17 year old justine is not lucky in love . one day when she is stood up , she goes with her friend to a virual reality conference , there she is introduced with a machine that can change your look , dody and whatever you like in virtual reality . she decides to try it out , but begins to make a boyfriend of her own , her dreamdate . then suddenly there is an explosion in a gas pipe and her creation comes to life . i'll say no more , you'll have to watch the movie , which is quite fun to watch .",1,0
"hrmi think that line was from the old movie posters . br br this is a dumb movie that seems to have been translated from some language that was totally unfamiliar to the translator . here's a tip any movie that starts with a black screen and text reading in the future . . . is going to be fun . this means that the premise is so implausible that they have to explain it to you . br br in this case , in the future . . . means that , instead of fighting wars , nations have guys climb into giant robots and duke it out to determine , well , that's never terribly clear , but it's probably something really important . there are good guys obviously capitalists , i . e . us and bad guys commies ! and there are big stopmotion robots . br br sadly , the effects budget was pretty slim , so we don't get to see a lot of the big robots . there are plenty of cheap looking interior scenes , and then a big space fight near the end . the space fight is especially nice , as it serves precisely no purpose other than the blow the remainder of the effects budget . br br with said money now spent , the climactic fight degenerates into and i'm not making this up two guys hitting each other with sticks . i can always get a laugh in a bar by reenacting the final scene , complete with a last line guaranteed to leave any audience scratching their heads . br br like i saidit's dumb . that's why i bought the tape .",1,0
"godard once said a way to criticize a movie is to just make one , and probably the strongest kind that could be made about ralph bakshi's take on tolkien's magnum opus the lord of the rings , has actually been made by peter jackson . the recent trilogy , to me , aren't even total masterpieces , but they are given enough room with each book to breath in all the postmodern techniques crossed with classical storytelling to make them very good , sweeping entertainments . br br but as one who has not read the books , i end up now looking upon the two versions , liveaction albeit partly animated in its big visual effects way and animated albeit partly done with actual live action as the framework in relation to just the basic story , not even complete faithfulness to the books . and with bakshi's version , it's almost not fair in a way , as what we do see is really not the complete vision , not what jackson really had probably final cut . robbed of return of the king's big climactic rush of the story , and with the other two parts becoming rushed , i ended up liking it more for what it did within its limitations , though as such those same limitations make it disappointing . br br what's interesting too , after seeing the jackson films first which i also slightly regret being that i might've reacted to this differently when i was younger and prior to five years ago is that the basic elements of the story never get messed up with . everything that is really needed to tell the fellowship of the ring story is actually pretty much intact , and if anything what was probably even more gigantic and epic in tolkien's book is given some clarity in this section . the actors playing the parts of the hobbits and the other heroes , are more or less adequate for the parts , with a few parts standing out john hurt as aragorn and william squire as gandalf . br br the lack of extra characterization does end up making things seem a little facevalue for those who've not even seen the other films or read the books and can't put them into context . but there is some level of interest always with the characters , and here there's a more oldfashioned sensibility amid the large aura of it being more . this is not a garden variety disney adaptation warts and all , this is a bakshi film , with his underground animation roots colliding with the mythical world of middle earth . br br and what bakshi and his animation team bring to the film is one that ends up giving what is on screen , in all its abbreviated form , its hit or miss appeal . along with being not totally complete as a film , or as stories , the form of the film is an experiment , to see if something can be entirely rotoscoped . the results end up bringing what seems now to be retro , but at the time of course was something that was a rough , crazy inspiration on the part of the filmmakers . might it have been better with more traditional drawn animation ? in some parts , yeah ; it does become a little noticeable , as was also the case in bakshi's american pop , that the main characters move in such ways that are a little shaky , like some kind of comicbook form done in a different way . still , there's much i admired in what was done . br br the orcs , for example , i found to be really amazing in they're surreal surroundings . they're maybe the best part of the combination of the animation on top of the liveaction , especially during parts where there isn't battle footage that's really the real hitormiss section , as there isn't continuity from the good and bad rotoscoping , and the chiaroscuro comes through with big shapes on top of horseback . it's creepy in a good way . and the backgrounds , while also very rough and sometimes too sketchy , are beautiful with the mixtures and blasts of colors together . it's almost something for artfilm buffs as much as for the ringnuts . br br so , how would i recommend this animated take on the lord of the rings ? i don't know , to tell the truth . it's certainly a good notch above the other tolkien animated film i've seen , the hobbit and i've yet to see the animated rotk , and there is some real artistry going on . there's also some stilted dialog , an alltoorushed two towers segment with the most intriguing character gollum being reduced to maybe two scenes in all . and seeing something as fragmented like this ends up only reinforcing the completeness of the more recent films . br br if you're a fan of the books contemplating checking this out , i would say it's worth a chance , even if it's one of those chances where you watch for forty minutes and then decide whether to stop it or not . as for it fitting into bakshi's other films i've seen it's an impressive ambitious and spotty achievement , where as with lynch's dune it's bound to draw a dark , mordorlike line in the sand between those who hate it passionately and those who don't . i don't .",1,0
"i get teased all the time by family and friends for my tears over movies , and they were not disappointed when i watched this one . i cried numerous times but believe me it was not over sappiness . i ached for the family and i ached for this man as he tried to redeem himself the only way he knew how . denzel was fabulous as always , and so was chris walkin . mickey rourke , i did not even recognized though ; the years have not been kind to him . my husband is not one to rewatch movies unless they are historically accurate war moviessnore ! ! ! ! he has watched this movie 5 times now and i am going to have to get the dvd to watch it again because he has worn out the tape and it jumped the whole time i was watching .",1,0
"watch this movie . it's truly a good ride through the difficulties of making a indie movie , and what happens when it blows up in the film maker's face . there's a lot of stuff about punk rock , and the philosophy behind that movement and it's relationship to this project . so if you're into old punk , american punk , you'll dig it . . . . but , beware , there's a ton of bad acting bits from the failed project that are incorporated . . . yet they do come off funny at times . and , actually , some of the best parts are listening to people who have never been involved in movie making pontificate and what they went through in the three year period that it took to put this together . so anyone out there that's about to make a film , especially if you haven't been to film school or worked in the field , you should watch this and learn from the film maker's mistakes .",1,0
"twisted desire 1996 was a tv movie starring melissa joan hart . melissa's character , jennifer stanton , a seventeenyearold seduces her current boyfriend nick ryan into murdering her two parents . the movie is based on the 1990 murders of the parents of 14 year old jessica wiseman . jessica had her 17 year old boyfriend douglas christopher thomas shoot and kill her parents ! thomas was executed in 2000 ! jessica was released from prison when she turned 21 years old . evidence now suggests that it was jessica who fired the fatal shot that killed her mother . jessica is known to now be residing somewhere in the state of virginia .",1,0
"wow ! all i can say is that if elizabeth montgomery is the enemy she speaks russian , then i'm surrendering right now . in her short skirt , hightop boots , and pronounced bust line , she's a real babe , even if her zombielike eyeshadow sort of comes and goes . this 30 minutes is no doubt the sexiest of the series . note the realistic and revealing wrestling match with bronson until he ungallantly slugs her on the chin , ruining all the fun . okay , probably i should leave off my hormonal response . br br this is a very well produced halfhour by that underrated force behind the series's success , buck houghton . naturally , the producers want to lead off the third season with an above average entry . it's post nuclearholocaust america we know because she's part of the invading force and only american bronson and soviet montgomery are left , along with about twenty tons of realistic wreckage . they wander among the destruction in alternating moods , while we wonder how long it will take for biology to trump politics , which of course it eventually does , lucky bronson . and that's about it . no real talk , except for what bronson has to say which is pretty overblown . nonetheless , the screenplay is still entertaining , and rather daring for its time , even suggesting that not all russian women looked like truck drivers a popular cold war stereotype of the time . br br in passing it's rather curious that the very slaviclooking bronson buchinsky would be cast as the american and the glossylooking montgomery as the slav . appearancewise , it should be the reverse . my guess is that the producers did not want to cast the american in the physically weaker role of the female , regardless of appearances . however that may be , there is little of the usual tz fright or atmosphere , still the episode remains a very , very watchable 30 minutes .",1,0
"one of the most unfairly maligned programmes of all time , 'terry june' was also one of the most popular sitcoms of the '70's and '80's . br br it started life as 'happy ever after' , but when eric merriman decided he didn't want to write any more , it changed into this , hence the dropping of 'aunt lucy' and the fletcher's becoming the medford's . br br yes , it was cosy , domestic , middleclass stuff ; the plots ran the gamut of clichs from the boss coming to dinner , the vicar organising a jumble sale , and unwanted relatives coming to stay for the weekend . it was certainly not 'dreadful lazy comedy' . as for it being 'not clever' , it was not meant to be . it was funny and well performed , and that was enough ! br br i too loved the 'alternative' boom of the '80's 'spitting image' , 'black adder' , 'the young ones' etc . but also enjoyed conventional stuff such as this . if nothing else , it provided alternative comedy with something to be an alternative to . i found it sad though when the likes of ben elton took against both this and benny hill . well , family oriented comedy has all but vanished from our screens , but where has it left us ? take a look at the latest t . v . schedules . all soaps and reality dross . the few comedies left are aimed at teenagers , meaning they are jam packed with swearing , bodily function jokes , and explicit sexual references . and they are not remotely funny either . br br the 'alternative comedy' boom was good in many ways , but had a dark side . it made conventional sitcoms appear old fashioned , drove away talented writers and performers such as spike milligan , and ultimately led to such unspeakable drivel as 'little britain' and 'tittybangbang' heaven help us . if it ain't broke , don't fix it !",1,0
"i saw this film on 19sep2009 at the cambridge film festival . br br the beagle's only in a couple of short flashbacks , the whole thing is about darwin's life from 1841 to 1859 , when he was ensconced in kent with his growing family , 200 pages of origin had already been drafted and he was wondering whether to complete the book . br br the script is based on randal keynes's book annie's box annie , charles's daughter , died when she was 10 . it is mostly a family drama , but does include sex scenes however , the participants are married , both on and off screen . not too exciting , not much science but a wellmade film that's pleasant to watch and pushes the right emotional buttons . a bit of a romantic weepie , actually . i suppose the conclusion is that you can be an agnostic freethinking scientist from an atheist family background and still be an emotional romantic as well as an excellent father . br br some of the characters and darwin himself state or wonder whether he killed god but the viewer is able to doubt that . what is beyond doubt , given the deadly struggle for survival and the web of predation on the meadowbank wellknown before darwin and completely uncontroversial and the failure of darwin's prayers is that the idea of a kind , providential god who loves his creatures is untenable . br br i really cannot see many americans objecting to it very much . some may have problems with the title , which is probably the most controversial thing about the film , or with the fact that bettany does not have horns , a tail and a pitchfork .",1,0
"to me , anatomie is certainly one of the better movies i have seen . i don't think anatomie was primarily intended to be a horror movie but a movie questioning the ethics of science . if you watch it with that in mind , it turns into a really good film . the only annoying bit was the awful voice dubbing for the english version . how can you expect any nongerman person to listen to these unbearable german accents for two hours ? let native english speakers do the talking or use subtitles instead ! !",1,0
"i've read some grumbles about the court scenes . these people betray their ignorance . this production went to simply amazing lengths to recreate all aspects of the period in which the story occurred . courtly manners are something few people outside the court ever see . while the acting may appear highly stylized , it is , in fact , as close a replication as possible of the behavior of individuals in their particular stations as the director could create . the actor's facial expressions are a marvel , particularly the duplicitous marquis changxin and the king's mother . br br there are , of course , reflections of both greek and shakespearian tragedy in the relationship between the king , his parents and his love . the juxtaposition of the king transforming from good to bad and the assassin from bad to good provides much food for thought on the evolution of an individual's nature . this movie would provide much to ponder in a college course on the humanities . br br at the same time , it almost rushes along , even in the slowest scenes heading towards an inexorable denouement . one suspects the involvement of large portions of the troop movements , which were quite awesome . it makes the lord of the rings battle scenes pale by comparison . few directors have the ability to literally field thousands of humans on the field of battle just for art's sake . i recall one scene in which at least 30 , 000 troops can be seen moving across a huge plain . the logistics for such a shot would have been staggering . br br i could go on . . . but simply , i can't recommend this film highly enough .",1,0
some bad reviews here for this and i understand why but treat it as a low budget serial killer film and you might get more from it than most . br br i thought that this worked in a way because afterwards i felt dirty and wanted to take a long shower so that is some degree of success isn't it ? br br i would say there is just the right level of sleaze here to get under your skin although the acting is maybe a bit too uneven . david hess is only in this brielfy so don not get your hopes up to much if you like last house . br br other than that worth a look .,1,0
"the pilot of enterprise has one thing that has been lacking since the original star trek a dose of realistic , flawed personalities . the utopian characters of the next generation got tiring , they were so noble as to be unbelievable . i also like the subplot that humans are bitter toward the vulcans . its funny seeing them as pretentious snobs . it makes me look forward to seeing when the humans become the dominant race between the two , though i don't think it would work in the time frame of the show . the only negatives that jumped out at me were the quick cut off the ending at 2 hours feel of the end , which is common among many of the trek shows . the second was the shameless dig for ratings by a couple of senselessly sexy scenes . it was out of place , a good science fiction show should be able to stand on its own without trying to pad the preteen audience with some skin . but its not my job to make the show profitable , so oh well . br br lets see how the next episode does .",1,0
"one of the better kung fu movies , but not quite as flawless as i had hoped given the glowing reviews . the movie starts out well enough , with the jokes being visual enough that they translate the language barrier which is rarer than you'd think for this era and make the nonfight dialogue sequences passable for a kung fu movie , this is a great compliment . unlike other chinese action movies , which were always period pieces or in the wake of jackie chan's police story i cop dramas , pedicab driver gives us a look at contemporary rural china . unfortunately , in the latter 13 of the movie it takes a nosedive into dark melodrama tragedy which i thought was unnecessary . br br the action is overall good , featuring a duel between sammo and 12 of the shaw brothers' only 2 stars , karleung lau and then a fight at the end with that taller guy who always plays jet li's bad guy . there's only 20 minutes of combat here , which is standard , but what annoys me is the obvious speeding up of the camera frames . i get that they have to film half speed to avoid hurting each other , but there are smooth edits and then there's this . it really takes away from the fights when it's this obvious the footage was messed with . br br that said , if you like kung fu movies , my opinion here won't dissuade you , and if you don't , you just wasted 2 minutes of your life reading this .",1,0
"i'm grading this film on a curve , in other words , it isn't the greatest film that has ever been made but it does exactly what it set out to do . this is an excellent ta film . i have no idea the count of how many t's or a's were seen in this film but i did see one shot that had 16 bare t's at one time , just to give you an idea . there are topless girls all throughout . there is a wet tshirt contest scene . and the climax involves a game of touch football between two allgirl teams and every time one scores a touchdown the entire opposing team losing a piece of clothes . i don't know why this gets such a low rating here . perhaps the people who gave it low scores thought they were going to see citizen kane . i love this movie and hope to find more similar ones . if you are looking for a good campy ta film i'd recommend this one .",1,0
"it was a doubly interesting experience . for some reason the greatest scientific mind of the 20th century had never been the central figure in a movie . the closest i can think of as films with einstein in them are champaign for caesar , where like a deus ex machina the great man is heard clarifying a point on a radio quiz show , so that ronald colman is proved to have given the correct answer after all , and in bullshot where the great albert is one of a dozen leading physicists and scientists who are drugged with cannabis by the villain , intent on stealing some machines of theirs . it is notable that in those two cases , and in iq , we are dealing with comedies . so far nobody has tried to do a serious film about the life of einstein , like john huston's attempt to do one on freud with montgomery cliff . i guess it is just too hard to get the world of mathematical equations or the secrets of electromagnetic field theory into exciting dialog . but then , only three years ago russell crowe and christopher plummer did a beautiful mind . maybe nobody really has tried . br br subsequently , after writing this , i remembered the successful comedy young einstein with yahoo serious about ten years ago . but that is an exception and it was a spoof . br br the other surprise was the actor playing the great albert . it was walter matthau , here taking time away from the series of films he did with jack lemmon in that last decade of their careers . matthau was a highly capable and gifted character actor , in both comedy and drama , but normally his comic personas were variants of his whiplash willie gingrich from the fortune cookie . they were connivers and gonifs . later they would shed their criminal propensities because we had grown to like them , but they remained grumpy types . but his albert einstein happens to be genuinely sweet . more like his kotch than like willie clarke . br br he plays albert as good old uncle albert . it seems that matthau's einstein is living in princeton with his niece catherine boyd meg ryan , and she is seeing a stuffy professor named james morland stephen fry . but fry's car needs repairs , and they take it to the auto shop where ed walters tim robbins works . robbins falls for ryan , who is attracted to him but finds that he lacks the mental equipment that she admires . good old uncle albert , aided by his three friends lou jacobi , joseph maher , and gene saks decide to give their assistance to robbins and make him an apparently unrecognized physics genius . this will open the doors of romance between him and ryan , provided ryan is impressed and fry does not spoil things as he hopes to do . br br the atmosphere is sweet , as when matthau and his chums rig up a super physics quiz that they help robbins cheat on by switching the positions of their bodies . the plot eventually leads to the outright lie that the brilliant robbins has constructed an atomic powered rocket ship which brings in the interests of the nation in the figure of president eisenhower keene curtis . br br it was a charming comedy , and an interesting stretch for matthau in that he was not as hyper as normal , but far more subdued .",1,0
"i love this show . my girlfriend was gonna get an abortion until we both watched wonder showzen one night . luckily , she killed herself before the baby was born . though technically i think it was considered a murdersuicide . br br my first thoughts upon seeing wonder showzen ? now i know what god watches when he jerks off all the time . br br wonder showzen is to television what a toaster in the bathtub is to my selfesteem . br br you know how george w . bush makes speaking gaffes all the time ? tyler wouldn't . tyler's good . tyler cuts his nails . he's tyler . he's good . tyyyllerrr . . .",1,0
"i don't go for that many heist comedies , and i might not care for this one if it weren't for the actors , when it was made , and when i first saw it just a few years later . it's almost too similar to the happening even though it's obviously a much less serious comedy than that one mafia figure takes over his own kidnapping , or rather , turns it in a different direction altogether . of course , raquel welch didn't play the kind of sharp character faye dunaway did in the happening , but that doesn't make it a sexist film either she was practically playing a stock character , almost her version of a moll ! but , i'm completely biased it's among the first films i ever saw with her , and at the time i saw it , you couldn't turn around without seeing a poster of her luckily . i think robert wagner was really just right as the neither thoroughly likable nor dislikable leader of the group , as were edward g . robinson naturally and vittoria de sica . and godfrey cambridge , an actor who always managed to be funny .",1,0
"this is probably the greatest war film and certainly one of the greatest films . there's no sentimentality , no patriotic agenda , not even a hopeful message of universal brotherhood in this bleak glimpse of what we can only call hell . it's this quiet rigor and lack of manipulation that give the film its astounding power . there aren't any attempts to make a hero out of ichikawa's protagonist tamura either . he's just a poor doomed sap trying to stay alive in a world of horror who hopes , but isn't sure , he can hang on to his humanity in the process . ichikawa's fierce lack of cant and illusion make fires on the plain stand alone . ichikawa died february 2008 .",1,0
"who ever came up with story is one sick person . i rented it for our slumber party sleepover and all six of us got freaked out cause we're all in an acting class together , and we know a couple of the actors from class . besides everybody screaming the whole freaky night , i had freaky nightmares . i kept thinking oh my god , if i get up to go to the bathroom to pee i'm going to be stabbed in the middle of wiping or something . i couldn't even go to the bathroom because we watched this gruesome horror movie . i also thought why are all the girls topless in this movie but we don't any of the boys units ? you should make a horror film where the killer is a girl and chopping off units . i would watch that over and over . call it hard or soft or something stupid like that . i'm only giving this movie a 9 because you freaked me out freaks .",1,0
"i had the privilege recently of viewing what is said to be the last 35mm , technicolor , stereo print and found it much livelier and more touching than remembered . also closer to the original material basically , all screenwriter n . richard nash did was trim , change much recitative to spoken dialog , and insert a transitional scene or two including a very amusing one for pearl bailey . oliver smith's production design is stagy in the li'l abnerguys and dolls '50s adaptation mode , but it works well for this work's folkloric , unrealistic quality . stereotyping and racism are present , but not to a winceinducing degree . further , for a movie of its time , it's pretty frank the adultery , violent behavior , drug use , and selfdestructive habits of the denizens of catfish row are not at all minimized in the telling . but there are debits , beginning with all that variation from the stage text . the loss of so much compromises gershwin's brilliance no wonder the family doesn't like it . the reorchestration , especially of sammy davis jr . 's material , is disconcertingly trendy and vulgar . george knew what he was doing , folks ; you didn't have to mess with it so much . and while poitier and dandridge act well and their singing doubles sing well , there's a huge chasm between the characters' singing and speaking voices you're constantly aware of the artifice . what really counts here , of course , is the music , among the greatest ever written for the theater , anywhere . despite all the tinkering , it survives , and you'd have to be made of stone not to be moved by it . if the treatment isn't entirely to the estate's liking and it shouldn't be , there's still no reason not to spend some bucks to restore this ambitious filming of gershwin's masterpiece and make new generations more aware of his genius .",1,0
"if you like silly comedies like airplane you'll love this movie ! it's definitely in the style of airplane and scary movie . a fun film ! it has the strangest cast of characters all in the same movie . michael jackson , evan marriott , joyce giraurd , stuart pankin , charlie schlater and eric roberts . the special effects are hokey , but i think they're supposed to be since it's a silly comedy . there is apparently two versions of the film , one at blockbuster and one on the official website misscastaway . com . the one on the website appears to be a preview release version signed by the director . there's some fun behind the scenes material filmed at neverland with michael jackson as well . the movie was filmed in 2003 and says it's pg rated fun on the box .",1,0
"full disclosure i'm a cynic . i like my endings sad and my hankies dry . i didn't cry when bambi's mother was shot . will smith's new film happiness looks like a desperate plea for an oscar . basically i was born without an artistic soul . br br so why on earth did i like 10 items or less ? maybe it was the double espresso i downed before the show . or more likely maybe it was that even the most hardboiled of movie fans could use an occasional shot of sweetness . br br and sweet it is . from the moment him meets scarlet an event far from a nora ephron meet cute the view is taken on an intimate journey with two strangers learning to care about where their lives are headed . aided beautifully by phedon papamichael's cinema verity style camera work . br br the main argument about the film is that it's too far fetched . is the film far fetched ? i don't know . you tell me . i've yet to meet adrian brody at the market . however , not for lack of trying . do i enjoy considering the adventures that might occur should this momentous event take place ? darn straight i do . . . that's where most reviews of 10 items or less fall short . . . they fail to take into account that even we cynics have fantasies . and heck , sometimes , it's worth the price of admission to vicariously live them , 82 minutes at a time .",1,0
"it's sad to view this film now that we know how the anc got shafted by international capitalism . biko died for nothing much . woods achieved little . yes , outright apartheid was abolished , but all the apparatus of power was reserved by the minority whites , leaving the anc government more or less impotent . as naomi klein writes in the shock doctrine , in the talks between the black and white leaderships the deklerk government had a twofold strategy . first drawing on the ascendant washington consensus that there was no only one way to run an economy , it portrayed key sectors of economic decision making such as trade policy and the central bank as technical or adminsitrative . then it used a wide range of new policy tools international trade agreements , innovations in constitutional law and structural adjustment programs to hand control of those power centres to supposedly impartial experts , economists and officials from the imf , the world bank , the gatt and the national party anyone except the liberation fighters from the anc . the statistical results are horrifying , with not much change accomplished , and aids flourishing . viewing cry freedom in this light is deeply ironic actually tragic . the anc has transformed itself from being the solution to being the primary problem .",1,0
"great historical movie , will not allow a viewer to leave once you begin to watch . view is presented differently than displayed by most school books on this subject . my only fault for this movie is it was photographed in black and white ; wished it had been in color . . . wow !",1,0
"i've always enjoyed animated ducks for some reason duck tales , darkwing duck , daffy duck , donald duck . though none of them are as deranged as duckman . originally broadcast between 1994 and 1997 duckman lasted for a total 70 episodes but could easily have gone on forever without becoming stale . br br the titular character is a discombobulated , unapologetic slob and pretty much the worst living person in the world . he's a private detective , a widower , a peeping tom , an alcoholic , a sex maniac , a murderer , a fill in the blank . you name it , duckman has done it . but who can blame him for being such a slimeball when the world hewe live in is so insane , outrageous and just plain nonsensical ? eric tiberius duckmanvoiced by the maniacal jason alexander could carry the whole show by himself but when he's surrounded by a bunch of eccentric supporting characters you just know that trouble is just waiting to explode at every opportunity . my favorite has to be willibald feivel cornfed or just cornfed pig , duckman's incredibly deadpan sidekick who is seemingly talented and highly skilled at everything and is perpetually oblivious to his partner's infinity of vices and incompetence . br br the typical plot will involve some bizarre case he'll inevitably blunder through or will revolve around his highly dysfunctional household , though every now and again duckman's archenemy king chicken tim curry , a sort of professor moriarty in fowl form , hatches some diabolical scheme in revenge for being bullied in high school . br br since i was a teenager this has been my absolute favorite animated show , better than the simpsons , family guy and even king of the hill . nothing will ever surpass it . there never was , or will be , anything quite like duckman ever again . the level of satire , observational humor and writing is so sharp it's deadly and the animation is done in that unique klaskycsupo style anyone who has seen rugrats will understand . it's a wonderful , highly imaginative and wild world and all with a noirish , 1940s feel . br br you can never have too much of this particular bird .",1,0
"this episode of twilight zone combines a silent section 1890 with melodramatic acting and sight gags , an homage to the early buster keaton films . lots of slapstick buster falling on a bulkhead door , falling in a puddle , running around pantsless . silly scientist's invention of a time helmet , reminiscent of a flash gordon idea of what the future would be . cheap prices , like 1 . 95 for ladies hats , or 17 cents a pound for beef seem outrageously high to buster . even the world of 1890 is too much for bustermulligan . how shocking when he is mistakenly transported to the modern world of 1960 ! buster was trying to go backwards ! the scientist of that time wants to return to a calmer world , the 1890 that he has studied and admired . they go back together , and bustermulligan is now happy and the scientist regrets not having electronic equipment , modern beds or an electric blanket . so buster sends him back with the crazy helmet . br br this twilight zone doesn't have a heavy message . since buster keaton died in 1966 , it is one of his last efforts . that's enough . br br one other cute thinglongtime underutilized maytag man jesse white is a repairman who fixes the time helmetforeshadowing his washing machine career .",1,0
"that was great fun ! i never read those chestergouldcomics but it's not necessary to know them . maybe there were some inside jokes i didn't figure out but what the eye doesn't see the heart cannot grieve over . this is such an ironic , colourful film and the actors are goodhumoured all together . the setting is similar to that in the batman movies , but not as dark and grey . okay , the story is not so original but there is a plot which is not selfevident and a more or less surprising ending . br br with this movie , you could play an interesting game , if you watch it with friends . don't watch the credits at the beginning and then look who's the fastest to find out who are the famous actors under their makeup !",1,0
"to me this was more a wake up call , and realization that most all we see , hear , read and think about most anything , is dependent on what the media feeds us . this is a classic example of high level spin doctors attempting to control the masses through controlled information . it is also an excellent example of how people that have a constitution that they freely bought in to , will not be swayed by this media control or any attempted misinformation . once again this shows that at the end of the day the needs of the many will in fact outweigh the needs of the few . it is also enlightening to see that in in a country where there is no religious civil war going on , that democracy is not a real hard thing to implement .",1,0
well i gave this movie a 7 . it was better than thirdspace but not as good as in the beginning as far as the b5 movies go . i really think the television series did a much better job overall with the special effects and character portrayal . let's hope the producers and cast get the next series crusade up to the standards of b5 .,1,0
"i thought this was a wonderful way to spend time on a too hot summer weekend , sitting in the air conditioned theater and watching a lighthearted comedy . the plot is simplistic , but the dialogue is witty and the characters are likable even the well bread suspected serial killer . while some may be disappointed when they realize this is not match point 2 risk addiction , i thought it was proof that woody allen is still fully in control of the style many of us have grown to love . br br this was the most i'd laughed at one of woody's comedies in years dare i say a decade ? . while i've never been impressed with scarlet johanson , in this she managed to tone down her sexy image and jumped right into a average , but spirited young woman . br br this may not be the crown jewel of his career , but it was wittier than devil wears prada and more interesting than superman a great comedy to go see with friends .",1,0
"the minutiae of what's involved in carrying out a robbery is what makes this one of the best of all heist movies . then there's the robbery itself , a wordless , thirty minute nailbiter that has never been surpassed , followed by what is probably the cinema's most pronounced example of dishonor among thieves as things begin to spectacularly unravel , and we have what is unquestionably the greatest of all heist movies . br br this was a tough and unsentimental film when it first appeared in 1955 and it is just as tough and unsentimental today . it displays some of the edgy brutality of dassin's earlier brute force . there isn't a flabby moment or duff performance in the entire film and dassin captures the milieu of seedy clubs and parisian back streets like noone else and the final drive through paris by a dying man is one of the most iconic closing sequences of any movie . a classic .",1,0
"why a good actress like elizabeth berkley stars in this commonplace movie ? ? ? ! ! ! the cast gives some good performance elizabeth berkley as a barbie girl , ele keats as a girl without mother and justin whalin , a guy eternally lessened by his bother , but the direction is extremely boring and the story is not so interesting and original . i can not believe that a movie like this was produced for the big screen ! julie corman the producer are you crazy ? ? ? ! ! !",1,0
"for people interested in business and the corporate world , this show is simply the best of the best . as one of the former contestants of the show wrote in his blog about this innovative show people in business finally had an audience . the whole idea is perfect ; having a group of businesspeople competing against each other in businessrelated tasks , set in the best place in the world , new york city . donald trump is perfect as the boss , even though his ego is bigger than the whole universe times infinity . he also makes a lot of questionable decisions about whom to fire , which is one of the negatives about the show . br br season 1 great season overall , the best season of the normal ones . this season was the one that was most about actual business skills . later on the series almost drowned in marketing related tasks with way too many product placements . great and interesting contestants overall , with the most likable character ever in this series troy . i know i'm not the only person who suspect that the trump world towerepisode where he got fired was rigged to have amy and nick win this particular task . br br season 2 also a great season . the tasks were still pretty much ok , and it had many interesting contestants . jen m was terrible and should never had made it to the final , imo . also , this season had the worst firing ever pamela . br br season 3 terrible . actually , i liked the concept of book smarts vs . street smarts , but the cast was so utterly terrible it turned out that trump hated the cast as well that the whole season was a total disaster . best moments was the second episode motel renovation , with pm brian fired , a guy who added nothing but huge amounts of comedy value . br br season 4 an excellent season , much because of the interesting and entertaining contestants this season especially randall , alla , marcus and the total disaster whose name was toral . the take me out to the boardroom episode is one of the absolute classics of this show , ending with the wellremembered quadruple firing . sadly , i think we got robbed for the randall vs . alla final . i think trump was afraid that she could have won , and prevented that from happening . br br season 5 a boring season with really no special things to it . brent was just an embarrassment and obviously only there to create drama . the tasks were terrible overall how has creating a jingle anything to do with business at all ? . i guess the best man won , but personally i couldn't care less . br br season 6 i can see why they wanted to try out l . a . as a new location for the show , but looking back it was a mistake . new york will always be the place for this . this season added so many new things , most of them terrible like losing team having to sleep outside in tents , winning pm continues to be pm , for example . the tasks were terrible and trump also chose the wrong winner . james deserved it , no doubt . br br season 7 celebrity edition . best season ever . totally different rules like the use of rolodexes , but all fun and entertainment . the biggest problem was that many of the contestants were not real celebrities at all , especially the women where everyone were unknown to me except for omarosa , who is a total disgrace to everything she takes part in . this looked to be gene simmon's season , but after he made a complete fool of himself during the kodak task , another man emerged from the shadows piers morgan . never has anyone dominated a season like he did . he crushed his opponents and also came across as a guy with a great sense of humor although some uptight americans not all americans , of course , don't take me wrong sadly didn't have the social skills to understand it . way to go piers ! ! br br for fans of this i highly recommend the uk version starring sir alan sugar as the boss . in fact , the british version is way better , and that says something since the american and original truly is a great show . one thing about the uk version is that the contestants normally tend to behave like decent human beings in the boardroom , unlike the constant yelling and rude behavior that takes place in the us version .",1,0
"when i rented this movie to watch it , i knew that it was not going to be a mindbender movie . instead i thought of it as a disbelief of reality where someone is going to get a serious beating . and you know what it worked . kurt russel did what i though was a remarkable role in showing the emotionless soldier that he was . i recommend this movie if your out with the boys and want to watch a good action film .",1,0
"i saw this fine flick shortly leaving college . as i sat there happily watching alice go from repressed virgin to sexual adventurer , i got to wondering why her sexual encounters seemed familiar . then i remembered intro psych 101 lecture ! one of the lectures dealt with the psychosexual stages of developement , basically the shift over time on what part of the body and its attendant stimulations gets our main attention , as well as the changing emphasis on what gives us pleasure . alice's first encounter is being bathed , with emphasis on the genitals and bottom . her next encounter is an oral one with the mad hatter's dingaling . i forget the rest of the lecture and the order of alice's encounters , but i do remember how well they matched . it's interesting to see a skin flick with some brains behind it , rather than the cliche i'm here to deliver your pizza . let's screw . br br i don't see how kristin debell's career could be wrecked by this film , as it was her first film . and reagan's tiresome hypocrisies had yet to mar this land when it was released , but in a way he and his stooge meese did affect ms debell . when meese was staging his antipornography commission to distract people from his own criminal activities , meese hired the services of an antiporn activist named judith reisner . reisner was obsessed with images she perceived as child pornography . she saw the alice cover ms debell did for playboy and promptly announced she had scientifically proven that ms debell was in fact a photo collage of parts from several grown women and the face of a ten year old . yeah , right . . . .",1,0
"long before terri schiavo brought the issue of living as a vegetable to the public view , a day in the death of joe egg dealt with it . alan bates plays bri , a schoolteacher whose daughter is almost completely brindled . he and his wife sheila janet suzman try all sorts of dark humor to try and get on with their lives , but they can't escape the facts . at one point , they even consider euthanasia . the question circling them and their friends is what will ever become of this predicament ? br br with this movie , alan bates continued his streak of really good movies , preceded by zorba the greek , the king of hearts and the fixer . we can safely say that he will be sadly missed .",1,0
"i don't know whether to recommend this movie to the fans of tetsuo or not . why tetsuo ? because you can easily label some things about this movie as a very obvious tetsuo rip off . the concept is similar , editing is equally frantic and fast which is good because , aside from making the movie more dynamic , it obscures some flaws caused by low budget and other factors . br br there is lot more gore , less eroticism and , in the case of meatball machine , the transformation of human being into a creature that's partially a machine sounds familiar ? called necroborg very original is caused by slimy little aliens . br br these slimy little scums from outer space actually use human beings as vessels for their gladiator games that they play with each other . they infest the body , somehow manage to put an insane amount of mechanical parts in it pulling them seemingly out of nowhere and turn it into a killing machine that targets other necroborgs . their aim is to defeat another alien who is in another necroborg , rip it out of the corpse and eat it . br br all in all , the plot sounds somewhat silly and i didn't expect much , but at the end i actually enjoyed this film . br br as i said before , this is a low budget flick , but it's still relatively decent . don't expect much from actors , they're mostly not very good , but it can be tolerated . i liked the atmosphere and gore , certain bizarre situations and the way the movie is directed and edited . although the story is not too original , it possesses certain charm to me at least . br br 7 out of 10 .",1,0
"i recommend watching this film with your significant other if you're planning a romantic evening with himher . the chemistry between johnny weissmuller and maureen o'sullivan as tarzan and jane is so steamy it could fog up your screen . br br after the original film , we begin to see how tarzan and jane have adapted to the jungle and to each other . jane's skimpy jungle wear and tarzan's protest when jane covers up for their visitors illuminates that they are not just romantically , but also quite sexually in love . br br one's imagination can supplement the constant touching and love talk between tarzan jane to portray how much jane is actually teaching tarzan about love emotionally , romantically and sexually . and jane's student is not only embracing but also thriving with his previously untapped sexuality . br br the skin show in this film is off the charts . in addition to jane's twopiece sexy midriff , leg , and hip baring costume , she also has an underwater nude swim with tarzan . although it is not o'sullivan , but olympic swimmer josephine mckim who doubles for her in this scene weissmuller , also reveals a tremendous body and perfect pectorals in his barely there loincloth . the ladies will delight when weissmuller emerges from the water after his lengthy fight with the giant crocodile and sounds his yell with his water soaked loincloth practically falling off his hips . br br it's a shame that the overprotective censors toned down the adult nature of the tarzan films after this entry . although the weissmuller tarzan films would still prosper in the years to come , they would rarely approach the sex appeal of this movie .",1,0
"this is one of those movies when you are watching it you wonder whether it is documentary or fiction . after the movie , ramin bahrani answered many questions and we learned that the movie has a script . br br bahrani's camera is silent , he is not judgmental , he almost erases director from the movie by purpose , background is not organized to make the picture pretty , however don't get me wrong ; there is a lot of preparation for this movie . starting on personal level , being the part of environment , being to be ignored when you film . br br main character is a 'real' actor in every sense . br br i would like to thank all crew for this movie , showing us another country within nyc . i strongly suggest it if you like stories of others . br br bora kizilirmak",1,0
"contains spoiler information . watch this director's other film , earth , at some point . it's a better film , but this one isn't bad just different . br br a rare feminist point of view from an indian filmmaker . tradition , rituals , duty , secrets , and the portrayal of strict sex roles make this an engaging and culturally dynamic film viewing experience . all of the married characters lack the fire of the marriage bed with their respective spouses . one husband is celibate and commits a form of spiritual adultery by giving all of his love , honor , time and respect to his religious swami guru . his wife is lonely and yearns for intimacy and tenderness which she eventually finds with her closeted lesbian sisterinlaw who comes to live in their house with her unfaithful husband . this unfaithful husband is openly in love with his chinese mistress but was forced into marriage with a unbeknownest to him lesbian . they only have sex once when his closet lesbian wife loses her virginity . br br a servant lives in the house and he eventually reveals the secret that the two women are lovers . another significant character is the elderly matriarch who is unable to speak or care for herself due to a stroke . however , she uses a ringing bell to communicate her needs as well as her displeasure with the family members . she lets them know through her bell or by pounding her fist that she knows exacly what's going on in the house and how much she disapproves . br br in the end , the truth about everybody comes out and the two female lovers end up running away together . but , not before there is an emotional scene between the swamiaddicted husband and his formerly straight wife . her sari catches on fire and at first we think she is going to die . however , we see the two women united in the very last scene of the movie . br br the writerdirector of this film challenges her culture's traditions , but she shows us individual human beings who are trapped by their culture and gender . we come to really care about the characters and we don't see them as stereotypes . each on surprises us with their humanity , vulgarity , tenderness , anger , and spirit .",1,0
"a series of shorts spoofing dumb tv shows , groove tube hits and misses a lot . overall , i do really like this movie . unfortunately , a couple of the segments are totally boring . a few really great clips make up for this . a predecessor to such classics like kentucky fried movie .",1,0
"a major moneymaker for rko radio , bombardier stars pat o'brien and randolph scott as trainers at a school for bomber pilots . o'brien and scott argue over teaching methods , while their students vie for the affections of anne shirley . o'brien's methods prove sound during a bombing raid over tokyo . scott and his crew are captured and tortured by the japanese , but the mortally wounded scott manages to set fire to a gas truck , providing a perfect target for his fellow bombardiers . stylistically , bombardier is one of the most schizophrenic of war films , with moments of subtle poignancy the death of trainee eddie albert alternating with scenes of ludicrous yellow peril melodrama the japanese literally hiss through their teeth as they torture the helpless americans . though it can't help but seem dated today , bombardier remains an entertaining propaganda effort the film is sometimes erroneously listed as the debut of robert ryan , who'd actually been appearing before the cameras since 1940 . br br anyone interested in obtaining a copy of this film , please contact me at iamaseal2yahoo . com",1,0
"after seeing naked city and night and the city which is still my favorite dassin i was more than excited to watch his masterpiece oword criterion rififi . br br now i am a little bit disappointed about the story . br br so i have at least these five questions in my mindbr br 1 . in the final countdown louis grutter shot from the inside a house the main character tony le stphanois . he couldn't know if he is still alive or not , but he didn't care about it and ran directly after it outside the house with the money to reach his car . so of course tony wasn't dead and shot him . big questionmark . br br 2 . in another important scene the specialist in safes cesar gave directly after the robbery as a present a diamond ring which was a part of the robbery a woman which was working for louis grutter in a night bar . stupid , because before this character wasn't that stupid . and of course louis knew directly that tony planned the jewel robbery . small questionmark . br br 3 . after the gangsters behind louis grutter murder mario ferrati and his wife , tony and his best friend joe planned a revenge against louis gang . at the same time they don't care for the security of joe's wife and his five years old child . of course louis gang kidnapped the son . cheap and simple . br br 4 . the perfect heist of course this is the best 30min . long scene in the whole plot , without any word spoken in the whole time , but was this a perfect heist ? ? comparing with other movies which handle with this theme i could only smile when for example tony was taken a fireextinguisher to banned the alarm . also too simple . br br 5 . the grutter gang went to the house of mario , because they knew however . . . . the jewels will be there . then they murder mario and his wife . and then ? they are not searching for it ! no . they ran directly out of the apartment . and more . they not observing the apartment after it so tony can go after a while which was the same day inside to take the jewels . big questionmark . br br over all it's a good movie . because of the brilliant 30min silent heist scene . because of the very good cut the end scene in the car through paris is stunning . because of a very good actor called jean servais . because of this blackwhite fever you will get while watching it . because of some other reasons too other user wrote about , but please don't tell me this is a stunning story .",1,0
"unconditional love starts with great promise . as directed by p . j . hogan , the film works great up until the last third of the movie , when it falls flat on its face . the screen play mr . hogan and jocelyn moorehouse wrote showed a myriad of possibilities that fizzle at the end . it appears the artistic team behind the movie had great hopes for it to play differently . the reality is this is a film that is looking in different directions in how to bring it to a resolution that ultimately fails . don't get me wrong , the movie is tremendously appealing and will resonate with a lot of its viewing public . br br based on the strong cast , we decided to take a look . the tremendously talented kathy bates is the perfect choice to play grace beasley , the woman who finds at the beginning of the film that all is not well in her marriage . ms . bates is an excellent actress who deserved much better , even when her character is not helped by what the authors have her do in the film . br br rupert everett is always dependable into delivering . his role , as the late victor fox's lover is well written , that is , until dirk is lured into coming to chicago to find victor's murderer . it's bizarre and it defies all rules of logic . dirk doesn't look capable of hurting a fly , let alone hunt down a killer with the help of grace and her daughterinlaw , the incredible funny , maudey . br br as played by meredith eaton , this little woman , maudey , is one of the best things in the film . she's is brash and tells it as she sees it . peter sarsgaard , one of the best actors working in films these days has nothing to do in the picture ; he is totally wasted . dan aykroyd also has nothing to do . we see him at the beginning and at the end of the film and his max doesn't make sense . he appears to want changes in his life and his marriage , only to come back to grace without any explanation , all things forgiven . br br the english actors are good . lynn redgrave has a better opportunity as the hysterical nola . jonathan pryce is seen throughout the film as a ghost singing bland songs . julie andrews makes a funny contribution in a couple of priceless scenes . br br ultimately the television show hosted by sally jesse raphael is a turn off and doesn't add anything to the movie . the best part is hearing kathy bates singing . what a beautiful voice she has ! in fact , ms . bates is the best excuse for staying until the end .",1,0
"iv been a fan of rik mayall and ade edmednson ever since i can remember weather its young ones or bottom . and i just have to say i have never laughed so much in all my life ! ! ! guest house paradiso is bloody brilliant ! i know its not going to be everyones cup of tea with the vomiting , slapstick comedy , violence and foul language but then just don't watch it if it ain't yours . its not like no one knows what sick and twisted things rik and ade come up with when they're working with one another ! ! i think its unfair that this film received such a slatting from critics because , and i don't think i'm the only one to think this , this film is 10 out of 10 !",1,0
"10 items or less was made in two weeks on a shoestring budget by writerdirector brad silberling , just a little film shot in carson , ca that feels like the entire story was improvised . . . in the best sense of the word . silberling had the good fortune to pair veteran actor morgan freeman , in between his big projects , with spanish actress paz vega , and the result is a dialogue between two people from different vantages who manage to enhance the life of the other . br br morgan freeman plays himself yet part of the comedy is that he is depicted as an actor who has been out of work for four years , scouting a location for a little 'filler film' to get back into the flow of things . his 'role' is to be that of a market manager and he is dropped off at seedy market in carson where he encounters , among others , one scarlet , the girl at the argumentative 10 items or less checkout line . not only is scarlet tired of her static job , she is also generally angry about her philandering husband bobby cannavale , currently sleeping with scarlet's lazy coworker anne dudek , and her lack of ability to get a decent job elsewhere . the two pair after a few shared problems and off they go on a 'road trip' that results in each of the characters growing from the presence and life story of the other . br br it is a simple story , simply told , but because of the tender bonding between freeman and paz it works very well . this is one of those little films about human relationships where being vulnerable to change and exchange is the message . it is well worth viewing , and this is a dvd that has featurettes that are touching , informative , and comic a pleasure to view . grady harp",1,0
"i first saw this movie as a preteen , about the age when kids start to think through their identity . i was greatly affected by the scene of the man and the children who he raises as his own . the eldest boy has been taunted that his mother is a prostitute and none of his siblings have the same biological father which kurosawa makes obvious by having children who look nothing like each other . the man still persuades tho boy that he is their father by the only definition that counts . the man is acclaimed to be father by all of the children but one , who still prefers her brother . br br each of the vignettes are likewise compelling for their own stories and conclusions . br br it's a great film , even if it is not the greatest kurosawa film .",1,0
"return to the lost world was filmed backtoback with the 1992 version of the lost world . br br in this sequel , the same five people , lead by challenger return to the plateau where a group has started drilling for oil which is threatening to destroy the land . gomez has something to do with this . they manage to defeat the drillers and the plateau is saved , much to the delight of the natives . br br like in the lost world , what few dinosaurs we see are made of rubber and these include a trex and ankylosaurus . br br john ryhsdavies and david warner reprise their roles as challenger and summerlee and three of the other actors are also back . br br despite reading several bad reviews of this and those cheap looking rubber dinosaurs , i enjoyed return to the lost world . br br rating 3 stars out of 5 .",1,0
"i was having a horrid day but this movie grabbed me , and i couldn't put it down until the end . . . and i had forgotten about my horrid day . and the ending . . . by the way . . . where is the sequel ! ! ! br br the budget is obviously extremely low . . . but . . . look what they did with it ! it reminds me of a play . . . they are basically working with a tent , a 'escape pod' , a few guns , uniforms , camping gear , and a 'scanner' thing . that is it for props . maybe this is even a good thing , forcing the acting and writing to have to step up and take their rightful place in film , as the centers of the work , instead of as afterthoughts used to have an excuse to make cgi fights starwars . br br the cgi is fine . it is not exactly 'seamless' . . . but imho it still works . why ? because there isn't too much of it , and what there is , is not 'taking over' with an army of effects house people trying to cram everything they can into the shot . it prompts the imagination . . . it's some relatively simple stuff , with decent composition especially the heavy freighter shot . . there is one long shot that must be at least ten seconds . . . that tracks the entire length of the ship . . . it must be a record for sci fi battle sequence film making in the past 10 years , to have an action sequence that lasts longer than 0 . 75 seconds , and some relation to the story . it might look old or not 'state of the art' , but it doesn't look stupid and it doesn't take away from the story . br br the acting is good , except the characters die too fast to get to know them . the captain was great , but a few of his scenes could have used another take . i also got confused with his character losing his cool and stomping on a corpse , i like to think captains are calm cool and in control . . . what was going on in that scene ? did the other crew worry about him losing it at that moment ? did he feel himself losing control ? br br now , as for the plot . . . . mostly it is good . . . why ? because it doesn't try to explain itself . it just happens . it's called 'the planet' , its a mystery , get it ? ? nobody knows why there is a statue , and they don't find out either . the mysterious cult ? the weird scientist with the tattoo ? what do you expect to find out in less than 90 minutes ? this isn't war and peace . and , thank god , it's not star warstrek either . no midichlorians , no 5 minutes of expository boring dialog that has no purpose in the story . the characters are stranded , and are only able to figure out a few basic things . . . it is not a star trek episode where they find out it's leonardo davinci or a child like space wanderer . it is mysterious , and i liked that . i don't know why , maybe i can identify with these guys more , since they don't know whats happening , and i don't either . . . they don't talk a lot of space gibberish or have magic boxes telling them what is happening . br br in fact , i would argue that one of the weakest moments is when the 'traitor' turns on the crew , and tries to 'explain' the reason for the planet , the cult , etc . this coincidentally has some of the weakest dialog , imho , in the whole movie , and it interrupts the flow and some of the characters look unnatural in that scene . br br ok , sometimes i felt it was a little too mysterious , though . like , why did the guy get fried through his eyes with lightning ? that was odd . just weird . the 'hamlet' ending . . . again i would have liked to have known some of these characters better . and would it have been so hard to have a 30 second rescue scene at the end ? this is not a serial show , it was a film , and we like closure in films , even if they can have a sequel . imagine hamlet with no 'flights of angels sing thee to thy rest'br br anyways . what can i say . this was well worth the dollar i payed at the 'red box' machine at the supermarket . it was also , imho , a better piece of storytelling than starwars parts 1 2 or 3 . like i said , it sucked me in , wanting to know what was happening , and i couldn't stop watching until the end .",1,0
"of course i am going to think it was a great movie . i recognized several people i didn't see during filming also . i was the one playing the guard about an hour into the movie in the death row exercise yard asking for a light for a cigarette . i also changed this one scene . they had originally had it set to go into the rec yard and straighten out the inmate and turn him around and walk him out . the director said it is taking to long , what would you do gower . i said , we need to go in and hook the arms and drag him out backwards . that way your camera can stay on his face as we take him off set . i also lived at this same prison as a young child as my father was the assistant warden of security . i am also a current employee with the tennessee deaprtment of corrections as a supervisor at the riverbend maximum security institution . even though a lot of the movie was a joke , the part i was in was reality enough . also in the bar scene the dancer kicking high in the air and leaving the stage was an actual stripper i use to work with at a club called the classic cat .",1,0
"this is one of the best of the series , ranking up there with resident evil 3 nemesis or biohazard last escape the game has a very good storyline in which you play as claire redfield in the search for her brother , chris redfield whom you probably know from the original resident evil it is as scary as the other resident evil , and contains alot more cutscenes . br br my rating out of stars rating based on comparison to other videogames",1,0
"i came out of rendition with a list of flaws a mile long , so how is it that my overall impression is that it was a pretty decent movie ? it's definitely a film whose sum is better than its parts . br br those parts include a cast of big name stars , not one of them giving a memorable performance omar metwally , a relative unknown , is the one you'll remember ; serviceable if undistinguished direction ; and a screenplay that's both too complicated and too simplistic at the same time . metwally is an egyptianborn american citizen who gets kidnapped by the u . s . government's rendition program , otherwise known as the process by which america tortures suspected terrorists into confessing information whether or not it's remotely true . reese witherspoon plays his pregnant wife , who calls in the favor of an old college friend peter saarsgard , who works for a senator alan arkin and helps to track her husband down . meryl streep plays the head of the rendition program ; jake gyllenhaal is a young agent assigned to the interrogation and whose conscience gets in the way . meanwhile , a whole parallel storyline follows the daughter of a top egyptian official who is allied to the american rendition program and her boyfriend , who's in training to become a suicide bomber . br br ayyiyi that's a lot of plot to pack into a twohour movie , and i was about to wash my hands of the whole thing , especially the egyptian romeo and juliet subplot that felt like nothing more than a distraction . but then near the film's finale , a twist of chronology brings all of the plot strands together in a way that makes you want to reassess everything you thought you knew about the motivations of the various characters , and makes rendition a much more interesting movie than it seems like it's going to be . br br witherspoon , gyllenhaal and sarsgaard all look like high school students playing adults twenty years older than they actually are gyllenhaal in particular , usually a fine actor , looks so bored that you wonder if he's going to muster the energy to deliver his lines . and the screenwriter should be arrested for having an actress as good as meryl streep at his disposal and giving her nothing more to work with than this onedimensional dragon lady . the movie of course strives for relevancy , but instead of addressing the tangled web of arguments surrounding the national security issue , it charges right down the middle of the debate in a predictable fashion . there are moments when you think maybe the film will veer off in an interesting direction what if witherspoon did actually begin to doubt her husband's past , for instance ? what if metwally actually had been in contact with terrorists , as his interrogators accuse ? but no , the movie takes the path of least resistance . br br but , like i said upfront , i recommend this movie . i know i've done nothing but list a bunch of its faults , but it's got its head in the right place , and it is entertaining , or at least as as entertaining as a movie about torture and interrogation can be . br br grade b",1,0
ask yourself where she got the gun ? remember what she was taught about the mark's mindset when the con is over ? the gun had blanks and it was provided to her from the very beginning . br br when the patient comes back at the end she was supposed to see him drive away in the red convertible and lead her to the gang splitting up her 80 thousand . br br the patient was in on the con from the beginning . br br mantegna does not die in the end the gun had blanks . br br there enough spoilers for you there ? this is why people are giving it such high ratings . it's extremely original because of the hidden ending and how it cons most of the audience .,1,0
"i really do not know what people have against this film , but it's definitely one of my favourites . it's not preachy , it's not anchored by it's moral , it shouldn't be controversial . it's just god . any possible god , no matter the religion . and it's really funny . br br jim carry plays bruce nolan , a tv reporter usually stuck on the lighter side of the news , desperate to prove himself more or less to himself that he can be taken seriously and do a good job in an anchor job . this drive is what is slowly driving his beautiful girlfriend grace jennifer aniston away . when the final straws are executed , he's quick to not laugh , but yell in the face of god , who in turn gives bruce his powers . bruce then makes his life better for himself , until he's guilted into helping others , where he then continues to miss the point of his powers . meanwhile , his constant excitement about his own life makes him more selfish , leaving his relationship on dangerous ground . br br ok , that was kinda long . but as a plot , it works well . the stepbystep fashion in which we meet the challenges of being god is much better than clustering his problems together , and is able to hide itself fairly well . br br as you probably know from hearing about this movie in the first place , carrey's pitchperfect acting stays in character which , luckily enough , is him , and controls and gives atmosphere to the movie scene by scene . whether they would admit it or not , the role was written or rewritten exclusively for carrey . without him , the humour would turn flat , as humour is half execution . and the humour is very good in the first place . but without carrey , it would kinda feel like a it's a wonderful life wannabe . br br jennifer aniston is great and , no matter what some may say , does not act like the only excuse for the third act . at least , you don't think that when you see her . she gives a heartfelt performance and makes you forget you're watching a movie , she and carrey feel very much like a real couple . br br the movie feels ggooooodd see the movie to understand , has a very nice feeling , tackles the idea appropriately and better than expected and overall should never have been called slapped together just to save carrey's career which wasn't goin' anywhere . .",1,0
"the quote i used for my summary occurs about halfway through the good earth , as a captain of a chinese revolutionary army played by philip ahn apologizes to a mob for not having time to shoot more of the looters among them , as his unit has just been called back to the front lines . of course , the next looter about to be found out and shot is the main character of the film , the former kitchen slave girl olan for whose portrayal luise rainer , now 99yearsold , won her second consecutive best actress oscar . br br the next scene finds olan dutifully delivering her bag of looted jewels to her underappreciative husband , farmer wang lung paul muni , setting in motion that classic dichotomy of a man's upward financial mobility being the direct inverse of his moral decline . br br for a movie dealing with subject matter including slavery , false accusations , misogyny , starvation , home invasion , eating family pets , mental retardation , infanticide , exploited refugees , riots , civil war , summary mass street executions , bigamy , childbeating , adultery , incest , and insect plagues of biblical proportions , the good earth is a surprisingly heartwarming movie . br br my parting thought is in the form of another classic quote , from olan herself while putting the precious soup bone her son has just admitted stealing from an old woman back into the cooking pot after husband wang lung had angrily tossed it to the dirt floor on the other side of their hut meat is meat .",1,0
"there are lot of similarities between never say never again and thunderball not only on sean connery but also the story and plot . except the actors all other are same like hijacking atomic bombs , asking for ransom , trafficking nukes in a ship , etc only difference are place of occurrence in thunder ball plot it is in bahamas in never say never again it is over north africa . and in thunder ball the nato raf itself loads the nukes into plane and in never say never again it is changed by an rouge arm of the axe and air dropped over us and stolen in caribbean . almost 99 is same . if anybody wants to dispute this they are most welcome .",1,0
"mark frechette stars as mark , a college radical leftist . mark is accused of killing a cop during a campus riot , and he flees all the way to the desert . he does so by stealing a small plane at the local airport , and flies it himself . br br once out flying over the desert , mark spots a car from the air . a young woman named daria steps out , and sees mark circling in the plane . mark swoops the plane very low several times , causing daria to duck or get hit . when he lands , he becomes acquainted with daria , who is strangely charmed by mark's aerial highjinks . br br after engaging in soulful conversation for hours , mark and daria get naked , and make love in the sand . but with mark evading the law , they realize that he needs to keep running . so mark and daria's brief tryst is quite poignant , because it doesn't get to develop into a fullblown romance . br br zabriski point was the eraserhead of the early 70s . both films have a rambling , vague quality , along with complicated meanings and characters . frechette was as reckless in person , as his character was in this film . a few years after making zabriski point , frechette robbed a bank in real life . while serving his prison sentence , mark died an ignoble death . he was killed by a 150 lb . weight , which fell on him when he was weightlifting . br br the best thing about this movie was the splendid cinematography , and special visual effects . the incredible , slowmotion scenes of debris floating in the air after an explosion , were a stroke of genius . although not as groundbreaking a film as easy rider was , zabriski point still resonated with the early 70s counterculture . i recommend it , for those who like avantguard films which showcase the upheaval , of the youth rebellion during the early 70s .",1,0
"this 1986 italianfrench remake of the 1946 film of the same name turns up the heat early , and doesn't let us come up for air . the story is about a highschool student federico pitzalis who can't keep his eyes off the mysteriously beautiful young woman played by dutch phenom maruschka detmers who lives next door to the school . one day , he follows her , and his persistence pays off . there's only one problem she's engaged to a sketchy character riccardo de torrebruna who may or may not have committed a heinous crime , and if he repents , will probably be let off with a slap on the wrist . also , the young woman is a little funny in the head , and this is corroborated when we discover she has been seeing the boy's father , who is a psychiatrist . giulia's emotional instability is only equalled by her prodigious sexual desires . hot , hot , hot , from the word go , with handsome leads and a bombshell performance from detmers , who plays us like a yoyo as she does the boy from scene to scene , with enough suspense to keep us guessing right up untiland even afterthe end . available in r and x ! rated versions .",1,0
"includes spoilers br br i've been a horror film fan now for many decades . just when i think i've seen all the great ones another pops up to surprise me . i had never seen this film before . it was a treat , off the beaten path too . . . not just the path to the swamp ferry boat either . here was a horror film made in the 1940s that dared to try something very different . the pretty girl is gulp fearless for a change and saves the men , including the man she loves , from the monster ! how is that for a twist . this girl was the complete opposite of most women in films of that time , no screaming at her own shadow , no fainting from fright , no tripping over a leaf as she runs . this gal wasn't afraid to live alone in a secluded hut far away from the rest of the villagers . not only that but the place was on a foggy swamp rumored to be haunted . heck she even takes naps on the swamp grass outdoors . . . like a regular 1940s version of ripley . no snake , gator or ghostly strangler would dare bother this gal . books on early feminist films should be sure to include this overlooked work . br br see this if you are a fan , like me , of those wonderfully atmospheric classic bw horror films they made only in the 30s and 40s . and be sure to wear your cast iron turtle neck for protection .",1,0
"i don't know what the previous reviewer was watching but i guess that's what reviews are , personal taste . missed in this movie was the depth , a very deep film , many layers of emotion , affecting . undercurrents of withheld love because of submission to societal beliefs , taboos of the times and classes , race relations not being in a very good state of equality , guilt , yearning , hate , confusion , very dark emotionally i thought , under the skin , you have to submit to the aire of it , a flowing movie , not slow as stated before , release yourself to the flow of the film , the emotions will show themselves , characters reveal their flaws , their nasty insides , excellent and actually very cruel !",1,0
"i am normally not compelled to write a review for a film , but the only commentary for this film thus far on is rather unfair , so i feel it necessary to share my point of view . br br krisana or as it was titled at the theater i saw it , fallen follows matiss , a lonely latvian archivist , as he tries to learn about a woman whom he didn't try to stop from jumping off a bridge , as well as her reasons for doing so . that's the plot in a nutshell , but this film is not concerned with story as much it is in depicting the guilt of a man who failed to act . as a detective who investigates the incident tells him , we usually don't bother to care about the anonymous faces we pass every day until after they die . br br comparisons to michaelango antonioni and his blowup will most likely abound in any review you read about krisana . the influence of antonioni's philosophical and austere style and the story of blowup are clear and , in fact , writerdirector fred kelemen makes an obvious reference to that film in scenes in which matiss attempts to come to know the woman who jumped off the bridge , or at least who he thinks did . br br the only other person to share his or her views on the film detracts the college film class look and sound of the film . he or she neglects to consider the budgetary constraints that an existentialist latvian film most likely faces , but the atmospheric black and white cinematography and ambient sound succeeds at an artistic level to depict the solitude of matiss . the background sound of wind and street noises lend an ominous aura and reminds one of a fellini film , whether or not that was kelemen's intention . the filmmakers undoubtedly had little money , but this constraint is used to the film's advantage . br br krisana succeeds as a character study with enough humor thrown in to keep it from being too selfserious . it could have easily fell into the trappings of a mystery story , but it avoids that and becomes an intelligent film about loneliness and guilt . if you are more concerned with plot , this film and its ending may frustrate you . otherwise , take the time to be engaged by it . it is wellworth seeking out .",1,0
"i saw this movie back in 1984 , we first started watching this is spinal tap and after 5 minutes we were ready to fall asleep . so we went instead to see this movie . if you have any conspiracy theory's going around in your head , you will want to watch this one . br br the question you have to ask yourself when watching this movie are do you think the government would be capable of doing this ? in my opinion there is no doubt that they could br br but i don't want to give out too much information as that would be a spoiler and i think that you should view the movie for yourself . br br but , just to let you know , we still talk about this movie 20 years later and trying to explain it to people is not the easiest thing in the world to do .",1,0
"farrah fawcett gives an award nominated performance as an attempted rape victim who turns the tables on her attacker . this movie not only makes you examine your own morals , it proves that fawcett can excel as a serious actress both as a victim and victor .",1,0
"western union is something of a forgotten classic western ! perhaps the reason for this lies in the fact of its unavailability on dvd in the united states . however , all is not lost as it has now appeared on region 2 in england . this being a blessing in some ways is not only incongruous but totally ironic when one considers that a movie depicting the founding and establishment of such a uniquely american organization as the western union telegraph company is without a region 1 release . it beggars belief ! it simply doesn't make sense ! br br produced by fox in 1941 western union was directed by fritz lang . this was only the second occasion the great german director undertook to direct a western ! he had done an excellent job the year before with fox's the return of frank james and would have only one more western outing in 1952 with the splendid rancho notorious . lang was no ford or hawks but with western union he turned in a fine solid western that holds up very well . beautifully photographed in early three strip technicolor by edward cronjager it boasted a good cast headed by robert young , randolph scott and dean jagger . the female lead is taken by virginia gilmore who really has little to do in the picture . an actress who never made anything of her career . her presence here is merely cosmetic . br br it is curious that robert young has top billing over scott ! it is clearly scott's picture from the very beginning when we first see him in the film's terrific opening scene being chased by a posse across the plains . young doesn't have much to do throughout the movie and seems out of place in a western . he just looks plain silly going up against barton mclane in a gunfight ! an actor who never really distinguished himself except perhaps with crossfire 1947 young appeared in a string of forgettable romantic comedies in the forties and fifties culminating with his greatest success when for seven years he was tv's marcus welby md in the seventies . he died in 1998 at the age of 91 . br br western union recounts the connection by telegraph wire of omaha and salt lake city . scott plays a reformed outlaw hired by western union boss dean jagger to protect the line from marauding sioux and to also take on mclane and his gang who are trying to destroy the line for their own devious ends . robert young is the young engineer from back east who joins the company and vies with scott for the affections of miss gilmore . some comic relief is provided by and irritatingly so some would say by slim summerville and john carradine turns up in a meager role as the company doctor . br br altogether though a spanking good western , albeit on region 2 , but in sparkling good quality that fans will be delighted with . my only crib is that there are no extras , not even a trailer and that terrible cover with those dull graphics . ugh ! br br footnote interestingly the associate producer on western union was harry joe brown who later with randolph scott would create a partnership that would produce some of scott's finest westerns in the fifties .",1,0
this movie is a lot better than the asylums version mainly its war of the worlds . the tripods look pretty cool but their walking and deaths could have been better . the action scenes were really cool . walking . . . walking . . . walking . . . walking ! ! ! oh my god stop walking please or i'm going to kill myself . the thunder child scene was my favorite sequence mainly because a ship rammed bunch of tripods . good movie i recommend it for people ho have read the book . the music is awesome and the directors cut looks pretty cool . br br pros . good soundtrack 99 to the book cool violence tripods and handling machines are cool to look atbr br cons . some bad acting cheesy looking london,1,0
"how does an usual day start in point place , wisconsin . . . br br first of all , red , the tyrannical father of the forman family and a wwii veteran , sits at the kitchen table and reads his newspaper while his overjoyed wife kitty serves breakfast . then comes their skinny son , eric , he sits at the table as well , and his father starts his daily yelling , usually involving placing his foot in eric's behind if insert reason here . if his promiscuous angelfaced sister laurie is at home , she comes along , then red stops yelling and kindly talks to her , making eric feel left out of the family . br br once this daily painful ritual is over , eric rushes down to his basement , where all his friends are already hanging out . and when we get to see them , it becomes obvious eric and his redhead tomboy girlfriend , nextdoor neighbor and childhood friend donna pinciotti are the sanest people around . meet steven hyde , the conspiracy theorist who hates disco and doesn't really care about what's around as long as it's not funny to watch ; michael kelso , the kind of guy who thinks that he will get through his life only by his looks and that carrots grow in trees ; jackie burkhardt , the one who thinks of herself as the prettiest girl around , spoiled kid of a rich father , and , of course , cheerleader ; and fez , a naive but oversexed foreigner who loves candy and can't keep a secret . at first they simply hang out , gossiping and making fun of kelso , but then they all sit in a circle and let the real fun begin . . . before going out doing something they'll regret later . br br meanwhile red goes out and meets donna's weirdo parents , bob and midge . he's rude , but they don't mind , as they think he's joking . somewhere around is leo , an aging hippie , who's constantly confused and makes word plays without even noticing . br br did you imagine that seemingly peaceful neighborhood with all these awesome characters ? of course , most seem clichd , but the show takes the clich to a new level . now throw in some of the most wicked story lines a sitcom can offer , sit down and enjoy one of the best tv shows ever . the one that never does two times the same thing and which is , compared to most sitcoms that are cute funny , purely hysterical . if you get hooked , don't let this show let you go . bite on the hook over and over and , man , you will see the sitcom genre from a whole new prospective .",1,0
"a woman and her aunt go to scotland to locate her evasive fianc . this is a muchmaligned film because of its denouement , but up to that point , it's interesting , wellacted , eerie , and with fine set design by william cameron menzies , developed for 3d projection . veronica hurst is captivating and genteel , sort of a chic british marilyn monroe , still in love with richard carlson , who is hiding a family secret in his forbidding castle ; there are even bats in the belfry ! it moves leisurely until the final extraordinary setpiece , when hurst and her aunt katherine emery , also the narrator , sneak out of the castle in the night to venture into the maze and find what they're looking for in its center . as a kid , i always remembered this sequence there's nothing scarier or claustrophobic than not finding your way out of a 10foot high maze of hedges . naturally , the two women get separated , setting the stage for engrossing suspense with horrific music . the final result is mildly disappointing really , since carlson's epilogue at the end makes some sense to all the goingson , even provoking sympathy . worth seeing .",1,0
caught this recently after noticing james earl jones name on the title . it was better than i expected . of course it's pretty old made during the earlymid 70's but it actually is a decent drama . it runs a quick 90min or so and showcases good performances from james earl jones and diahann caroll . the plot is conventional in general but told through the perspective of a single black woman on welfare who has 6 children and trying to deal with all the problems that persist . this makes for an interesting view . . . . . also in the fact that the script wasn't too sentimental or overdramatized it's almost like looking at a slice of the past . all the 70's styles are out in abundance . the ending is kind of kooky though . . . . probably would've done better without the theatrics .,1,0
"opera was filmed in synchronization with a variety of other mass media productions start point for opera is the initial appearance of the raven eyebr br the wizard of oz synch start points are third mgm lion roar , dorothy's third knock on tin man's chest in the orchard , and dorothy's third heel click ; synchs with gone with the windbr br prince of darkness synch start point is the music score start pointbr br electric ladyland original release version songs and sequence onlybr br rocka rolla original release version songs onlybr br sad wings of destiny original release . . . br br sin after sin original release . . . br br stained class original release . . . br br hell bent for leather original release . . . br br point of entry original release . . . br br screaming for vengeance original release . . . br br defenders of the faith original release . . . br br turbo original release . . .",1,0
"a man readjusts to life alone after 45 years of marriage . he also has to solve the problem of the family milch cow , tulip , which refuses to allow itself to be milked . until , that is , he visualizes his wife who was the one who used to milk tulip . br br tulip is based on a real story told in griffith's family , of her grandparents' generation . the film is a nostalgic look back at a disappearing way of life , one where people still felt some sense of responsibility for each other , set in the lush green victorian the australian state , not the era countryside . br br writer and director griffiths evidently has further ambitions in both areas , and this multiple awardwinning 15minute short is a fine beginning to her reel .",1,0
"the photography of this bidbudget production is surprisingly bad . colors are muddy and brownish and the photography has very 80ish look to it . direction and editing are often quite uninspired and tvmovie like , too . and at first the movie only seems to want to torture its viewers with lurid images of sex and violence . hans zimmer's score is also a typically simple and bland work of this overrated , untalented composer . br br but if you are willing to watch the movie further you are rewarded with a very moving family story , a sort of european version of edna ferber's family epos giant . while at first you wonder why clara married this idiotic man , even his character gets more depth and more background one can judge him by . clara delivers the movie's spiritual lesson , a great and moving statement set against the terrible happenings in her country . her daughter , whose lover is a young antonio banderas at the beginning of his international career , understands that lesson and ultimately tries to live by it . the way the plot was constructed with the ending mirroring the beginning was great . the actors all do a great job , too . i was wondering who is the actress playing blanca ? all the time , but of course , it was a really young winona ryder ! br br all in all , this movie really made me want to read the book .",1,0
"carlos mencia was excellent this is hour special . he was working hard to show everybody he was the real deal . i know people have said he's stolen material in this special , but that is not true . carlos brings comedy up front the way he wants it , not how anyone else wants it , that is why he is so good . people say he's not funny because he says dee dee dee too much , and they still haven't realized thats part of his act , and they don't want it that way , but he brings it like that anyway , and succeeds in making people laugh . for all the haters out there , here is a message , carlos is here to stay , you have no point in trying to bring him down .",1,0
"i found this film to be the usual french slap in america's face . the camera , all too often , focuses on fat people , on sloppy homes and on tacky rural areas . while the narration seems to sympathize with and admire the small town folks who are introduced to the viewer , the cinematography exploits and demeans them . there were , undoubtedly , thin people to be seen in glencoe and neat , organized homes , but malle chose to show us the worst of what was there to be seen . br br i can only hope that some american filmmakers will go to france to reveal to the american public its worst elements . i can assure you , as a frequent visitor to france , that all is not well there . foreign immigrants are not readily assimilated , thus creating severe social inequities . but americans are not eager to unmask the french for their prejudice toward their own compatriots and their envy toward the u . s . , so we're not likely to see films on the subject .",1,0
"i just don't understand why this movie is getting beatup in here . jeez . it is mindless , it isn't polished and it is as i am reading wasted on some . the cast of this movie plays their characters to the 't' if you watched permanent midnight and became a ben stiller fan then yes you will be disappointed . these are misunderstood , wellintentioned misfits trying to save the cityworld with nothing but grit and determination . the problem is they don't realize their limits until the big showdown and that's the point ! this is 3 times the movie that the spy who shagged me was yet gets panned by the same demographic group , likely the same people who feel the first ap movie pales in comparison to the sequel . i just don't get it . the jokes work on more then one level ; if you didn't get it i know what level you're at .",1,0
"the dekalog 5 may be considered a violent accusation against the death sentence , according to the fifth commandment thou shalt not kill not by chance it puts the concept of a state fully complied with the provisions of an unjust law on the same plane as the figure of a murderer . but the law might not imitate the nature , it might correct it , states piotr , the counsel for the defense , a real catalyst character , the punishment is a form of vengeance aiming at returning evil for evil without preventing the crime . but in the name of whom the law takes its revenge ? really in the name of the innocent ones ? . the horrifying and detailed sequences of the last half hour of a man sentenced to death give value to the uselessness of the deterrent function applied to the death penalty with the purpose of intimidating all potential criminals . desperate plights don't demand desperate remedies , kieslowski says in his message , teaching us how unrighteous can be the act of disobedience to a commandment of god that judges punishment the same way as crime is judged . there are three different moral attitudes here the innate sense of rebellion of the murderer aiming at rousing the hostile torpor of the surrounding environment ; the strong sense of chronic indifference of the victim inclined to laugh at other people's requirements ; the deserving behavior of the counsel for the defense always ready to fight against adversity , in favor of human life . the struggle for life is ruthlessly vivisected all of the time ; the characters are plunged into scenes of affliction and distress , in an urban landscape accented with greenish tones and seen in its own reflections through the windshield of a taxi . everything in dekalog 5 conveys a dreadful sense of estrangement and isolation descriptions of a waste undergrowth of violence and folly , scenes of precarious conditions of work , sinister appearances of buildings immersed in an anonymous aura of desolation , aimless wanderings through disenchanting environments . jazek , the main character , is compelled to struggle with an opponent stronger than himself a town completely wrapped in profound indifference , apparently hostile , deaf to all his mute calls for help , while a faded photo of a little girl in a first communion dress goes on gnawing his soul . he's irremediably directing his steps towards a disconnected route to damnation seen through the deformations of the 18 mm . wide angle camera lens aiming at distorting every details , altering the reality , making it fade out in remote and alien echoes . kieslowski doesn't bring extenuating circumstances seasoned with honeytongued tones of melodrama in favor of the defendant , differently from some hollywood stereotypes like i want to live by robert wise . he doesn't slip on the banana peel of useless pathetic scenes to extenuate jazek's guilt and to mitigate the brutality of the crime , not interested at all in proximate psychological motivations to justify any display of extreme or violent behaviors and refusing to include any useless judicial proceedings . in other words , in kieslowsky's opinion a crime is always a crime according to the principle of par condicio he puts the prosecutor on the same plane as the condemned man , using many signs or symbols to represent a society seen in the most sinister light . and we can't remain indifferent even if we don't agree with him , jazek's screams of anguish touch our hearts with pity in the same manner that terri schiavo's entreating eyes do .",1,0
"before viewing , please make sure you have seen night of the living dead . . . this might well be the best 7 minute parody i have ever seen ! absurd , crappy 'special effects' the rope , the rope ! ! ! , and maneating slices of bread . . . what more do you need ? ? ? br br do not watch this movie while eating bread . . . you might get scared !",1,0
this is a film that every child should see before they grow and get distorted often passed down ideas from generation to generation of family . i grew up in two different places although only 20 miles apart . i went to school had friends of every color creed religion for the first 8 years of my life . then i moved to hillbilly country although not anymore where it was very unusual to even have one africanamerican kid in your class . my graduating class in high school had 2 or 3 africanamercians god why can't i just say black ? you can call me a honky or whitey or whatever ! all of this political correctness peeves me as it does most others ! anyway back to the film give this a try to see what happens when people get a distorted view or just what ignorance or a lack of understanding does to a culture or a country ! this is an excellent film everyone should see especially children .,1,0
"pretty good picture about a man being in the wrong place at the wrong time . if the murderer wanted to whack the dame , why not just off her and let the cops try to figure out whodunnit ? involving all these characters in the plot is dangerous , not to mention all the mouths you'd have to worry about staying shut . why did the depressed lady go out to the bar when she could barely sit up in a chair or say a word ? are there really cops out there who are wise cracking , gum popping , grinning apes who approach a suspect in such a glib manner ? this probably played well back before the wheel was invented , but it is so corny and unbelievable today . catch the manic drum break by elisha cook ; his frenetic hammering never once matched the recording . his mad facial expressions made up for the off kilter stick sync .",1,0
"some movies you just know you're going to love from the first few seconds . this is one of those movies . tracing it's roots back to double indemnity , and the postman always rings twice in the 40's this was a great example of modern film noir in the 90's . nick cage plays the down on his luck main character who gets entangled in a husbandwife murder plot and his luck goes from bad to worse to even worse as he tries and tries to get away from the people , town , violence and threat of red rock west . lots of twists and turns , great performances by cage , hopper and walsh , an hypnotic slideguitar musical backdrop , and seamless directing make this a real joy . favorite line when cage looks at the empty gas gauge in the getaway car , shakes his head and says fin' story of my life .",1,0
"i don't think the world was ready for this film . i know i wasn't . i'd been expected a standard lowbudget schlock exploitation potboiler . instead , i got the most intelligent reworking of shakespeare since peter greenaway's prospero's books . this should become the definitive film version of romeo and juliet . it won't of course . but that's the world's loss .",1,0
"a surprising rent at a local video store , i was pleased to find a media satire worthy enough to challenge oliver stone's natural born killers . and almost as disturbing . i think it went well with my viewing to be in late 2004 watching the republican machine do it's magic on the majority of america's television viewing populous . it brings up the question are we really that manipulative ? br br it definitely skewed my view . there was also a larger theological question being provoked the story of christ . could word of mouth and overwhelming dependence on something exploitive as television produce a messiah ? could the story of christ been exaggerated ? could it have been completely fabricated ? it's something the movie puts in a extremely perceptive light .",1,0
"in her autobiography , laureen bacall reveals that bogie told her that she should not make such dud movies as this one or something like that . at the time , douglas sirk was labeled weepies for women , actually , he was restored to favor , at least in europa , after he stopped directing . and when he filmed written on the wind , sirk had only three movies to maketarnished angels , a time to love and a time to die , his masterpiece , imho , and finally imitation of life1960 . then there was silence . actually bacall and hudson characters do not interest sirk . they are too straight , too virtuous . dorothy malone who was some kind of substitute for his former german star zarah leanderand her brother robert stack provide the main interest of the plot . a plot constructed continuously , most of the movie being a long flashback . the instability of the brother and the sister , from a family of rich texan oil owners , is brought to the fore by garish clothes , and rutilant cars that go at top speed in a derricks landscape . malone's metamorphosis at the end of the movie is stunning suit and chignon , toying with a small derrickshe's ready for life , the rebel is tamed . now alone , because she's lost hudson but anyway , he was not in love with her . this end is a bit reactionary , but melodrama is par excellence reactionary ; three years later , in imitation of life , sarahjane susan kohner will be blamed because she does not know her place .",1,0
"i actually really like what i've seen of this cartoon so far . sure , the animation isn't the best , but frankly , i'd rather see this type of more cartoony style done quickly and cheaply than the old type of style done quickly and cheaply which was starting to happen more and more oftenit's only a style that looks good when a lot of time and effort is put into it . there's nothing wrong with the angular lines and the little blackdot eyesin fact , i think it's really cute . as a kid i never thought scoobydoo's design was particularly adorable , but i think i might like it better know . br br anyway , shaggy has always been my favorite character , and believe it or not , but i think he has the most potential for some depth . sure , the show doesn't center around the original mysterysolving theme , but that was just a tired old formula anyway . don't get me wrongi'm sure there are writers out there who would be able to bring a lot more interest to mystery inc . 's traditional pursuits which has been lacking as late , but in the mean time this show is a fun deviation from the standard . shaggy and scooby are still funny , but no longer only comic relief . they're still cowardly , but finally have the opportunity to use what seems to be shock ! intelligence . they're the same old overeating slackers as ever , but now actually seem to be getting on with their lives with the help of uncle albert's inheritance . br br i used to find most original scoobydoo jokes to be pure cheese and unintentionally hilarious at best , but this show actually exercises a capacity for real humor . also , i never really like casey kasem as shaggy anyway , so the new actor doesn't annoy me as much as he does other people . i still think billy west was the best , thoughbr br overall , while not a great cartoon in the scope of all of cartoon history , still an achievement among other scooby incarnations .",1,0
"perhaps not the absolute greatest entry in the hammer house of horror series , but it surely wins the award for most inventively titled episode ! the house that bled to death i could yell out this title all day without ever getting tired of it ! and besides the wondrous title , this short movie also benefices from a solidly written screenplay and a handful of genuinely suspenseful moments . it might require an extra viewing before you fully understand the peculiar endtwist , but it's definitely an original idea for a horror short . the story opens with images of an elderly couple drinking tea in their middleclass house . the husband sadistically kills his wife and several years later the cursed house is still for sale . a young couple and their cherubic daughter move in and start to restore it , but mysterious events occur and affect especially the young sophie . her beloved cat is killed an even her birthday party gets ruined when one of the house's pipes suddenly sprays blood all over the guests a particularly chilling sequence , this one ! . is the old house really haunted ? or maybe the seemly helpful neighbors cause all the horror ? the answers to these questions are provided in the original and fairly unpredictable climax and there's even room for a real shock at the very end . the tension is masterfully built up and the titular house is filled with eerie scenery , like the pair of rusty machetes used by the husband to slay his wife . little warning though , the sequence with the cat is hard to watch when you're an animal lover . in conclusion , another winner for hammer's shortrunning tv series !",1,0
"when i rented this movie i thought i was going to see a horrormovie . however , there is little horror in this typical seventies mysterydrama directed by strange james t . flocker . nicelooking matt boston carries the picture with his fine performance and the typical strange atmosphere of flocker's movies is allpresent .",1,0
"i saw this movie when i was about 8yearsold and i liked it but it wasn't until i watched it again at the age of 13 that i really understood it for what it is ; a cartoon about a criminal dog with a real heart of gold adopts a little girl in order to exploit her for her talents to talk to animals . the dog star , charlie b . barkin , is murdered by his formal business partner , carface , who is absolutely diabolical by the way . his soul then goes to where else but heaven only to find a golden watch that is really his life's time , which charlie , being the sneaky but lovable cad that he is steals and rewinds , sending him back to earth . once back on earth , charlie goes about seeking revenge on the evil carface . this is how he comes upon young annemarie , the lonely little orphan that can talk to animals whom charlie plans to scam for her talents in order to get back at his enemy carface . but scoundrel charlie actually comes to care for young annemarie and his plans unfoil as he must make up his mind to do what is right after annemarie discovers what her best friend charlie has really been using her to make money for a new and better dog casino . now he must rescue her from the dreaded carface . i still love this movie even at the age of 22 . the idea and plot really are quite different and original from that of many other animated films . i especially like the idea that a dog plays the role of the villain for once . carface was even better than he was in the all dogs go to heaven sequel . in that picture he appeared quite dubious to his role of villain .",1,0
"young , handsome , muscular joe buck jon voight moves from texas to new york thinking he'll make a living by being a stud . he gets there and finds out quickly that it isn't going to be easyhe goes through one degrading experience after another . at the end of his rope he hooks up with crippled , sleazy ratso rizzo dustin hoffman . together they try to survive and get out of the city and move to florida . but will they make it ? br br very dark , disturbing yet fascinating movie . director john schelsinger paints a very grimy portrait of nyc and its inhabitants . in that way it's datedthe city may have been this bad in 1969 but it's cleaned up considerably by now . he also uses every camera trick in the bookcolor turning to black white ; trippy dream sequences ; flash forwards ; flash backs especially involving a rape ; shock cuts ; weird sound effects . . . you name it . it keeps you disoriented and off centerbut i couldn't stop watching . br br there isn't much of a storyit basically centers on the friendship between rizzo and buck . there is an implication that they may have been lovers the final shot sort of shows that . it's just a portrait of two damaged characters trying to survive in a cold , cruel , urban jungle . br br this was originally rated x in 1969the only reason being that the mpaa didn't think that parents would want their children to see this . nevertheless , it was a big hit with high schoolers back then x meant no one under 17 . it also has been the only x rated film ever to win an academy award as best picture . hoffman and voight were up for acting awards as was mysteriously sylvia miles who was in the picture for a total of maybe 5 minutes ! it was eventually lowered to an r with no cuts when it was reissued in 1980 . br br also the excellent song everybody's talkin' was introduced in this filmand became a big hit . br br a great filmbut very dark . i'm giving it a 10 . don't see it on commercial tvit's cut to ribbons and incomprehensible .",1,0
"certainly this film is not for everybodybut for anyone with a sense of humor and love of period film buy this immediately ! where else can you get a run down of 70s fashion , a period vocabulary primer , karate trained hookers , crime , a rap about the titanics sinking , shoot outs , and a costar named queen bee watch for her moving crying scene early on in the wardens office ! with a filming style thats a cross between a porno moviedawn of the dead and car wash , you cannot go wrong . this is one to watch over and over againafter you put the kids to bed .",1,0
"if you're looking for a kungfu action movie , look elsewhere . while there are fighting scenes , the film revolves around its provincial protagonist , who struggles to find her way in americanized canton . unlike most kungfu comedies , the action scenes are used to reinforce the comedy , instead of the other way around . br br cheung booi is a statement about the farcical nature of kungfu movies , where the stars always seem to find some reason to fight . instead of some grand drama about honor and respect , minor misunderstandings cause the characters to yell at each other and start beating each other up . br br my young auntie , as it's known in the west , is the story of cheng tainun , played by kara hui , who is a young woman who marries an elderly landowner to keep his holdings from falling into the hands of his greedy and corrupt brother . after he dies , she moves to canton to live with her nephew , played by director lau kar leung , and his son ah tao , played by hsiao ho . br br the basis of the irony is that although cheng is the same age as ah tao , her manner is more akin to her status as his stepgreataunt . while ah tao speaks english extremely poorly , plays the guitar and goes to costume parties , cheng utterly fails when she tries to adapt to her lifestyle in canton , complete with makeup , revealing gowns , high heels and dance scenes . br br what makes this movie great is its realization . lau kar leung is perhaps one of the greatest , if not the greatest director of his generation in hong kong , and kara hui won best actress at the first hong kong film awards in 1982 . also , this is arguably hsiao ho's finest performance . his chemistry with hui is remarkable , and although he went on to have a storied career in kungfu comedies , often working alongside sammo hung , he has the perfect combination of athleticism and comedy . as the romantic tension and intrigue build in the second half of the movie , his entire countenance changes . no longer does he easily jaunt through life without a care in the world . he becomes the straight man and his cohorts the kramer , elaine and george . br br my one complaint is how suddenly the comedic aspects of the film die off during the conclusion . the film transitions from outright farce to dramatic intrigue with little but a change in incidental music . but there is a certain symmetry in it . the film begins focused on the intrigue , focused more on lau kar leung's character , and it ends that way , too . but the final scene returns to the movie's comedic roots , giving conclusion to both aspects of the film .",1,0
"in world war ii , a badly burned amnesiac known only as the english patient is found in the african desert and is transported to italy , where he joins a convoy of medical troops and others at an abandoned monastery . among them are hana juliette binoche , a canadian nurse whose lovers generally meet unpleasant ends ; kip naveen andrews and hardy kevin whately , two explosives experts who search the monastery for bombs ; and david caravaggio willem dafoe , a canadian soldieroffortune who knows the identity of the english patient and has a score to settle . br br through flashbacks we learn the story of the patient he is laszo almasy ralph fiennes , a hungarian explorer who , in the late '30s , falls in with a group of british cartographers , including geoffrey clifton colin firth and his wife katharine kristen scottthomas , while mapping the deserts of north africa . after clifton leaves them on government business , katharine and clifton fall in love with each other in the desert , resulting in an affair that , naturally , has a lessthanhappy ending . br br if one is able to overlook the illogical parts of the story line such as , why would a patient found in africa be sent to what is essentially the front line of the war in italy ? , then you can appreciate the english patient as a throwback to the intelligent , layered , sweeping epics of david lean in the '60s . much more than titanic or other epic romances of late , this movie puts one in mind of doctor zhivago and gone with the wind an epic love story set against a huge historical backdrop . you shouldn't expect a war film , though there are some striking if alltoobrief scenes of violence that stand out more than the romantic sections , as is usually the case caravaggio's interrogation by a sadistic ss officer jurgen prochnow in particular . br br the movie is very ambiguous , in regards to pretty much everything . the central question of the film is how far are you willing to go for love ? as critics of the movie are fast to point out , almasy is , on the surface , a farfromlikable character he has an affair with a married woman and betrays his country by giving maps and intelligence to the germans , causing the death of his friend madox julian wadham and the torture of caravaggio , and actually killing a british soldier who has him under arrest at one point . the fact that almasy is in many ways reprehensible is kind of the point he's in love with katharine , and sees the world narrowly in terms of his love that loyalty to country or anything else for that matter is secondary ; as almasy says , he hates ownership . being owned . the two engage in a rather bold love affair shagging within ear shot of hundreds of people at a christmas party and it's clear that katharine is more drawn to the mysterious , exciting almasy than the comparatively boring geoffrey . br br the 1944 subplot is somewhat shaky and seems superfluous ; the romance between kip and hannah is never completely believable , and i feel the film could have done without it . but those sequences do add an interesting texture of mystery and complexity to the film , so i won't complain too much . br br like the epics mentioned above , the film is able to convey time and place through simple devices like crowd scenes , strategically placed posters , and military presence . we do not need to dwell on the fact that it's 1938 in cairo , but it's helpful to know . the direction of anthony minghella and the desert cinematography by john seale are absolutely gorgeous ; the sand dunes , sand storms , and haunting caves of the desert are captured in beautiful detail . gabriel yared's score is haunting and atmospheric . br br the acting is generally solid . fiennes gives a very layered performance as a character who is mysterious , complex , and haunted . the difference between the almasys of 1938 and 1944 are remarkable ; one exciting and somewhat carefree , the other haunted and reflective . kirsten scott thomas is effective as katharine , the female explorer looking for adventure , and colin firth gives one of his best performances as geoffrey , who realizes early on that he's no competition for the exciting almasy . willem dafoe does nice work as caravaggio , the shifty , hunted thiefturnedspy driven by revenge . jurgen prochnow gives a performance reminiscent of jose ferrer in lawrence of arabia and a similar character too very brief , but more memorable then some of the major characters . some of the 1944 actors are unremarkable juliette binochette is nothing special , while naveen andrews is good but unremarkable . kevin whately , as kip's illfated partner , does what he can with a rather smallish role . br br the english patient is not a perfect movie by any means , but the vituperative attacks on it by much of the moviegoing public are not deserved at all . maybe it's a show of how film sensibilities have changed since the era of the leans and kubricks , or maybe people were expecting something simple to understand . complex to fault , brilliantly directed and shot , the english patient is a wonderful modernday epic . br br 810",1,0
"convoluted , infuriating and implausible , fay grim is hard to sit through but parker posey is really the only actress who could take this story and run with it . she's at once touching , funny , cunning . the supporting actors commit to it as well . br br i wont even try to tell you the plot . . it involves characters from hartley's henry fool and attempts a tale of international espionage . br br the film works well if you continue along with itunderstanding it is . in a sense , completely ridiculous . it becomes more and more ridiculous as you plod along . i resisted the temptation to turn off the dvd twice . br br fay grim requires an adventurous filmgoer willing to tackle something that isn't cookiecutter . in the end , it offers something that defies description .",1,0
"presenting lily mars mgm , 1943 is a cute film , but in my opinion it could have been better . judy garland is great as always , but some scenes in the film seem out of place and the romance between her and van heflin develops all too quickly . br br i mean , one minute he's ready to beat her butt , but the next minute he falls in love with her . i believe that this production , the film editing , and the script even though the photography was great , the scenery was nice and the costumes were nice as well could have been a little better . it feels as though the production was too rushed . br br the supporting cast was good as well , especially little janet chapman as the second youngest daughter daughter rosie . she at the age of 11 , looks really cute and it's a shame that she didn't develop into a teenage comic actress . she's much better in this film than in her previous films as warner brothers in the late 1930's except for broadway musketeers 1938 , she's really good in that , when they tried to make her into a shirley templesybil jason hybrid . overall , this film could better , but in the end , judy gave it her all .",1,0
"in the opening scene , the eye patch wearing desperado named hawkeye has a smooth forehead , but when he follows johnny into the pueblo , he's shown with a scar over his patched eye . that's just one of the many continuity lapses in this edgy 'spaghetti' western , but rather than detract from the picture , it adds a special flavor to the proceedings . br br another occurs when sanchez turns in his three dead bodies , they have to be examined for their identities you just can't imagine how many false cadavers we have in our town . immediately after , carradine lawrence dobkin shows up to collect his bounty with no more than a wanted poster in hand . br br as for the film's principal johnny yuma mark damon , he's shown with his holster alternately on his right and left hip throughout the movie after exchanging gun belts with carradine following the barroom brawl . johnny's bound for san margo at his uncle's request , but will have to avenge his death at the hands of deceitful wife samantha rosalba neri and her conniving brother pedro louis vanner . it takes some time getting there , but it's a fun ride with one of the best music scores on record . as for that saloon fight , i got a kick out of the kung fu sound effects every time a punch connected . br br care for some more story exaggerations ? following the duel with pedro the first time , johnny wipes a small amount of blood from his lip which he manages to smear pedro's entire face with . similarly , when pedro smacks around little pepe later in the film he doesn't cut him , but by the time johnny arrives , pepe's face is covered with blood . br br johnny yuma is probably one of the best of the genre that doesn't have clint eastwood in it . as johnny , mark damon is a reasonably suitable stand in but without the seething exterior . carradine seemed to be a replacement for the obligatory lee van cleef character , without being a total bad guy . at first the identity exchange between carradine and johnny didn't seem to make sense , but it all tied together by the time the film ended . you knew each henchman would wind up getting his due ; marking time for each was part of the anticipation . br br in case you're wondering , the title hero has nothing to do with the nick adams character from the classic tv western the rebel . in this film , johnny got his name from a gunfight he had in yuma once . br br perhaps the most unique element of the story had to do with the way it tied things up with the evil samantha who pulled the strings behind the scenes throughout . after shooting carradine she beats a hasty retreat before johnny can get his revenge . still alive , it looks like carradine tries to shoot her and misses , but it doesn't take long for johnny and sanchez to track her into the dessert where she perished without water carradine aimed for her canteen .",1,0
"i don't think i've yet seen a movie in my whole lifetime about a high school kid creating his own college , just to impress his parents . nowadays , movies are either remakes or sequels , or plots that have been used in many different films . this one has an original story line and to follow it up by making it a comedy films only lightens the deal . with this well thought out story and with laughs mixed in , this is a good movie . now i've seen better , but upon going into the theater i was thinking another drugbeerfrat party with some sexual innuendo tossed in aka an american pie flick but i was surprised . to sum it up , i enjoyed the film and the next time your shuffling through the paper for movies , look for show times to accepted . if you want to laugh out loud , that is .",1,0
"william shakespeare's merchant of venice portrays 16th century venice . al pacino plays shylock , a jewish loan shark who plots revenge on a catholic that has looked down on him . the movie is a slow moving plot in the beginning that builds up throughout the two plus hours . the film gives a very good and believe appearance to it's characters , especially pacino . when hearing that pacino plays a jew one might think that it would not work looking at pacino's previous mobster type movie roles . nonetheless it works very well , credit must be given to the costume designer's and director's of the film . the look of all the characters fits well with the time period the play takes place in . the costumes look like the renaissance appearance one might envision to be . br br the film portrays a very antisemitic vibe . from the first minute to the last it is shown how the catholic's try to take advantage of the jews in every way they can , even to the point of keeping them locked away in ghettos and not allowing them to regular jobs . in comparison to the passion of the christ , another recent film that people believed to be very antisemitic , merchant of venice makes passion look like a jewish holiday . the film shows how the jews , or at least shylock wanted revenge for the mistreatment that the jews received . the location shots also seem very timely and the scenery is at times very beautiful or very ugly depending on the scene of the film , making it just that much more realistic . showing the beautiful and the ugly can also be seen as antisemitic because the ugly is usually shown around the jews and the beautiful around the catholics . br br although the film clearly attempts to have a serious aura certain parts do add a bit of humor to the act . the oh so serious trial between shylock and antonio irons adds a bit of humor when portia collins and nerissa goldenhersh come into the trial and decide who will be the victor and the defeated . that in itself might not be funny , but seeing it that they were women dressed up in disguise as men one might find it to be pretty amusing . the whole cross dressing scene , as compelling as it was could have probably been even more memorable had the make up artists and director michael radford taken notice that the two women still look like women and could easily be recognized . the director also could have seen into the fact that the women are speaking through their regular voices instead of trying to sound like men , which in part takes away from the scene but doesn't kill it entirely . br br overall the film gets a 7 out of 10",1,0
"mel torme and victor borge , in their younger years , serve to make this film interesting and especially viewing a young sinatra , on the sunny side of 30 , and definitely conveying that this was his yes , i'm a popular singer , but hardly an actor yet stage . michele morgan is an annoying , inane presence , and jack haley is an actor whose appeal has always been totally lost on me . leon erroll is silly , as always , but overall pretty funny . 7 stars of a potential 10 is about the right grade , because with the combination of its positive aspects , along with the lack of much of a story , and a silly one at that , and the forementioned annoyances it is overall average at best . most of the fascination is from the viewing of the three entertainment icons in their early years .",1,0
"existenz combines director david cronenberg's traditional love of blood and gore and exploding heads with the more confusing aspects of a reality twisting david lynch film . and it actually works effectively . i won't bother trying to give even the bare bones of a plot synopsis here because it'll only cause more confusion . all you need to know is that the film is about a virtual reality computer game that is so incredibly lifelike that it becomes difficult to tell the difference between reality and virtual reality . the film almost seems to abandon its technology fearing point at the end , but then it throws in the final twist in the very last line of dialogue . br br there's also some very gross sexual imagery based around the 'bioports' in the protagonists backs , as well as some very gross acting from jude law . he manages to come off as naive and stupid and boring and any other annoying habit you can care to think of . jason jennifer leigh comes off much better , and everyone else can be called a supporting character , including willem dafoe in a functional , if unspectacular , role as a moneycrazed mechanic . overall , existenz is a very effective scifi film about the possibilities technology can present and the possible consequences it will receive .",1,0
"the only reason i saw this movie was for jimmy fallon , who i've had a crush on since 9th grade , which was his first year on snl . i am a diehard yankees fan , and i didn't find the movie painful until the last 15 minutes , when they begin showing clips of the alcs games . i had to cover my ears and make small noises so i wouldn't have to hear that which must not be heard , but otherwise it was completely bearable . br br i thought jimmy played the role very well , because the character was supposed to be nervous and quirky , and he is a nervous and quirky guy . i know that it may not be a academy awardwinning stretch , but the movie is just a light , fun , romantic comedy that is actually appropriate for both women and men to see . br br jimmy and drew worked well together , and they had much better chemistry on camera than other actors in the past . ed burns and angelina jolie in that stupid movie ? what ? i think jimmy has a positive career ahead of him , and thank goodness , because taxi could have killed it . i think fever pitch will help him out a lot . everyone needs to stop being so critical of his acting ability because he is just starting out in movies . i imagine it must be difficult , and if you look at any of the other great actors of our time tom hanks , russell crowe , etc you'll see that they started off in some flops . busom buddies ? australian soap operas ? here's wishing jimmy a successful career on screen . i never wanted him to leave snl but what can you do ?",1,0
"the story is extremely unique . it's about these 2 pilots saving earth from alien beings but they have to use a special speed that makes everything around them age rapidly . the whole series is about the pilots dealing with the loss of time , friends , and mentors . br br the ending could have been fantastic . it started to end on a total down note and leave a real mark but instead ended on a super happy disney note and annoyed me very bad . br br the animation is decent for 89 but can't compare to nowadays . i have also heard many complain about the cheesiness of the nudity . i actually found it to be somewhat decent . the nudity for the most part was warranted except in episode 2 where there was an excess . br br overall it deserves a look but the ending keeps it from being a classic .",1,0
"french production in which leading film directors from 11 countries were invited to create 11minute short films conveying their reflections on the events of september 11 . br br the film segments vary widely in content and quality . two allude to u . s . complicity in terrorist acts in chile against allende , who died on september 11 , 1973 , depicted in the segment by british director ken loach ; and in palestine by u . s . backed israelis , shown in the segment from egyptian director youssef chahine . two more recall other destructive acts a palestinian suicide bombing in tel aviv , shot by israeli director amos gitan ; the japanese holy war against the west in ww ii , by shohei imamura . br br ironies abound in several stories . shadows that darken the new york city apartment of a grieving old man suddenly disappear as the world trade towers telescope to the ground in sean penn's piece , bringing the man momentary joy . but in this bright light he can finally see that his wife is really gone . in mira nair's film , based on a real incident , a missing young man , also in new york city , the son of a pakistani family , is first presumed to be a fugitive terrorist , but later he proves to a hero who sacrificed himself trying to save others in the towers . br br there are poignant moments dotted throughout . loach has his exiled chilean man quote st . augustine , to the effect that hope is built of anger and courage anger at the way things are , courage to change them . imamura tells us that there is no such thing as a holy war . samira makhmalbaf shows a teacher with her very young afghan schoolchildren , exiled in iran , trying to tell them about the events that have just transpired in new york . but they are understandably more impressed with a major event in their refugee camp , where two men have fallen into a deep well , one killed , the other sustaining a broken leg . this is comprehensible tragedy on a grand scale for the 6 year olds . br br idrissa ouedraogo , from burkina faso , creates a drama in which the son of an ailing woman spots osama bin laden in their village and gathers his buddies to help capture the fugitive terrorist , in order to get the 25 million u . s . reward . he tells his friends not to let any of the adults know their plans , for the older folks would merely waste the money on cars and cigarettes , while he plans to help his mother and others who are sick and destitute . br br it is mexican director alejandro gonzalez inarritu maker of amores perros who provides by far the most powerful and chilling segment , one that , for the most part , shows only a darkened screen with audio tape loops of chanting and voices and occasional thudding sounds . brief visual flashes gradually permit us to see bodies falling from the high floors of the towers , and it dawns on us that the thuds are these bodies hitting the ground . the sequence ends with elegiac orchestral music and a still shot , bearing a phrase first shown only in arabic , then with a translation added does god's light guide us or blind us ? in various languages with english subtitles grade 810 b . seen on 103104 . if you'd like to read more of my reviews , send me a message for directions to my websites .",1,0
"i just saw this movie at a sneak preview and all i can say is . . . what did i just watch ? ? ? ? and i mean that in a good and bad way . br br the plot is really simple . stiller and black play friendsneighbors . stiller is the focused , hardworker while black is a dreamer . black invents this idea to create a spray that erases poo . the idea becomes very popular , and black becomes very rich . the extravagant lifestyle that black gains and the fact that he still tries to be best friends with stiller causes stiller to become crazy with envy . br br as i said , the plot is simple . everything else is plain odd . the direction is odd , with a weird rotating opening shot to outofnowhere sped up sequences . the dialouge and the acting is very odd ; odd in a rambling sort of way . and the sound track is the oddest thing in the movie , from the weird envy song that keeps on reappearing to the scene where you think you're going to hear a classic 80's song but suddenly it's in japanese . br br so , the true question is this . . . is odd funny ? that depends purely on the individual . i was cracking up at the shear unwavering weirdness of the movie . after the screening i heard people call it horribly unfunny and glad that it was free . strangely , i understood their point . there are no jokes whatsoever , so if you aren't hooked by the uniqueness of it all , you will hate this movie . absolutely hate it . br br this movie is destined to lose a lot of money at the box office and become a dvd cult classic . if you can laugh at a movie with no real jokes , like cable guy or punch drunk love , then i suggest you see it . if you don't , run away from this movie . it'll only make you mad .",1,0
"there wasn't a day in 2002 where i wasn't chased by a scarecrow i felt that this film handled a serious issue wellbr br it brought back a lot of memories as it was so realisticbr br even today i have nightmares about corn on the cob , and can't even go near the tinned stuff in fear of my lifebr br i have to admit though , at one point in the film i did have to turn it off as it hit too close to homebr br for those of you who have never been attacked by a scarecrow , by watching this film you could be educated about how it felt for us victims br br this film teaches us not to take life for granted or to mess with corn , believe me , i've been there and i have the scars br br watch the film , its amazing and educational",1,0
"man , i can't believe the largely harsh and negative comments for this movie . okay , it sure ain't no sophisticated work of cinematic art . but it is a good deal of entertainingly tacky fun . for starters , the titular pumpkinheaded supernatural killer dude has to be one of the single most laughably silly and unscary things to ever stumble in front of a camera ; he looks like something you would see in a fourthrate carnival spookhouse . secondly , the moderate gore is ridiculously fake and unconvincing , with the definite highlight occurring when this annoying uptight ultraconservative woman gets electrocuted by a toaster . then there's the always welcome presence of the everlovely linnea quigley , who's memorably introduced taking a nice , long , utterly gratuitous shower that goes on for two minutes . amazingly , we also have appearances by deceased schlock picture legends john carradine as an evil warlock and cameron mitchell as a horror tv show host . moreover , scream queens brinke stevens and dawn wildsmith have fleeting cameos . lead child actor ryan latshaw projects all the charm and acting ability of a moldy old tree stump . pretty brunette rachel carter pops her top and bares her cute little breasts . the cruddy special effects are decidedly less than special . the score is suitably overwrought . yet this film overall has a certain endearingly hokey appeal to it which in turn makes this honey a real delectably cheesy hoot to watch .",1,0
"really , this movie should be released to dvd . i just got a bootleg copy of what i think was a studio film and i was utterly pleased ! ! ! it was on my list of films to own simply because of the cast . three of my people , michael york , olivia hussey . both having been in romeo juliet , and also john gielghud . sorry about the bad spelling , were in there so on that alone i thought that for the small amount i was spending it would be fine . boy was i right . i'm not going to give any of this one away , you may already know the story anyway , but i'll just say if you can get yourself a copy in any format . . . do it ! you won't be sorry . jpc",1,0
"i saw this film as it was the second feature on a disc containing the previously banned video nasty 'blood rites' . as blood rites was entirely awful , i really wasn't expecting much from this film ; but actually , it would seem that trash director andy milligan has outdone himself this time as seeds of sin tops blood rites in style and stands tall as a more than adequate slice of sick sixties sexploitation . the plot is actually quite similar to blood rites , as we focus on a dysfunctional family unit , and of course ; there is an inheritance at stake . the film is shot in black and white , and the look and feel of it reminded me a lot of the trash classic 'the curious dr humpp' . there's barely any gore on display , and the director seems keener to focus on sex , with themes of incest and hatred seeping through . the acting is typically trashy , but most of the women get to appear nude at some point and despite a poor reputation , director andy milligan actually seems to have an eye for this sort of thing , as many of the sequences in this film are actually quite beautiful . the plot is paper thin , and most of the film is filler ; but the music is catchy , and the director also does a surprisingly good job with the sex scenes themselves , as most are somewhat erotic . overall , this is not a great film ; but it's likely to appeal to the cult fan , and gets a much higher recommendation than the better known and lower quality 'blood rites' .",1,0
"anyone who doesn't like this film is one who is afraid to explore his or her own demons . this film does make the viewer a little uncomfortable at times , but that is its intention . it asks you to look at your own life and confront the obstacles head on like lou eventually does . it asks you to overcome the fear of perception and become who you are meant to be . bret carr holds up a mirror unlike any filmmaker has . the intention and the message is clear and profound . people's apprehension about this film stems only from their own insecurities . an openminded viewer takes this inspirational message and runs with it . sometimes a life changing realization does come in a flash a light bulb going on . this story is real and changes the lives if its viewers in a real way .",1,0
"i've been playing this movie incessantly this month , and i just love it . i was around in the 60s oh dear , so it is nostalgic in one sense . however , it's the funny premise , the snappy dialogue and the great performances that keep me watching . br br dr . winston's reactions to stephanie at the end of the movie are priceless . i'd be more specific , but don't want to spoil it for anyone . who other than matthau can play a man not entirely on the upandup and yet have us still love him ? as for bergman's costumes , i think she looks as dowdy as she's supposed to . i think she was robbed the one time that she appears in an evening gown . it doesn't suit her at all , which is too bad . i never liked it when i first saw it on her and i still don't . br br goldie won an oscar for her role . people thought it was a groundbreaking performance at the time , and yet it's the one performance that i don't love as much as the others . she does have the right amount of sweetness and likability , however , which is important for this role . br br and i agree i thought rick lenz was great in it and it's too bad that his movie career didn't take off after this . br br i hope more people watch this movie . . . they'll love it !",1,0
i for one was glad to see jim carrey in a film where being over the top wasn't the goal . his character is like all of us . wanting more better things to happen to us and expecting god to deliver . br br morgan freeman made a great god . with a sense of humor and a genuine sense of love for each of us yet ready to take a little vacation when the opportunity presents itself . br br i thought jennifer aniston's character was a little too vulnerable and understanding towards carry's basically selfcentered tv anchorman wannabe but that's the way it was written . br br i think the previews ruined several potentially very funny scenes because everyone who saw them knew what was coming before it happened . br br i have read a number of the reviews and it seems some people are looking a little too deep . this is a summer comedy and is not meant to solve the problems of the world although there are a few messages we could all take to heart . br br a funny film .,1,0
"i saw this on the accent underground release with the short films . i found the film at first boring and old fashioned and switched it off after the first hour i was a little drunk and tired . br br i went to bed , and no kidding i had a nightmare about this film within half and hour of falling asleep . i couldn't stop thinking about why , so i got up , switched the tv back on , loaded the dvd and saw the rest of the movie . br br well done alex frayne sir , you've managed to implant your film into this old , cynical movie goers head , and that takes doing . so 10 out of 10 to you . br br i can't say i 'love' this film of yours , but it has made a lasting impact despite its flaws and low budget etc .",1,0
"dog bite dog isn't going to be for everyone , but i really enjoyed it . full of slapping , stabbing and shooting but don't worry the lead's a terrible shot , it can best be described as a violent romp through hong kong and cambodia . edison cheng plays pang , a cambodian assassin in town to kill a barrister . despite being filthy from his journey , he's almost immediately seated at a huge table in the middle of an obviously expensive restaurant . if this sounds wildly implausible to you , you should probably avoid this film . it acted as my cue to suspend disbelief , and i had a lot more fun for it . br br chasing pang down is wai sam lee , a young , edgy cop who likes to smack people around almost as much as he likes to smoke . wai walks a fine line that has internal affairs investigating him , and his father , a legendary good cop , is in a coma following a drug deal that went south the implication is that wai is letting his father take the rap for his own corrupt dealings . br br there are a car crashes , lots of killings , and a strange and awkward love story on offer here , all played out in almost comicbook style . i suspect the humour was deliberate nobody uses gargantuan concrete bludgeons without an eye for the extravagantly absurd , though the overthetop nature lost a number of my fellow audience members . there are at least three points where the film might have ended , and at 109 mins it may have benefited from more ruthless editing , or the deletion of one of the narrative threads the lighthearted stuff worked well , so i would have left out the interactions with the three fathers . br br i'm inclined to give it a high pass , however , if only because of the ending i've rarely heard so many people laugh so loudly at what should have been a poignant moment . this is one to see with a group of friends who love the ridiculous",1,0
"there are few comedies like this , where almost every line and every character come close to flawless . this is soooo funny ! ! and it has quite a bit of satire there to . sally field is heading the field of truly outstanding actors and does a good , if not perfect , job with her daytime tvdiva . sometimes her acting is just a little to broad and over the top , but 90 of the time she is a riot ! in the same league is kevin kline , robert downey jr and whoopy goldberg who unfortunately has too little to do here . downey jr may not convince entirely as a comedian and has not the timing right all the time , but he struggles with his part which is , to be honest , the most ungrateful one . but the shining star here is cathy moriarty as celeste , a true bitch if there ever was one with more than one nasty secret you will see in the absolutely stunning finale ! . sadly elisabeth shue never seems to be quite comfortable in her part . i normally like ms shue , but here she acts as a fish out of water and sometimes seems to be in a different movie . but it is not something damaging and for the most part she is at least adequate . otherwise , brimming with memorable lines and situations , this is a comedy to watch whenever it is on tv or wherever .",1,0
"a good , but not great film , the great dictator is chaplin's first talkie . it's a good effort , and at times a remarkable satire on hitler , but unfortunately the moments of chaplin brilliance on offer here are let down by a tendency to use too much unnecessary dialogue . yes , chaplin , the silent screen master , just uses too many words in this film , and his tendency towards writing long speeches and extraneous passages of dialogue would carry over into his other talkie films , such as better limelight . still , chaplin was extremely daring in even making this film and his performance in dual roles is certainly memorable . paulette goddard doesn't have the glow she did in modern times her offscreen affair with chaplin was cooling at the time , but she is always worth seeing , and jack oakie just about steals the show as a rival dictator to chaplin's famous creation hynkel .",1,0
"not for people without swift mind or without a drop of balkan blood in their veins . if you don't have any of these you can not understand it . and if you don't understand , you can't enjoy it . for example if you think picasso is a name of a car produced by citroen , probably if you see a picasso's painting you just will walk by it , deciding that it's a trashwork of some street painter . so do not judge , before trying to understand it in the end i think it's a must for every one with open minds . still my n1 remains the shawshank redemption ! and remember that not all things can be put in frames . because there are things in this world , that any frame just won't fit .",1,0
"coming from oz i probably shouldn't say it but i find a lot of the local movies lacking that cohesive flow with a weak storyline . this comedy lacks in nothing . great story , no overacting , no melodrama , just brilliant comedy as we know oz can do it . do yourself a favour and laugh till you drop .",1,0
"i thought this film was just about perfect . the descriptionssummaries you'll read about this movie don't do it justice . the plot just does not sound very interesting , but it is . just rent it and you will not be sorry ! !",1,0
"it does not seem that this movie managed to please a lot of people . first off , not many seem to have seen it in the first place i just bumped into it by accident , and then judging by the reviews and the rating , of those that did many did not enjoy it very much . br br well , i did . i usually tolerate gere for his looks and his charm , and even though i did not consider him a great actor , i know he can do crazy pretty well i liked his mr jones . but this performance is all different . he is not pretty in this one , and he is not charming . his character is completely different from anything i had seen from him up to that pointold , ugly , broken , determined . and gere , in what to me is so far his best performance ever , pulls it off beautifully . i guess it is a sign of how well an actor does his job if you cannot imagine anyone else doing it insteadthink hopkins as hannibal lecter , or washington as alonzo in training day . that is how good gere was here . br br the rest of the cast were fine by me , too . i guess i would not have cast danes in this role , mostly because i think she is too goodlooking for it . but she actually does an excellent job , holding her own with a gere in top form , which is no small feat . strickland easily delivers the best supporting act , in a part that requires a considerable range from her . i actually think she owns the key scene with gere and danes , and that is quite an achievement . br br so what about the rest of the movie , apart from some excellent acting ? the story is perhaps not hugely surprising , some 8mmish aspects to it , but adding the veteran breaks in rookie storyline to the whodunnit , and also like silence of the lambs adding a sense of urgency through trying to save the girl and the impending retirement of gere's character . all that is a backdrop to the development of the two main characters , as they help each other settle into their respective new stations in life . that's a lot to accomplish in a 100 minutes , but it is done well , and we end up caring for the characters and what happens to them . br br direction and photography were adequate . i could have done without the modern musicvideo camera movements and cutting , but then i am an old curmudgeon , and it really wasn't all that bad , in fact i think it did help with the atmosphere of the movie , which as you might have guessed , by and large isn't a happy one . br br worth seeing .",1,0
"the energetic young producer of theatrical prologues those staged performances , usually musical , that often proceeded the movie in the larger cinemas in bygone days must deal with crooked competition , fraudulent partners , unfaithful lovers amateur talent to realize his dream of making his mark on the footlight parade . br br while closely resembling other warner's musical spectaculars , notably the golddigger films , this movie had a special attraction none of the others had jimmy cagney . he is a wonder , loosejointed and lithe , as agile as any tomcat a creature he actually mimics a few times during the movie . cagney grabs the viewers attention never lets go , powering the rapidfire dialogue and corny plot with his charisma buoyant charm . br br the rest of the cast gives their best , as well . joan blondell is perfect as the smartmouthed , bighearted blonde secretary , infatuated with cagney major quibble why wasn't she given a musical number ? . dick powell ruby keeler once again play lovers onstage off ; the fact that her singing acting abilities are a bit on the lean side are compensated for by her dancing ; powell still exudes boyish enthusiasm in his unaccustomed position as second male lead . br br guy kibbee hugh herbert are lots of fun as brothersinlaw , both scheming to cheat cagney in different ways . ruth donnelly scores as kibbee's wealthy wife , a woman devoted to her handsome protgs . frank mchugh's harried choreographer is an apt foil for cagney's wit . herman bing is hilarious in his one tiny scene as a music arranger . mavens will spot little billy barty , jimmy conlin maybe even john garfield during the musical numbers . br br finally , there's busby berkeley , choreographer nonpareil . his terpsichorean confections , sprinkled throughout the decade of the 1930's , were a supreme example of the cinematic escapism that depression audiences wanted to enjoy . the big joke about berkeley's creations , of course , was that they were meant , as part of the plot , to be stage productions . but no theater could ever hold these products of the master's imagination . they are perfect illustrations of the type of entertainment only made possible by the movie camera . br br berkeley's musical offerings generally took one of two different approaches , either a story often rather bizarre told with song dance ; or else stunning geometrically designed numbers , eye candy , featuring plentiful chorus girls , overhead camerawork a romantic tune . in a spasm of outr extravagance , footlight parade climaxes with three berkeley masterworks honeymoon hotel' and its preproduction code telling of a couple's wedding night ; by a waterfall' dozens of unclad females , splashing , floating diving in perfect patterns designs peer closely you'll see how the synchronous effects were achieved ; and finally , shanghai lil' a fitting tribute to the talents of both cagney berkeley .",1,0
"this movie is a ripoff of james cain's novel , the postman always rings twice . apparently , the director and producer never bothered to pay for rights to this storyperhaps the fact that we were in the middle of fighting the italians in wwii might account for their forgetting to consider royalties ! despite this , the movie isn't really just an italian version of the hollywood movie . in some ways it's a lot better and in other ways , it is definitely not . br br the three central characters in this movie are really pretty ugly people . in fact , the male and female lovers are a bit ickylooking . the male lead is pretty ordinary except for his profuse body hair particularly on the back and shoulders and his lady love is , to put it frankly , unattractive . they are a very , very far cry from lana turner and john garfield in the hollywood version . and the illfated husband is really , really obese and loves to walk around shirtlessand his counterpart in the american film , cecil kellaway is definitely better looking and probably better looking than the other two italian leads , actually . and this unattractiveness is generally a reason i actually preferred the italian filmsince i just could not imagine a finely coiffed dish like lana turner in the middle of nowhere married to kellawayi am 100 sure she would have had dozens of better offers ! whereas , the italian wife frankly might not have been able to do much better and this made the marriage actually believable . br br part of the italian film's believability comes from the blunt way it handles sex . the sanitized american film tries to make you believe that although turner and garfield kill kellaway , they never actually get around to sex ! this is pretty silly and totally unrealistic . in addition to the casual sexuality of the film , it's also pretty casual in showing the seamy side of lifewith lots of sweaty people , a fly strip hanging over the kitchen table and everyone appeared to need a bath . br br the movie is also pretty fastpaced compared to the overlong american film . and what you get due to brevity isn't all good . the film lacks a lot of the style and polish of the american filmwith grainier footage , relatively poor orchestration and sets . it sure ain't a pretty film , but the neorealisticlike style makes the film seem more realistic . but it cannot make up for the shortcuts in the plot . many of the plot elements in the later american version are either missing entirely or glossed over . and the ending seems a lot less interesting than the american filmand misses the entire human nature dilemma when turner and garfield turn on each other like rats the best part of the american film . br br so which is the better film ? well , a lot of this probably depends on you . as for me , the warner brothers film was simply too polished and too unrealistic though many like this style and may dislike watching films with subtitlesbut it packed a great ending . and the italian film was much , much more realisticuntil the crappy ending that seemed too rushed . so neither film is exactly great , but i'd give my nod to the italian one being a bit better . it's too bad they couldn't have combined the best elements of both films into one exceptional film .",1,0
". . . may seem like an overstatement , but it is not . br br what is so hard to comprehend is why didn't they make more musical shorts like this ? wasn't the beauty of it totally apparent to everybody involved ? i guess not . so many shorts were made for commercial reasons only , and with some luck there may be some artistic value in there . this is one exception the only one ? where it seems they were the director had a vision and clearly could appreciate the music as art . why didn't anybody ever think to shoot lester or charlie parker on a live date ? crazy , man . br br a pity there were no sequels . if you've seen anything of similar quality please share it !",1,0
"this is an interesting little flick made in 1967 , with cool jazzy twangy soundtrack music and a plot that will make you laugh . . . ok , it's not really stupid but it's cheesy fun . i saw many similarities between this and 'creature with the blue hand' aka the bloody dead and they do have the same director ! scotland yard's finest is investigating the murders of young ladies at a college . seems that criminals are being let loose from a local prison to do the bidding of some evil person and then returned when their work is done . there's a nifty device hidden inside a bible that squirts prussic acid , and there's another device that is neither nifty nor clandestine , it looks like a large squirt gun and the victim must be pretty near soaked before they expire . joachim fuchsberger plays an inspector and he mostly chews gum and looks off into the distance . there's a monk , and how anyone identifies this thing as a monk is beyond me , it carries a whip and dresses in a red outfit with a red hood , more of a klan member of a different color than a monk . there's all kinds of nifty devices like a fireplace hearth that goes up and down to admit the monk , and it steps right over the fire without setting his robe alight , a nifty trick right there . this is an odd combo of crime drama with goofy overtones , and while it's rather silly at times it is fun to watch . 7 out of 10 , not bad . . . .",1,0
"lock up your daughters is one of the best highspirited comedies i have ever seen . br br it is misunderstood since it lacks the social commentary values that many films of the day 1969 required to be successful . br br the characters are overthetop satires of everyday people and played to that purpose by all of the actors . br br christopher plummer shines especially bright as lord foppington , a noble with hair too big to fit in the door . br br the plot involves the usual 18th century stuff ; mistaken identities , thwarted romances , corrupt government officials , and jokes at every turn . br br it answers the questions what happens when 4 rambunctious , eager to party sailors are on leave in a small british coastal town ? and , who do they get involved with and how does it all turn out ? br br despite doing poorly at the box office , it has great costumes , excellent musicbased on the mermaid theatre musical of the same name , great , lively acting and sets that are obviously authentic . br br that it has never been released on either vhs or dvd is truly a shame , since so many bad movies are released every day .",1,0
"while the original 1932 version , with preston foster , was good , there's no remake more worthy than this 1959 one , or more impossible to find anywhere , just as i strongly suspect mickey rooney to have had something to do with that . never could a mere performance have ever been so masterfully brilliant , or a script more thoughtprovoking , as well as an improvement upon the original . many years after the last of my several viewings of this film , in 1970 , i read an article in which mickey rooney was recounting a visit he'd made to death row , and which had apparently very drastically eliminated whatever sense of personal identification he'd felt with people in similar circumstances . the article was about as short as the main character here , and didn't cover much , other than the extent to which his extreme disillusionment with the quality of the inmates themselves had been emphasized , even in language i would not care to explicitly quote here . . . . . one of my main problems with capital punishment is that , of course , it is not evenly , impartially applied , just as many innocent people are fartoocarelessly , thus unnecessarily sent to meet this particular fate . another problem i have with it is that it is not applied swiftly enough , or , for that matter , even publicly enough ! the bible makes a special point , in such cases , about one of the more important purposes of such , as a deterrent , being ineffectually obscured , minus , not only a public viewing , but also the direct participation of all ! as for those who claim to prove , statistically , that such is not an effective deterrent ? in addition to having a problem about the reliability of their data , i have little if any objectively disprovable doubt many are behind bars now due to the extent that such a deterrent is lacking . however , i do have a problem about the fact that robert duvall , in the apostle , had been punished at all , for his particular crime , or that the only hope of leniency for one such as he would have to be based on a temporary insanity defense , as though that would serve as the only acceptable excuse in his kind of case . . . . in addition to various other questions concerning the motives of mickey rooney for that particular visit he'd recounted , and about the answers to which i can only try to speculate , i suspect the main one had been of a decidedly religious nature . i don't know exactly when he'd become the professing christian he now makes it a special point , whenever possible , to emphasize that he is ; but , as anybody should be wellaware , this particular category of people tends to be the most vehemently out for blood , when it comes to extracting an eye for an eye . however , i have no particular bone of contention concerning that , per se , just as there's no doubt , scripturally speaking , that not all , and perhaps not even most , shall be spared the same ultimate fate , at the hands of the lord himself , as a result of his sacrifice on the cross . however , there is a problem , for me , about the spirit or attitude with which most professing christians emphasize their enthusiasm for capital punishment ; for , contrary to the lord himself , who would love to see everybody saved ezekiel 1832 ii peter 39 , they seem to go vindictively out of their way to find reasons to condemn ! . . . what most people , on either side of this superlatively everburning issue , cannot appear to sufficiently appreciate , is that the lord is as dynamically and elusively soft in nature as he is hard . the two sides of his nature appear to be so inherently incompatible as to render him mentally deranged , at least by any strictly human reckoning . yet , regardless of how harrowingly ungraspable this miraculously dynamic blending of the water and oil in his nature surely is , there can be no doubt that anything short of it , or anything fanatically and characteristically on either one side or the other of this equation , falls inadequately and unacceptably short of the entire judicial truth . indeed , i've seen the most bloodcurdling thirst for the same come out , selfcontradictorily enough , on fartoomany occasions , whenever the categorically antideath penalty advocates are confronted , even in the most rationally wellbalanced ways , with the fact that , although the lord died for everybody , not all are thereby going to be saved . afterall , in order to receive absolution , one must , to repeat the same term , reach out and receive it , that is , repent luke 1335 . could anything make more sense ? . . . but , then , what about the lord's command to forgive , even in the case of one's enemies , of those who despise and persecute you without a just cause or provocation ? one of the fartooprevailing difficulties with this kind of sentimentality , as popularly misinterpreted , is the way it obscuringly oversimplifies the real meaning of forgiveness . the act of forgiveness does not , in itself , mean the same thing as unconditionally excusing the one being forgiven . when one takes a clearly sober , rationally wellbalanced view here , from the perspective of god's own attitude , all it actually amounts to is a fervent wish that the one forgiven will ultimately succeed at finding his way , seeing the light , and being granted mercy . this attitude is , of course , the very opposite of , say , that of jonah , who actually resented it when god told him that his preaching to the people of nineveh would result in their repentance . jonah didn't want them to repent , but vindictively desired that they be destroyed . how selfrighteously , coldbloodedly like unto most professing christians he was , save that even his reasons were undoubtedly better than most ! i envy jonah almost as much as he would me ! however , minus the repentance of the one being forgiven , any forgiveness he may receive from a genuine christian is not going to do him any good . in such a case , the only one to benefit is the real christian himself !",1,0
"i can only echo the praise of the other reviews here . it's a delightful film with a feelgood factor that it achieves without crossing the line into soppy sentimentality . naturally sweet no added sugar . br br one small point it seems to me that the mild objections raised about ustinov's character pendelton being able to walk in and defeat the system security ignore the fact that pendelton is clearly a geniussavant at this sort of thing . yes , the film was pretty computer illiterate , but it did show pendelton 'studying computers' at his flat , and i believe the implication was supposed to be that his gifts allowed him to simply engulf the whole subject , practically overnight . br br there were a few odd moments when it appeared in some scenes that gnatpole was trying to test pendelton's knowledge and call his bluff . i'm not sure whether we were supposed to believe that pendelton cunningly weaselled his way out of these situations , or whether he was actually knowledgeable enough to pass the tests it was a little unclear . br br certainly he had to know enough to set up the dummy accounts . presumably wallach and ustinov were relying on their own rather foggy notion of how computers worked in those days , and in order to understand in detail what they were getting at , it's necessary to know quite what their concept was . they knew there was something about 'procedures' which was important ; they thought that the 'smart light' could actually control security , rather than just indicate its state ; they thought that the dumb user terminal's features would strongly influence what could be done on the mainframe itself though apart from things like graphics feature i don't see it meself . br br mostly , i think they tried to avoid the subject of actual computer operations as far as they could , and they did that rather well . allowing them a bit of artistic license , i don't think their efforts had any flaws worthy of note . br br cd",1,0
"eric bogosian gives as great a performance as you'll ever see in an oliver stone film . his barry character is an assault rifle disguised as a man and he blows away anyone , on or off the air , that offends him . adapted from bogosian's stage play , talk radio is a vicious and frightening ride that doesn't let you off until it's too late . by then , you've become familiar with the fringe of racists , rapists , paranoids , wannabe assassins and mere prank callers who listen , speak and lurk in the dark of dallas nights . br br stone behaves himself , if that's even possible , letting bogosian dominate every scene , from barry's humble beginnings to the make or break point when his radio show can reach national syndication . the rest of the cast are uniformly excellent as the lovers andor coworkers that all have being used and tossed aside by barry in common . br br the only thing i'd change is the recurring theme music , bad to the bone . i'd have used bachmanturner overdrive's not fragile . a better song , one i haven't heard in a film so far and a driving , relentless tune whose ominous riff is like the true soundtrack to barry's life . br br listen if you dare !",1,0
"you could get into the nitty gritty of this film , and say how it couldn't happen , or how could the main character just walk into offices and start using computers etc without someone noticing and really pick the movie to bits . . . or you could just sit back with a bucket of popcorn and enjoy the story and the acting . personally , i prefer the latter , i live real life and watch the news with all it's doom and gloom , and so would much rather be entertained by my movies , and see the bad guys get their just rewards . don't take it too seriously , and you can thoroughly enjoy this film .",1,0
"i finally got around to seeing this after hearing great things about it . it actually exceeded my expectations . considering the budget involved this was a surprisingly competent and wellmade film . the lack of finances actually helped this film in several ways , especially given the plot . just like the blair witch project , this film was all the better for being shot on video instead of film . another bonus whereas most lowbudget horror films even the best of the best suffer from mediocretounintentionally hysterical acting , this film actually had a talented cast save one or two characters , particularly the two leads . the only thing missing from the film was an original storyline . it borrows heavily from betterknown films like deliverance and wrong turn but if you're like me , films of this nature never cease to be terrifying . plus , the director keeps things interesting throughout . i'd be very interested to see what the director would do with a bigger budget and i have a feeling it will only be a matter of time before we find out . . .",1,0
"chris noth plays a maniac who wrote a children's book as a young lad , posing as a doctor who menaces a community in order to push his sister's son into the position as his school's genius . the only man that can stop him is a cop who plays by his own rules , and is forced to go undercover with the help of his mute father who communicates via oujii board . will rick springfield find out whats up ? or will somebody sabotage his recording studio ! does the mentally retarded boy who operates the book mobile have clues ? watch to find out ! i'm not making this up !",1,0
"i was speechless and devastated after my first viewing of this many parts of grey gardens are very funny and unbelievably surreal documentary of not , this really gives fellini or david lynch a run for their money in the weirdsville sweepstakes . i kept focusing on how these women who are clinically way beyond eccentric reveal their own humanity in the most surprising of ways , and i wonder whether their retreat from the world was prompted by something beyond the stuffiness of life in the unreal blueblood universe , perhaps some abuse , or perhaps simply a streak of defiance and rebellion that spiralled out of their control and took on a life of its' own . this might be one of the greatest ever films that comes dangerously close to exploitation , without going completely over the edge as the edies do their thing , i kept noting things like the empty gin bottles in the rubblestrewn bedroom , cats urinating on the bed , racoons emerging from holes in the walls , and the final scene seemed incredibly sad like a child's birthday party gone seriously wrong . very definitely worth seeing and seeking out you'll never forget it , but very disturbing .",1,0
"i'm not a john cleese completist although i thought fawlty towers was brilliant , but i am a fan , and when i saw this sitting , neglected , on a shelf at my local blockbuster , i decided to give it a try . what i got was a wonderful surprise , and one of the funniest 50 minute viewing experiences i've ever had . the writing is typical english goon show schtick . in fact , as an audio skit , this wouldn't be out of place on a firesign theater album . but the execution and timing is spot on and this elevates strange case into the kind of jawdropping performance that can create lifelong british comedy fanatics . br br the brits have a gift for combining broadly satirical lampoons with closely observed tics of character and timing , and the creators use both to good effect here . cleese's portrayal of holmes seems to owe much to the arkin's and seller's inspector clouseau ; however cleese has such a knack for physical comedy that he more than holds his own . but the unexpected treat here is arthur lowe , who plays watson as an genial but invincibly uncomprehending imbecile with such superb timing and delivery that he becomes the best aspect of the film . i'd never heard of lowe before this his background seems to be vaudeville and musical theater , but he justifies his entire career with this performance as far as i'm concerned . br br some people might not care for strange case . . . , especially if british whimsy isn't their cuppa tea . but i am extremely glad i got to see this before it vanished from sight .",1,0
"get this film if at all possible . you will find a really good performance by barbara bach , beautiful cinematography of a stately and incredibly clean but creepy old house , and an unexpected virtuoso performance by the unseen . i picked up a used copy of this film because i was interested in seeing more of bach , whom i'd just viewed in the spy who loved me . i love really classically beautiful actresses and appreciate them even more if they can act a little . so we start with a nice fresh premise . tv reporter bach walks out on boyfriend and goes to cover a festival in a california town , solvang , that celebrates its swedish ancestry by putting on a big folk festival . she brings along a camerawoman , who happens to be her sister , and another associate . the late karen lamm plays bach's sister , and if you know who the celebrities are that each of these ladies is married to , it is just too funny watching bach mrs . ringo starr and lamm mrs . dennis wilson going down the street having a sisterly quarrel . anyway bach's disgruntled beau follows her to solvang , as he's not done arguing with her . there's a lot of feeling still between them but she doesn't wanna watch him tear himself up anymore about his downthedrain football career . the ladies arrive in solvang to do the assignment for their station , only to find their reservations were given away to someone else . maybe to bach's boyfriend , because think of it where's he gonna stay ? . the gals ask around but there is just nowhere to go . mistakenly trying to get into an old hotel which now serves only as a museum , they catch the interest of proprietor mr . keller the late sidney lassick , who decides to be a gentleman and lodge them at his home , insisting his wife will be happy to receive them . oh no ! next thing we know keller is making a whispered phone call to his wife , warning her that company's coming and threatening that she'd better play along . trouble in paradise ! the ladies are eager to settle in and get back to solvang to shoot footage and interview swedes , but one of the girls doesn't feel good . bach and lamm leave her behind , wondering to themselves about mrs . keller played heartbreakingly by pretty lelia goldoni who looks like she just lost her best pal . speaking of which undertheweather vicki slips off her clothes and gets into a nice hot tub , not realizing that keller has crept into her room to inspect the keyhole . she hears him , thinks he's come to deliver linen , and calls out her thanks . lassick did a great job in this scene expressing the anguish of a fat old peeping tom who didn't get a long enough look . after he's left , poor vicki tumbles into bed for a nap but gets yanked out of it real fast in a really decent , frightening round of action by something big that has apparently crept up through a grille on the floor the unseen ! lamm comes home next bach is out finishing an argument with her beau and can't find anyone in the house . she knocks over a plate of fruit in the kitchen , and , on hands and knees to collect it , her hair and fashionable scarf sway temptingly over the black floor grille attracting the unseen again ! well , at about the time poor lamm is getting her quietus in the kitchen , we do a flashback into mr . keller's past and get the full story of what his sick , sadistic background really is and why his wife doesn't smile much . bach finally gets home and wants to know where her friends are . meanwhile , lassick has been apprised of the afternoon's carnage by his weeping wife and decides he can't let bach off the premises to reveal the secret of his home . he tempts her down into the basement where the last act of the keller family tragedy finally opens to all of us . br br i cannot say enough for stephen furst , whom i'd never seen before ; it's obvious that he did his homework for this role , studying the methods of communication and expression of the brain damaged ; bach and goldoni , each in their diverse way , just give the movie luster . not only that , but movie winds up with a satisfying resolution . no stupid cheap tricks , eyeballrolling dialog or pathetically cut corners . . . a real treat for your collection .",1,0
"petter mattei's love in the time of money is a visually stunning film to watch . mr . mattei offers us a vivid portrait about human relations . this is a movie that seems to be telling us what money , power and success do to people in the different situations we encounter . br br this being a variation on the arthur schnitzler's play about the same theme , the director transfers the action to the present time new york where all these different characters meet and connect . each one is connected in one way , or another to the next person , but no one seems to know the previous point of contact . stylishly , the film has a sophisticated luxurious look . we are taken to see how these people live and the world they live in their own habitat . br br the only thing one gets out of all these souls in the picture is the different stages of loneliness each one inhabits . a big city is not exactly the best place in which human relations find sincere fulfillment , as one discerns is the case with most of the people we encounter . br br the acting is good under mr . mattei's direction . steve buscemi , rosario dawson , carol kane , michael imperioli , adrian grenier , and the rest of the talented cast , make these characters come alive . br br we wish mr . mattei good luck and await anxiously for his next work .",1,0
"i saw this film for the first time last night . i have been thinking about it all night and this morning . i cannot say that it was my favorite film , at least not yet . i need to see it again . br br the cinematography is stunning . each shot has a lyricism that one would expect in a film that has wim wenders's name attached to it . br br it is always tempting to see de chirico in any picture of rows of orders vanishing into the gloom , but in this case the analogy fits . in many ways the figure of malkovich walking through the fog and wind of ferarra echoes the shadow of the offcanvas statue that haunts milan in the major works of the italogreek painter . he is slightly menacing , a presence who watches and , in his capacity as a film director , exerts influence on the entire story . br br the dedicated wenders fan cannot help but think a little bit of damiel and cassiel wandering through the streets of berlin , watching all but not directly interacting with the inhabitants . and , following the himmel uber berlin metaphor , the angel or in this case malkovich the director gets to interact with one of the stories . br br at this point i have to bow out of taking this line of criticism too far . i need to see the movie again . i am fairly sure that this is the thread that will bring malkovich's monologue together . br br perhaps his musings and pontifications are pretentious , empty dialog that sound good but cannot possibly be parsed into real communication . maybe that is the whole point of it . no one can make that judgment with any degree of certainty or authority until having done his homework . br br we must be careful when throwing around the word pretentious . it is easy to write off anything that smacks of the intellect as pretension , but that leads to a terrifying mental state , one in which the only conversation seen as genuine , earthy or authentic is the most banal . when we shun all discussions of philosophy , god , existence , meaning and all that brain candy , we are setting our culture up to die a slow , stupid and ugly death . perhaps this is the warning that wenders and antonioni are giving us . it certainly is not the only theme of the film , but i think that it cannot be ignored . br br the other and most obvious leitmotif is that of satisfaction . there is a lot here on that , and a thorough review of all the subtleties and consequences of the development of this leitmotif would well exceed the 1000 word limit for this review . br br my advice is to see the film . but i offer a caveat it is not an autonomous film at least i don't think so yet . some films interact with the intellectual and artistic thinking of their times so much that the viewer needs to have a background in the zeitgeist before approaching the film . pardela les nuages is one of those films .",1,0
"in the 1930s studios would use short films like this one sort of as testing grounds for new actors , given their relative ease of production in comparison with full length feature films , so it's interesting that this one should star shirley temple , who had long since established herself as the most famous child star of all time . then again , she probably wasn't the one being tested , i would imagine that would have been frank coghlan jr . , who played shirley's brother sonny in the movie and delivered a comparatively less impressive performance . then again , a 9yearold shirley temple was probably not an easy act to accompany . br br the film opens with an unimpressive sight gag involving a leaky ceiling , which i suppose was designed to have shirley temple give a scornful look at the ceiling , illustrate the working class status of the family in the movie , and provide a clean transition into the next scene , which features shirley gleefully stomping in the rain . br br it's sonny'y birthday , and his father makes occasional and horrendously botched efforts to hide the fact that he wants to give sonny a dog that he really wants for himself , but sonny is afraid of dogs because he was bitten by one once and has been creeped out ever since . it's curious that , when his father insists on getting a dog , sonny decides to run away from home rather than have a dog in the house , and as he is running away with no destination in sight , it's also curious that the movie illustrates what seems to be an indifference to homeless people that surpasses even the astounding indifference that exists today . br br sonny passes a man cooking bacon in an iron skillet at the side of the train tracks right after a train flew by which , given how close to the tracks he was , you would think would have blown the guy right off the tracks , but no matter . after sonny gives up on sharing breakfast due to the sour stare that his gleeful smile receives from the guy , he continues on and the homeless guy disappears from the movie . it's interesting to consider what a longer film would have done , because this one leaves this poor guy as a loose end . br br not that that matters , sonny soon hears a dog whining underneath a trestle as he passes over it , and jumps down to find a dog covered in burrs . it might seem trite that he immediately takes the dog up and adopts it since he just left home because of his fear of dogs , but it seemed to me that he just needed to be reminded not of his power over dogs , but of their lack of power over him . as soon as he saw a dog in need he overcame his fear . br br hey , if that's all it takes , all i have to do is find a helpless spider and i'm set ! br br it's a very convenient movie in which everything works out exactly as it is supposed to , but it's cute enough and enjoyable enough and short enough , as it were to still be a fun movie . we already don't expect an epic plot in a 19minute film , but pardon my pups still packs in a substantial amount of story and character development in its short running time . and it also features a fight scene at the end of the movie that must have made charlie chaplin proud . i am hardly an expert of shirley temple's films , but it's not hard to see how she became the most famous child star of all time .",1,0
"hmmmm , want a little romance with your mystery ? this has it . i think if the romance was ditched this would have made for a better movie . but how could the romance be ditched when the story's borrowed from something called a harlequin romance novel , whatever the heck that is . had the romance been ditched , the story might have been a little too weak . the mystery here wasn't too bad , quite interesting but nothing on the level of mission impossible international espionage . oh well . i thought mel harris was pretty good ; her short skirts , i think , added some sex appeal . . . but this rob stewart guy probably could have been better cast , maybe with a more well known tv movie actor . the directing was decent and the writing could have been improved on both could have been a little edgier , a little darker , more adventurous . one thing that was great about this was the use of real european locations . that could easily have been changed so this could have been filmed in canada but they really were in magnificently beautiful places like budapest . possibly a drawback was the director andor cinematographer's choice to frame certain shots picture postcard perfect . not good . had this been a more dramatic motion picture shot for the big screen , picture postcard perfect scenes really need to take a backseat and just be a nice part of the background . this was just a tvmovie , though , so they had to add some ummmph to the picture and some of that ummmph came from the scenery . overall , twasn't really a bad movie . i'll tell you what , this was absolutely the best canadianhungarian production i have ever seen ! and the only that i know of . i hereby proclaim this to be a mediocre madefortv movie , giving it a grade of c",1,0
"this movie , one of the best i've ever seen , talks about incommunicability . it does it plunging ourselves in a livid taipei , stained in cold colors , where the rain falls incessantly ; a damp world . it does it displaying us the story of two persons living in this world , a man and a woman . a coincidence , or the fate , links their existences , but they're not able to open one to the other with words . characters are the mirror of the difficulty of our society concerning interpersonal relationships . an incommunicability that here is taken to the extreme limits . all the characters exchange only a few words during the movie , dialogues are nearly absent , and when some words are spoken they're often weak and empty , far away from describing people's real feelings . so , the progression of the story , the revelation of character's feelings is developed brilliant idea ! by the musical digressions , only apparently meaningless , that speckle the movie . the proceeding of the sentimental event , and the drama of female protagonist , lead us to a splendid ending , heavily symbolic . a movie totally different from the usual , a clever realization by a greattalented director . ps . forgive me for my bad grammar ! !",1,0
"soylent green is . . . a really good movie , actually . br br i never would've thought it . i don't really like heston in his scifi efforts . he's one of those actors who , like superman , manages to come across all sneery and invincible most of the time . i prefer more vulnerable heroes . and indeed , he sneers his way through much of soylent green , too , but as he's supposed to be playing an overconfident bully i don't really mind . br br i can understand why some people would turn their noses up at this movie . soylent green makes no effort whatsoever to create futuristic visuals what do you know it looks just like 1973 , and it's lacking in action . but i admired the film's vision of a complex , corrupt , and highly stratified society , and i was so pleased to see that edward g . robinson had such a moving , funny final role . nice little character moments like when he shares some precious food with heston really make the movie . br br the message of soylent green is pretty relevant these days , when nobody seems to know what the hell the government or corporations are up to . funny , isn't it , to see heston in a prototype michael moore movie . . .",1,0
black tar can't be snorted there's a documentary dark end of the street about s . f . street punks and b . t . abuse not bad quite heavy . in wasted there's this stuff that looks like coke but should be something else . . . no big deal . black tar can't be snorted there's a documentary dark end of the street about s . f . street punks and b . t . abuse not bad quite heavy . in wasted there's this stuff that looks like coke but should be something else . . . no big deal . black tar can't be snorted there's a documentary dark end of the street about s . f . street punks and b . t . abuse not bad quite heavy . in wasted there's this stuff that looks like coke but should be something else . . . no big deal .,1,0
"although the notorious bettie page is well acted and shot , is is , at best , a cliffs notes version of bettie's biography . the film mainly centers on her work with irving and paula klaw , the brother and sister team who produced the bulk of her most famous photos . it does not detail her life after posing , aside from her religious rebirth . it cites the real bettie page , by richard foster as a source , but it ignores bettie's later years of mental illness and incarceration in a mental hospital . the narrow focus of the biography can be debated , but the majority of bettie's fans and the civilians would probably be more interested in her modeling career , which is what they get . br br the film is well acted , with gretchen mol faithfully reproducing the look of bettie , as well as conveying the sweetness that her photos exuded . the character is played as rather naive , a probable byproduct of interviews given by bettie in recent years . it is more likely that bettie was aware of the nature of her photos but rationalized it as acting and costumes . br br the supporting cast is also outstanding , with chris bauer and lili taylor playing irving and paula klaw , and david strathairn as estes kefauver . the film errs with the character of john willie , played by jared harris . john willie never met bettie page and was not involved in photo shoots with the klaws . harris plays willie a bit like peter o'toole , in his more debauched state . br br despite the quality of acting , the film is a bit of a disappointment in terms of depth . the story is rather cursory and we never feel that we truly get to know bettie . much like her photos , it's just an image . it does tend to exaggerate bettie's notoriety . her photos were mainly seen in and around new york , in a very narrow market of underground and cultish publications . her real fame came after her photos were reprinted in the late 70's and 80's , and the cult of betty page as her name was usually spelled grew . bettie's greatest exposure pardon the pun was in playboy , appearing in the january 1955 issue the christmas photo , which is staged in reverse in the film . br br the film is well done , if rather shallow . it is able to sustain interest until the end and showcases many fine performances . it hits the high points of bettie's life , but ignores many details which would have given it far greater depth . the ending is rather a let down . it feels rather abrupt . still , the movie is definitely worth viewing by anyone interested in bettie , or even the time period . the soundtrack is great , really pulling the viewer into the 1950's . if nothing else , the film stands as a showcase for america's burgeoning sexuality and the clash with its puritan past . it's also a peek at an icon for both men and women .",1,0
this story takes place in wisconsin . i was half heartedly watching my tape when i heard the name appleton . i wasn't sure where it was taking place until i heard them say green bay then i figured it was wisconsin . watching further confirmed it . br br anxiously awaiting the outcome i could really feel corrine's frustration . i did not know it was based on fact until the end . it left me glad but sad and wanting to know more .,1,0
"the person's comment that said that pat robertson is evil and his program is evil has nothing to compare what evil and righteous is . his definition of evil is the opposite of evil . the bible itself says that in the last days people will call good evil and evil good ! he doesn't even know that he fulfilled bible prophecy ! if you don't know god and refuse to know him now , that's okay . he still loves you but when you do finally bow your knee to him , and you will , it will be too late for you . god sends no one to hell , not even you ! you will go there of your own decision and your spewing defines it ! may god have mercy on you and give you a damascus road experience . the 700 club and pat robertson's ministry is one of the reasons i'm still here . on the edge of alcoholism , adultery , and probably death , god reached through the tv screen and used pat robertson to do it , and thank god he did ! you have a right to say what you said but you don't have a right to curse with your words . god have mercy on you .",1,0
"ok . . . . so , by minute 15 in the film , there's still no dialogue . br br this film arrived to me in a padded sack from down under , with sharpie encrypted info on the front . i am a programmer from a north american fest , and mod love was sent thru to me by our chief as a potential starter having preem'd at the faraway moscowkarlovy vary interface . br br straight away i thought this film is not for us no dialogue by minute 15 ? ? but kept watching anyway . well , well , well . it built and built and built , and half way in i was involved in this film , because , like when you go to the zoo , at first you're reticent , but by the time you get to the dangerous snakes bit , you're totally 'there' . br br this film has a dangerousness , not at all like the much hyped wolf creek , but because it is so totally 'other' in every way shape and form , and seems to weave a web made up of all the fantasies of most independent firsttime helmers ie . gloomy weather , redneck intrigue , odd splicing , eerie music , and a plot which , though imperfect and basic , has a bit in common with one of the 'great aussie movies' ie the cars that ate paris , by wier . but modern love is actually not really a very aussie movie in the sense of ockerishness and playful selfdeprecation that pervades many of that country's films . it works on a more nightmarish realm from the start . no cellphones , no brand names , no ipods , no gritty urban middleclass angst just a dude married to a goodlooker , an old volvo , and a little boy son who has weird teeth and chucks stuff around . oh and it's set in weird seaside village where people all look slightly 'wrong . ' photographed by nick matthews 237 and music by tom huzenroeder ten canoes mod luv succeeds where many aust . movies fail ie it stands up without regard to the godforsaken country that it comes out of . instead , it revels in a warped but entertaining riddle which the film itself cannot solve and herein lies the weak link . . . what on earth does this film have to do with modern love ? ? ? ? the final minutes of the film seem to give an answer , or at least hints at one . . . . and as i sat and drank a coffee and ate my hershey's afterwards , all that i could surmise was that this film's helmer , alex frayne , will prob have a lot of fun with this one .",1,0
"la bte by walerian borowczyk is based on the short story lokis written by prosper merime . lucy broadhurstlisabeth hummel , an american heiress betrothed to the son of an impoverished marquis , arrives at the family's crumbling chteau and learns of a mythical ursine beast purported to prowl the nearby forest . it is fabled that a former lady of the housesirpa laneonce engaged in perverse sex with the creature and lucy finds herself consumed by dreams of the incident . the beast is an arthouse mix of surreal horror , explicit sleaze and porno . there's implied bestiality , assault and perversion in the priesthood , copious fake ejaculate smeared on bared breasts , masturbation with a rose and , most graphic of all , the eponymous beast toying with incredibly big phallus . still this genuinely erotic film is wonderfully photographed and tasteless . the women here are stunningly beautiful and they are naked most of the time . overall la bte is a visual feast . whether it be from the fetishistic attention to detail , or the visual motifs pregnant with information , borowczyk's masterpiece should be watched with care and attention . a mustsee for fans of european cult cinema .",1,0
"if you love japanese monster movies , you'll love this action packed battle pitting an alien invader , intent upon conquering the earth , and a giant robot with an armory of super weaponry . the alien , emporer guillotine , from the planet gargoyle , has a army of thugs called , of course the gargoyle gang , as well as an endless supply of immense hostile creatures that are routinely loosed upon the earth to smash buildings , make loud noises , panic the populace , etc . a little kid , named johnny sokko , has the giant robot at his beckon call , and sends the robot , as needed , to beat up , and then blast these creatures . johnny joins a group of good spies called unicorn , and endeavors to help save the world . br br in spite of the campy nature , unintentionally humorous dialog , and the fact that the target audience was obviously children , this movie has nonstop action , colorful characters , decent special effects , and just happens to be downright fun to watch . battle scenes are well executed , and frequent , as the storyline requires . the good guys and bad guys both made sure they had an inexhaustible supply of bombs , lasers , ammunition , and schemes to attack each other . in spite of the fact the movie was constructed from edited episodes of a tv series , the plot actually develops , and reaches an ultimate conclusion . br br the film has a positive outlook and appeals to everyone's especially kids' desire to destroy evil in its many forms . kids may be the target audience , but it's fun for everyone to laugh at its comical silliness ; yet , at the same time , root for the good guys to prevail and save the world . the acting is cheesy in places , but that is the charm there are several lines of corny dialog possibly translation errors or possibly intentional jokes by the movie makers , and you'll find yourself quoting these absurd lines later . br br admittedly , this film is not high in production quality or budget . however , for what it is , campy scifi , it's enjoyable for some laughs . i recommend it to anyone with a sense of humor for that sort of thing .",1,0
"i don't understand where these bad comments are coming from . the movie had you on the edge of your seat and made you somewhat afraid to go to your car at the end of the night . br br the part that gets you is that this could all happen . not to the extent perceived in the movie , but the whole idea is reality . this movie took that reality and twisted it into a dee snider nightmare . br br three thumbs up the third one is from the dead body in my freezer .",1,0
"sunny , a cocktail waitress in the d . c . area , is a bit dim , to put in mildly . she drives an old clunker and rents a tiny room from a gay male couple . however , she saves the life of a prominent arab , by taking a bullet in the behind that was meant for the official . she charms the national press with her zany remarks and her sweet looks . sniffing an opportunity , presidential aides get her installed in the protocol department for the u . s . government . even then , she messes things up at times , but she tries hard and learns a lot . she even grabs the romantic attention of a state department official . but , is there another sinister plot in the making , involving an arab man who wishes to take another wife ? a blonde one ? lol , lol , lol . this movie features goldie as pretty as a picture and as dumb as a fox , as they say . sunny learns her way around the jungle of the u . s . government very , very well . she even has important things to say about honesty and the lack of it in her protocol surroundings . perhaps , the arab community would be less than thrilled with this work , but for those who like to laugh , rent this today .",1,0
"i thought this was a splendid showcase for mandy's bodacious bod . if you don't expect anything else , such as clever plot twists and believable character development , you won't be disappointed . consider this a sports illustrated shoot whose character goes around killing people , especially those who threaten to come between her and her 'mommy' suzanna arquette , who obviously doesn't want to play the sex kitten she leaves that up to her daughter . br br mandy's face is a little too perfect , but her body is a complete 5alarm fire , up there in the ranks of sophia loren when it comes to natural bustiness , a perfect 7to10 ratio of waist to hips , and splendidly configured legs , right down to her feet . there has to be some ideal configuration of thighs to knees to calves to ankles that is altogether pleasing to the eye ; mandy certainly is the model for this idealized ratio . br br and no flat butt to boot , which seems to be the undoing of many a busty babe with curves everywhere except in the 'nether hemispheres' . mandy might have used a body double in the rear shot of her losing her towel as she descended into the candlelit hot tub with her blindfolded germanguy victim no . 2 , but from all i could see from her bikini shots , she had the butt for it and didn't need a double to prove it . br br mandy's acting abilities had little to do with her impression of a psychotic 'mommy's girl' , with the obvious erotic lesbian overtones . her bisexual nature allowing herself to be boinked in the hot tub after a long flirtation with german guy no . 2 , who also happened to be her mother's lover added an additional dimension to an otherwise onedimensional caricature of adolescent female horniness conflicted with pathological murderous impulses always by water with the men the ultimate fate of the latina housekeeper was edited out in the televised version for some obscure reason . br br mandy's ubernordic facial features coupled with her ubervoluptuous body could either be a blessing or a curse . if mandy really wants to further her career as an actress , i'd advise her to immerse herself fully in the romance languages , especially italian and spanish and maybe french , although i don't know if they would go for her type . but this would enable her to reconcile her bo derek face with her vida guerra body but maybe her face is just a little too nordic , and she has shown off too much of her extraordinary body in a cheesy movie to enable her to advance to any more fame that was enjoyed by michelle johnson of the 1980's whose early fame in blame it on rio was followed by a series of skin flicks that failed to make it off the ground . br br vambo drule .",1,0
"film follows a bunch of students in the nyc high school of the performing arts . there's coco irene cara a black singer who will make it to the top despite everything . she's helped by bruno lee curren a white musician . then there's doris maureen teefy who wants to be an actressbut she's shy and scared . she becomes friends with motgomery paul mccranepurportedly the only gay student in the school and is romanced by raul barry miller . then there's leroy gene anthony raywho sadly died in 2003 who's homeless and a great dancerbut can't read . then there's various teachers albert hague , anne meara stand out trying to teach the kids . br br the songs are great the title tune and out here on my own were nominated for best songfame won , the dances are energetic and the young cast shows plenty of ambition and talent . but this film misses the boat in the drama department . many plot lines are brought up and completely left openended by the end of the movie . why did coco do a porno ? did doris and raul remain together afterwords ? did either make it ? how about montgomerywhat happened to him ? and did leroy ever graduateand how ? there are too many long speeches raul has two and moments that just lead to nothing . i'm assuming there were cuts in the scripti can't believe the movie just left all this open . br br still , it's worth seeing for the acting and , again , the music . there's basically not one bad song and the dances go full force and at one point stop trafficliterally ! . my favorites are fame , out here . . . and i sing the body electric which is a great closing song . so i recommend it but can only give it a 7the script really needed to tie up loose endsand it didn't . br br trivia they wanted to shot this film at the actual school for performing arts but couldn't get permission . the dean of the school read the script and said there was way too much swearing in the film . that is truethere is a lot of foul language but that's how high school kids talk . avoid the tv version which abysmally overdubs it .",1,0
"i haven't read the anne rice novel that this movie was based on , but who knows , maybe reading the book is cheaper than renting queen of the damned and is probably better for your health . it isn't that this movie is necessarily bad for your health , but a book can be very relaxing and certainly exercises the active part of your brain more so than this movie . you can count the number of pages by anne rice that i've read on one hand , but after seeing this movie and interview with a vampire , i get the feeling that she writes really good novels . the plots for both movies hint at a whole sea of deep and interwoven vampire history . br br still , stuart townsend's voiceover narration gets a heck of a lot more annoying than brad pitt's vampire narrative ever did , and you can tell that queen of the damned's limited production resources barely give enough flesh to the anne rice storyline . while interview decided to go with lace and elegance , queen relies on low budget special effects that try really hard to be taken seriously . one can see that the original novel had potential as a movie and that the production team focused its attention in the wrong places . the costumes and rock roll stage could have been replaced with more blood and an eerier soundtrack . br br however , i'll give credit where credit is due . the soundtrack is excellent . korn and disturbed had me down with the sickness bobbing my noggin like butthead . br br the film opens with a very cool gothrock zoom splice montage , but after the first ten minutes or so , the directing degenerates quickly . it's as if the movie was so long that the director realized that there wasn't enough time and enough money to do an anne rice novel justice . what results are some mediocre vampire scenes and plenty of cheesy special effects . unfortunately , queen of the damned fails to do the genre justice just as its john carpenter counterparts fail to impress . where are the yellow contacts ? where's the pale blue makeup ? scene after scene , i shook my head reminiscing about the days of salem's lot and fright night when low budget was done right . br br there are redeeming qualities though that save this movie from being garbage . props to aaliyah , and may her soul forever rest in peace . she might have become a renowned actress , had her life not been taken from us so prematurely , for she did give this movie a decent performance with plenty of nice belly dancing . did i mention that the soundtrack was good ? let's see , what else can i say ? it wasn't too long . the anne rice novel could have easily been a three hour movie if an ambitious director like francis ford coppola got his hands on it . there are a few twists and turns here and there in the plot . but all in all it was a legitimate rock and roll addition to the slew of secondrate vampire movies out there . the director of this movie went on to direct a new battlestar galactica mini series if that tells you anything . br br jybr br jimboduckdotcom",1,0
"wizards of the lost kingdom is a movie about a young prince simon who is banished from his kingdom due to his father the king being killed by the cliche evil adviser . this movie's about simon's adventures . the special effects , plot , acting , and generally everything about this movie is bad . however , it's so bad that it's funny . you will keep watching this movie simply because it's so bad it's funny , and , like the other reviewer of the movie said , it's so bad it's good .",1,0
"i didn't really concentrate on the larger genocidal aspects of the story although the horrific images at the beginning are very powerful . i was really taken with the human story of the girl and her family . imagine living your life not knowing if you have a time bomb ticking away inside you . i was really wrenching to see yasuko being rejected as tainted by the bomb . the image that stays with me most is when yasuko stands before the mirror combing her hair , silently watching it come out in clumps .",1,0
"not the most successful television project john cleese ever did , strange case has the feel of a first draft that was rushed into production before any revisions could be made . there are some silly ideas throughout and even a few clever ones , but the story as a whole unfortunately doesn't add up to much . br br arthur lowe is a hoot , though , as dr . watson , bionic bits and all . good lord .",1,0
"okay . yes , this was a verytightbudget movie with continuity errors like single scenes obviously filmed in sunshine and then in shadow and then mixed together , and as much as i love nick mancuso he was often a little too good at the burntout part , and some of the minor supporting cast was really bad plus at least one actor was used for two different but conspicuous roles . but come on . richard grieco was hysterical his hair alone is worth the trip . steven ford was very likable . mancuso had some great lines , while nancy allen , ironically , was completely bland and uninteresting . classic ? no . bad parts ? yes . entertaining ? big yes . i would have loved to have been onset the day they decided what kind of hairstyle grieco would have . are you fast ? . . . y'ain't that fast .",1,0
"i saw this film many years ago , and absolutely hated it i could not wait for it to end , and would have walked out , but there was a girl sleeping on my shoulder . you know what ? i have never forgotten this film , and more , i would say that it continues to haunt me with its images and music over the years . how many movies have i wept over and laughed over in the moviehouse , then forgotten as soon as i hit the street , like . . . you see , i can't even think of one ! rarer are films like death in venice that enter your consciousness and work sea changes . the french like to say film is an art , and movies like this one prove they are right . i give it 10 stars , up from the 3 i gave it the night i saw it .",1,0
"this is one of the better marion davies talkies and one of the few to allow her to exhibit her skill as a physical comedian which was so endearing in her silent films . ok , so she does a clunky tap number , but even ruby keeler's dancing from the era does not hold up for younger generations . the problem here is the script . the story falls into unbelievable melodrama in the last reel . it's quite stagey , and is obviously adapted from a play . . . but not well enough . still , there is some snappy dialogue and slapstick throughout . worth a look .",1,0
"i really liked this version of 'vanishing point' as opposed to the 1971 version . i found the 1971 version quite boring . if i can get up in the middle of a movie a few timesas i did with the 1971 version than to me , it is not all that great . of course , this could be due to the fact that i was only nine at the time the 1971 version was brought out . however , i have seen many remakes , where i have liked the original and older one better . i found that the plot of the 1997 version was more understandable and had basically kept true to the original without undermining the meaning of the 1971 version . in my opinion , i felt the 1997 version had more excitement and wasn't so blase . boring",1,0
"kahin pyaar na ho jaaye is a great family movie . salman khan is looking handsome and great than ever ! there's even a scene where he takes off his shirt ! what a surprise ! ! ! rani mukherjee is great too . pooja batra had very few lines to say but i'm glad she has been acknowledged for her role because she definitely has potential . br br it's about prem salman khan and he is a wedding singer . he is about to marry nisha raveena tandon but gets stood up . prem goes to nisha's house and asks her why he was ditched and it's because her brother is ill and she needs to marry an nri , rahul inder kumar , to get the money to get him treated . prem moves on and in comes priya rani mukherjee . prem falls inbr br love with priya but it's a shame she's about to get married to an nri ! who could this nri be ? ! priya falls in love with prem too while rahul is there with her . prem gives priya an insulting comment one day and she goes off and sets off to agra for the wedding with rahul . will prem stop her ? watch kpnhj to find out ! br br the film was very funny ! the songs were great especially the song o priya o priya it's a shame the film flopped in india and i don't know why ? ! every film in india is going flop nowadays ! ! this film deserved to be a hit . the only problem i found with the film is that they had an obsession about nri's ! they think all nri's are rich ! the film deserves a 910 !",1,0
"the nyt review says that sigourney weaver's character is taut and frustrated , and , later , that she could be the sister of mtm's character in ordinary people . say , what ? no way . this lady was quirky from the start . nothing like mtm in ordinary people . sorry . br br next , the nyt goes on to say that sigourney weaver's sandy travis and jeff daniel's ben travis are 40something year olds , children of the 60s . ms weaver must be dancing a jig . i believe at the time she made imaginary heroes she was in fact 55 years old . she was born in 1949 . br br nyt perception corrections aside , this was a pretty good movie considering it was made by someone so young . obviously sigourney weaver thought so , and so did jeff daniels . the young man playing tim was outstanding . br br there are some critical comments i could make about the script . such as that i never really got a good sense of why sandy travis missed her son . her sort of blown apart behavior was perhaps triggered by his death , but that such behavior lasted of the way through the film i felt had more to do with her stagnation marriage , her relationship with tim , and where he really came from , and other unresolved issues , than from any mourning of her elder son . ben's mourning was much more clear . br br so matt travis was an asshole . did his mom think so too ? still , a very watchable film . what is becoming clearer and clearer is not that there are no roles for women over a certain age , rather that what it takes is a director such as this one to be so clearly in love with an older woman ms weaver and to almost make his film an homage to her . sort of an antiwoody allen .",1,0
i'm originally from brazil . . . the sad thing about this movie was the exploitation that was done to that boy . they told his life story and he never got one centavo brazilian cent of that movie . fernando is not the first and will not be the last to go through that life style in brazil . sad . . . but that is the world we live in . it's about making money not saving lives . question is where is fernando today ? most probably . . . dead . we tend to want to live in this disney filled fantasy bubbled life . when someone comes up to the plate to help . . . along comes the higher power and says what do i get from this ? where's my cut ? i wish people's conscience would speak up !,1,0
"i hadn't laughed this hard for a movie in a really long time . the garbage that hollywood has been putting out lately drives me up a wall ! this one was definetely fresh and witty . if you look at the demographic figures for the ratings , only a few women have voted ! i don't want to ruin the movie for you but i'm sure that every guy who saw this ran to their computers to rate it and gave it a poor score , why ? because the movie puts men in their place , that's why . if more women vote for this movie because of its actual humor value and not because it is damaging to men . . . it could easily be a 7 rated movie !",1,0
"this movie has very good acting by virtually all the cast , a gripping story with a chilling ending , great music , and excellent visuals without significant special effects . it is interesting to note though that , like so much science fiction , its predictions for the future don't appear likely to come to pass as early as depicted . that's not to say we're out of the woods yet , but 2022 is now obviously too soon to be in this condition . it shares this failing with a fairly illustrious list of science fiction classics 1984 , 2001 a space odyssey compare its space station with our international space station and isaac asimov's i robot positronic brains were to have been invented in the 1990's .",1,0
"and yet another run of south park comes to an end . this wasn't as strong an episode as i'd hoped for , but night of the living homeless was a stronger finisher then stanley's cup , tsst , bloody mary , or erection day . it still can't hold a candle to woodland critter christmas and goobacks , but few episodes can . br br night of the living homeless is a spoof of the zombie genre , done in a way only south park would think of . instead of flesh eating zombies , the entities are homeless that request change and seem to survive off of it . br br randy and other residents are locked in the community center , though this time on the roof , where they can survey the scene . a particularly funny moment is when one member finds out his home is gone , and becomes homeless , leaving randy no choice but to shoot him . br br meanwhile , the four boys set out to solve the problem , with the whole story behind the homeless takeover trying to convey a message , but being seriously uninspired . south park is at it's best a lot of the times when it is being ridiculous . matt and trey played it safe this week , and didn't really critique the homeless problem , just lampooned it . br br the shock moment of the episode comes when a scientist shoots himself in an attempt to avoid the homeless . this is the first time a suicide on south park goes wrong , and we watch the poor man miss his brain and then attempt to shoot himself many times while he painfully dies . another inspired south park moment . br br overall , the episode was funny , but it was kept from being great by withholding any real commentary on the homeless and sticking straight with the zombie shtick . the ending is somewhat funny , but nothing new . br br now we must wait until october for the next batch of episodes . it's a long haul , but south park must be applauded for it's run . the show seemed to be running out of steam last season , but now it's back in full form .",1,0
"this is an excellent little film about the loneliness of the single man . phillipe harel as notre heros is a bit like an amalgam of robert de niro in taxi driver , inspector clouseau in his stoicism and chauncey gardiner in being there also peter sellers . he is single yet doesn't have a clue how to attract the opposite sex in fact , he really makes no effort at all ! br br he has a stoicism and fatalism that defies any hope of ever achieving coupledom his friend jose garcia as tisserand is in the same plight yet at least makes a brave effort to transcend his extended virginhood he's 28 and admits he's never had sex . br br very good outdoor shots of paris and rouen , where the two software people travel on business . they try various nightclubs and places but all to no avail . my theory is that they're trying the wrong places they go to moreorless 'youth' nightclubs ; they should try the type that has older people , more their own age . br br harel increasingly becomes isolated and does a little de niro effort , as in taxi driver , urging his friendcolleague to go and stab some bloke who's pulled a nicelooking girl in the nightclub . br br worth watching .",1,0
"regarded as another one of the recent overthetop drama's brought upon us by hollywood , this movie excels where others have totally failedespecially considering the most underrated performance in recent dramatic character portrayal by that of natalie portman , this film is almost unanimously driven by the chemistry that both susan and natalie share . they seem to be so natural during the movie that you would mistake them for a real family . they go through so many motherdaughter conflicts in the story its kind of hard not to pick up on their acting abilities . i feel that these two actress' talented performances picked up where the story was lacking and almost too familiar full of cliche's and really saved the suffering plot . i would recommend this movie mainly to those who like either of the two actresses or such overthetop drama's .",1,0
"unfortunately , this movie never made it to dvd . i saw it when it was first released to the theaters in 1983 , and then again when the vhs was released in 1992 . when i recently saw a vhs copy at a flea market , i immediately bought it . i was not disappointed . first , the obvious claudia ohana is beautiful and a joy to behold . but then , the film takes you into an unreal world where you have to reflect on your values and decide what is really important to you . the movie is about a lot of things . it is about how the world bank and large corporations exploit and enslave developing countries with their capitalist schemes to force them into a debt that they can never repay . it is about how our economic system exploits us by forcing us into debt with credit cards , mortgage , and car payment . it is about trying to save an innocence that maybe we have never really had and maybe we cannot really save . it is about good and evil and about how hard it is sometimes to tell one from the other . it raises a lot of questions but does not give answers . i think sometimes this is good . for this reason , this is a film really worth saving and seeing .",1,0
"this is a betterthanaverage entry in the saint series it holds your interest and , as mysteries should , keeps you guessing until the end and has several suspects to choose from . br br many films from the golden age are not for all tastes , especially younger viewers . they date themselves by clothing , cars , settings , etc . who nowadays asks for a highball ? or wears a suit and tie everywhere ? and the legal process was so much simpler must have been a dearth of lawyers back then . frankly , much of value is missing from those days . br br in any case , go with it and enjoy . it's good in an oldfashioned sense .",1,0
"absolutely fantastic trash . . . . this one has it all nudity , good fight scenes , gore , action , explosions etc . it also stars the wonderful belinda mayne as ingrid not olga as the other reviewer pointed out although olga turns into ingrid later on in the film you'll have to watch it to see what i mean . br br i won't bother to go into the story as it's far too long winded and not very interesting . the relationship between ingrid and her brother bo robert ginty is interesting watch the towel stealing scene to see what i mean . br br the fight scenes were at once quite good and then spoilt by some really shoddy gore effects that looked like they were done by the team who did city of the walking dead i . e . strange coloured blood gushing out of neck wounds . br br i'd advise fans of low budget trash to check it out if they can track down a copy its pretty rare though and i couldn't ever see anyone bothering to rerelease it so it'll become all the rarer in a few years . br br anyway i'd recommend it solely for belinda mayne's great nude scenes ! that lady's a fox !",1,0
"i would like if they brought back surface . i really enjoyed the show along with my family . i felt the plot development and storyline were first rate . like the other person said , it seems that everything gets reduced to the lowest common denominator . nothing but bland , politically correct junk survives . just look at the internet to see how many people were watching the show . also it is not nice to leave us hanging as to what happened the all of the characters on the show . this is the same thing that happened to the time travel show i think was called 8 days but should have been called backstep . did the olympics kill surface ? i know the writers strike killed another one of my favorite shows years ago called greatest american hero .",1,0
"there was a video out in america called 'cartoon scandals' that featured about an hours worth of banned cartoons . br br most of them were wwii era . that's where i first saw and heard of this one . br br the rooster during the opening news broadcast turns into a vulture with an asian face saying 'cockadoodledoo please . ' after that it's eight minutes of propaganda played out like a newsreel . br br viscously racist , but when you look at it as the piece of history it is , it can and should be forgiven . br br slicing ration cards to make sandwiches . br br showing the ruins of rome while calling moussolini 'ruin 1 . 'br br a minesweeper using a broom . br br a manned bomb with the pilot saying 'ret me out of here . ' br br and of course the stereotyping . every japanese was drawn with big teeth , constantly bowing , and saying 'please' at the end of every broken sentence . br br the funniest bit ? the air raid siren that was two bowing men stabbing each other in the tush with pins . oooooooooo br br hey aol . let this one out . it deserves notice . my wife laughed at this . and she's 100 japanese .",1,0
"it's not citizen kane , but it does deliver . cleavage , and lots of it . br br badly acted and directed , poorly scripted . who cares ? i didn't watch it for the dialog .",1,0
"pity the monkees . people always accused them of being manufactured which they were or being nothing more than a american knockoff of the beatles again , which they were but to the kids of the time they were real , they were important , they were legitimate . discussions about who were better the monkees or the beatles were common on school yards but the critics , well they never quite bought into it . despite recording some very catchy , classic pop tunes , the monkess did not receive much respect for their albums . sadly a similar fate was met by their one movie vehicle despite the fact that it stands as the best band film ever . beatle fans may argue that hard days night was better and i am sure that many of the kids think 8 mile was superior but none of these films were as daring and inventive as head and that is probably why it failed . br br if head had told a direct a to b type story perhaps it would have appealed to the bands young fans but by pushing the envelope and using the movie opportunity to mock their own image they really sabotaged the film with their fans . could you imagine eminem turning to the camera and actually talking about how sad it is that he is the best selling guy in a genre in which only 5 and i am being generous of the acts are white . if you can picture that than you have an idea how daring it was for the monkess to sing hey , hey we are the monkees . you know we like to please . a manufactured image , with no philosophy . when you have a film in which frank zappa tells davy that he should focus less on the dancing , and more on the music its clear that there is a lot more going on then you expected . br br the story , what there is , concerns the boys trying to flee their manager , who at one point forces them to play dandruff in a commercial , but every time they run away they end up inside a box . i don't think you need to be fellini to figure out the symbolism of that bit . some neat little comedy bits follow with davy as a boxer who has to give up playing the violin to take a dive in the big match and peter refusing to throw away a ice cream cone he does not want because there are starving children so its wrong to waste food but the real selling point to this film is the music and its some of the best the band ever recorded . even if you are put off by the story , you can sit back and enjoy some terrific music . br br any film that begins and ends with mickey attempting suicide by jumping off a bridge at the end the band follows him is never going to be a mainstream classic but if you are a fan of either the band or experimental cinema of the era than you will enjoy this film .",1,0
"i had an uncle who committed suicide after serving in vietnam because of mental problems he experienced after coming back . so when i saw part of this movie one night on a payforview channel i was intrigued . i wanted to know what my uncle went through and felt as he got ready for vietnam . i went out and rented this movie and i have to say it is the most heartwrenching film i have ever seen . i bought the dvd immediately after renting it . the way it pulls you in so many different directions emotionally is something i've never experienced with any other film . as far as vietnam subject films go , i think it is the best one , although platoon runs a close second . besides all of that , i think it is also colin farrell's best performance as an actor . i like him in most of his movies but in this one he was incredible . i gave this a 10 rating because it is one of my top five favorite movies .",1,0
"coming from the same director who'd done candyman and immortal beloved , i'm not surprised it's a good film . ironically , papierhaus is a movie i'd never heard of until now , yet it must be one of the best movies of the late 80s partly because that is hands down the worst movie period in recent decades . not talking about iranian or swedish cinema here . . . the acting is not brilliant , but merely solid unlike what some people here claim they must have dreamt this wondrous acting , much like anna . the story is an interesting fantasy that doesn't end in a clever way that ties all the loose ends together neatly . these unanswered questions are probably left there on purpose , leaving it up to the individual's interpretation , and there's nothing wrong with that with a theme such as this . pepperhaus is a somewhat unusual mix of kids' film and horror , with effective use of sounds and music . i like the fact that the central character is not your typical movieclich ultrashybutsecretlybrilliant socialoutcast girl , but a regular , normal kid ; very refreshing . i am sick and tired of writers projecting their own misfitlike childhoods into their books and onto the screens , as if anyone cares anymore to watch or read about yet another miserly , lonely childhood , as if that's all there is or as if that kind of character background holds a monopoly on good potential . the scene with anna and the boy snogging for quite a stretch was a bit much evoking feelings of both vague disgust and amusement considering that she was supposed to be only 11 , but predictably it turned out that burke was 13 or 14 when this was filmed . i have no idea why they didn't upgrade the character's age or get a younger actress . it was quite obvious that burke isn't that young . why directors always cast kids older than what they play , hence dilute the realism , i'll never know .",1,0
"note this should probably be read only after watching the film . br br it is very rare to find a documentary or movie that focuses on the loser . deep water does just this , making it one of the most thought provoking films in a very long time . it does not provide us with a hero to look up to , but rather an antihero who forces us to look into ourselves . br br the film is about a group of men who attempt to sail around the globe , singlehandedly , and without stopping . only one makes it , several die , one decides not to return home , each of them on a psychological journey intriguing enough to merit entire films for themselves . yet the most interesting is donald crowhurst , or rather the way that he is portrayed by the filmmakers and our reactions to him as viewers . br br by any standards this man should be considered a despicable character , yet why is he depicted so heroically ? why are we so sympathetic to him ? from the beginning he made all of the wrong choices . he risked his family financially to get the boat , he left at a more dangerous time to get more publicity , he ignored all of the warnings despite his lack of experience , he chose to lie instead of admitting defeat , these choices snowball until the inevitable and final one suicide . all for what ? a place in history ? a feeling of accomplishment ? perhaps . what is important to consider is whether this mans situation was inevitable . br br each individual must ask himself if his natural human drive for fame and accomplishment would bring him to such recklessness , and i believe that examining your own reaction to crowhurst's story will offer at least some answer to that question .",1,0
"what about dj cash money ? ? ? this film fails in part by not covering the mid to late 80s . there was only a small mention of dj cheese in 86 . br br also , it's grandmixer dst , not dxt ! ! ! ! !",1,0
"while i can't say whether or not larry hama ever saw any of the old cartoons , i would think that writing said cartoons , file cards , and some of the comics would count for something . br br for fans of the old cartoon , this is pretty much a continuation of the same , except with a few new characters and a more insane cobra commander . br br we still have all the old favorites too , but on a personal note , one thing that always irritated me was this duke in charge stuff , when there are tons of other officers around instead . br br the battle sequences are similar to the old series as well ; the main trick here seems to be the cgi . it's overall pretty good , if not a little overthetop .",1,0
"in the hollywood west those trail hands were a rough bunch who when they came to town , partied pretty hardy . after all trail driving was a lonely business back in the day before railroads got to all parts of the usa . br br the drovers who worked for trail boss gil favor as played by eric fleming were no different . but fleming was a man of all business , he had a job to do and hired a top crew to do it . br br with the long run of rawhide and the fact that the regulars stayed with it for the most part , we got to know all the drovers at some point . a some point story lines were focused around all of them , though the bulk were with fleming and clint eastwood's character rowdy yates , the number 2 guy with the herd . br br clint eastwood's western image was molded by rawhide , it's a shame that these are not shown more often . probably because they were done in black and white . had this been an nbc show , this would have been done in color like bonanza and be running as often as those shows are . we'd get to see a lot more of a man who became a move legend . br br ironically enough it was eric fleming who left the show before it closed to do films . he did a few them and was hoping the show would give him a bankable movie name . sadly he was killed on a movie location doing an action film , drowned in a river . had he lived he might have become a name like eastwood's . br br clint took over as trail boss in the last season and then the show completed its run . and he of course became the icon he is today and not just in the western genre . br br rawhide was a tough western who had some tough guys in it . no frills in this one , these were working cowboys just doing a job and battling the elements and whatever situations they were thrown into every year . br br they really don't make television series like these any more . what a pity .",1,0
"when originally screened in america in 1972 , 'the night stalker' became the highest rated madefort . v . movie in history . based on jeff rice's unpublished novel , it told how a fearless investigative reporter named carl kolchak the late darren mcgavin discovered the existence of a vampire in modernday las vegas . when it arrived on british television four years later , it did not quite have the same impact , but my friends were talking about it at school on monday morning , as indeed was i . we all agreed that it was one of the most exciting things we had seen . br br i did not know of the existence of 'the night strangler' until it turned up nearly a decade later . i . t . v . , who screened the 'kolchak' movies , had apparently decided to pass on the spinoff series ; they felt 'barnaby jones' starring buddy ebsen to be more of a draw , and anyway , viewers might confuse 'kolchak' with 'kojak' ! for years my only source of information concerning the show was an article in fangoria magazine . i could not even purchase the jeff rice novels . br br then something wonderful happened . in 1990 , b . b . c . 2 put out the show as part of a latenight friday series devoted to the supernatural called 'mystery train' , hosted by richard o'brian . 'kolchak' found himself rubbing shoulders with the likes of 'the brain eaters' and 'earth vs . the spider' . the opening titles were trimmed , removing kolchak's whistling , and the closing credits . . . well , there were none . br br the first episode screened was 'werewolf' . i cannot say i was overly impressed , but stuck with it , and am i glad that i did ! br br i really wish i'd seen it in 1974 . my twelve year old self would have adored it . creepy , humorous , exciting , no wonder it fired chris carter's imagination . br br the show's biggest asset was , of course , mcgavin . unlike the recent kolchak , the original was an everyman figure , eccentrically dressed , rather conservative . he was to the supernatural what 'columbo' was to crime . the late simon oakland was great too as kolchak's badtempered boss tony vincenzo . the scripts overflowed with wonderful , dry wit . i found myself enjoying the programme more for the humour content than the horror . when the twenty episodes ended , i felt bereft . br br 'the xfiles' came along a few years later and filled the void but only to an extent . i wanted kolchak and vincenzo back . i am glad that the show was never revived though . without oakland it would not have been the same . br br i have the rice books now and have read them several times . i was very surprised when stephen king slated the first in his book 'danse macabre' as it is as good as anything he has written . br br alright , so some of the monsters were hardly stateoftheart , but so what ? the new 'kolchak' totally missed the point of the original . what you don't see is sometimes more frightening than what you do . . . br br best episode 'horror in the heights' worst episode 'the sentry'",1,0
"a surprisingly good movie ! it has quite a few good jokes thru out the whole movie . the only negative thing is that some scenes go to the extremes to show just how stupid the two main characters are . we get it , stupid blondes , get on with it ! br br the plot just barely dodges being called corny . and boobies are always a plus altho the movie for some strange reason doesn't play with that card very much even tho the plot line introduces two black haired women who act as the evil counter part of our two blondes . br br so all in all , a good movie to watch . i almost gave it an 810 , but let's not get crazy .",1,0
"i found this film by mistake many years ago wondered then still do why it didn't get the acclaim it should have . well written , beautiful acting , one ironic twist after another , and there is plausibility in what the nefarious characters are attempting . i would not recommend this film for people with short attention spans ; it requires sufficient intelligence to comprehend that there maybe a kernel of truth in this story .",1,0
"i haven't always been a fan , but the show grew on me . it wasn't until after season 5 that i started to see the richness of the show . they finally brought daniel jackson's search for his wife to an end and finally most of the go , ould system lords were killed by rival lords , sg1 or others . br br towards season 5 , stargate sg1 , was beginning to become stale . with the new writers and the close attention by produer peter deleuise , the show became more and more solid . br br the characters had become stale as well . colonel jack o'neill was the stereotypical hero with emotional baggage . after his son charlie was killed in a shooting accident with o'neill's weapon , he had decided to end his own life by going to abydos in order to face off with the go'ould ra . the character offers little growth for any actor and actor richard dean anderson chose to play him straight raising emotional barriers to protect himself . only allowing his close friends in . br br amanda tapping joined the cast as captain samantha carter . she was a feminist on the edge , ready to battle any man who would doubt her ability to do her job . though this character had little area to grow , tapping has done a great job of concentrating on carter's strengths . she has taken the time to get a basic understanding of some of the things carter talks about in order that she can present the character intelligently . br br christopher judge joined the cast playing the alien teal'c . teal'c was an alien called the jaffa . infant go'ould , snake like creatures would embed themselves into the jaffa until they had grown to the point when it would be inserted into another life form . the jaffa would die . teal'c was the first prime of apophis' army . knowing that apophis was not a god like go'ould pretend , he realized the genocide that their armies had wreaked on the galaxy . finally , having had enough , he and jack o'neill freed their team along with quite a few innocent people . after arriving on earth , he realized that earth was the planet he was looking for , who would help him fight the go'ould . christopher judge has done quite a bit with a limited character . teal'c is a wise warrior , much of which he learned was from his teacher master bra'tac . the show would not be complete without master bra'tac played by tony amandola . he is also a rock . in the end , he became adviser to most of sg1 , especially daniel jackson . br br don s . davil was there from the beginning playing major general george hammand . davis has done an incredible job with hammond making him sympathetic and normal . he does his job , has a wife , sons and daughters and grandchildren . you can really say , he is the anchor of the base . simply , i would die for that man . if not allowed by his superiors to provide troops to support teams off world . he will go himself . he doesn't leave anyone behind . br br i saved dr . daniel jackson for last , because this character , i believe has grown the most in the ten or eleven years it has been on . in choosing shanks i don't think the producer realized how strong shanks would be and now when people talk about jackson , they don't talk about spader , they talk about shanks . in the early years , the jackson character came off as a whiner . that's why i probably wasn't a fan . as the seasons pasted , the character became stronger . this gave him confidence . in the end , as of season 10 , the jackson character has matured to the point that he has become a self sacrificing hero . he still monitors the groups ethics . he still is lead at providing information that can move any mission forward . acheaology , history , culture and exploration are part of his very being . he is determined . though a man of peace , he has matured to the point that using his weapons may be the only way to solve a disagreement . br br other characters include , most recently vala mal doranclaudia black and colonel cameron mitchellben browder , new lead of sg1 . both actors come from a series called farscape and why they were put together is any bodies guess . i see little difference between mitchell and crichton farscape character . black's character is simply off the wall . definitely different from her soldier like character arin soon .",1,0
"warning spoilers ! br br five young people ignore the warnings of forest ranger george kennedy and hike up to the misty oregon mountains where they are stalked and butchered by a pair of huge , deformed , inbred hillbilly twins . when only two are left , warren and his girl connie , they resort back to their animal instincts to stay alive . the film ends with connie shoving half of her arm down one of the killers' throats , choking him to death . a very powerful , if somewhat overrated , backwoods slasher flick thats effective use of lighting , sound and photography make it a cut above the usual friday the 13th cashin . lead by an attractive , likeable cast , especially deborah benson where is she now ? and gregg henry , this nifty companion piece to director jeff lieberman's squirm 1976 and blue sunshine 1977 shouldn't be missed .",1,0
"one of the most appealing elements of a gilliam film is that the wellconcocted visuals , the unsettling backdrops , and the manically frustrated characters are evidence of the creator's involvement . instead of most movies where the filmmaker is some directorforhire that is paid to feature a star or two , you can feel terry gilliam's presence through the experience . 12 monkeys is evidence of gilliam's own vision and style , as opposed to making offbeat movies for their own sake . 12 monkeys is a variation on similar themes of gilliam's repertoireoppressiverecessive societies , the solitude of the protagonist , the frustration associated with disbelief , and parallel realms . in this film gilliam does a fine job of blurring lines between the two realms , using ambiguities to force the audience to believe rather than know . this tendency for gilliam to neglect to fill in certain gaps leads to criticisms of arthouse pretentiousness . the difference between gilliam and artsy posers is that gilliam's choices clearly have a purpose and all of his images have meaning . the two nearly identical bathing scenes of cole in the beginning are meant to draw comparisons which leave the audience unsettled . his bald head is a mark of uniformity in the diseaseridden future world , yet makes him recognizable in the 1996 world . the title itself is a mark of gilliam's creativity , as it requires the majority of the story to flesh out for its meaning to be fully understood . all in all , gilliam's dedication to making creative films that are interesting to watch yet also require thought and interpretation from the audience . the film has immense rewatch value , since there are subtle details and hints that can be missed upon the first viewing . definitely one of my favorites .",1,0
"kurosawa , fresh into color , losses sight of his usual themes of truth and perception of reality and opts for a depressing take on tokyo's slums . kurosawa stretches for a style that was , in my opinion , his antithesis that is to say , i feel as if kurosawa wanted to make an ozu picture . poorly paced , poorly conceived , this movie is a rare dud in this auteur body of excellent work . while ikiru , while being mundane and depressing , was still interesting and well paced , and while stray dog depicted the slums and social poverty of japan without being too heavy handed or boring , do desu ka den has all the somberness that one could expect with its content , with none of the redeeming qualities of earlier kurosawa pictures . br br be warned , this is not a movie that kurosawa should be judged by .",1,0
"i rented this film from netflix for two reasons i was in the mood for what i thought would be a silly '50s scifiasco and because it is the first featurelength superman film . needless to say , after about 15 minutes i found myself thoroughly engaged and very pleasantly surprised . br br an experimental oil well has penetrated about six miles into the earth and is being shut down by the sponsor . lois and clark show up to get the scoop but are disappointed that the deepest well ever drilled will no longer be in operation . a day later , strange events at the well make for a story more appropriate for superman than clark kent . it seems that the radioactive mole men have invaded from their sixmile deep home near the earth's core . br br supermen and the mole men is a simplistic but wellmade piece of social realism . released in 1951 , starring a lead actor who served in world war ii , the moral of the story seems to be that americans are just as capable of becoming fascists as anybody else . to drive this point home in a typically straightforward superman manner , reeves even accuses the lynch mob hunting the mole men of being 'nazis' at one point . br br even in the 1950s , the science underlying this film was nonexistent . six miles of drilling through continental crust would not have even penetrated the upper mantle , let alone the hollow center of the earth which , in any case does not exist . forgivable keep in mind that this film is based on a golden age comic book . br br the film is a little unevenly paced . although the molemen are interesting , a bit creepy , and nicely portrayed , there are several cormanesquire scenes which spend too much time redundantly showing us their odd behavior . the script is intelligent and economical . by today's standards , the costuming is poor to fair , but for its time , this film's special effects and costuming were quite good . the cinematography is also generally very good , and the acting is much better than one might expect . i was particularly impressed with reeves , jeff corey and walter reed .",1,0
"seriously , i dont really get why people here are bashing it . i mean , br br the idea of a killer snowman wreaking havoc on a tropical island paradise is pretty absurd . the good news is , the producers realized it and made it a comedy in the vein of army of darkness . br br especially in the second half of the film , when the little killer snowballs attack , i laughed my ass off . for example , the put one of the little creeps into a blender a la gremlins 1 and mix it . after that , it morphs back into a snowball and squeals with a high pitched voice that was fun ! . br br bottom line incredible movie , rent it .",1,0
"somehow , this film burrowed it's way into the soft spot of my heart . don't ask me how it happened , but i suppose having the film feature ed i'll sponsor anything mcmahon as a tailchasing crack hustler had a bit to do with it . br br frankly , i was disappointed with slaughter's first outing in 1972 . nothing more than a quick throwtogether to follow shaftmania . how does the sequel get away from this ? big jim brown seems stronger as slaughter here than in the first . perhaps this is due to the fact that one year later he had something to work from , instead of his simple be like shaft motivation before . br br the most outstanding part about the film is the soundtrack provided by pimpdaddy number one , james brown . almost every scene is graced with a touch of funk by the godfather . an excellent period film , for the music , wardrobe , vehicles , lingo , and hair . i should also point out this film is also an excellent period film to represent a time in motion picture history when jim brown and ed mcmahon could actually grow hair . br br double the chicks , double the blow , triple the body count , and factor in ed mcmahon and james brown . you'll be in for one hell of a 70s action flick , and one that outshines it's predecessor no less . for my money , slaughter's big ripoff can play ball with any blaxploitation film ever made . even shaft . chances are you'll disagree , but slaughter's big ripoff has it's own distinct feel . something the original was lacking .",1,0
"the problem with this series is that it is too real . i am watching it on amazon unbox and having just finished episode 2 i hate , absolutely hate , fark , the leader of the cell . i cannot recall any television series ever having this emotional impact . remember the old tag line for horror movies just keep telling yourself its only a movie ? well i find myself repeatedly reminding myself that its only tv . but of course it isn't only tv is it ? the possibility of a cell such as the one portrayed here actually operating in the united states is certainly within the range of plausibility . that's what gives this program its vicious authenticity . and that's why i hate it so much .",1,0
"style over substance . but what a style it is . the cell is the internal version of most serial killer movies . unfortunately , the story hardly supports the visuals . br br psychotherapist catherine deane jlo goes into her patients' dreams via artificial means to discover and help them over come their phobias and obsessions . a new patient whose fallen into a coma , is brought to her attention by the fbi . he's a serial killer who drowns his female victims then poses their bodies in grotesque scenarios like mannequins . deane must enter the killer's mind and navigate through his sick fantasies in order to find and save his latest victim . br br director tarsem singh has incredible visions and set pieces for this production . each dream sequence is like a nightmareish painting in motion , from the landscapes to the costumes . br br but the plot suffers from lack of history of its characters . stargher is the only person with a thorough background and he's the last person you want to care about . without him , you basically have a movie that moves in the present tense only , which is a shame since the movie is so visually stunning and genuinely scary . lopez is wasted but she's not that amazing an actress anyway , though she's as gorgeous as ever . and vince vaughn ? i don't even know why he was chosen . this is not his forte and he overacts to boot . he tried too hard to become his character and it showed . stick to comedy , vince ! even so , this movie is so visually frightening , i still watch this movie with the lights on and can never fall asleep right away afterward .",1,0
"this almost perfect cinematic rendition of edith nesbit's popular children's novel follows the lives of roberta bobbie , phyllis , and peter , and their mother , after their father is unfairly accused of treason and sent to prison . they go to live in an almost uninhabitable house in the country which stands near a railway line mum writes stories to make enough money for food and candles , while the children spend much of their time around the railway station and , specifically , waving to one particular train to 'send their love to father' . br br always an involving and clever novel , the characters are here brought to life under the perceptive direction of lionel jeffries better known as a fine character actor . jenny agutter plays bobbie , while sally thomsett and gary warren are her sister and brother . their mother is dinah sheridan , while the other memorable characters are played by bernard cribbins perks the railwayman and william mervyn the old gentleman on the train . br br 'the railway children' is gentle entertainment from another age , but does its job beautifully . as we watch bobbie grow up with the worries of an absent parent jostling against her own needs both to be alone and to have fun , we can only rejoice when events come together at the close of the picture . throughout we have a sense of time and place be it from the steam trains , the university paper chase , or the red flannelette petticoats worn by the girls and used to avert disaster ! .",1,0
"having borrowed this movie from the local library a couple of weeks ago intending to originally see this on or a few days after memorial day , i finally got to seeing sayonara just this morning . in this one marlon brando plays major lloyd ace gruver , a general's son who's been raised a certain way , being transfered from korea to japan where his girlfriend eileen webster patricia owens conveniently happens to be . before leaving , he tries to persuade one of his men , a joe kelly red buttons , out of marrying japanese woman katsumi miyoshi umeki since that's a violation of military fraternization laws . with the romance of him and eileen on the outs , however , ace not only becomes the best man at joe and katsumi's wedding , he falls for an asian himself after he and captain mike bailey james garner go out on the town and watch headlining entertainer hanaogi miiko taka on stage . bailey himself is dating one of the dancers , fumikosan reiko kuba . eileen herself seems to have a fancy for one of the kabuki performers , nakamura ricardo montalban . i'll stop right there and say that this was a mostly compelling drama about the prejudices concerning americanasian relations of romance that was very touching from beginning to end . even seeing hispanic montalban playing an oriental isn't too embarrassing though it's a good thing his part is short . and there's some nice touches of humor like that of brando's head hitting the top of button's and umeki's inside doorway more than once . red and miyoshi themselves deserve their oscars especially red with his defiant and proud emotions throughout . rookie garner , before being cast in his legendary role on tv's marverick , is fine in his scenes with brando and miiko taka shows great restraint in her initial characterization as an antiamerican . while i've read there were some changes from james michener's novel , i can't imagine director josha logan , who had previously adopted another michener work into the broadway musical south pacific and would eventually make that into a movie as well , not staying true to the original source . he certainly provided some inspiration with the ending scenes that made the heartbreaking earlier tragedy in the film a somewhat necessary plot twist . some of the production numbers may have made the movie a little longish but otherwise , sayonara was wonderful educational experience about the '50s mores that permeated america and japan at the time .",1,0
"track listing 1 . spiderbait outta my head 2 . lash take me away 3 . lavaland everwonder 4 . machine gun fellatio the girl of my dreamsis giving me nightmares 5 . butterfly 9 growing pains 6 . grace good thing 7 . katchafire giddy up 8 . james lick a lounge 9 . klee 111 10 . the international noise conspiracy smash it up 11 . cartman shock living with you 12 . pollyanna rebound girl 13 . filler machines don't sleep 14 . giants of science complete this progression 15 . rocket science hyperspace 16 . the cruel sea three legged dog 17 . lazaro's dog home entertainment system 18 . drag secret design 19 . grinspoon chemical heart acoustic mix 20 . subware come on jp mix br br loved this movie , sure it wasn't hollywood material some people complained about the scriptacting but thats the beauty in australian movies .",1,0
"i have no idea how a texan the director , douglas mcgrath and the american actress gwyneth paltrow ever pulled this off but seeing this again will remind you what all the fuss about ms . paltrow was in the first place ! i had long since gone off the woman and still feel she is rather dull in her oscarwinning shakespeare in love performance but she gets all the beats right hereshe is nigh on perfect as emma woodhouse . she may have won her oscar for shakespeare but she should be remembered for this . br br of course , she's surrounded by a great supporting cast including toni collette , greta scacchi , juliette stevenson et al . . . jeremy northam is very appealing as the love interest , even if the script wallows a bit in his declaration of love to paltrow in the process , allowing all of the tension to drain out of their relationship ; several years on , ewan's hair is a little easier to take than it was in '96 and , personally , i find puckish alan cumming a grating presence in anything nowadays . but the standout is , without a doubt , sophie thompson sister of emma thompson , daughter of phyllida law as miss bates ; what this version needs is a scene where emma reconciles with miss bates , as she is the character to whose fate we are drawn . the film is worth watching again even for her performance alone . br br all in all , this has aged wonderfully with charm to spare and more than enough subtlety to sort out the british class system . well worth a rental because its unlikely that paltrow will ever be this good againbut we'll always have emma .",1,0
"jingofighter i agree with some of your comments , but i have to disagree on a couple of things . first , this film is nothing like the cars that ate paris . not imho . nothing like it . br br i think the film had elements of surrealism , but i think the basic approach of the film maker is not surrealist per se . therefore its not really like cars paris , i think more like a weird euro work , with some scenes bearing the hallmark of wierd not surreal . br br secondly , i think the music by heuzenroeder is brilliant . they used whistling , that old sound from country and western records , and its waaayyy better than most aussie films which usually team the film maker up with a dumb sounding indy band that the company wants to push . br br as for the name of the film i don't know why it's called modern love , i was kinda hoping for david bowie to appear dressed in drag and lipstick . . . opps i'm starting to show my age .",1,0
"we have to remember that the 50's were practically a blank slate when it came to movies . hollywood was in transition from patriotic war movies , noir , two reel oaters , etc to movies with a message . we had blackboard jungle , on the waterfront and so on . some folks might think that was an improvement . i don't . who was the mogul who said if you want to send a message , call western union ? he was right . these psychological thrillers are less entertainment than some kind of remote therapy . br br this one is a pip . it's about three sisters trying to wrest control of their dead father's estate . one of them , maybe the only one worth redemption enlists the aid of the company pilot to help her keep the rest of the family at bay . he's initially in it for the bucks , but eventually falls for her . meanwhile the rest of the family schemes to sabotage the romance . the results are predictable . you get a little bit of everything in this movie . sexual tension between the sisters . a little subtle masochism . hereditary insanity if there is such a thing . we never get to meet the parents , but they must really have been screwed up the cast is practically unknown . one or two of the actors sound vaguely familiar . the acting is so bad it's hard to believe . it was released under the united artists umbrella by a company called belair productions . it was shot in and around la mostly at night and probably without permits . the end was so bizarre that i thought it was a joke . it was as if they ran out of money and the producer decided to wrap it up in the middle of a scene . br br i can't explain it not even to myself but i gave this pile of trash an 810 . i'm familiar with the term it's so bad it's good , but i don't think i ever ran into the phenomenon before . well , maybe hot rods to hell , but this one certainly fits . you might want to try this if you love movies that seem like they were made in somebody's basement .",1,0
"ossessionebr br luchino visconti's debut film , this italian noir is generally credited with launching the neorealist movementwell , it says so right on the back of the boxand is a sometimes penetrating , sometimes lugubrious portrait of lonesome individuals in moral flux . set in fascist italy , an assortment of supporting charactersincluding an ingenuous drifter who espouses communist virtuesembody the remote desperations of a country searching for its identity from without , drifting phantasms longing for a soul . although visconti's compassion for the disenfranchised and his ability to express their lamentable conditions was already welldeveloped , the spider web of deceit is tenuousalthough a staple of noir is to posit a protagonist manipulated by fate and the femme fatale , gino here is so unhinged to begin with that you fear he might deserve itthe cosmic irony too didactic , the illicit relationship strained with bathos . all the same , it's incisive and essential , although its actual impact on film history is certainly debatable .",1,0
"it is a tricky thing to play a queen . on the one hand , the actress has to be majestic and imperious , and on the other , she has to show vulnerability in a tough situation as well as the gathering of the courage and resolution to overcome the odds , since almost all movies about queens have that basic plot line . br br emily blunt is quite radiant as victoria , but it's not as full a performance as i'd like , no blame to her . i can't help but feel like this is a mills boon novel adaptation compared to a darker , more dramatic movie about another young queen , elizabeth . hence blunt doesn't get to run the gamut of queenly emotions , at least not to the full extent , since she's , y'know , the young victoria . to see the old victoria , check out mrs brown . br br jeanmarc vallee is an interesting choice of director for the movie . he last did c . r . a . z . y . , which was excellent and propelled him to fame . it was quite a different movie but i remember it looking gorgeous and that's probably the main similarity between the two movies . but while vallee wrote c . r . a . z . y . , this one was by julian fellowes , and though i really enjoyed his gosford park , the story for this movie was much less interesting . i soon got lost with all the governmental politics . maybe it was less engaging because there was no potential beheading of the monarchy . i'm just saying .",1,0
"yes this a b grade horror . but at least the producers , directors , and cast does not pretend this flick is manna from heaven . the plot is corny , a psychotic serial killer on his way to execution is splashed with genetic acid turning him into a snow man . the snowman a . k . a . jack frost then goes on a murdering rampage to find the small town sheriff that finally arrested him . with a limited budget the crew had to make do with limited special effects , most of the money appears to spent on the snowman's costume . particullary difficult shots are managed by cartoons or pan away shots shots where the camera moves away to disguise the details . br br this is no kid's movie and should not be confused with disney movie of the same title . if you do not let your children watch pg13 movies alone than parents should not let their kids watch this movie . this movie has two claims to fame . 1 . the beatiful shannon elizabeth american piedid her first major movie role . the scene where jack frost attacks shannon elizabeth is worth watching a few times . 2 . this movie has the worst snowman joke ever . the joke is so bad that the directors credit the joke teller in the credit list .",1,0
"like tarzan the ape man 1932 , only more so . there's more of everything , more animals , more varied african tribes , and scenes in which the thought must be , if this was good with three or four lions , forty would be better . tarzan wrestles with crocodilesthe the crocodile machine spins in the water like a rolling pin , around and around , jaws flapping . tarzan can kill it with his ubiquitous knife if the blasted saurian would hold still . tarzan kills lions and rhinos and a steadily increasing number of animals . his friends are real chimps , people wearing larger ape costumes , and elephants . in fact , they use indian elephantsfar more friendly and trainable than african oneswith costume ears attached to their heads . the human story another white man , worse than the rest , shows up to join with holt to go after the ivory from the elephant graveyard . tarzan won't show them the way , so the bad guy shoots an elephant so they can follow it to its deathbed . tarzan intercedes , and the bad guy shoots himbut , of course , he survives and returns to save jane . everybody else dies , holt and the bad guy and every single one of their boys . people are expendable , especially africans , and there doesn't seem to be much distinction between the black fellows who die because they work for the white men travelling through taboo country and those black fellows who kill them . this must be the last tarzan movie before the hays code made jane wear more clothes . there are a number of underwater scenes in which jane swims nude , and though the light is flickering the movement and the glimpses are very appealing . apparently one of weismuller's friends from the olympic swim team did the nude scenes , and not maureen o'sullivan . she , however , moves through the movie wearing the same sort of loincloth weismuller wears plus a bikini top , showing a splendid glimpse of thigh and hip . they still don't need to talk a lot . they sleep together and hang out with cool animals and stay away from cities . no wonder they're happy .",1,0
"first of all , you should watch this only if you don't mind the lack of subtitles , pornography , kinky sex and utter , horrifying and truly shocking depravity . i mentioned kinky sex , but to call sex in the second half of the movie kinky would be a great understatement . it's more like a punch in the face if you aren't prepared for this sort of sickness . that being said , i can go back to reviewing this morbid piece of pseudo snuff genre brought to us by our fellow japanese . br br the plot seems to be fairly basic , almost nonexistent a girl is hired to perform in amateur porn movie . don't expect much in first 30 40 minutes . there is some dialog if you don't speak japanese it's not going to mean much to you that seems to be an occasional chatting between the girl and the crew performer , then there is some porn straight sex , and after the scene is finished the performers and the crew take a break . and then . . . it starts to happen . br br it seems that the girl is talked into performing one more scene this time tied with the rope . the abuse begins whipping , slapping , hot wax . . . in the end , girl breaks down and cries . they untie her . br br then we see performers and crew sitting at the table as if nothing had happened except for the girl . she is visibly shaken and looks like she wants to leave . she walks to the door , sits on the floor to put her shoes on . . . and that's when hell breaks loose . br br she is hit in the head with the baseball bat , her wound is treated , she is tied to the bed . what ensues can be briefly described i'm not going to spoil everything for you as rape during dismemberment . think of flower of flesh and blood , mix it with porn and you will get the idea . it goes on for about 20 minutes or so . sfx are very good , makeup too . everything is shown , with no mercy for the viewer . you have been warned . br br i thought visitor q was a very sick movie . after watching niku daruma it looked like a fairytale to me . this movie is so sick , so depraved , so twisted , so disgusting that the harshest words pale in comparison to it's finale . too bad it's released only on vhs so there are no subtitles available . but the movie still works without them . so , if you are into ultra sickness , extreme sadism and other beauties of this beloved genre , check this out . i hope you won't have nightmares . 810 .",1,0
i am a fairly big fan of most of the films that have been based on stephen king's books this one rates as one of the scariest and most memorable . br br i have just finished rewatching it for about the tenth time and i still find it heartwrenching as well as scary . br br the scene where gage is on a sure collision course with the monster truck is one which stands out . and the no fair uttered by little miko hughes near the end is a touch of brilliance . br br,1,0
"chaplin stars in a dual role as a jewish barber who , with amnesia , is mistaken for the dictator adenoid hynkel , i . e hitler a movie made in 1940 when the war was in its dark days and was in no way won by the allies . . it was banned in germany by hitler and was a risk in a way for chaplin because if the war was lost , he surely wouldve been sent away to be reeducatedbr br a funny satire with the classic scene of hitler tossing around a giant balloon of the world . . good fun but with a message . . a little preachy in the end . this was the last movie with chaplin's trademark little mustache . on a scale of one to ten . . 9",1,0
"b movie ? yes . diy ? yes . first movie ? yes . but aestheically a . this movie definitely had some bad soundeditinglightingactingetc . etc . problems . however , this movie has many positive things about it . first off , the most annoying character dies first ! second , its made to be a parodyfunny b rated horror movie . the comments our killer makes to his victims left me and my friends rolling around on the floor laughing . br br the problem is a lot of people try to take every independent movie and expect it to be a masterpiece . take it for what it is , a bunch of kids right out of high school made their first movie . for what it is , just that , it is really good .",1,0
"humphrey bogart in his first starring role looks very young , acts well , but has a pronounced lisp only hinted at later in his career . still , he's very good and very appealing as the idealistic young inventor of a new airplane motor . br br dorothy mackaill is the real star here , playing a oncerich woman who's torn between her real love for bogart he's broke too and the comfort and security of marrying an older man hale hamilton . br br along for the ride are astrid allwyn as bogart's trampy sister , bradley page as her wouldbe producer , barbara leonard as the cosmetologist , jack kennedy as gilligan , and halliwell hobbes as the faithful and wise butler . br br both mackaill whi had been a star in silent films and bogart were trying to gain a toehold in talkies in 1932 . bogart was a slowrising actor from the broadway stage ; mackaill was slipping and would soon appear in skidrow production like picture brides . yet they are both very good here . mackaill wasn't even 30 when she appeared in this film !",1,0
"like the characters in this show , i too was a teen during the 70s . the producers really nailed the whole zeitgeist , of being a suburban teenager in the 70s . the 70s fashions , cars , home furnishings , foods , and fads , are all very authentic in this show . br br the show boasts a very talented ensemble cast , who all mesh together very well on camera . i really like the unique , psychedelicstyle film sequences . no other show does camera tricks like this . these cuttingedge film sequences , really help to convey the campy hipness , that characterized the 70s era . br br overall this is a very funny sitcom . the one thing that bothers me about this show , is it's overreliance on cruel humor , to generate laughs . in this way , i think that this show tries to be too much like married with children . while married with children is a great sitcom in its own right , it's tacky that the creators of that 70s show , keep trying to imitate it . br br i do recommend that 70s show , mainly due to it's nostalgia factor . it could be an even better show though , if the writers relied more on witty dialog , rather than bawdy , tasteless jokes and pranks .",1,0
"some years ago , satellite channel u . k . gold promoted repeats of 'men behaving badly' with the hype here it is , the original flatsharing sitcom ! . this was in fact untrue . 'man about the house' was also a flatsharing sitcom and ran from 197376 . br br it was the brainchild of johnnie mortimer and brian cooke , creators of the popular sitcom 'father dear father' . when it ended , they decided they wanted to do something more in harmony with the times . br br in the first episode , chrissy paula wilcox and jo sally thomsett are tidying their myddleton terrace flat following a wild party when they find a man in their bath . he is robin tripp richard o'sullivan , a southampton cookery student of no fixed abode . while his clothes dry out , he puts on a ladies' dressing gown and prepares them a meal . they are so impressed by his culinary skills that they invite him to stay . but there must be no naughty business . so robin has to pretend to be gay . . . br br on b . b . c . 2's 'i love 1973' , shown in 2000 , julie burchill claimed that 'house' showed her a way of life she envied . she was not alone . one of the most iconic for me , anyway images of '70's british television was sally thomsett coming out of the london underground carrying a parasol , and a 'blind' man doing a double take as her pert bottom swings past . br br a man living with two girls was a risqu subject for the time , but mrs . mary whitehouse had no need to get hot under the collar , it was innocent , goodnatured fun . mortimer and cooke's scripts went as close as they could to the edge without crossing it . br br richard o'sullivan was still playing 'bingham' in i . t . v . 's 'doctor in charge' when this got started . in fact the second run of 'in charge' overlapped with the first of 'house' . he was born to play the sexmad robin . paula wilcox's 'chrissy' was more streetwise than 'beryl' , her character she played in 'the lovers' , while sally thomsett's 'jo' was a lovable dizzy blonde . as time wore on , he became almost like an older brother to them . br br for many viewers , brian murphy and yootha joyce stole the show as the warring ropers . george had lost interest in sex , but mildred had not . they went on to their own show the aptly titled 'george mildred' . the late doug fisher was good value as as robin's wideboy friend larry . he worked so well he was made into a regular . br br within a year of its debut , there was the inevitable movie spinoff . i am not a big fan of the 'man about the house' movie because i think it was stretched to fit the big screen . most of its characters had never appeared in the series . br br the format was sold to america , where it became the longrunning 'three's company' starring the late john ritter and suzanne somers . it was far more suggestive than the british original , with somers often seen in sexy clothing . br br after six seasons , 'house' ended with chrissy marrying robin's older brother norman norman eshley . fans were devastated to see robin failing to get the girl he loved , but there was some consolation in the fact that he too landed his own show 'robin's nest' .",1,0
"i saw this movie recently . 2 hours later , my head still hurt from laughing . the plot was soo awful , the jokes were soo bad , but what i didn't count on werebr br 1 . the 2 scenes before and after the movie that had pat and jay posing that caused more than enough laughterbr br 2 . the kick through the windshield that decapitated the evildoer . br br this movie is about 20 times better than the rush hour series , and my copy even came with a disclamer saying if you didn't like the movie , send certificate to hbo . while i considered it , the date you had to send it in was january 1991 which also caused wackiness to ensue .",1,0
"this movie probably never made a blip on the radar screen , but it's got quite a bit of quality . it's pretty lifelike , yet you think it's only a movie . duvall and close portray common people , and you'd never even realize they are now bigname actors . it seems that the jerk in this story is a little too old to be chasing eugene's girlfriend , but i guess it's possible . it seems unlikely that the kid would travel from montana to nevada by himself , but i guess it's possible . you might think that the family troubles in this movie would never happen in your own family , but i guess it's possible . i remember glenn close saying something like you think the work you do is the hardest part of your life , but it isn't .",1,0
"this 1955 producers' showcase version of the musical peter pan with mary martin has the benefit of showcasing most of the original broadway cast , including kathleen nolan as wendy , who was more natural an actress than the girl they hired for the 1960 color televised play . it's a shame that most people won't sit through anything black and white anymore because in many respects this earlier production which doesn't even show up in the imdb listings when you put peter pan into the search engine ! is superior to the cutesier color version most people have watched . i obtained the original on disc and then did work on it to make it look and sound better digitally . now when i put the 1960 color version on it looks garish in comparison . i suspect mary martin herself no doubt preferred this original 1955 bw producers' showcase televised version . br br as an added plus the disc i got also showed the original commercials and opening promo . how far away the 1950's seem now such an innocent time compared to today . i miss it .",1,0
"the documentary begins with setting the perspective to several light years . the voyager is traveling our milkyway with the sounds of our earthly lives , as a space monument for possible ? extraterrestrials . br br the documentary contains footage of willy dixen , robert johnson , skip james and j . b . lenoir . the footage of j . b . has never been published before . the narrative is from 'blind willie' dixon . however , it's done by an actor . the film shows the work of all these early blues men followed by covers and interpretations by musicians , such as nick cave and the bad seeds among others . br br the death of j . b . lenoir john mayall's song is a striking event in the story . lenoir got political engaged and is considered to be of the league of martin luther king and peers . his political interests can be found in the themes of his lyrics . br br blues is found to be 'the' native music of america . blues is the roots and the rest is the fruits . br br the title 'soul of a man' is after a willie dixon song .",1,0
"these are excerpts from a ninepage memo to mr . cohn from mr . welles , written after orson had seen studio mogul harry cohn's edited version of the picture he took an hour out br br . . . the preview title music was written by a first rate composer , george antheil . although not written for our picture at all , this temporary title music had an atmosphere of darkness and menace combined with something lush and romantic which made it acceptable . . . the only musical idea which seems to have occurred to this present composer heinz roemheld is the rather weary one of using a popular songthe themein as many arrangements as possible . throughout we have musical references to please don't kiss me for almost every bridge and also for a great deal of the background material . the tune is pleasing , it may do very well on the hit paradebut lady from shanghai is not a musical comedy . . . mr . roemheld is an ardent devotee of an oldfashioned type of scoring now referred to in our business as disney . in other words , if somebody falls down , he makes a falling down sound in the orchestra , etc . , etc . . . if the lab had scratched initials and phone numbers all over the negative , i couldn't be unhappier about the results . . . just before i left to go abroad , i asked vi viola lawrence , the editor to make a cut which would involve dropping the near accident with the taxicab and also quite a bit of dialogue . i am convinced that this would have been an excellent cut . . . saving much needed footage in the slow opening sequence this was not done , accounting for the main weaknesses of the film's opening reel . . . there is nothing in the fact of rita's diving to warrant a big orchestral crescendo . . . what does matter is rita's beauty . . . the evil overtones suggested by grigsby's character , and michael's bewilderment . any or all of these items might have inspired the music . instead , the dive is treated as though it were a major climax or some antic moment in a silly symphony a pratfall by pluto the pup , or a wild jump into space by donald duck . . . there is no sound atmosphere on the boat . a little wind and water is sorely missed . there's no point in photographing a scene on a real boat if you make it sound as though it all happened in front of a process screen . . . at the start of the picnic sequence . . . in the temporary score , we used a very curious , sexy latinamerican strain . . . this has been replaced with a corny dramatic sequelbad stock stuff . . . this sort of music destroys that quality of strangeness which is exactly what might have saved lady from shanghai from being just another whodunit . . . there is a big musical outburst after grigsby's line , i want you to kill him . this is absurd . . . the hawaiian guitar music which comes out of the radio . . . was supposed to be corny enough to make a certain satirical point . as it stands now , it's on about the same level as the rest of the scoring . nobody in the audience could possibly suspect that we're kidding . . . the aquarium scene needs more echo . please don't kiss me is in again ! . . . a bad dubbing job and poor scoring has destroyed the character of michael's run down the pier . from the gunshot through to the phone call , a careful pattern of voices had been built up with the expenditure of much time and effort . for some reason , this has all been junked in favor of a vague hullabaloo . as a result , the whole sequence seems dull . . . the audience should feel at this point , along with michael , that maybe they are going crazy . the new dubbing job can only make them feel that maybe they're going to sleep . . . the gun battle with the breaking mirrors must not be backed with music . . . the closing music again makes reference to please don't kiss me . . . this finale is obvious to the point of vulgarity , and does incalculable injury to the finish of the picture . br br all of these edits from orson were ignored",1,0
"i can't understand why imdb users would rate this movie 5 . 210 ? it really is great , very funny . i would strongly recommend this movie for all of you , adults , teenagers and especially children ! br br the story is about a 14yearold kid who always tell lie , at home and school . one day he had his homework of writing a 1000wordstory . but he didn't , so the teacher told him to write it and gave her in 3 hours , or he would have to go to summer school . yep , he wrote it in 245 . big fat liar , i think it was a story of himself . on the way to the school he hit a limo of a famous hollywood producer , and he gave him a ride . but the kid forgot the story in the limo . he told his parents and the teacher , but of course , they did not believe him . and the movie producer , he took the kid's story as his new movie , big fat liar . when the kid saw the trailer of the movie , he told his parents he had written it , but they didn't believe . so , he and his friend had to go to l . a to prove one thing the truth is never overrated br br enjoy this great movie , you won't be disappointed . don't trust the 5 . 210 rate , it should be 910 ! believe me ! br br ps so sorry , my english isn't good enough to make a better comment !",1,0
"okay , sure , this movie is a bit on the hokey side . it's difficult to take characters from comic books and put them into movies with any credibility dolph lundgren as the punisher , anyone ? , but this tries very hard . i've never read the actual comic book , but that doesn't really matter , i suppose . i judge a film mainly on its merits , not on whether it is a faithful retelling of someone else's idea . unless its a film based on a true story , that demands at least some attempt at truth and accuracy . so why will i give this movie a fairly high rating ? because it tries . it tries very hard . in my book , that makes it a fair attempt at an entertaining film . br br many films have been made with vampire subject matter being the main focus . it seems everybody has their take on vampire lore , be it the cross , the silver , the garlic , the aversion to sunlight , whatever . some of those ideas are included here . the storyline is familiar . . . a group of vampires conspire to take over the world , with one person mainly standing in their way . blade wesley snipes lives for the sole purpose of the destruction of the vampiric masses , who have slowly but surely moved into the world , and share it with humankind . for the most part , the human race is blind to the fact that vampires exist all around them . the vampires have even taken familiars , people who aspire to be vampires and do the vampires' dirty work for them to show how worthy they are of eventually being turned . br br now that i think of it , there are many elements of this movie similar to the storyline of the roddy piper film , they live . a hidden enemy , hidden group of people plotting against them , the fight to save humankind . . . all that is present in blade as well . br br the acting isn't the best here . snipes is , at best , only slightly better than some of his other roles ; n'bushe wright , a relative newcomer , isn't too bad ; kris kristofferson is forgettable as blade's sidekick he's to blade what chip is to the punisher . stephen dorff does the best job of the whole cast here , as the head vampire you just love to hate . br br i don't know , but i just loved the special effects in this film . from the bloodsoaked vampirestyle rave , all the way to the inevitable fight at the finale of the film , the special effects aren't half bad . there's certainly enough blood and gore to go around , but after all , this is a vampire movie , right ? the various shapes and sorts of weaponry blade uses are fairly unique , and not generally used in contemporary action films . snipes has more flair with a deckedout sword than he does with , say , a machine gun . plus , there's so much more thought that goes into fighting with a blade than just blowing someone away . unless , of course , you are indiana jones . br br overall , this isn't the best action film ever made , but it's not half bad , either . as a bonus , the musical score soundtrack are pretty cool , too . tell me , in what other movies can you hear super drum'n'bass like source direct or photek ? ! br br my rating 810",1,0
"i just can't believe that these games can get so much better , but they do . unfortunately i had to rent a dreamcast to play it , but even though i did beat it i can't wait to buy it for ps2 . this is the only series of games that i must own all of them even if i have beaten them many times over . i hope they never stop making this type of game even if the series must come to an end . br br",1,0
"by now , the game's stale , right ? br br the jokes have been done . its all over . the creative genius which drove this game for the first two games was gone , after all . br br wrong . br br the game is still intact , the jokes are here , folks . sure , they're all rehash , but so was monkey island 2 . and 1 , for that matter . br br the difficulty is well placed , somewhere between the slightly easy 1 and the ridiculously hard 2 . the ship fighting subgame is badly innappropriate , in the tradition of subgames . and this game has the best joke of the whole series . when asked for your membership card to an exclusive beach , always select you don't need to see my identification . its worth the price of the game by itself .",1,0
"when a small town is threatened by a child killer , a lady police officer goes after him by pretending to be his friend . as she becomes more and more emotionally involved with the murderer her psyche begins to take a beating causing her to lose focus on the job of catching the criminal . not a film of high voltage excitement , but solid police work and a good depiction of the faulty mind of a psychotic loser .",1,0
"the large bell in a bar intermittently rings for last orders and the inevitable rush to queue forms at the counter do we want what we need only when it's too late ? or is the irony of the opening scene's wailing cassandra a more resonant reflection of our perceptions on individual existence ? there's an endless fascination about where writerdirector roy andersson wants to take us in his fourth feature , you , the living . with fifty or so semirelated vignettes strung together by a penchant for tragicomic hyperreality , its wistful interpretations and symbolic instances of life that bind us all in this great big cosmic sisyphean struggle . the sheer simplicity of these vignettes act to dramatise the tenuity and immense preciousness of being apart of the symbiotic relationships we have with one another . andersson might whittle down the complexity of the human condition through harsh and fast cynicism more than he should , but he also reminds us of the inherent , reassuring glory of waking up each morning to a new tomorrow when we're all aware of our own distinct forms of arrested development .",1,0
"i won't try to speculate as to what brando was attempting . at his best he turns in such oddball performances , insinuating so many things at once , that it doesn't seem he does anything so much as play by unfailing instinct . often it seems he is calling attention to some favored aspect of his character over all others , a concentration which , if followed , turns out something of a red herring , as he turns out subtler , craftier than at first appeared . this is a mastery of artifice , not naturalism , as might be associated with the method . the role of sky masterson , as mankiewicz so wonderfully realized , seems tailored for him , which is to begin with odd , and odd still at the end , because whatever it is brando has done , he has managed a grace maybe all his own , but a consummate grace nonetheless again , odd , coming from an actor with limited musical ability , not ever before or after associated with the musical comedy . jean simmons , also oddly cast , is not quite as impressive , but certainly above justadequate , really delightful in the havana sequence , and never less than enjoyable throughout . br br and yet . . . perhaps because actors are both so concentrated on what it is they are doing , and characters on what it is they intend of each other , there doesn't seem to be the lovers' chemistry brought up so insistently more than once . brandosky masterson and simmonssister sarah respectively feed off one another well enough , but i for one don't see more beyond that . in a movie this outrightly dazzling and entertaining and most everything about it , craftwise , is just that dazzling , that lack would seem something tactfully and easily overlooked , but so much would depend upon true chemistry ! an , at least partial , transformation of the characters through such chemistry , would lend something positively moving to the final scene . as it is , one leaves this film certainly delighted , but not really moved , except in a way as to negate the trueness of the union . note sister sarah marries in her missionary's uniform , sky masterson in his same natty manabouttown duds rather than wedding tux . and they have changed back to those from their previous scene ! br br funnily enough that is , insightfully , the most touching , and most serious , scene is , i think , between brando and vivian blaine , as sinatranathan detroit's doll , adelaide , the only scene where these two are exclusively together , not least because there is just no hint of flirtation between them even though it takes place in adelaide's dressingroom while adelaide is about to change . though one may submit there is no place for that , sky really is the type to check out adelaide in this sort of circumstance . he is even there to tell adelaide nathan will not be meeting her to elope . adelaide and sky are both true in their respective ways to nathan , even piteous of him , as is demonstrated through a tone in their exchange . adelaide is of course also frustrated and disappointed , but her anger is mitigated by her deeper feeling for nathan , as sky is admonishing her that she can't love a man and then wish him to be someone else . br br guys and dolls is another turn at the battle of the sexes , around the themes of gambling and salvation . since both the compulsive gambler and the salvation seeker are more or less unconsciously courting despair , there just may be a dark secret deliberately behind brando's and simmons' lack of chemistry . after all , that lack may well denote an excess of narcissistic preoccupation echoed by the sinatrablaine pairing , though with considerably less selfdeception involved , which might explain brando's and simmons' odd , rather provoking , interpretations of sky masterson and sister sarah . i realize simmons may be mostly depicting coldness and skepticism , but brando , though playing to confront her , isn't exactly heated and eager , and is more than keeping his distance he's also assimilating it , keeping his balance through it . his boldness consists in merely playing against her the trip to cuba , a kiss , whatever it takes but he is not actually set on winning through seducing her so much as beating her then in her own turf . this may be shrewd , as playing to zeal may be the only way to get to the missionary , and through . but it makes sky's transition from merely trying to win a bet to actually wanting sarah brown a little less than persuasive . yet why does he want her ? what does falling in love mean to sky ? i find the only way to get around this is by indeed accepting his humanity has kicked in , and that he does not want to end up a mere cad toward sister sarah , so he does , as he's promised her , need to deliver the sinners to her prayer meeting , make good by his marker , as he puts it , as a way of winning her back when it seems he had already won only to lose her . but this still denotes selfconcern more than anything . however , it also allows for sarah brown's own selfconcern , as sky will placate the missionary in her in order to get back the lover . neither , at least it seems , will change much by their union , except perhaps in the acceptance of the other . yet that would seem an all but fatally uneasy proposition acceptance of is still quite a cry away from achieving happiness in the other , let alone the transcendence they each seem to imply by chemistry . and behind all this , i suspect is mankiewicz's full knowing . br br for all those who might say , in defense of guys and dolls yet , that not much can be expected from musicals by way of depth , i need only remind them cabaret , the threepenny opera , carousel , a star is born , even the sound of music , which i don't care for as much and one can keep adding to this list without even reaching forward toward postcabaret musicals , all wrap gorgeous music and dance around dire anxieties .",1,0
"i've read some terrible things about this film , so i was prepared for the worst . confusing . muddled . horribly structured . while there may be merit to some of these accusations , this film was nowhere near as horrific as your average dvd programmer . in fact , it actually had aspirations . it attempted something beyond the typical monsterslasher nonsense . and by god , there are some interesting things going on . br br ms . barbeau is a miracle to behold . she carries the film squarely on her shoulders . br br this is not to say that it's a masterpiece . unholy ultimately collapses under the weight of its own ambition . there are just too many unexplained subplots trying to coexist . and the plot loopholes created by time travel are never really addressed for example , if hope knows that her mother is evil and that she will ultimately kill her brother , then why doesn't she just kill ma in the film's very first sequence ? seems like it would have beat the hell out of traveling into the future to do it . br br still , i give unholy points for trying . a little ambition is not a bad thing .",1,0
"i've just seen this movie in a preview and i can only recommend to watch it . it was about 90 minutes long and when it was over i felt like it could go on for hours . the stories of the protagonists are so realistic and you feel really at home . the movie basically consists of dialogs but i wasn't bored a minute . 18 people of really different characters and each one of them acted out so well . i had to laugh , felt awkward , was sad and still felt happiness . all in all it is a movie that shows the different kinds of people in our society , the way they communicate and how love has changed and nowadays is handled as an economic thing . dating becomes something that is similar to an audition . the whole audience loved it . so please watch it if there's a possibility . you'll love it !",1,0
"husbandandwife doctor team carole and niles nelson are doing modestly well in their careers , but niles has a gambling problem . his luck changes when he unknowingly saves the life of a gangster from joe gurney's mob and gets a big bonus from the gangleader himself . loving his change of fortune and snazzy new apartment , niles continues to receive payoffs for patching up other injured members of the gang . unfortunately , his shady deals come to light in a police raid , which hangs a shadow over his wife's career as well . br br at this point the plot comes into focus , as carole nelson has to rescue her career before her license is suspended . this involves bringing the gang to justice more or less single handedly . br br this is not a hardedged gangster picture , but a plot that might have been comfortable on a show like matlock or murder she wrote . there is some tension , but the mood is kept light by bogart's tongueincheek performance of a stupid gangster who imagines himself as the napoleon of crime . his other gang members also function more as stooges than hoodlums . and there's some snappy dialog between bogart and francis , especially when she's treating his injuries at his hideout . of course , as in all gangster flicks , there's a big shootout ending , but with a humorous twist . this is a good short film showing bogart on his rise to stardom .",1,0
"this show has all the typical characters in a comedy the good guy , the idiot , the pervert , the rich girl . . . but it's set on the 70's . that's the only difference that it has with other tv comedies . i don't know how you can like this show . its humor is pathetic ! i mean , the jokes are so direct . . . a typical dialog is this fez oh , jackie i want to have sex with you . audience laughs jackie fez you're a pervert . audience laughs fez oh yes i am . audience cheers and applauds this isn't funny . i think that if it didn't have those laughs i don't know how you call that in english , sorry you wouldn't laugh at all . this isn't intelligent comedy , this is an insult to the public . i like most of the american comedies , but this isn't good at all . i would give it 4 out of 10 . sorry for my poor english again .",1,0
"orson welles manages to knock me on my ass with every picture of his i see . lady of shanghai is on the same level as his other masterpieces , the magnificent ambersons , touch of evil , the trial , and chimes at midnight . the plot can tend to be confusing sometimes , and sometimes it seems to be moving maybe a tiny bit too fast about an hour of it was edited out when test screenings went poorly . it doesn't matter , however . you can't watch welles' films and manage to concentrate too much on the plot . his direction defines what great direction is . almost any scene from this film can hold up with any other scene he directed . check out the courtroom scene . usually they are such stock scenes that i can't stand them . case in point , try to sit through welles' own speech near the end of compulsion . in lady from shanghai , just pay attention to the level of detail in that courtroom scene . watch that juror who is always sneezing and interrupting the proceedings . or just take a look at the lighting in that scene . i know , it is just a simple venetian blind , and that it was used constantly in film noirs and crime films of the era , but welles gives it a beauty all its own . the dialogue is also remarkable . welles had the skill , a skill that no one else seemed to have , to make a crime film containing examples of the grandest poetry . whether he was speaking shakespeare or spitting out hardboiled lines , it had the power to stir the soul . 1010 .",1,0
"this is one of my favorites along with the mariette hartley and robert lansing sandy and the agnes moorheadandthetinyspacemen episodes . br br it is an important take , from mid1961 , on the long cold war that the u . s . was then embroiled in . the beatendown cityscene , the nearstarving characters' sparse dialog , their threadbare uniforms , and the minimal action says it all the absurdity of an ongoing conflict that threatens to destroy human life , modern civilization , and all that is sweet and redeeming about it . br br it is a fable because it was made in a time in which , had events turned out differently , such as the second berlin crisis spring 1961 and the subsequent cuban missile crisis oct . 1962 , it would have actually been a reasonable representation of one of the u . s . 's major cities , ruined and replete with a few miserable survivors . i also see it as a fable because it is not only a cautionary tale , but because it is the most redemptive of all our popular myths it is a love story , set in an impossible situation , and involving two highly mismatched lovers .",1,0
"yes . . . i'm going with the 10 on this and here's why . in the last few years , i have watched quite a few comedies and only left with a few mild laughs and a couple video rental late fees because the movies were that easy to forget . then i stumble upon nothing . looked interesting , wasn't expecting much though . i was wrong . this was probably one of the funniest movies i have ever had the chance to watch . dave and andrew make a great comedic pair and the humor was catchy enough to remember , but not over complex to the point of missing the joke . i don't want to remark on any of the actual scenes , because i do feel this is a movie worth seeing for once . with more and more pointless concepts coming into movies you know , like killer military jets and fresh remakes that are ruining old classics , this movie will make you happy to say it's ok to laugh at nothing .",1,0
"let's be fair there are no rules for scriptwriting , so i won't say the movie should be something other than it is . i'll just state my opinion . ok , i really liked the script , the way things are told and characters are introduced . however , i think when a play is adapted to the silver screen , it could maybe try and fit this other media . since this movie was directed by joo falco , the same man who directed the play , it's not too much of a surprise that the film turned out a bit too theatrical . it's the man's first movie , for cryin' outloud ! what i'm saying is , there are parts in the film like the city of nordestina , which slightly resembles the set of hoje dia de maria that feel like we're not at a movie theater . we're at the theater ! lines are spoken too formally , characters are moving choreographically , and the lightening is clearly meant for a stage . sure , maybe that was the intention , but that's been done . on stage . wonderful things have been made when adapting a play into a movie the beautiful closer , for instance . when i went to see this one , though , i didn't feel like i was watching a movie . but overall , it was a good one , worth watching . it's a nice love story , funny at times and sad at others . my vote is a 7 .",1,0
"on the face of it a film about women wanting to see a football match wouldn't appeal much to somebody with little interest in football such as myself however this isn't about football it is about discrimination and the women's enthusiasm for the sport they love . br br the film opens on the day of a crucial world cup qualifying match between iran and bahrain , a girl is trying to get in to tehran's azadi stadium by dressing like a boy , it looks like she will get in until a soldier tries to search her . once caught she is taken to a small enclosure high up on the outside of the stadium where there are a handful of women who had already been caught , here they are guarded by a small group of conscript soldiers who's leader would rather be back home tending his livestock . we never learn the character's names but we get to know them as people as the girls plead with the guards to let them watch though a nearby gap in the wall and when refused try to get them to at least provide a commentary . br br as well as making an important point about the rigid gender segregation in much of present day iran the film contains many hilarious moments such as the disguise one of the girls is made to wear when going to the toilet and the girl who disguised herself as a soldier and was only caught because she chose to watch the match from a seat reserved for a senior officer . the girls enthusiasm for the game is such that by the end the viewer is likely to be on the edge of their seat hoping that iran will win and thus get to go to the finals in germany . the soldiers aren't shown as fundamentalists , they are just conscripts who are there because they have to be and when explaining to the girls why woman can't watch men's sports don't seem that convinced by their own arguments . br br it is a shame that this film can't be seen in iran itself but it is good that the wider world can see it and thus see that ordinary iranians aren't a bunch of fanatics desperate to wage war on the west but normal people with the same passions and concerns as people everywhere . the cast did a great job in making their characters seem like real people rather than mere caricatures .",1,0
"better than average world war iiera whodunit featuring warner baxter as a former gangster who suffered amnesia and has been reborn as a psychiatrist now known as robert ordway who helps both the police and criminals who want to go straight . crime doctor's courage is the fourth in the series of ten and also involves a victim who might have some mental problems . the link to courage is not particularly clear . br br this entry revolves around the death of fortune hunter gordon carson whose two previous wives have under mysterious circumstances and who in turn dies in a locked room under conditions that resemble suicide but dr . ordway labels murder . hillary brooke plays the part of widow kathleen carson who is involved with anthony caruso a mysterious spanish dancer whose act includes his sister that disappears on stage . as a mystery novelist , jerome cowan is a good supporting actor as is lloyd corrigan as an aficionado in crime . br br spooky houses with creaking doors , caskets in the cellar , and suspects that are never seen in daylight add to the air of suspense . the set for the dance sequence is quite elaborate and the ballet music very good . direction , production design , and photography stand out . the exterior shots and costumes suggest more affluence rather than normally found in the average b detective thriller . br br strongly recommended .",1,0
"this isn't the video nasty night of the demon as there are more than one . actually , there is only one , but it multiplies . br br after it inhabits suzanne scream queen linnea quigley , she passes it on to goth girl angela amelia kinkade through a nice long kiss . br br next , we see linnea showing us her quigleys in the bathroom . she shows a lot more as jay lance fenton thinks he is in for some fun . br br soon , everything literally goes to hell as bodies drop one by one and are possessed . judy cathy podewell and max philip tanzini are the last two trying to escape . max isn't much help , leaving it to judy to figure a way out . br br the makeup was absolutely fantastic , and the only thing that kept this from being even better was the extremely long build up to the action . br br the old man harold ayer who appears in the beginning will be back and get his just desserts . br br linnea quigley may be the scream queen , but cathy podewell definitely showed the greatest lungs in this film .",1,0
"henry thomas showed a restraint , even when the third act turned into horrible hollywood resolution that could've killed this movie , that kept the dignity of a redemption story and as for pure creepinesssniffing babies ?",1,0
"the elegant universe brings to light many ideas of the universe and existence . after watching this documentary , one can't help but take a step back and rethink their view on the existence of everything . there is a large cast of scientists , mathematicians and others on both sides of string theory . it is continually brought into question as untested , untestable , and possibly dead wrong . the closest to proselytizing that anyone does is to explain that quantum physics , the set of mathematical ideas that give extremely good approximations of what happens to subatomic particles , has never made an incorrect prediction . not so with string theory ; no one is willing to say , oncamera , that string theory is the truth , and in so doing , the piece retains a certain respectful distance from the subject .",1,0
"while the premise of the film is pretty lame ollie is diagnosed with hornophobia , the film is an amiable and enjoyable little flick . it's also a darn bit better than the films they went on to make after this oneprobably since this was the last hal roachproduced laurel and hardy film . in fact , it wouldn't be a bad idea not to see any of their latter films , as the entire chemistry is lost in these films and the boys play their parts purely for pathossomething true laurel and hardy films never would do . they had a bit of an edge that all the later films lack . br br stan and ollie work at a horn factory . this sounds pretty funny , but it isn't . not surprisingly with all the racket , ollie is about to have a nervous breakdown and must take some time off work . the doctor james finlaysonin his last film with the team recommends an ocean voyage . however , they don't like sailing and stan has an idea of just renting a boat tied to the dockthen they can get all the sea air they want without all the bother ! once they are on the boat , a dangerous escaped criminal boards the boat and they all accidentally set out to sea . fortunately , this portion of the film actually was wellpaced and the very end worked out very well . br br while not a great fulllength laurel and hardy film , it was much better than many of them since it had no annoying and distracting musical numbers like in the devil's brother or babes in toyland . additionally , there is still a decent amount of physical comedysomething you would see almost none of after this film . part of this was due to the boys' declining health and ollie's increasing girth and part of it was due to the overall insipidness of these later films .",1,0
"i'm a fan of cc , going back to their records , and liked this movie , but at one point in the mid1980's on cable television in san jose california , it was aired with an alternate plot line that destroyed the entire point of the movie . all references to marijuana were replaced with diamonds . the bag that red drops to chong has diamonds in it instead of marijuana , but the conversation still remains the same . . . it's worth 3000lb . there is also a subplot in which clips of aliens on a ship were added observing cc , and talking to each other about getting the diamonds . at the end , instead of space coke , it's something else . i'm not sure who created this version , but it was horrible , and obvious that they were attempting to make it familychild friendly . it would have been better if that network had not aired it at all .",1,0
"the extraordinary rosemary forsyth is the main reason to see this flick . why she never became a bigger store may never be known . but she is exceptional and steals every scene she's in . garson kanin directed this piece of fluff and the cast is first rate , with robert drivas and brenda vaccaro especially memorable . a 9 out of 10 .",1,0
"wow . . . what . . . a whirlwind . the 30's is a decade with plenty of movies of every type i can imagine , especially during the early talkies phase . there were movies which are painfully static and dull , like dracula with bella lugosi , and there were those that just don't give it a rest , sometimes in a good way and other times not . this is one of the films that don't stop for a minute , and that is both a wonder and a pity . lloyd bacon , who also directed 42nd street , must have been the king of the depression era musicals and he was probably excited with the possibilities sound brought to the world of cinema , for he filled this picture with it . there mustn't be a full minute or two without music or someone speaking . it's completely crazy ! i was thinking the movie deserved a 5 or a 6 , tops because the pacing was very poor , since it was insanely fast and i sometimes didn't know what was happening and what to think . the characters seemed to just running to and fro places , talking about things which didn't interest me and probably no one else . i thought i was just going to be rewarded with a small headache . i noticed lloyd bacon also cast the female lead in 42nd street , ruby keeler , and 42nd street was a movie whose ending was the best part of it . and you know what ? it happened the same thing with footlight parade ! the ending is absolutely incredible ! it has become , hands down , the most impressive musical i have ever seen . the final part presents us some musical numbers and those are , believe me , something that make seeing the other rest of the movie worth . the numbers are flawless ! there are three big bits and the most impressive is surely the second one . suddenly the screen was filled with gorgeous and inventive camera work , beautiful people and plain entertainment that made me forget my small headache .",1,0
"this is a tepid docudrama that covers no new ground , reworks all the cliches and is sloppy with facts . for example , munich is a very flat city . so why is it hilly in the movie ? for example , the end of the great war in 1918 was not a surrender but an armistice . yet it is announced as a surrender . for example , european news vendors did not and do not shout headlines as they hawk their papers . yet this strictly american custom is employed in the film . for example , the nazis did not adopt the german eagle until after they had taken power but there it is on the lectern as hitler delivers one of his stem winders . indeed , most of this disappointing production consists of little more than hitlerian oratory . the movie also perpetuates the myth that the beer hall putsch was hatched at the munich hoffbrauhaus . it was not . robert carlyle does a fine portrayal of his subject . but his supporting cast is adequate at best and very often not even that . these comments are based on the first episode only . one only can hope the second will be better but don't bet on it .",1,0
"the first series of lost kicked off with a bang . . . literally and slowly decreased in pace . this may have put some viewers off and people who started to watch halfway through would either be bored or just plain confused . br br i would advise people new to the world of lost to simply watch from the beginning and don't get pt off by the slower episodes . the acting throughout is excellent but why have 5 series' planned . . . why ? ? ? all this means is that there will be no answers for at least 4 years , oh well , i'll keep watching if it keeps the tension up and dialogue flowing .",1,0
"when the new outer limits first started , the episodes were quite optimistic and challenging . as the series began to wind down , most of the episodes became just plain ugly and devoid of any entertainment value . the six episodes here reflect the very best , and worst , of the series . br br since the outer limits always preaches a moral . i would like to offer my own . starting with the most entertaining to the flops . br br 1 . afterlife as an institution , the u . s . a . militaryindustrial complex is both evil and paranoid , not to mention plain stupid . however , individuals with great integrity do serve our country , and they will obey their conscience even at a mindboggling cost ! in the end , the aliens don't need to say a word . those without a conscience are fools who are to be held in utter contempt ! br br a truly subversive episode ! one that should be shown on prime time television for all to see ! this might be a revelation for some , but folks without a conscience should not be allowed to serve in our military ! nor do the ends justify the means ! br br 2 . relativity theory a good person may be forced to make a splitsecond decision between good or evil in order to save the lives of defenseless intelligent beings , and at great cost to one's self . what makes this decision all the more difficult is the stark choice being marooned with exotic alien strangers who you can't even communicate with except through gestures , or going along with a group of people you think will keep you safe from unknown dangers even if they are ruthless , and devoid of compassion ! br br this episode is brilliant ! what fuels this depravity is good old fashioned greed . this episode is one of the most scathing indictments of capitalism , transnational corporations and raping the environment , i have ever seen in my lifetime ! unlike real life , justice here is served and swiftly ! br br one of the most memorable lines is when the ruthless corporate thug said something to the effect , we did the same thing in the amazon rainforest war . alluding to the killing of amazonian indians who were attempting to protect their rain forests from being strip mined , as justification for killing again literally in the name of the survival of the fittest . something darwin never meant to be taken literally ! br br 3 . alien shop tremendous power can be used for good , even from an exotic alien . this power can be used to heal instead of destroy . mere mortals can learn from their mistakes ! even a criminal can see the light if given enough opportunity to do so . br br sometimes it takes strong medicine , but we all can wakeup and change our selfdestructive ways ! br br 4 . the grell an alien can be a christlike figure ! in the distant future , slavery can be justified , once again , in the name of expediency ! basically good people can be corrupted . sometimes a person needs to be experience great shame in order to see the evil heshe is committing . children are closer to the truth than adults . those with political power have tremendous responsibility ! another work of genius ! as a species , do human beings learn from history ? br br flop number 1 quality of mercy loose lips , sinks ships ! when in war kindly keep your mouth shut about important military plans . gee , did i really need to watch an hourlong soap opera in order to figure this out ? ! ! i wonder , did the makers of the outer limits run out of ideas , or did corporate pull the plug ? dark and ugly , serving no purpose , but despair ! br br flop number 2 beyond the veil so bad there is no moral but this when lockedup in a mental hospital , use some common sense , please ! this episode is so bad it disgusts . what an xfiles ripoff ! don't waste your time on this one ! you'll thank me later ! br br it's a sad commentary that the outer limits went down the tubes toward the end of its run . subversive episodes , like the first four , could not last forever ! it was a miracle they were made at all ! hopefully , someday , other brave souls will follow the subversive outer limits tradition into new territory ! br br if you happen to be such a daring person , a good place to start is with one unique book anatomy of wonder a critical guide to science fiction , edited by neil barron ! as far as i'm concerned , the most comprehensive book ever written on the subject .",1,0
i loved this movie ! i'm shocked and disappointed that it never made it to the theaters . every story was better than the last . . much better than the much hyped scream series and i know what you did last summerand way better than the terrible urban legend . i'd recommend this film to every horror fan .,1,0
"i could not agree less with the rating that was given to this movie , and i believe this is a sample of how short minded most of spectators are all over the world . really . . . are you forgetting that cinema used to be a kind of art before some tycoons tried to make it only entertainment ? this movie is not entertainment , at least not that easy entertainment you get on movies like titanic or gladiator . it has style , it is different , it is shocking . . . that's why most of you have hated it so much because it does not try to be pleasing to you . it's just a story , a very weird one i admit , but after all , only a weird story . it is not a great story , not even a great cinema work , but i believe it is worth a 7stars rating only for the courage of both author and director to shot a story that is not made to please the audience , thus selling billions of copies and making the big studios even richer . this movie is , for me , europeanartisticlike movie made in the us , and everyone involved in the making of it deserves respect . be it for the courage , or be it for the unique sense of humor .",1,0
"rented the movie as a joke . my friends and i had so much fun laughing at it that i went and found a used copy and bought it for myself . now when all my friends are looking for a funny movie i give them sasquatch hunters . it needs to be said though there is a rule that was made that made the movie that much better . no talking is allowed while the movie is on unless the words are sasquatch repeated in a chant . i loved the credit at the end of the movie as well . thanks for the jeep , tom ! whoever tom is i say thank you because without your jeep the movie may not have been made . in short a great movie if you are looking for something to laugh at . if you want a good movie maybe look for something else but if you don't mind a laugh at the expense of a man in a monkey suit grab yourself a copy .",1,0
"although this show has been off the air since 1973 , after viewing a dvd set i borrowed at our library , i felt compelled to say a bit about it . br br i can remember when it was the only color show on television in the 1960s , and sometimes there would be a little sunday night party with friends to watch this on nbc on one of the few color televisions . br br i really enjoy history not so much for the names and dates but how it influences us today and how so much can be so profound based on the most inconsequential actions of the time . case in point virginia city , nevada , which became one of the richest cities in the world because of the silver , got its name from a character named old virginny , who , in the town's early days , stumbled out of a saloon , fell and broke his whiskey bottle . br br old virginny didn't want to waste the occasion so as the precious liquid was seeping into the dirt he decided to christen the town virginia town . the area became known as the comstock lode because another character , henry comstock , had the reputation of trying to jump everyone's claim and the area became known as the comstock lode . br br i just watched an early episode that dealt with these 2 subjects . other episodes dealt with mark twain's literary rise while a reporter for the territorial enterprise . . . br br it was wholesome and frequently educational family entertainment . as someone else remarked , each episode would really be considered a movie in its own right rich scripts and characters . br br one thing it twisted the truth on was the proximity to virginia city and the ponderosa . in truth , to ride from the ponderosa all of northern lake tahoe , one would have to ride his horse about 3 , 000 feet 1 , 000 meters down the spooner summit to the high desert 3 , 0004 , 000 feet of the carson valley then another 3040 miles to virginia city . br br needless to say the cartwrights would have some sore rear ends doing this on a regular basis . but every writer should have some leeway with the truth . br br how i miss that show , even today .",1,0
"this is my favourite columbo . martin landau excellent ! plays twins , one of whom may have committed a murder . this columbo is unusual because the usual murder scene at the beginning doesn't give you any clue to which one did it ! peter falk is on form as usual in this episode written by steven bochco who also wrote 'murder by the book' , my second favourite episode . the supporting cast are great especially julie newmar very underrated and jeanette nolan as the house keeper that columbo just keeps on upsetting . the surname of martin landau's characters in this is 'paris' . that was the surname of leonard nimoy's character in mission impossible . coincidence ? or a steven bochco joke ?",1,0
"the '7' rating is not necessarily a smear this movie was done on a low budget but done well within its limits . br br a usual potboiler plot ship carrying a prisoner is destroyed in space , people and prisoner escape in pods , land on unknown planet where their presence wakes something up . mayhem ensues , a lot of ammo is expended . br br the special effects were spare and properly done , emphasizing future technology with holographic displays and controls instead of relying on bulky , cheap looking plastic props . plus the pacing of the story moved without allowing the viewer to lapse into boredom where they start picking things apart . br br i peg this one as a lite saturday afternoon flick . you can get up and hit the fridge without pausing it and it'll still be enjoyable . even better , your girlfriend can talk all the way through it without damaging your enjoyment and she'll be happy after all , she got to talk to you ! it's that type of movie . br br anyways , the actual story line has s few holes in after they hit the planet , but hey , this is a guns 'n' ammo action movie . cohesive story lines are not necessarily required so long as you have beer and chips at hand . so don't get get yourself into a braincramp over the ending .",1,0
"it's possible to have a good time with this film while , at the same time , regretting all that it isn't . in the 1980s , a raffish u . s . congressman tom hanks engineers support for afghan partisans resisting the soviet union . br br hanks is in breezy , hailfellowwellmet form as roguish , politically incorrect charlie wilson , first glimpsed sharing a hot tub with three deeply available looking women . if only the film had the same air of insouciance ; but apart from philip seymour hoffman's turn as a cynical cia agent , it tries to be perceived as patriotic too . aaron sorkin's trademark staccato dialogue serves its purpose , but the story is no more plausible than one of wilson's tall tales . and there's an oddly unspoken subtext wilson's afghan pals later mutated into the taliban and other antiwestern groups , leaving the world worse off than it was when these events occurred .",1,0
"this review has been written by someone who has read it several times and knows what they are talking about ! . firstly i have read others comments and noticed that some of the objections were really quite stupid . people who have read the book and other jane austens or for that matter any good book , will know that sticking to the book is vital you have to trust an author with what they do . if the viewer does not like it because it sticks to the book well it shows they do not understand jane austen and obviously are not a true fan . br br firstly if the viewer truly loved the book or jane austen in general , watching it for four hours should not prove difficult . secondly , their society did care a lot for looks and so big , fancy hair styles would show off how rich you were , which in their day was a key factor for getting along in good society . i have to confess the female costumes were not brilliant but there were only a few bad ones and the males made up for it , also this prejudice for the naval men not in their uniform is in nice words very silly ! , today people do not go out with their uniform away from school or work because they have casual clothes and it was just the same in the 19th century . also as it goes the acting is very good , it is subtle because that is how jayne austen writes ! and the scene at the end is beautiful . you can not compare the filming to that of the 1995 version as technology has improved so much since them it is ridiculous to compare them in that . the actress who plays ann is too old but her air of acting and how she does it makes up for it . br br people seem to prefer the 1995 version for some reason that i can not comprehend ! . it does not stick to the book at all and so is flat , the ending is sentimental , they change major scenes , the only good actors are the leads and they i give you did a good job for what was given to them . obviously the people who really , really like it are i am sorry stupid as they do not understand persuasion and so need it to be overdone . the 1971 version is beautiful , romantic , was written by an excellent script writer same who did inspector morse , had very good actors and really it is a film you can watch many times and during each you can be delighted with it .",1,0
"this is simply the funniest movie i've seen in a long time . the bad acting , bad script , bad scenery , bad costumes , bad camera work and bad special effects are so stupid that you find yourself reeling with laughter . br br so it's not gonna win an oscar but if you've got beer and friends round then you can't go wrong .",1,0
"i can't stand people who comment on this program or other hbo programs as too graphic or unnecessarily graphic or that they contain gratuitous nudityviolencesodomy etc . br br guess what ? prison life isn't pg13 . the gratuitous graphic content is true to life of this situation . prison contains inmate rapekillingsdrug deals and showers . if you don't like it , then don't watch the program . i'm certainly no fan of prison rape , but if it was left out of the show i'd be surprised and lend the show less credibility . if the prisoners didn't curse , it would just be silly . sure it's gratuitous language , but that is realistic . br br the show is good , some of the viewers . . . . not so much , i guess .",1,0
"it's unbelievable but the fourth is better than the second and the third . after the third that was awful , it's incredible how they could have an unexpected sequel with new ideas . chuck is the same nasty doll of the previous movies . interesting the final that lets know that a fifth can be done . . . .",1,0
"there are 3 of these movies , all similarly crafted and each extremely amusing . red plays radio sleuth wally benton , aka the fox who gets wrangled into solving real life crimes along with his fiance played by your typical wartime girl next door looker , ann rutherford . many of the oneliners and gags are dumb and probably were in the 1940s which i anticipated . but , just as many actually made me laugh out loud , which was unexpected to say the least . red skelton has a surprisingly strong screen presence , surprising i say because i grew up with a much older version of the man who's charm really didnt play well in my formidable years . i have to give these movies the go ahead though if your in the mood for this type of nostalgic fare . i almost threw in light hearted , but in truth people get wasted and beaten up and dare i say it , the suspense at times is well above average . as with most movies from this era , it gets a pi politically incorrect rating for reasons you can well imagine . wartime is funny that way i guess , and so then again are these movies . watch one , watch them all .",1,0
"the 4th pokemon movie made me cry when celebi died . don't you dare say that pokemon sucks ! i don't like it when people say that . . . . i've liked pokemon for 5 or 6 years , so everyone should enjoy pokemon , including this movie and other pokemon movies . so , without further ado , please say that pokemon is great and should be enjoyed by people for all ages . and also , why do pokemonhaters give low ratings for all or most of the pokemon movies ? i don't understand . . . . they shouldn't do that . . . . there's absolutely no reason why people should just vote without proving that pokemon sucks besides the fact that 1 pokemon is for little kids only . 2 pokemon is stupid . and 3 people shouldn't like pokemon . i think this is why people don't like pokemon .",1,0
"a very strange , disturbing but intriguing film . i don't think i ever needed to see what a human being can do with his butt , and i doubt if i'll ever want to see it again . that said , there is much to be amused by , like divine's take on jayne mansfield's classic walk in the girl can't help it and putting slabs of meat between her legs in a grocery store . a gritty feel very much like a russ meyer film . generally poor acting , with the notable exception of divine .",1,0
"this is a special film if you know the context . antonioni , in his eighties , had been crippled by a stroke . mute and half paralyzed , his friends who incidentally are the best the film world has arranged for him to 'direct' a last significant film . the idea is that he can conjure a story into being by just looking at it . so we have a film about a director who conjures stories by simple observation . and the matter of the four stories is about how the visual imagination defines love . br br the film emerges by giving us the tools to bring it into being through our own imagination . the result is pure movieworld every person except the director is lovely in aspect or movement . some of these women are ultralovely , and they exist in a dreamy misty world of sensual encounter . there is no nuance , no hint that anything exists but what we see ; no desire is at work other than what we create . br br i know of no other film that so successfully manipulates our own visual yearning to have us create the world we see . he understands something about not touching . no one understands van morrison visually like he does . morrison's celtic space music is predicated on precisely the same notion the sensual touch that implies but doesn't physically touch . br br antonioni's redhead wife appears , appropriately as the shopkeeper and she also directs a lackluster 'making of' film that is on the dvd . br br ted's evaluation 3 of 4 worth watching .",1,0
"as a nontheist im not going to comment on the great mans theory which changed the world 150 years ago . safe to say , science is based on evidence , religion is based on blind faith . nuff said there then . br br the film was produced by the bbc , and to be honest , it could quite easily have been shown on television . while the acting is superb , the film itself isn't really worthy of a full blown cinema release . that said , if it reaches a wider audience this way , then so be it . but i have seen many period style dramas on bbc tv and they were well up to the finished standard of this . just don't expect too much of a big budget thrill ride when going to see it . br br in some ways , i found the movie almost going out on a limb to apologise to religious fundamentalists . while it attains a good sense of tension the whole way through , i couldn't help wanting it to get to the publication of the origin of species much quicker than it actually did you'll wait right until the end for that . and it seemed to dwell much more than i was ever aware on darwin's struggle with himself and his wife emma , portraying him almost as some kind of insane lunatic at times which is hardly true . there are many other errors and facts missing in relation to the real story of the lead up to the publication of origin too , but the whole premise of the movie focuses almost entirely on the difficulty darwin faced domestically with the book , and a small portion on the death of his beloved daughter annie . this gives the film its most moving scene , where annie passes away as she asks one final time to hear darwin tell her the story of a captive orangutan which died of pneumonia . though , you'll probably feel a bigger connection with the primate in that scene than with darwin's daughter . br br with the early controversy apparently surrounding the movie in the usa it will work well to promote it and ensure many more people will get to see it . but to be honest , there is actually very little in it that insults any mythical godhead . its hardly headline news about a theory that has been around 150 years after all . but , as fundamental christians and many other religions which we're all well aware of like to wave a placard or two whenever possible , i guess this movie is as good excuse as any . personally , i cant see what all the fuss is about . but maybe they're just monkeying around . . .",1,0
i am trying to find somewhere to purchase a dvdvhs copy of the movie isn't it shocking ? i was 7 years old when i saw this movie and i lived in the town where it was filmed . a couple of items from my family were used in the movie as props and a couple of my friend's homes were used in a couple of the scenes . the filming pretty well took place in the town and surrounding community . i have only seen the film once originally and i would like to get a copy so now i can show my family the film . i have done extensive searches online with not luck and i was wondering if anyone would have any ideas on trying to get a copy of this movie ?,1,0
"i don't know why people except a lot from low budget indie films but i enjoyed this one as i'm a fan of urban horror . there's not too many urban horror movies out there so when i saw this one on the shelf , just the title alone peaked my curiosity . so i decided to check it out and i was surprised . . . it's not too often you run into a low budget indie horror film with great acting and a good story . is it low budget ? yes . can you tell that it's low budget ? yes . . . but once you start watching the movie you become so wrapped up in the story that it doesn't matter . i like hip hop music too and the soundtrack is nice ! i don't know what's up with all these bad reviews for this film . all i hear is worst movie ever . have these idiots seen every movie out there ? there's thousands of movies out there , how can you categorize one as the worst ever ? a video not movie like zombiez may be the worst film i ever seen but i can't say that it's the worst movie ever since i haven't seen every movie out there . bottom line these people who gave this movie bad reviews are probably from the suburbs . listen , if you don't like minority based , urban films , the ghetto films , hip hop , etc then why watch these types of movies ? ? ? ! ! ! knowing that you don't like this type of stuff ? sure , this is a horror film but it's not just a horror film but it's an urban horror film with a multicultural based cast . i don't like tv shows like dawson's creek or the o . c . , they suck to me . films like garden state , wedding crashers and i heart huckabees suck to me . i'm a guy from new jersey and these shows and movies suck to me . why ? because i can't relate to them . they don't peak my interest . just common sense . believe me , i will never watch garden state 2 garden salad , wedding crashers 2 here's a sequel to torture you again since the first sucked so bad and i heart huckaboring . now back to this movie , in regards to saint405's comment above , i don't know if this guy was smoking crack or got knocked stupid by his drunken dad before he watched the movie but to me , everyone did a great job . the actor who played ricky i forgot his name did a very good job . i'm an aspiring actor myself taking theater at my school and i had to do a play where i had to cry and it's not easy to be emotional in a scene so i give props to actors who have to do an emotional scene and can pull it off . anywho , i liked this movie and never heard of these actors and directors before but you bet i'll be looking out for their stuff for now on and if they are reading this , bring on the sequel ! ! ! i'm out . jerzee representin' !",1,0
"usually , when we use the word escapist , we mean it negatively ; warren beatty's big screen version of dick tracy proves that escapist can be good . this is truly one entertaining movie . as the eponymous , yellowclad , fearless title character , beatty creates a detective to whom we can all relate ready for action , but not without his weaknesses . br br from there , the rest of characters are almost a world unto themselves . tess truehart glenne headly is as glamorous as one would expect the hubby of any crime fighter to be ; breathless mahoney madonna is possibly the most perplexing person imaginable ; big boy caprice al pacino is the average villain ruthless but cool . other characters include the speechchallenged mumbles dustin hoffman , the overmusical 88 keys mandy patinkin , and the kid charlie korsmo . charles durning , james caan , dick van dyke , estelle parsons , catherine o'hara , seymour cassel , paul sorvino and kathy bates also star . br br oh , wait a minute . i haven't even explained the plot ! the plot involves tracy trying and failing so far to find some way to nab big boy . simultaneously , some very bizarre events have been going on in town , the answers to which may or may not be closer than everyone thinks . br br of course , the main thing about this movie is that it's fun to watch . if warren beatty was having trouble acting his age , then he made good use of that here . dick tracy is one cool movie .",1,0
"this is one of the few comedies i can watch again and again and still laugh out loud . in other places , i have read complaints about racism and sexism from sanctimonious , politically correct prigs . there is neither here , unless you define sexism as a woman as housewife and racism as a family employing a colored maid . br br the lines are hilarious , and all the leads have never been better . melvin douglas is especially brilliant . br br if you've ever thought of or tried to build a new house , you will be relieved to know that no matter how infuriating the process , no matter how much a lamb among wolves you may feel , you are not alone !",1,0
"this is the fourth fulllength feature film by marc recha . by the third 'les mans buides' empty hands i promised myself not to cut my veins anymore . but this time round the plot is completely different a kind of homage to ramon barnils sabadell 1940 reus 2001 a catalan journalist . the visuals in the trailer are stunning a gleaming river bathed in sunlight and the promise that marc himself would be in front of the camera with his twin brother none of both professional actors convinced me at last , six weeks after its release . abandon yourself in this very unusual roadriver film . learn almost nothing about ramon barnils but his most poignant legacy his constant fight against amnesia of what we catalans chose to forget . 'la batalla de l'ebre' look for battle of the ebro at the wikipedia was lost not once but twice because after 40 years of silence and 25 years of halfhearted democracy nobody has done much to remember the legitimate side of the spanish civil war and those who fought it . this film is about the lonely people roaming the same places with very little conscience of what took place there 70 years ago . this film is about the landscape .",1,0
"for some inexplicable reason , jerry's movies often seemed to come in for diatribes from certain quarters although they were rarely box office disappointments . it's one of life's great mysteries to me because his films have always had a 'feel good' factor about them for me . but this film is not only not bad it's an exceedingly good and clever comedy . to those who may be tickled by 'modern' crude or cruel humour , don't see this film there's nothing in it like that and you'll be wasting your time . br br i've only seen this film once on the television . i've waited ever since to see it again and that's been quite a few years . you'd think the idea of an arrogant millionaire businessman heading off to win the war against the nazis with his own small private army of subservient employees would be boring wouldn't you ? well only jerry lewis would dare try such a plot for an out and out comedy and it works , i have to say , brilliantly . br br i think that , as with 'the nutty professor' and most of his other films , this movie is testimony to his comic genius , both in concept and execution . i think buddy love might have said , you know , true comedy can not only make a six year old hysterical , it'll do that for his dad too . maybe a few nutty nazis generals with monocles and a limp would dislike this movie , honestly . if you only see one more comedy in your life , see this one . be careful though , you might die laughing . and i'm not joking !",1,0
"i'm not sure where to start with this . in short , it was a disappointing movie . having taught the novella , i was aware that it would be a hard story to turn into a movie . the movie has a couple of interesting lines mainly between alfred and aschenbach but it doesn't represent the debate on art that basically shapes the novella . br br for one , i was expecting an older aschenbach and a younger tadzio . in the book , tadzio is fourteen , but he is described as pure , ideal , innocent , whereas in the movie he reeks of sexuality and is a tease . he is an accomplice to aschenbach , he always looks back at him , almost provokingly . in the book , it is aschenbach who steals glances at the boy . as for aschenbach , i imagined something closer to the professorturnedclown in the blue angel based on a story by thomas mann's brother heinrich than this fortyyear old with hardly any gray hair . in all fairness , i do think that dirk bogarde did a good job , but either someone else should have done that , or he should have made to look older at the beginning . br br i know that the discovery of homosexuality is important to the story , but the movie minimizes the talk about art and the duality between the apollonian and dyonisian inspirations and focuses instead on aschenbach's obsession of tadzio and does not justify it . i liked the fact that mahler's music was used , because ultimately he did inspire mann to write his story . i'm not sure turning aschenbach into a musician was a particularly good move . or the creation of alfred who i don't remember in the book . br br and one thing that really got to me was the sound and how it did not match the actors' lips . i was wondering if it was dubbed because i expected it to be in italian . but then i remembered that each italian movie i have watched has this problem . it just bothers me because these directors fellini is the other person i'm thinking of are supposed to epitomize perfection in italian cinema , and here are their characters laughing without sound , then you hear a noise that doesn't correspond to their faces i'm thinking of the scenes when aschenbach almost collapses and starts laughing . this scene couldshould have been the strongest , but it was annoying instead .",1,0
"one of the classic low budget 70's movies , this film was found in a bargain video shop in london for only 50p . interestingly , the package lists the star of the film as 'charles bone' , who sounds like a porn star , but once the credits role it's obvious that the picture is aligned to far the right of the tv screen , so that all the cast members have the last letter missing from their namesbr br from the moment the narrator lamely introduces us to the situation that the desperate tenants of a grimy new york city apartment block , you know you're in for a rollercoaster ride of fromage . the direction is from the 'ed wood onetake' school if one or two extras were looking at the camera crew , then what the hell ? br br the films finishes with a plot twist that puts the usual suspects to shame . buy it now .",1,0
"one of the best movies for all ages . you will never be able to look at lion king again without thinking of the extra history this movie adds . nearly 40 years old , i watched this with my wife and two sons after work tonight i have not laughed enjoyed a movie so much in a long time . br br take time out and watch this with the kids . it will remind you of how disney used to be when you were a young one .",1,0
". . . for paris is a moveable feast . ernest hemingwaybr br it is impossible to count how many great talents have immortalized paris in paintings , novels , songs , poems , short but unforgettable quotes , and yes movies . the celebrated film director max ophls said about paris , br br it offered the shining wet boulevards under the street lights , breakfast in montmartre with cognac in your glass , coffee and lukewarm brioche , gigolos and prostitutes at night . everyone in the world has two fatherlands his own and paris . br br paris is always associated with love and romance , and paris , je t'aime which is subtitled petite romances , is a collection of short films , often sketches from 18 talented directors from all over the world . in each , we become familiar with one of the city of light 20 arrondissements and with the parisians of all ages , genders , colors , and backgrounds who all deal in love in its many variations and stages . in some of the petite romances we are the witnesses of the unexpected encounters of the strangers that lead to instant interest , closeness , and perhaps relationship like for podalyds and florence muller in the street of montmartre in the opening film or for cyril descours and lela bekhti as a white boy and a muslim girl whose crosscultural romance directed by gurinder chadha begins on quais de seine . i would include into this category the humorous short film by gus van sant . in le marais one boy pours his heart out to another boy confessing of sudden unexpected closeness , asking permission to call never realizing that the object of his interest does not understand french . br br some of the vignettes are poignant and even dark . in walter salles and daniela thomas' loin du 16me , catalina sandino mareno amazing oscar nominated debut for maria full of grace is single , workingclass mother who has to work as a nanny in a wealthy neighborhood to pay for daycare where she drops her baby every morning before she goes to work . one of most memorable and truly heartbreaking films is place des ftes by oliver schmitz . assa maga and seydou boro costar as two young people for who love could have happened . there were the promises of it but it was cut short due to hatred and intolerance that are present everywhere , and the city of love and light is no exception . another one that really got to me was bastille , written and directed by isabel coixet , starring sergio castellitto , miranda richardson , and leonor watling . castellitto has fallen out of love with his wife , richardson but when he is ready to leave with the beautiful mistress , the devastating news from his wife's doctor arrives . . . br br i can go on reflecting on all 18 small gems . i like some of them very much . the others felt weak and perhaps will be forgotten soon but overall , i am very glad that i bought the dvd and i know that i will return to my favorite films again and again . they are place des ftes that i've mentioned already , prelachaise directed by wes craven that involves the ghost of one of the wittiest and cleverest men ever , oscar wilde alexander payne , the director of sideways who would save one troubled relationship . payne also directed 14th arrondissement in which a lonely middleaged postworker from denver , co explores the city on her own providing the voice over in french with the heavy accent . payne's entry is one of the most moving and along with hilarious tuileries by joel and ethan coen with who else ? steve buschemi is my absolute favorite . in both shorts , american tourists sit on the benches margo in the park , and steve in paris metro after visiting louvers observing the life around them with the different results . while margo may say , my feeling's sad and light ; my sorrow is bright . . . steve's character will find out that sometimes , even the most comprehensive and useful tourist guide would not help a tourist avoiding doing the wrong things in a foreign country .",1,0
"when i saw this animation for first time i was 15 maybe i was really impressed ! it has completely different style compared to the japan animation and i kinda like it more . tho whole impression of the movie is more sinister and dark . . . the colors are not that . . . colorous . the characters don't talk much , there are no long and boring conversations of this and that like in ghost in the shell . with its dark pictures , views of strange beasts and sense of magic , it looks like one of those ancient scandinavian stories , full of violence and horrendous creators , enchanted forests and deep caves , dwelled by dragons , throlls , orks . . . and one mysterious hero to stop evil . . .",1,0
"a lot of things in this futuristic satire are more theoretically funny than actually funny though it does have some laughoutloud moments but a lot of that is because it seems to have been cut by the studio to better appeal to exactly the idiots it's mocking . many situations aren't allowed to develop , there's obvious overdubbing of expository material , and worst of all a narrator explains everything most of which needs no explanation , probably because some preview audience didn't understand what was going on . in other words , a movie about dumbing down has been . . . you guessed it . br br one hopes that a longer , better version of this comedy will eventually surface on dvd , and it will become the cult fave it deserves to be , but even in this mutilated and somewhat comic spiritdiminished form it's one of the more memorable films of the year a screech of disgust against our culture and all the ways it's become trashified , stupidified and uglified in the name of appealing to the yahoos . i watched it right after land of the dead , george romero's latest milking of the single idea that consumers zombies , which is basically the same point judge is making ; yet where romero's counterculture viewpoint now zombies underclass that needs to revolt against the rich seems hopelessly out of date , judge's take is fresh , deadon and far more disturbing . just listen to the yahoos in your movie audience whooping it up for president camacho's state of the union just like their counterparts on screen , and you'll know that we're all doomed .",1,0
"since frame number 1 you know the good guy in the suit and necktie is doomed he has no luck sorte nula , or so he believes with that music on the car radio , and the dubious talk by his best friend and company associate who is taking him to parts unknown through a desert road . alberto wished simply to be left alone , to take a flight abroad next day , with well , someone we're left guessing . br br the film goes a long way that'll find short to a closing scene with the man hearing the same music on a cab to the airport . in between , a number of lucky people have found different ways out of the story , some dying , some being born , others falling into harrowing distress . this time he's really doomed or is he ? the film is a sort of oneman show by director fernando fragata who only left the sound recording and the special effects to other , competent people . those who typically reject portuguese films due to sound problems and unclear speech recording , must go searching for other topics to criticize this time . the car crash this isn't spoilers , the film is too clever for that makes for a great scene , and apparently was done with cheap equipment . us studios take notice you may spare a dollar or two by hiding competent portuguese directors ! br br the rest was done by fragata , from the script to the dialogue , from camera work to editing . if part of the dialogue were adlibbed , then he again must be congratulated for the acting direction , and the casting with mostly inexperienced actors . a large number of nonspeaking parts are credited , but most of those people were used for the music video clip and the making of , used extensively in the film's promotional trailer . the cast has a dozen actors and actresses , of whom ten relevant persons , and a huge number of relationships that are revealed stepbystep , in a thrilling , suspenseful way , reminiscent of the best genre authors . 'alfred hitchcock' qv and 'claude chabrol' qv do come to mind , by the catandmouse play between the director and his public , and the nature of his characters . br br i recommend this thriller and comedy to portuguese language speakers and , if the film gets to have a decent translation of its colloquial dialogue , to anyone abroad who enjoys those genres .",1,0
"as with so many modern us films , there has to be a supernatural element to the plot , but if you just let that go , this is a tale with heaps of charm and a kindly heart cased in a crab shell . br br we are presented with a scene of a town in an economically depressed area struggling to find anything to be happy about . beau bridges' character is really up against it with a family on the increase , a nil bank balance and a brotherinlaw who's sold out to a big business chain which he secretly hates , but in which he is willing to rub beau's nose . d'onofrio finds his rather surface bubba lifestyle cramped by having to look after his 'blessed' baby brother , joey , and is itching to escape the shackles of this dead hick town . their boss's business is closing down much against his will because of a lack of new customers and he is haunted by memories of his father as he builds up the tension towards his own attempt at selfdestruction . br br joey , who had seemed to personify the curse on their lives , is lost at sea believed drowned in a freak accident . his miraculous restoration to them by the portuguese trawlermen whose boat they had just built and launched perhaps symbolic of an angelic crew , is the sign they've been waiting for and they all decide to give life one last throw of the dice . br br there is a beautiful brooding mood throughout this work which excelled in holding our attention as brilliantly as 'the shipping news' . there are other parallels with the later work , too , which lead one to suspect a touch of a remake . i like 'signs of life' for its simpler , less contrived story and star performances from actors working at their craft rather than to be noticed as stars .",1,0
"when precious bane aired in america , i was stunned by this beautiful story . all the actors were brilliant ; clive owen really understood the character he played . i went right away to a bookstore and ordered the original novel , which is even more beautiful , and which went out of print just after i bought the book although i've seen it online a few times now . i had also hoped with the oscar won by janet mcteer and the huge popularity of clive owen the bbc would naturally get this fine production on dvd . . . i cannot believe all these years later we still have no dvd . it has to be the only production ever created by the bbc that is not for sale . come on bbc you have money to make off us fans here . get this on dvd please !",1,0
"spoilers aheadbr br it is really unfortunate that a movie so well produced turns out to bebr br such a disappointment . i thought this was full of silly clichs andbr br that it basically tried to hard . br br to the american guys out there how many of you spend yourbr br time jumping on your girlfriend's bed and making monkeybr br sounds ? to the married girls how many of you have suddenlybr br gone from prudes to nymphos overnightbut not with yourbr br husband ? to the french would you really ask about someonebr br being la fac when you know they don't speak french ? wouldn'tbr br you use a more common word like universit ? br br i lived in france for a while and i sort of do know and understandbr br europe and i love it , but my german roommate and i found thisbr br pretty insulting overall . it looked like a movie funded by thebr br european parliament , and it tried too hard basically . it had allbr br sorts of differences that it tried to tie together not a bad thing inbr br itself but the result is at best awkward , but in fact ridiculoustoobr br many clashes that wouldn't really happen . then the end of thebr br moviethe last 10 minutesruined all the rest . why doesn't xavierbr br talk to the erasmus students he meets back in paris ? why doesbr br he just walk off ? why does he just run away from his job , is thatbr br freedom ? and in the end , is the new europe supposed to rest onbr br a bunch of people who smoke up and shag all day ? is this whatbr br it's made up of ? br br besides , the acting was pretty horrible . i can't believe judithbr br godrche's role and acting . why was she made to look likebr br emanuelle bart so much ? at first i thought xavier was ok butbr br with retrospect i think he was pretty bad . br br and that's all really too bad , because technically opening credits , br br scenes when he's asking what papers he needs it was reallybr br good except for sound editing around the british siblings , and thebr br soundtrack was great too . so the form was good , but the contentbr br pretty horrible .",1,0
"baseketball is an extremely funny movie that delivers acting that generally makes the movie alot funnier , comedy material that is more than crap in your pants funny , and a pretty good plot despite the fact that its the classic slackers v . s the evil rich guy . the one and only thing i didnt like about baseketball , was that that kid wasnt really needed in the movie , but , if the kid wasnt in the movie , some of the funny scenes wouldnt have existed . if you have read any pro reviews about this movie , exclude them all because basically all the reviewers didnt like this film . baseketball is a great comedy that gives everyone what they want . 8 out of 10 .",1,0
"based on a true story of how a man ahead of his time the great 19th century american poet and humanist walt whitman made a significant contribution to how western medicine treats people with psychological problems . br br interested in the treatment of people with psychological problems , he began to associate with psychiatric workers and patients . after seeing the psychological methods of the time inhumane and ignorantly cruel methods , walt rejected those methods , and treated patients with compassion and dignity , encouraging other people to do the same the story of walt's interactions with psychiatric workers , patients and townsfolk is full of drama , good humor and wisdom .",1,0
"street fight is a brilliant piece of brutal satire . this is not a movie you just watch for fun . it is not a comfortable experience , although it does have some laughoutloud moments . this is a movie you watch when you need food for thought . br br to dismiss this film as simply racist is to miss the point entirely . this is not only a satire of song of the south , it's also a biting commentary on the prejudices that americans still have as a society . every ethnic group portrayed in the movie gets shown as grotesque caricatures of their stereotypes , which in turn are grotesque caricatures of real people . through this wild exaggeration , the filmmaker shows just how absurd these tightlyheld beliefs really are . br br if you're the sort of person who's willing to acknowledge the ugliness of the prevalent prejudices american culture still holds , and if you're not afraid to look your own prejudices in the eye , this movie may be for you .",1,0
"guns blasting , buildings exploding , cars crashing , and that's just the first ten minutes . br br this actionpacked film involving a rogue excia mercenary who can't seem to die no matter how many times he's shot hence the title is pretty decent . br br tough and toothy gary busey , usually cast as a villain in these kinda flicks , has his usual crazy charm but is a bit more subdued after all he's carrying the entire show . which doesn't mean there isn't a lot of terrific supporting roles including william smith , luke askew , mills watson , r . g . armstrong , henry silva , lincoln kirkpatrick , thalmus rasulala , and several other forgotten characteractors . br br there's enough smaller action sequences to hold up the entire story busey has to free a group of kidnapped american military elites and return a hightech supertank a normal tank with a cheesy addon pasted to the top back to the states . br br but does america deserve this killing machine any more than the bad guys ? this question is asked , of course , like in any film centering on the cia . . . but without getting preachy .",1,0
"i've seen the thin man series powell and loy are definitely great , but there is something awfully sweet about powell and arthur's chemistry in this flick . jean arthur shines when she looks at powell . there is an unmistakable undercurrent buzzing between them . this film may not have the wit of the thin man series , but undeniably makes up for it in charm . while i watched it , i thought for sure powell was carrying on an offscreen affair with arthur . my friends thought the same . this is one film where i wish i could step back in time to schmooze and lock lips with powell ! there seems to be no end to his lovable playful smirks ! powell's character , lawrence bradford , is probably the closest thing to the perfect man . okay , this is sounding way too gushy , but i can't help myself .",1,0
"i loved this movie . it's a lot of laughs . the acting is good and the writing is really sharp . i'd rather see a hundred movies like this than three lord of the rings repeating and repeating themselves . br br it's a low budget affair and seems to be shot on dv but looks good and jay mohr and julianne nicholson are great together . why do you have a ten line minimum ? i'm not a critic , just a patron . br br i doubt very much that quentin tarantino could write a picture this funny without filling it with masturbatory gratuitous violence . this movie should be seen on more screens than just one . i laughed from beginning to end .",1,0
"i first saw rob roy twelve years ago . with little money for entertainment , i rented it for my fianc and i to watch on a bone chilling winter's night . the movie i had wanted was gone , so i rented this instead , not expecting much , and was very much surprised with how good it was . i just recently watched it again , and loved it every bit as much as the first time . br br for those unfamiliar with the story , it's about scottish outlaw robert roy macgregor , a cattleman and folk hero . from the little i know about the man and his story , liberties have been taken with the facts , but it's a movie , not a textbook , and so the filmmakers can be excused . basically , the plot of the movie is that rob roy borrows money from the marquis of montrose to buy cattle which he then intends to sell and reap a large profit from . but , his plan is foiled when the friend entrusted with the money is robbed of the cash and murdered in the forest . our hero finds himself on the run after failing to settle the matter with the marquis , and mary , his wife , suffers a sadistic rape at the hands of archibald cunningham , a smarmy englishman with no soul . atrocities ensue , until , in an immensely satisfying conclusion , rob carves archibald up like a christmas turkey . br br there are many great performances in this movie , but allow me to touch specifically on a few . liam neeson , as usual , is fantastic , a sexy beast you can't take your eyes off of . honestly , this man is like ice cream even when he's bad he's good . his rob roy is an honourable man struggling to provide for those who depend on him , in the best way he knows how . jessica lange , as mary , gives this woman a fierceness which is a nice change from the simpering , dull movie wives audiences are usually forced to endure . you just know she doesn't take any b . s from rob , or anyone else for that matter . tim roth is completely over the top with his portrayal of the evil archibald , yet somehow , it works . all the posturing and preening , combined with some wicked dialogue , result in one of the most memorable movie villains in recent memory . combine all of this , and the stellar work by other supporting players , with the luscious scenery of scotland , and you have what amounts to one really , really cool movie . if you haven't seen this , i highly recommend that you do .",1,0
"the child actor certainly deserves a lot of credit . it was a pretty weak field for best picture that year . i think apocalypse now should have taken it , but the academy probably felt it was too violent and strange , plus vietnam was still too recent . meryl streep was tremendous , as always , playing a very unlikeable character . i don't usually compliment directors , but i really liked that bit with the elevator doors . grade b",1,0
"i first saw this film when i was about 8 years old on tv in the uk where it was called laupta the flying island . i absolutely loved it , and was heartbroken when it was repeated a while later and i missed it . i was enchanted by the story and characters , but most of all by the haunting and beautiful music . it would have been the original english dubbed version which i saw sometimes erroneously referred to as the streamline dub the dub was actually by ghibli themselves and only distributed by streamline which is sadly unavailable except as part of a ridiculously expensive laser disc boxset . br br unfortunately i feel that the release has been partly spoiled by disney . the voice acting is ok but the dialogue doesn't have the same raw energy that the streamline dub or the original japanese had , and i think james van der beek sounds too old to play the lead . they have made some pointless alterations , such as changing the main character's name from pazu to patzu , and added some dialogue . but worst of all i feel that they have ruined many scenes with intrusive music the opening scene of the airships for example was originally silent but has been spoiled thanks to disney's moronic requirement that there be music playing whenever anyone is not speaking , which i find annoying in many disney films . br br this film still blows away most recent animated films , and i cannot recommend it highly enough . the plot is simple yet captivating and the film shows a flair which is sadly missing from most modern massmarket , homogenized animation .",1,0
"this was one of the worst columbo episodes that i have seen , however , i am only in the second season . br br the typical columbo activities are both amusing and irritating . his cigar ashes causing him trouble have been seen before , and the bit where he always identifies in some way with the murdererin this case cooking , tho the scene on the tv cooking show distracted from the main theme . br br also not explained was why the brother at the beginning of the show was cutting part of the wires of the mixer . the reason was never explained , nor did it serve any purpose . but the part i disliked the most was the death of the bride to be . this was never explained and it is the main reason why i give this episode such a low grade .",1,0
"let's start from this point this is not a movie intended for the common audience . utterly bizarre , somehow incomprehensible , totally unpredictable , it just keep you stoned watching at the screen trying to figure out what will happen next . if that by itself doesn't make you agree it is an excellent movie , then go back to your family movies and forget about motorama . it has material to be considered a cult movie , it can be placed in the same category with movies that win awards in cannes or other intellectual film festivals , but , sadly , hollywood already let if fall in oblivion , simply because it is not commercial . the performance of young jordan christopher michael may not be oscar material , but he gives the right touch to the story . even the genre is difficult to describe ; it is not a comedy in the proper sense , you don't know if you are supposed to laugh at the strange situations in which gus gets involved . it is more like an impossible adventure that some kids may wish to have , but don't let them watch it either . . . it is not a movie for kids . so , if you like disney movies or are looking for a home alone style , this one is definitively not for you . but if you enjoy reading edgar alan poe or the works of tim burton , then you will like motorama . so , jump in your red mustang , get a tattoo spelling tora and cruise strangeland with gus . i'd like that . . .",1,0
"i was surprised that i liked this movie . but it reminded me of a 2004 version of the first friday the 13th . there were a number of cheesy elements , yet at the same time there were many cool ones . the story line was goodpredictable if you have seen more than one or two horror movies , but full of oneliners to make it worthwhile . there are some memorable scenes worth watching . a few issues i had with the plot had to do with the continuity of the characters . for instance in the opening scene the scarecrows which were humans on stakes , whose blood was drained to grow the crops , looked very real , but later in the film they looked more like fake scarecrows wearing blue colored masks . there were more than several gaps in the plot , and the acting was mediocre , but at least it sounded like how real people talk , unlike hollywood movies where the dialogue is really fake sounding when you think about it . the culmination of the last scene , when the main character says i'm not a baker , i'm a connell ! and lops the head off of the scarecrow is satisfying , as his friends have for the most part been killed off by these creatures at that point .",1,0
"i watch this movie at the start of every summer , and it never ceases to amuse me . here the jokes are packed in near every line of dialogue , giving you more bang than the average simpsons episode . some of the jokes fall flat or will only elicit a slight chuckle , but others will leave you rolling and then there are those that stick in your brain . . . the audience is now deaf . br br the video knows it's a video , and makes no pretensions about being anything else . it's easy to sit back and let the bombardment of humor begin . a good mix of slapstick , pop culture , and tongueincheek comedy ensures there's something for everybody . i was in sixth grade when i first saw this video , and i have to admit i still find it as hilarious now that i've started college . br br this is a good movie to watch over the summer , much in the way you might watch it's a wonderful life at christmas or ten commandments at easterpassover . more than that , it's just funny as hell .",1,0
"its very tough to portray a tagore novel along cinematographic lines . and if you forget an obscure production of 1967 then its the first time that chokher bali has been done on a grand scale . overall the sets looked fantastic with the right touches for making a successful period drama . prasenjit , so used to doing crass commercial stuff made a good effort . i saw the bengali version and found that aishwariya's voice was dubbed , which made her dialog delivery a bit poor . while the director did a good job portraying each of the characters with finesse , yet there was very little in the way of meaningful plot , probably a lack of the story itself . however the development of the characters including those with minor roles seem to be the strongest point . its tough to make some tagore stories into films , as only the visual parts seem to get realized .",1,0
"over the years , we've seen a lot of preposterous things done by writers when the show just had to go on no matter what , keeping 8 simple rules going after john ritter died comes to mind , but this is probably the first time i cared . the idea of having that 70's show without eric or to a lesser extent kelso is ridiculous . they tried to cover it up with a comeback of leo and increasingly outrageous story lines , but it always felt like why bother when you don't have a main character anymore . it just didn't really connect , it was a bunch of unrelated stuff happening that most of the time wasn't even funny . the last season felt like the season too much for every single character , simply because eric used to take a lot of screen time and now we'd be smashed in the face by how stale and repetitive the rest of the characters were . focusing on the gimmick that is fez was thoroughly uninteresting and the character would simply stop working , because the whole deal was that he'd say something weird from out of nowhere , and you can't say stuff from out of nowhere when every second line is yours . they also brought in the standard cousin oliver , only this time it just wasn't a kid . whenever you heard somebody knock on the door , you started praying it wasn't randy , please let it not be randy . the deal with randy was that he'd do really awful jokes , usually as red would say , smiling like an ass and totally screwing up delivery and donna would be in stitches . i think more than half of the last season was donna pretending to be amused . the problems had started earlier though what once was a truly great show with an equally great concept that for once wasn't about a dysfunctional family slowly got into the territory of soap opera . everybody started being in love with everybody , emotional scenes were dragged out at nausea , with just one usually lame joke placed somewhere to divert attention that we were watching as the world turns . i'm guessing this was character development , but come on that was written almost as clumsily as the moral lessons from family matters . to be fair , the last episode , also because it had a cameo by topher grace a cameo in his own show , was really good , even if not that funny either . br br by the way , yet more criticism on season 8 what the hell was with the opening theme ? not only did they use the same joke twice a character not singing , fez scared the hell out of me . dude , don't open your eyes that far . but the first five seasons or so , among the best comedy ever broadcast .",1,0
"i saw this show about 34 years ago . it was dam funny ! when i first time i saw it was playing on etvestonian television and i started to like it . too bad that that show is on bad time for me . hyde is like a cool guy who likes to sing frank sinatra ! and he comes on stupid ideas . he got these glasses which h are brown . i like it . and there's fez . the group pervert . we all know what he does when his alone . . . . . he wants to get laid badly . he even had it with his boss in one episode . his from india . and there is michael , the stupidest guy on whole group , probably stupidest in town and his a cop ! he is so stupid that i remember follows hyde says did u called cops ? no michael comes in and says . does anyone know how to turn off siren ? he is a town playboy . then comes jackie , who is former girlfriend of michael and then she's hyde's girlfriend . then is eric who's son of grumpy war veteran and son of kitty the housewife . his one big pussy . but he loves donna , his girlfriend with who they plan for they're marriage . donna is one hot girl . hmm what i forget ? ah hyde lives in a basement .",1,0
"lowbudget but memorable wouldbe shocker that instead emerges as theater of the bizarre . vulnerable , naive nurse charlotte beale comes to a secluded mental hospital and is completely unaware that the only sane people have been murdered , despite the red flags that are constantly being raised all around her . br br the lack of a decent budget really gives the filmmakers little more to go on than a sense of style , as well as a cast of wacky characters . the pleasures of this film don't come from the film's shocks , which are fairly tame , but from the weird atmosphere . first we have the delusional woman who thinks her baby doll is real . there's also an axemurdering judge , a shellshocked war veteran , and old mrs . callahan is like everybody's daffy elderly grandmother gone amok . a young patient named allyson gives the term nymphomaniac new meaning . a big guy named sam is just a little slow after a botched lobotomy , and jennifer vaults suddenly between catatonia and violent outbursts . the only other sentient person in the place seems to be dr . masters , but does she have a secret ? br br don't look in the basement is a great example of lowbudget exploitation films . there isn't much plot going on , but the cheapness works for the movie . several cast members turn in memorable performances , particularly betty chandler and annabelle weenick , and the way the director adds little weird details to the movie can really stick with you . br br the scene between allyson and the telephone man is a classic for all time , and especially delicious are the facial expressions of dr . masters when she begins to go over the edge near the finale of the movie . brownrigg also makes great use of the cheap soundtrack , with several musical cues really evoking the characters that they accompany . my favorite cue is the crazy cue , a sitar that twangs whenever one of the patients does something pathological . br br also wonderful is the way that charlotte herself plunges into hysteria at the climax , with the patients revealing that dr . masters is simply another inmate , and then suggesting that charlotte is also a patient who is being allowed to act out her delusions she certainly has a tenuous grip on reality , why else would she not question the ominous lack of phone service or outside contact ? . the scene where charlotte manages to finish off the barelyalive dr . stephens with a toy boat has to be one of the greatest moments in lowbudget horror . yes , don't look in the basement could very well be the american beauty of grade z trash .",1,0
"spoilers following i picked up the book evil angels when it first came out knowing nothing of the case . just to give the press and the austrialian people a break here , i was quite far into it before i began to question the chamberlain's guilt . the author obviously intended the reader to understand why the public jumped to the conclusions they did . john bryson told the story just as it was presented to the jurors and picked up by the press of the arterial spray , the actelone ? ? plates , dr . james cameron's certainty that the collar was cut with scissors , that a baby could not be taken whole from her clothes with the buttons still done up , bloody hand print , etc . all quite convincingly . after all , these were experts in their fields who were testifying with no apparent reason to lie , and the fact that the evidence was completely wrong wasn't apparent to me at all . it was also highly technical evidence , difficult for a layman to understand . to this point , beyond some hearsay testimony in the trials , hardly anyone had ever heard of a dingo attacking a human ; people didn't believe it was possible . the public was suspicious of the seventh day adventists , whose origins made them appear to be a cult , and all sorts of wild beliefs about them contributed to the appearance of guilt . were it not for dedicated , selfless lawyers who worked relentlessly to investigate and counter the trial testimony , finding azaria's clothes later would not have been enough to get lindy out of jail . the book shook me for that reason , and i've been reluctant to come to a conclusion about anyone's guilt ever since excepting oj of course . i was thrilled that a movie was going to be made about the case and don't think it could have been done better . i've always liked sam , who i could identify with completely , and meryl was perfect as always . beautiful photography , haunting music . i think it's not only a very good , but a very important , movie . too bad it didn't receive more publicity at the time it was released .",1,0
"this is one of those movies that you happen across when you're channel surfing on a saturday afternoon , and you get drawn into it and end up watching the whole thing . i thought that it was well acted and it really made me feel for the characters . though it's a bit slow moving , focusing more on the relationships between bonnie and clyde and their family members , it never got boring . we don't really see too much of all the robberies that they were so legendary for , and instead most of the shootouts take place when they're ambushed by the police . i thought tracey needham , who played bonnie , really did a good job with her character . going from a nice country girl to a coldblooded killer is a challenging thing to portray , and i enjoyed the subtlety she brought to the role . br br overall , an above average effort , especially considering it was a made for tv movie .",1,0
"a small funny film . it is totally incredible , unbelievable , impossible . but it is funny how an introverted masochist can become totally dependent and mesmerized , even hypnotized by a girl he hardly knows but who was able to get down into his phantasms . of course it is a denunciation of the foolish deals you can get to on the internet . you must not believe ten percent of what you're told there and never , ever , ever accept to tie up your hands in a way or another to someone or something or some organization you do not know personally . most of their businesses there are in a way or another going to fool you and raid you . but here the chap deserves being the victim of such gangsters because he is not only naive , he is absurdly silly . but then the film becomes funny because it ends up with the victim of the crooked business having the upper hand and ending up playing the same game with his victimizer and winning . one think is sure too . security in english airports is not exactly what it should be , but i guess it's not better anywhere else in the world and even now they have tightened up all rules and regulations it is just fun to go through their procedures and foil them systematically . then they have their vengeance by losing your luggage , a real plague on modern airports , and don't expect to get fair compensation . or even confiscating a bottle opener or a can opener because it may be dangerous . i can see myself cutting my way through the side of the plane with a can opener . funny , isn't it ? dr jacques coulardeau , university paris dauphine , university paris 1 pantheon sorbonne university versailles saint quentin en yvelines",1,0
"believe it or not , inspector gadget's last case is what got me hooked on the whole gadget thing . br br my name is miriam and i am twelve years old , so obviously i wasn't around when inspector gadget was at the top of his career . sure , i'd heard of him , but i didn't really know him . br br while reading , note that i never saw the original series i would if it came on ! . this is just about the only gadget thing i've ever watched even though i am now obsessed and i will be focusing on what i liked about it since everyone else is so negative . for all you pessimists , i've got some cons down there , too . p first off , for a childish sense of humor , you could deem this movie pretty funny . i thought it was , so sue me . i also thought the animation and character designs were good , and i'm also happy there was more gadget in it , since he's my favorite character . i do not like penny . then there was claw his voice was awful , though and the madcat ; i thought they were done fairly good too . gadget's idiocy seemed pretty well in place , if not a bit exaggerated i . e . sucking his hathand thing's thumb . would make a good screen shot , though . p oh , and i liked the song that ran in the credits . yes , i am strange . br br and , like all movies , there are some negatives , too . br br talking cars ? what's up with that ? you can tell this was aimed at younger boys . that wouldn't bother me quite so much if there wasn't the fact that the cars basically saved the day . i would have much preferred if penny and brain had taken their place . and , apparently , gadget loved his car more than would be called natural . a bit weird , to say the least . br br oh , and the chief was downright mean to gadget . i mean , sheesh , yeah , he wasn't always the most cheerful of people , but he didn't hate gadget , from what i've read . like the inspector , his personality was exaggerated . br br well , that's pretty much all i have to say about this movie . i thought the animation made up for the carcentered plot and that it was overall pretty decent ; more so than the liveaction gadget films butchered , butchered , butchered ! at least . maybe i'm just biased because this is what got me into gadget in the first place , or maybe my mind is twisted , or maybe i'm just odd , but i really liked this movie , even if i'm the oldest it's recommended for .",1,0
"from start to finish , i laughed real hard throughout the whole movie . it's amazing that the groove tube is possibly the granddaddy , yet raunchiest , of all comedic skit movies . this is the way i enjoy watching tv without being bored at flipping channels only to suffer from insomnia ! for 73 minutes , the weird , strange humor never stops ! just think of how all this nonsense laughing can help you enjoy life easier ! it's way , way better than comedy central or any prime time show ! do yourself a favor and trash all those soft , lame romantic comedy movies into the wastebasket ! better yet , tell your box office manager you want the groove tube back on the big screen !",1,0
"i was forced to see this because a i have an 11 yearold girl and b we had shown her the bonita granville nacy drew movies from the 1930s , which she thoroughly enjoyed . personally , i didn't think it was as humorous as the 1930s flicks , but on the other hand , it wasn't the nauseating piece of intelligenceinsulting fluff i feared it would be . it was an inoffensive , mildly entertaining movie . although i'm pleased that they didn't try to upgrade nancy to 21st century hipness veronica mars holds the title as the modern nancy drew , i do think that they made her a little too bland , that they didn't do enough to develop nancy drew the movie could have been titled jane doe , girl detective . i have to blame the script i think each actor did a good job with what they had to work with . i liked emma roberts in this role , but they gave her a madefortv , not theatrical release , script . . .",1,0
"as shallow as it may sound , i actually delayed my viewing of the barbarians several times just because the vhs cover as well as the picture image displayed here on the website looks so incredibly gay ! by now i wish i had watched it earlier because the movie isn't so much gay . just trashy , cheesy , campy and enormously fun ! it's almost unbelievable that ruggero deodato , director of cannibal holocaust of all people , was the man responsible for this comical cashin on the contemporary popular sword sandal fantasy flicks , particularly schwarzenegger's conan movies . the film opens with a terrific 'onceuponatime' type of offscreen narrator , introducing us to the ragneks . their founder once traded an entire mountain of pure gold for just one magically powerful ruby that would allow them to travel in freedom and access every country as entertainers . in other words , the ragneks are a bunch of traveling circus freaks ! their happiness abruptly comes to end when the greedy kadar kidnaps the ragneks' beautiful queen canary and continuously attempts to discover the whereabouts of the ruby . meanwhile , and as some sort of amusing waste of time , the two orphan twinbrothers gore and kutchek are trained to become muscled warriors and they're unwarily prepared to fight each other to the death . instead of that , however , they escape and develop a plan to free their queen . actually , the plot isn't half as bad as i initially feared , but still the most fun is provided by the beefcake brothers' on screen chemistry , the crazily inept dialogs and of course the utterly cheesy fantasymonsters , like a dragon with adorably cute eyes , some kind of werewolf creature and zombies that randomly appear to pop out of the swamp . the soundtrack and makeup effects are great and our almighty director deodato maintains a terrifically fast pace . the barbarian brother's acting capacities are much better than i anticipated , apart from the fact that one of them constantly produces gross belching sounds . the supportive cast is splendid as well . eva la rue never looked more beautiful as the witty savage girl cara , virginia bryant is indeed bewitching like richard lynch states on several occasions and the lovely sheeba alahani makes her first and only appearance on film as a vicious sorceress with a donutshaped hair style i kid you not ! . last but not least , the barbarians stars everybody's favorite eyes in the hills creep michael berryman as the appropriately named dirtmaster . i know the displayed picture looks gayer than a promotional campaign for the musical version about the rise and fall of the village people , but the barbarians really is a mustsee italian exploitation highlight .",1,0
"'umi wa miteita' 'the sea is watching' was akira kurasawa's swansong to film his adaptation of his favored novelist shugoro yamamoto's story into a screenplay he intended to film was his final mark he left on a brilliant career . director kei kumai pays homage to both kurosawa and yamamoto in presenting this visually stunning transformation of word to image . br br set in 19th century japan , the story explores the lives of the women of a geisha house whose sole purpose in life is to earn money by pleasuring men . the house is run by an older couple who are genteel and the geishas are an enchanting group of women who know their trade and take pride in their careers . each has a reason for turning to the life of geisha . oshin nagiko tono supports her family who live in a neighboring village , kikuno misa shimizu has customers both good and evil whom she manages to sustain with her stories of her higher caste . oshin befriends an endangered samurai , falls in love with the gentle fellow , only to find that he must not marry out of his caste and leaves his pleasures with oshin to marry his promised betrothed . oshin's heart bruises easily but is always supported emotionally and physicallymonetarily by kikuno and the other geishas . br br a handsome samurai ryosuke masatoshi nagase enters oshin's life and develops the first trusted and devoted relationship with her . kikuno is beset by problems , deciding whether to accept the humble love of an old man who wishes to marry her , and coping with a rich but abusive customer . all the while the sea is watching and as a typhoon destroys the geisha house and street , oshin and kikuno sit atop the roof waiting for the promised rescue by ryosuke . the manner in which the story ends is one of sacrifice , love , and devotion . the sea is watching and will find protection for true love . br br the photography by kazuo okuhara is breathtakingly beautiful night scenes with glowing lanterns and colorful geisha interiors are matched with recurring glimpses of the sea both calm and turbulent . the acting is a bit strained for edo art , but the characters are well created and keep the story credible . the one distraction which is definitely not something kurosawa would have condoned is the tacky western music score that sounds like cheap soap opera filler except for the isolated moments when real japanese music on authentic instruments graces the track . but in the end there is enough of kurosawa's influence to imbue this film with his brand of dreamlike wonder that will always maintain his importance on world cinema . grady harp",1,0
"this movie is not schlock , despite the lo fi production and its link to troma productions . a dark fable for adults . exploitation is a theme of sugar cookies , and one wonders if the cast has not fallen prey to said theme . a weird movie with enticing visuals shadows and contrast are prominent . definitely worth a look , especially from fans of warhol and stylish decadence . through all the cruelty and wickedness , a moral , albeit twisted , can be gleamed .",1,0
"i have very fond memories of this film , as i saw it with my two younger sisters when it first shown theatrically in 1977 and i was eight years old . apparently it was deemed a failure and is now practically forgotten the panand scan videocassette which never did justice to the picture or it's ambitious panavision compositions is now outof print . the film is very stylized shades of yellow submarine and admittedly uneven . some of the characters and sequences are exquisite while others are somewhat juvenile and undistinguished . the sad discarded blue camel shades of eeyore and his blue song are truly heartwarming . joe raposo's songs are for the most part simply beautiful . definitely a worthwhile curiousity that will probably sadly fall into total obscurity .",1,0
"a quick glance at the premise of this film would seem to indicate just another dumb '80's inbredbackwood slashfest ; the type where sex equals death and the actors are all annoying stereotypes you actually want to die . however , jbd delivers considerably more . br br rather than focus on bare flesh and gore though there is a little of each no sex however , the flick focuses on delivering impending dreadmounting tension amidst a lovely scenic backdrop . these feelings are further heightened by a cast of realistically likable characters and antagonists that are more amoral than cardboard definitions of evil . oh yeah george kennedy is here too and when is that not a good thing ? br br if you liked wrong turn , then watch this to see where much of its' methodology came from .",1,0
"swift's socialism and pacifism come through against all odds in this well done remake . did you know there is no hyphen after well ? fact . he meets warlike miniatures , socialist giants , headintheclouds literally philosophers , and pacifist horses who rule over yahoos nearly neanderthal humanoids . is that where yahoo came from ? we also meet the dastardly dr . bates , the devoted mary gulliver , the sweet and devoted son thomas , and the full cast of a truly horrific 19th century lunatic asylum . suspension of disbelief comes easily , and our 7 and 12yearold girls enjoyed it as much as my husband and i did . sorry for the length , imdb requires 10 lines .",1,0
"i just want to say that chris diamantopoulos's role as williams for that entire show , was emmy worthy . it was uncanny how well he did . and to be as rapidfire and as random and as creative as robin williams really is . . . . wow . there were scenes where diamantopoulos had to say probably 20 rapid fire lines and do 15 different characters while delivering those lines , all while sounds as much like robin williams doing those characters . . . . . well , that my friends is impressive acting . its one thing to do a robin williams impersonation for a couple of minutes . its another to do it for a whole tv movie . br br i don't know how i felt about the whole show , and i don't know how much they played with the facts , but i do know that it was chris diamantopoulos that kept me watching . so for that , i give him a 10 .",1,0
"in new orleans , an illegal immigrant feels sick and leaves a poker game while winning the smalltime criminal blackie walter jack palance . he is chased by blackie and his men raymond fitch zero mostel and poldi guy thomajan , killed by blackie and his body is dumped in the sea . during the autopsy , the family man lieutenant commander dr . clinton reed richard widmark of the u . s . public health service finds that the dead man had pneumonic plague caused by rats and he needs to find who had any type of contact with the man within fortyeight hours to avoid an epidemic . the city mayor assigns the skeptical captain tom warren paul douglas to help dr . clint to find the killers that are infected with the plague and inoculate them . br br panic in the streets discloses a simple story , but it is still effective and with a great villain . the engaging plot has not become dated after fiftyseven years . jack palance performs a despicable scum in his debut , and the camera work while he tries to escape with zero mostel is still very impressive . my vote is seven . br br title brazil pnico nas ruas panic in the streets",1,0
"in this episode , a man and his dog go 'coon huntin' after eating dinner with his wife of 50 years . he's devoted to his wife and his dog . br br while hunting , his dog jumps in the river after the dog and he follows . the man dies and doesn't know it . he tries to talk to his wife and his grave diggers to no avail . br br what follows is a tug of war between heaven and hell for the man's soul and his dog helps make the decision . he's being tricked by the devil and won't go in to heaven unless his dog comes with him . br br it makes you wonder if all the animal lovers have the right idea and want to go to heaven with them .",1,0
"to say i wasn't expecting much sitting down to watch the couch trip is an understatement . i had no idea what it was about i thought it was going to be a journey into the realm of sexuality when i heard chevy chase played a condom man and the movie's title involves the word couch trip , wink , wink . then i figured out that it had something to do with a mental institute and a patient escaping . my expectations dropped even lower . br br i was literally expecting a grin movie the type where you grin once and walk out feeling a bit cheated . and in a way , this is cheap comedy it doesn't have the greatest gags , the plot is ludicrous , but you know what ? i had a big dumb smile on my face the entire time i was watching it . br br dan aykroyd plays john burns , a patient at a mental hospital who may or may not actually be mental . he gives the psychiatrist , lawrence baird david clennon , plenty of grief and misery , which leads us to believe he is a sane person after all . br br following a little bit of a riot in the mental institute's cafeteria , burns is awaiting a tonguelashing from baird in his office when the phone rings . burns picks it up , pretends to be baird , and finds out the caller on the other line , harvey michaels richard romanus , wants the real dr . baird to come fill in for a radio shrink named george maitlin charles grodin , who is taking a vacation with his wife , vera mary gross . michaels wants baird so bad he has even booked him a ticket on an airplane . br br burns escapes the institute with the help of a receptionist , and drives to o'hare . he gets dr . baird's ticket , gets on the plane , and eventually poses on the air as dr . baird . his show is a phenomenal success . people love him ! one man says , and the other man replies , it's because he actually cares about them . br br donald becker the late , great walter matthau is an exmental patient who recognizes burns' clothes to be confinementissued pants and shirts . to keep him quiet , burns promises becker a percentage of his income . the secret is kept closed . br br meanwhile , maitlin and his wife get in an argument . he flies home to end his vacation short and realizes that the man on his talk show is not , in fact , dr . baird after all , but no one believes him . he gets the real dr . baird , but unfortunately he has lost his id so the police take them as nutcases and don't listen to their story . br br let me name just a few of the plot holes i noticed while watching this film burns poses as dr . baird , but is never asked for his id , even when claiming his plane ticket he was robbed , he says , but they would still make sure he is baird . if burns becomes so very famous , how come the real dr . baird in chicago never heard people talking about him ? word travels . and finally , why would the police ever arrest maitlin and baird the real baird , that is without following up on their stories ? br br to be frankly honest , i couldn't care less . i went into this movie with a closed mind and it surprised me i really liked it . it entertained me . its ideas are essentially ludicrous and not at all realistic , but dan aykroyd gives a truly spirited performance as a halfaloon that makes the couch trip a trip worth taking . br br 3 . 55 stars br br john ulmer",1,0
"a noted cinematic phenomenon of the late eighties and early nineties was the number of oscars which went to actors playing characters who were either physically or mentally handicapped . the first was marlee matlin's award for children of a lesser god in 1986 , and the next ten years were to see another best actress award holly hunter for the piano in 1994 and no fewer than five best actor awards dustin hoffman in 1988 for rain man , daniel daylewis in 1989 for my left foot , al pacino in 1992 for scent of a woman , tom hanks in 1994 for forrest gump and geoffrey rush in 1996 for shine for portrayals of the disabled . matlin , who played a deaf woman , is herself deaf , but all the others are ablebodied . br br this phenomenon aroused some adverse comment at the time , with suggestions being made that these awards were given more for political correctness than for the quality of the acting . when jodie foster failed to win best actress for nell in 1994 some people saw this as evidence of a backlash against this sort of portrayal . my view , however , is that the majority of these awards were well deserved . i thought the 1992 award should have gone to either clint eastwood or robert downey rather than pacino , but apart from that the only one with which i disagreed would have been hanks' , and that was because i preferred nigel hawthorne's performance in the madness of king george . in that film , of course , hawthorne played a character who was mentally ill . br br my left foot was based upon the autobiography of the irish writer and painter christy brown . brown was born in 1931 , one of the thirteen children of a workingclass dublin family . he was born with cerebral palsy and was at first wrongly thought to be mentally handicapped as well . he was for a long time incapable of deliberate movement or speech , but eventually discovered that he could control the movements of one part of his body , his left foot hence the title . he learned to write and draw by holding a piece of chalk between his toes , and went on to become a painter and a published novelist and poet . br br life in workingclass dublin in the thirties and forties could be hard , and the city jim sheridan himself a dubliner shows us here is in many ways a grim , grey , cheerless place , very different from our normal idea of the emerald isle . sheridan and daylewis were later to collaborate on another film with an irish theme , in the name of the father . against this , however , must be set the cheerfulness and spirit of its people , especially the brown family . much of christy's success was due to the support he received from his parents , who refused to allow him to be institutionalised and always believed in the intelligence hidden beneath a crippled exterior , and from his siblings . we see how his brothers used to wheel him round in a speciallymade cart and how they helped their bricklayer father to build christy a room of his own in their back yard . br br the film could easily have slid into sentimentality and ended up as just another heartwarming triumph over adversity movie . that it does not is due to a number of factors , principally the magnificent acting . in the course of his career , daylewis has given a number of fine performances , but this , together with the recent there will be blood , is his best . he is never less than 100 convincing as christie ; his tortured , jerky movements and strained attempts at speech persuade us that we really are watching a disabled person , even though , intellectually , we are well aware that daylewis is ablebodied . the other performances which stand out are from fiona shaw as his mentor dr eileen cole , from hugh o'conor as the young christy and from brenda fricker as christy's mother which won her the best supporting actress award . br br the other reason why the film escapes sentimentality is that it does not try to sentimentalise its main character . christy brown had a difficult life , but he could also be difficult to live with , and the film gives us a warts and all portrait . he was a heavy drinker , given to foul language and prone to outbursts of rage . he could also be selfish and manipulative of those around him , and the film shows us all these aspects of his character . of course , it also shows us the positive aspects his courage , his determination and his wicked sense of humour . daylewis's acting is not just physically convincing , in that it persuades us to believe in his character's disability , but also emotionally and intellectually convincing , in that it brings out all these different facets of christy's character . his oscar was won in the teeth of some very strong opposition from the likes of robin williams and kenneth branagh , but it was well deserved . 810",1,0
"i'm always surprised , given that the famous title track of 2001 is called also sprach zarathustra , that nobody nobody i've read , anyway has noted the parallels between the movie and nietzsche's famous work , also sprach zarathustra . the idea of man's rebirth into a star child ; an infant form of an indescribably more advanced being , is an explicit part of n . 's zarathustra ; there is a prominent passage called on how a camel becomes a lion , and a lion becomes a child , in which n . describes the first incarnation of the overman as a child , transcending both the ascetic , altruistic side of man the camel ; always asking to bear more weight and the rapacious , brutish , willtopower side of man the lion . the fact that the song plays during the star child sequence can hardly be coincidence . and also , zarathustra said that man is a rope tied between beasts and the overman . the structure of the movie fits that description a brief history of man as beast , until we become truly man by mastering weapons and acquiring reason , then a long sequence about man the rope , as it were , and then a brief glimpse of the overman . the inscrutability of how these transformations occurred , and the suggestion that an external force caused them , is also nietzschean ; in zarathustra , he makes it pretty clear that he doesn't have a clue how people are going to be able to enact these changes themselves and suggests that we will have to depend on an outsider zarathustra to show us how to go under . bowman's psychedelic sequence at the nearend could be seen as kubrick's best 1960'sstyle attempt at depicting the mystical going under . br br i know these parallels are pretty broad , and almost certainly have been noted elsewhere despite the fact that i have not personally seen it . but i just wanted to mention them , if for no other reason than to try to dispel the myth that nietzsche was ultimately a gloomy philosopher . few people find the ending of 2001 to be gloomy , and it is in my opinion , explicitly and unmistakeably nietzschean . the case could certainly be made that 2001 is above all a dramatization of zarathustra updated for the modern age . feel free to disregard the outright snobbishness of my tying everything to nietzsche .",1,0
this film is about a teen who is struggling with his social status in school . he is a good christian and feels that he is missing out on all the fun in high school . so he wishes he had never become one . after getting his wish and trying a worldly lifestyle he realizes that his quality of life has been dramatically diminished and wants to go back to being the person that he was . good familyoriented film with a positive message of being proud of who you are even if you're not the most popular .,1,0
"br br wellknown comedians meekly admit they wish they could do real satire like bill hicks . inbetween these pitiful testimonies , we are treated to what an exceptionally talented comedian can achieve when he could otherwise be chasing fame and fortune . he didn't get his own talk show , but at least he was no one's puppet .",1,0
"watching the preview of armored i thought the movie was either going to be a very bad or a very good film . thankfully , the movie was entertaining , suspenseful , and realistic . there never is the perfect crime , and armored showed why . the movie show perfectly when people get into stressful situation they behave like animals . the last hour of the film is very entertaining . matt dillon is still a very good actor . hard to believe dillon is 50 years of age . i would buy this movie . i give armored eight out of ten . not a christmas movie . did i write ten lines yet ? nope ! anyways , there is not to many action films . armored has a lot of excitement in it , which gives the movie goer a choice over another comedy .",1,0
"there's a sign on the lost highway that saysbr br major spoilers aheadbr br but you already knew that , didn't you ? br br since there's a great deal of people that apparently did not get the point of this movie , i'd like to contribute my interpretation of why the plot makes perfect sense . as others have pointed out , one single viewing of this movie is not sufficient . if you have the dvd of md , you can cheat by looking at david lynch's top 10 hints to unlocking md but only upon second or third viewing , please . ; br br first of all , mulholland drive is downright brilliant . a masterpiece . this is the kind of movie that refuse to leave your head . not often are the comments on the dvds very accurate , but vogue's it gets inside your head and stays there really hit the mark . br br david lynch deserves praise for creating a movie that not only has a beautifully stylish look to it cinematographywise , has great acting esp . naomi watts , a haunting soundtrack by badalamenti , and a very dreamlike quality to it but on top of it all it also manages to involve the viewer in such a way that few movies have before . after all , when is the last time you saw a movie that just wouldn't leave your mind and that everyone felt compelled to talk and write about , regardless of whether they liked it or hated it ? br br allright , enough about all that , it's time to justify those statements . br br most people that have gone through some effort to try to piece the plot together will have come to the conclusion that the first half of the picture is an illusiona dream sequence . br br of course , that's too bad for all those trying to make sense of the movie by expecting traditional methods in which the story is laid out in a timely , logic and linear manner for the viewer . but for those expecting that , i urge you to check the name of the director and come back again . ; br br md is the story of the sad demise of diane selwyn , a wannabeactor who is hopelessly in love with another actor , camilla rowles . due to diane's lack of talent , she is constantly struggling to advance her career , and feels she failed to deliver on her own and her parents' expectations . upon realizing that camilla will never be hers c . becomes engaged with adam kesher , the director , she hires a hitman to get rid of her , and subsequently has to deal with the guilt that it produces . br br the movie first starts off with what may seem as a strange opening for this kind of thriller ; which is some 50s dancejitterbug contest , in which we can see the main character betty giving a great performance . we also see an elderly couple which we will see twice more throughout the movie together with her , and applauding her . br br no , wait . this is what most people see the first time they view it . there's actually another very significant fact that is given before the credits the camera moving into an object although blurry and the scene quickly fading out . if you look closely , the object is actually a pillow , revealing that what follows is a dream . br br the main characters seen in the first half of the moviebr br betty diane selwyn's imaginary self , used in the first half of the movie that constitutes the dreamsequence a positive portrayal of a successful , aspiring young actor the complete opposite of diane . 'betty' was chosen as the name as that is the real name of the waitress at winkies . notice that in the dream version , the waitresses' name is 'diane' . br br rita the fantasy version of camilla rhodes that , through diane's dream , and with the help of an imaginary caraccident , is turned into an amnesiac . this makes her vulnerable and dependent on diane's love . she is then conveniently placed in bettydiane's aunt's luxurious home which betty has been allowed to stay in . br br coco in real life , adam's mother . in the dream part , the woman in charge of the apartment complex that betty stays in . she's mainly a strong authority figure , as can be witnessed in both parts of the film . br br adam the director . we know from the second half that he gets engaged with camilla . his sole purpose for being in the first half of the movie is only to serve as a punching bag for bettydiane , since she develops such hatred towards him . br br aunt ruth diane's real aunt , but instead of being out of town , she is actually dead . diane inherited the money left by her aunt and used that to pay for camilla's murder . br br mr . roach a typical lynchian character . not real ; appears only in diane's dream sequence . he's a mysterious , influential person that controls the chain of events in the dream from his wheelchair . he serves much of the same function as the backwardstalking dwarf which he also plays in twin peaks . br br the hitman the person that murders camilla . this character is basically the same in both parts of the movie , although rendered in a slightly more goofy fashion in the dream sequence more on that below . br br now , having established the various versions of the characters in the movie , we can begin to delve into the plot . of course i will not go into every little detail neither will i lay it out chronologically , but i will try to explain some of the important scenes , in relation to lynch' hintsheet . br br as i mentioned above , camilla was reproduced as an amnesiac through her improbable survival of a caraccident in the first 10 minutes of the movie , which left her completely vulnerable . what i found very intriguing with md , is that lynch constantly gives hints on what is real and what isn't . i've already mentioned the camera moving into the pillow , but notice how there's two cars riding in each lane approaching the limo . br br only one of the cars actually hit the limo ; what about the other ? even if they stayed clear of the accident themselves , wouldn't they try to help the others , or at least call for help ? my theory is that , since this is a dream , the presence of the other car is just set aside , and forgotten about . since , as rogert ebert so eloquently puts it like real dreams , it does not explain , does not complete its sequences , lingers over what it finds fascinating , dismisses unpromising plotlines . br br shortly after rita crawls down from the crash site at mulholland dr . , and makes her way down the hillside and sneaks into aunt ruth's apartment , betty arrives and we see this creepy old couple driving away , staring ghoulishly at each other and grinning at themselves and the camera . this is the first indication that what we're seeing is a nightmare . br br although the old couple seem to be unfamiliar to betty , i think they're actually her parents since they were applauding her at the jitterbug contest . perhaps she didn't know them all that well , and didn't really have as good a relationship with them as she wanted , so the couple is shown as very pleasant and helpful to her in the dream . they also represent her feelings of guilt from the murder , and diane's sense of unfulfillment regarding her unachieved goals in her life . br br a rather long and hilarious scene is the one involving the hitman . diane apparently sees him as the major force behind the campaign trying to pressure the director to accept camilla's part in the movie from adam's party in the second half of the movie , and he therefore occupies a major part of her dream . because of her feelings of guilt and remorse towards the murder of camilla , a part of her wants him to miss , so she turns him into a dumb criminal . br br this scene , i think , is also lynch's attempt at totally screwing his audience over , since they're given a false pretence in which to view the movie . br br gotta love that 'something just bit me bad' line , though . br br the next interesting scene is the one with the two persons at twinkies , who are having a conversation about how one of them keep having this recurring nightmare involving a man which is seen by him through a wall outside of the diner that they're sitting in . after a little talk , they head outside and keep walking toward the corner of a fence , accompanied of course by excellent music matching the mood of the scene . br br when reaching the corner , a bumlike character with a disfigured face appears out from behind the corner , scaring the living crap out of the man having the nightmare . this nightmare exists only in diane's mind ; she saw that guy in the diner when paying for the murder . so , in short , her obessions translate into that poor guy's nightmares . the bum also signifies diane's evil side , as can be witnessed later in the movie . br br the cowboy constitutes along with the dwarf one of the strange characters that are always present in the lynchian landscape diane only saw him for a short while at adam's party , but just like our own dreams can award insignificant persons that we hardly know a major part in our dreams , so can he be awarded an important part in her dream . we are also given further clues during his scenes that what we're seeing is not real his sudden disappearance , etc . br br the cowboy is also used as a tool to mock the director , when he meets up with him at the odd location the lights here give a clear indication that this is part of a dream . also notice how he says that he will appear one more time if he adam does good , or two more times if he does bad . throughout the movie he appears two more times , indicating to diane that she did bad . he is also the one to wake her up to reality that scene is probably an illusion made to fit into her requirements of him appearing twice , and shortly thereafter she commits suicide . br br the espressoscene with the castigliane brothers where we can see badalamenti , the composer , as luigi is probably a result of the fact that diane was having an espresso just before camilla and adam made their announcement at adam's party in the second half . it could at the same time also be a statement from lynch . br br during the scene in which they enter diane's apartment , the body lying in the bed is camilla , but notice how she's assumed diane's sleeping position ; diane is seeing herself in her own dream , but the face is not hers , although it had the same wounds on the face as diane would have after shooting herself . this scene is also filled with some genuine lynchian creepiness . since diane did not know where or when the hitman would get to camilla and finish her off , she just put her into her own home . br br in real life , diane's audition for the movie part was bad . in her dream , she delivers a perfect audition leaving the whole crew ecstatic about her performance . br br also interesting is the fact that the money that in reallife was used to pay for camilla's murder now appears in ritacamilla's purse . this is part of diane's undoing of her terrible act by effectively being given the money back , as the murder now hasn't taken place . br br when her neighbor arrives to get her pianoshaped ashtray , another hint is given ; she takes the ashtray from her table and leaves , yet later when camilla and betty have their encounter on the couch , we see the ashtray appear again when the camera pans over the table , suggesting that betty's encounter with the neighbor was a fantasy . br br the catch phrase of the movie adam is auditioning actresses for is she is the girl ; which are the exact same words that diane uses when giving the hitman camilla's photo resume . br br the blue box and the key represent the major turning point in the movie , and is where the true identities of the characters are revealed . there's much symbolism going on here ; the box may represent diane's future it's empty , or it may be a sort of a pandora's box the hitman laughs when she asks him what the key will open . either way , it is connected to the murder by means of the blue key which is placed next to her after the murder has taken place . the box is also seen at the end of the movie in the hands of the disfigured bum . br br club silencio is a neat little addition to further remind the viewer that what she is viewing is not real . it also signifies that diane is about to wake up to her reality her reality being a nightmare that she is unable to escape from , even in her dreams . br br during the chilling scene at the end where the creepy old couple reappear , diane is tormented in such a way that she sees suicide as the only way out in order to escape the screams and to avoid being haunted by her fears . br br anyway , that is my 0 . 02 . hope this could help people from bashing out at this movie and calling it 'the worst movie ever' or something to that effect , without realizing the plot . br br as usual , lynch is all about creating irrational fears , and he certainly achieves that with this picture as well . br br 10 out of 10 .",1,0
"you got to love this movie ! i mean , what other swedish splatter movie could be so evil , bizarre and totally cruel . . . the whole movie is stuffed with some kind of weird humor , like the old cencoreguy just blows his head off and the boss just wipes the blood off his glasses and says with a mean voice your fired ! ! ! wouppie ! ! !",1,0
"well , i'm not about to add to the diatribe that's been 'preached' about this film . br br all i can add is that at no time does it even pretend to be a 'historic' picture . unlike 'braveheart' , 'titanic' or 'the patriot' all of which have very credible and serious historical amendments , purely for theatric effect possible the worst of excuses . br br has everyone taken a sense of humor bypass ? br br all i can add is a paraphrase from the good captain macleane 'it lookedbr br fantastic and we have a bloody good laugh' . br br one last point . what astonishes me is that there are comments relating to the 'modern music' in a historic setting . i wonder if the same people made the same judgment about moulin rouge . i suggest not .",1,0
the first review i saw of page 3 said what is madhur bhandarkar finally wants to say ? . should he say something so decisive . br br the most beautiful thing about page 3 is it doesn't take sides . no propaganda whatsoever . this is the film that captures so many angles of an issuei don't know what do i call as an issue here and yet like any mediocre movie doesn't come up with an solution . i was so intrigued when i realized that the movie ended almost in the same scenario just like it started . br br the movie defines so many characters who are completely with completely different priorities and different ideologies and yet they are all a part of the system which is all the more apathetic . i wish i can say more but there would be more spoilers ahead . so watch page 3 if you wanna see one of the most mature films of the recent times .,1,0
"i saw this movie at a college film festival back in the 70's i have been waiting forever for this movie to come out on video finally it's out . it was made in brazil , so i assumed that was why it hadn't made it to video yet . i have been checking video stores for the past 15 years waiting for this outstanding movie to come out ! it is one of my alltime favorites but be warned , it is weird , like werner herzog weird its weirdness stems from its superrealism . br br the movie is based on a true incident back a few centuries ago , in precolonial times , when europeans were first encountering the tribes in the amazon . a white man is mistaken by a savage tribe of cannibals as their enemy , so they intend to kill him . before they dispatch him , though , they make him part of their tribe their custom . the entire movie is like watching a national geographic documentary as he becomes an accepted member of their tribe . that's it . cosmic plotline ? no . intense insight into the variety of human life ? definitely . br br oh yeah . . . be warned . . . this film has definite nudity this is not some hollywood schlock flick about noble savages . . . this film tells it like it was reread above national geographic , superrealismbr br",1,0
this is a must see for anybody who loves thriller's specially political thriller . one scene that stands out is milgram experiment it is shot to perfection very rarely do we get to see a movie shot and scripted the way this movie is presented . br br the movie starts with a kennedy like assassination and a three member team is constituted to investigate the assassination . however one of the member does not agree with the final findings of the committee . as per the terms set that member would initiate a one man investigation into the assassination . this investigation gets him involved in into to deep and dark secrets of high office politics and the way they are controlled .,1,0
"good film . tells a boyish fantasy story , telling us how trapped we are in social situations and what kind of extreme measures one has to take to behave differently . or at least the feeling that you have to break every rule if you are to break one . if you wanted to express love for someone you don't know , how would you do it without creating a pressing social situation ? also it's about the fascism of deciding over others cultural life , of what kind of culture that is jammed down our throats . what gives disney or fox or the suicide bomber the right to decide what is our choice . are one not allowed to drink the morning coffee by one self . do we have to listen to the nrj shouting , see the stupid tabloid headlines and the street commercials before we even have had our morning coffee ?",1,0
"when i heard about hammerhead being released on dvd and finally found it at my local dvd store , i thought well , just another cheap monster movie from nu image . those guys around boaz davidson and avi lerner produced cheap but very entertaining b pictures in the past few months but also some very disappointing movies . so i didn't expect much , especially after having watched the rather disappointing shark zone just a few days before . but hammerhead turned out to be an excellent revival of the 1950s monster movies . we have a mad scientist , a group of people in a dangerous situation , screaming women and damsels in distress , maneating plants and of course we have the creature , a huge mutant mix between a man and a hammerhead shark . everything you need for an entertaining monster movie . the only thing missing are graphic sex scenes and nudity which you expect in movies of this kind , but since the movie was made for tv it's understandable why these scenes are missing . and it doesn't matter anyway cause hammerhead is action and horror entertainment at it's best . there are two reasons why i gave it seven out of ten points , though first of all , the monster isn't seen very often and the showdown with the destruction of the creature is too fast and poorly done , and secondly , william forsythe just isn't the right guy for the hero part and for falling in love with gorgeous hunter tylo . other than that , i can highly recommend this movie for any monster movie fan out there . grab yourselves a cool drink and some popcorn , watch this movie and have fun . jasper p . morgan",1,0
"as far as fake documentaries go fakumentaries anyone ? , this one is up there with the best ! it looks very real and that is what it aims for . in recent light of events guantanamo this movie is even scarier , so you could say it was ahead of it's time , when it was released in the 70s ! br br one can only hope that a government like that doesn't exist ! looking for terrorists and interviewing people just like that ? of course the people interviewed all seemed to have the same 70s mentality screw the politicians and politics in general . maybe that wasn't so clever one might think . . . but hey , don't forget it's only a movie ! ; o",1,0
"strike force or the librarians is a fun action movie that doesn't it take itself too seriously . william forsythe stars as simon , who is looking for a missing daughter of a wealthy client . he meets up with sandi erika eleniak who is also looking for someoneher sister . but there are evil bad guys afoot . the most evil of them all is marcos canarious andrew divoff . marcos likes to kill people . so now , simon and sandi have to team up to bring down the villains . the whole cast is great , with divoff stealing the movie . there are also cameos by ed lauter and burt reynolds . if you are looking for a good action film , watch this and have a good time .",1,0
"remember that friend in college who always insisted you rent the weirdest movie possible ? this is the movie he would have made if he'd had the chance . br br i wish i could tell you exactly what sea of dust was about . it pretends to be the story of a doctor who gets sucked into weird goings on in the black forest . he goes there to help , but ends up being caught between two young women , both of whom he seems to have a thing for . but that's just scratching the surface . this is the kind of movie where things just randomly happen . . . and not nice thing . people are constantly being whipped and stabbed . there's a pair of creepy little girls who appear to have walked out of the shining . tom savini is some kind of imaginary religious figure who decides he doesn't want to be imaginary anymore . he's got a plan to take over the world by sharing jesus suffering . br br on some level , this is a movie about sex . it's one without nudity , which was a disappointment , but there's no mistaking the intent . on another whole level , it's a stoner's paradise . unexpected stuff happens so often that it stops being unexpected . by the time the doctor travels through his girlfriend's birth canal to be reborn , you'll just chalk it up to the crazy nature of the flick . br br on the down side , the film is pretty wordy . some of the points are hammered home over and over . if you're watching it with a bunch of stoned friends , this might prove an asset .",1,0
"niagra niagra was certainly not the best movie i have seen . however . , i cannot describe the way the movie made me feel while watching it and how i felt as it ended and also how i feel about it now . very few movies have such an effect on me . i like them or i do not . i look at niagra niagra as a work of art . we all see something in it and it may remind us of something or it may instill fear or fun etc . . . this movie had me in not the best mood . in fact it left me feeling empty somehow . i guess because the lives these two persons led were so empty in so many ways . they had no direction . their only direction was to have no direction . they had many problems to deal with and i guess needed to get away from what could not have been a happy life . but on the way things really only got worse . a steady decline from where it started . it was sad as it was so well acted and i guess we have all most likely seen someone in some situation that may in some way resemble the situation these folks were in . they might have had a good life if they had any idea how . but it wes clear they did not know what to do . so they kind of rambled to someplace they had heard about . no real goal . they had no idea how to have a goal . they had no idea how to overcome the life that was set before them . i felt bad but could not stop watching the movie . only good actors can make me feel so much about a movie that i would not like if just anyone played the parts . these two did a great job to the point you just did not see the acting . i am very impressed and want to buy the movie when it is available on dvd . you know . it left me feeling a little like leaving los vegas did . but again it is in a class of its own . not a great movie but well worth an hour or two on the right day . if you are a person who has problems i would not suggest you watch it . it could depress you . it depressed me and i have not the conditions these folks had . jimmyjoejetter",1,0
"i caught this movie on the scifi channel recently . it actually turned out to be pretty decent as far as blist horrorsuspense films go . two guys one naive and one loud mouthed a take a road trip to stop a wedding but have the worst possible luck when a maniac in a freaky , makeshift tanktruck hybrid decides to play catandmouse with them . things are further complicated when they pick up a ridiculously whorish hitchhiker . what makes this film unique is that the combination of comedy and terror actually work in this movie , unlike so many others . the two guys are likable enough and there are some good chasesuspense scenes . nice pacing and comic timing make this movie more than passable for the horrorslasher buff . definitely worth checking out .",1,0
"totally disgusting and cheap bawdy humor . i loved it ! ! ! it is the most disgusting and totally horribly acted film , except for nicolas read , who plays an undead court jester , to comic brilliance . but being that as it may , i laughed so many times and i have to hand it to the film makers , it wasn't pretentious or ordinary in any way . raping , fighting , zombies vomitting on their rape victims . what other movie has this ? not for the quesy , but with a pizza , a bong , and a six pack of beer , you got it made , if you have a cast iron stomach and a juvenille sense of humor like myself .",1,0
"overall , i agree wholly with ebert's review . in a sense , i feel that i should not even be commenting since it is so much a vet's movie and i am not a vet i was a resister . the flaw is that martha is badly underdeveloped and does not act consistently . my guess is that stephen metcalfe is a vet himself and spent too little planning time on her character .",1,0
"may i never have to go to this hospital or hospice , if i want to be politically correct which ass coined this asinine phrase , anyway ? , for anything other than directions on how to get out of town . george c . did a masterful job playing the burned out , over worked cynic who has come to the conclusion that his life has been a waste , but is helpless to change his environment or conditions even when given a golden opportunity which probably wasn't so golden anyway . i got several laughs out of this brutally black comedy , however at the same time was sobered and often chilled to the marrow because i fear this very atmosphere pervades most houses of healing even as i write .",1,0
"br br br br 5 years ago if you were to watch an australian film you would expect to see crocodile hunters , stories of war , drag queens , kangaroos and koalas , and australians in general being represented as nitwits living off the land , saying words like cobber' and generally being the classic underdog . br br luckily australian film has evolved over the last couple years and is churning out modern day classics' such as blackrock , moulin rouge , chopper , yolngu boy and sample people . br br in this evolution of film we also find two hands . br br set in sydney's kings cross , two hands is a black comedy about crime and survival in the rough end of town . pando , played by bryan brown , is a sydney mob boss . he's the king of organised crime wearing thongs , carrying a stubby and helping his son with his origami . he's vicious , but real . as are his mob' , holding gun's to someone's head in one scene and then playing boardgames in the next . they are well respected and if they ask you for a favour , you don't say no . br br enter jimmy , played by heath ledger . jimmy is your average aussie guy in his early twenties . he's a good guy who wants to make a name for himself without getting on anyone's bad side , so when pando asks jimmy to deliver 10 , 000 , jimmy accepts . br br things start to get exciting when 2 teenagers manage to steal the money while jimmy is at the beach . so now jimmy is 10 , 000 in dept to a major mob boss . from here we start to see all the interconnecting stories with jimmy and his attempt at a bank robbery to recover the money , jimmy and alex the love interest , played by rose byrne , pando trying to find jimmy and , of course , the two teenagers and their new found prosperity . the concept is deepened by the narrator , jimmy's dead brother , michael , who was killed by pando and his gang years earlier . br br in the end all the storylines connected really well with a surprise twist to shock and stun the audience . i thoroughly enjoyed it . br br",1,0
"in what appears an attempt to mix drama and comedy , manuel gomez pereira made this film , 'things that make life worthwhile . it is not an original discovery , by many voice you have quite off the pitch , by the way , but it departs somewhat from the norm in the spanish cinema . the downside is that the elements forming the film are poorly combined , and while some points are not well developed , others are out of place . a day in the lives of two people close to the median age . it's basically what the movie gmez pereira . jorge eduard fernandez is a stationary parado one which , despite load on your back with a drama major , seems willing to see things change . only this explains his commitment to a minor could mean a turning point in its existence . in line with audrey tautou of 'long dating' jeanpierre jeunet , 2004 , jorge says things like this to herself if i find a coin before the corner that is now going to change my luck . of course it finds it , begins to play 'today could be a great day' hoy puede ser un gran diaby joan manuel serrat and in a few crosses on its way hortensia ana belen . she is another woman entry age , divorced and a little lonely . take valeriana for sleeping , organizes birthday parties as an exemplary mother , said her belief in god and leads to a speed of homicidal mother . hortensia is a woman of many contradictions in his behavior , life was going in his head driving data as 70 of people fall in love only once in a lifetime and said although it is short of jorge and unemployed and does not preclude the possibility that it is a sadistic sleeping in his shoulder in the cinema at the earliest opportunity . later came a communion , a dance in the luxurious wedding banquet , the back of a car and other things that players seem to live unique experiences like that but end up doing quite heavy for the viewer . 'things that make life worthwhile' debate between us is the drama of two adult persons who have no other that leads them to see where their strange relationship and , conversely , make us take the case as a comedy , focusing on things like a chinese singing at a wedding which seem to be amusing in itself or the gait of a drunk person . the problem is that it does not leave us time to connect with the players , therefore we can not identify with the dramatic , and not give us a solid base comic too , leaving everything except pure joke . in the end , all mixed in a way that the viewer no longer know very well whether to laugh or mourn , and ends up not doing either . and it is true that something is not seen a thousand times , is not the kind of film that we find to bend every corner , but it is not sufficiently different or special as we want to do . ana beln which apparently far less than the 53 years that has in this film and eduard fernandez are two actors who are very enjoyable to see working , but this time it seems ready or comfortable enough in scenes that require him to break the calm that prevails in the film , so in moments like the accident with the children of the bar thing seems to be slipping from their hands . perhaps a very dramatic change that has to do , but that is no excuse to lower our guard . in any case , both interpreters are erected easily the highlight of the function . 'things that make life worthwhile' work only up to the modest level of entertainment . any claim that is beyond that point has not been fulfilled , as a romantic comedy or dramatic as that , we presume , they wanted to do , can not afford to have little moments finished successful beyond bad as that in which one of the characters talk and laugh , lost drunk , compared to a boy who remains in a coma in part because of him . neither do much for people like rosario pardo , making the typical friend launched whose biggest contribution to the film is the phrase must be screwed over , and songs from the soundtrack , though significant , not just fit . it is true that the film by manuel gomez pereira has its hits some of the moments involving jose sacristan , but the whole is a anodyne story , a film with good intentions and a nice result when the better .",1,0
"barbra streisand in 1964 was still a curiosity , and probably raised more than a few industry eyebrows when cbs signed her to 10year , 5 million television deal nothing these days . but more important than that , barbra and her manager insisted on creative controland got it . she had this special filmed her way , and for the most part her vision was by turns clever , canny , and incredible . opening act i with the title song not written specifically for her , streisand races through a classy cast of songs linked with i'm late from alice in wonderland ! she even keeps in the line about fuzzy ears and whiskers and too much time to shave ! ; this is a totally charming , if not bizarre , selectionand enjoy it because it didn't make the two soundtrack albums released . she slows down for make believe which gets perhaps too slow , but the dramatic how does the wine taste ? is amazing . a kid again is cute with streisand looking tiny in a huge chairis that where lily tomlin got the idea ? , as is sweet zoo i'm an alligatorcrocodile ? ? no , alligator ! . where is the wonder is very cool and elegant , and her people number , surrounded by an orchestra who tap for her at the song's close , is stunning . act ii is set in new york city's bergdof goodman , with streisand acting kooky in high fashion getups when she playfully stomps on the mink , the audience watching the tape actually gasps . act iii , before a studio audience made up of lucky fan club devotees , begins with a powerful version of when the sun comes out streisand actually looks out of breath at the dramatic close , followed by why did i choose you ? probably her best early song , a tooquick lover , come back to me where she's ultimately drowned out by the orchestra , and a 'funny girl' medley . the finale , happy days are here again , which reportedly took 12 takes , closes the hour in amazing fashion . sponsored by chemstrand a fibermaking company ! , this blackandwhite gem moves fast , with jazzy setups , terrific cinematography , kicky sets and costumes . they really don't make 'em like this anymoreand that pertains to the special and to la streisand .",1,0
"this brass eye special paedogeddon was swamped by complaints more on that later when it was broadcast in 2001 following a national debate around a possible sarahs law following the abduction and murder of school girl sarah payne . in fact its scheduling was delayed while phil collins took legal advice after he found out hed been fooled by the shows maker chris morris into a starting a campaign entitled noncesensebr br if truth be told this show is probably more remembered for the controversy than the content which is in very poor taste but i do confess that i laughed out loud . the edition centres around paedophiles and how society treats both them and their victims . chris morris plays the presenter who tells the audience that an infamous paedophile has been launched into space then confesses that an eight year old child has accidentally been placed into the capsule along with the paedophile . cue the childs frightened screams . like i said very poor taste br br other highlights of the show include dr fox giving a scientific lecture that paedophiles share an identical nervous system to crabs no one knows this but its a scientific fact labour mp barbara follet giving a public warning about equipment paedophiles put on their genitals while surfing the net and kate thornton warning viewers that paedophiles can send gas through the internet which makes young children suseptable to sexual predators including one victim who was once a shy innocent child and who now has the sexuality of a sixty year old colonel . morris also shows a police officer in the child protection squad a serious of photos wanting to know if theyre classed as obscene . the photos included barbie surrounded by a marital aids and a composite photo featuring a young boys head , a dogs body and an erect penis that could only have belonged to john holmes . hey i never said this show was tasteful did i ? br br its impossible to mention paedogeddon without the hypocritical fall out that surrounded it where politicians , childrens organizations and policemen rushed to condemn the show for making fun of a very serious subject . the show was poor taste despite me laughing all the way through it but its a biting satire . perhaps the critics should take a long hard look in the mirror where a liberal elite allows convicted paedophile slime to walk around the streets of britain before they criticise a mere tv show for exacerbating tensions .",1,0
"it's been a while since i've watched this movie , and the series , but now i'm refreshing my memory ! this was a very funny movie based on the classic series ! johnny knoxville and seann william scott were hilarious together . bo and luke duke help uncle jesse run moonshine in the general lee . when boss hogg forces the dukes off their farm , bo and luke sneak around hogg's local construction site and find samples of coal . they soon realize that boss hogg is gonna stripmine hazzard county , unless the dukes can stop him , with the help of their beautiful cousin , daisy . my only two problems with the movie was that burt reynolds wasn't right for the part of boss hogg , and sheriff rosco p . coltrane was way too serious . other than that , i highly recommend the dukes of hazzard ! ! !",1,0
"this was a very good ppv , but like wrestlemania xx some 14 years later , the wwe crammed so many matches on it , some of the matches were useless . i'm not going to go through every match on the card because it would take forever to do . br br however major highlights included the huge pop for demolition winning the tag team belts from haku and andre the giant , the first ever mixed tag match featuring randy savage and sensational queen sherri vs dusty rhodes and the late sapphire and the first ever clash between the ultimate warrior and hulk hogan . br br some matches were a complete waste of time . like the bolsheviks vs the hart foundation was only about 40 seconds long , koko b ware vs rick martel was short and big bossman vs akeem was too short . br br mr perfect vs brutus beefcake and ted dibiase vs jake 'the snake' roberts were very good indeed . br br overall grade b",1,0
"a series of vignettes , most of them spoofing television of the 1970's , but also with some digs at the government and corporate america . one of the longest segments , the dealers is not that funny to me and i don't know what it is parodying . some of the others , though , are absolutely sidesplitting . i particularly enjoy the cooking show segment . most of the foul words i know are used in the movie , and , if you object to full frontal nudity , stay away .",1,0
"when the us entered world war i , the government forced hollywood to churn out propaganda films . the little american is probably the best of the lot because it stars mary pickford . br br pickford plays a young woman torn between two men jack holt german and raymond hatton french , but her decision is delayed because of the war as both men enlist . br br when the ship pickford is sailing on is sunk by the germans think lusitania because it is carrying munitions , pickford has a great scene as she stands on the lifeboat and yells at the german commander . later on , of course , she runs into both holt and hatton when she is being held as a war prisoner at a chteau . br br director cecil b . demille provides one truly great scene in this film as pickford and holt are wandering through a bombedout village . they pass a destroyed church of which only one wall remains standing . against the wall is a very large crucifix . as they stand and watch , the wall collapses but the jesus figure remains , suspended in mid air . it's a very surreal moment in a film that is otherwise very straightforward and unartsy . br br pickford is , as always , a pleasure to watch . she was always a very natural actress who avoided the armwaving histrionics many other actors of the day used . she's also very very pretty . holt is very good here in a leadingman role . hatton is ok . among the list of name actors in extra parts are wallace beery , ramon novarro , colleen moore , ben alexander , hobart bosworth , norman kerry , walter long , james neill , and edythe chapman . br br not a great film , but interesting to see us propaganda at work .",1,0
"surprisingly good early effort from alfred hitchcock . one of the only original screenplays written by hitchcock himself , this film shows remarkable story structure . it kicks off with a rousing boxing match in which carnival champ one round jack loses to a challenger from the audience who happens to be a professional prizefighter . the movie then slows down to develop the characters and introduce a love triangle between jack , his girl and the professional boxer . the rest of the film is a dramatic buildup to the rematch between the two men , this time for the heavyweight crown . even in this early film , hitchcock shows his talent for meaningful cinematography and prop placement . an armband bought for the girl by the boxer continues to pop up throughout the movie as a symbol of her unfaithfulness . the only big detractor of this film is that the art of filming a boxing match had not yet been perfected in 1927 . the final match , as a result , ends up being somewhat anticlimactic . the story , though , is what carries this film through .",1,0
"to many people , beat street has inspired their lifestyle to something creative concerning the hip hop culture . br br the young lee is living in ny in the 80's when hip hop was at its beginning . his a crew member of beat street a bboy crew . the movie follows lee in his average day , dancing , graffitiing , etc . br br the director has succeeded in making a movie with a plot and at the same time presenting hip hop to the rest of the world . the movie has old school features such asbr br afrika bambaataa the soul sonic force , grandmaster melle mel the furious five , the rock steady crew , the new york city breakers , and many more . . . . br br neither the movie beat street nor the beat street spirit will ever die .",1,0
"generally it was a good movie with an ideal ending ; the acting was spectacular and the characters didn't stray from their persons . i especially liked the plot , although you knew what was going to happen it still gave the element of surprise through out the entire movie . however , i find that coming on to the ending it could have been a little longer extended maybe to me it seemed like it was rushed a bit ; as if the writer was trying to take linens off the lines before the rain fell . for instance what happened to tristan's brother , hayden ? for all we know he died in the hospital . maybe he was the one that setup the entire thing ? ! who knows ! maybe there will be a sequel ? maybe ? if there is . . i cant wait to see it .",1,0
"tarzan and jane are living happily in the jungle . some men come looking for ivory and to take jane back to civilization . but jane loves tarzan and refuses to leave . one of the men falls in love with jane and is determined to take her back . . . even if that means killing tarzan . br br this is a raritya sequel that's better than the original . tarzan , the ape man of 1932 was good but had some dreadful special effects and sort of dragged . this one has much better effects and is a lot more adult . there is tons of blatant racism a black man is shot to death point blankand no one really cares but this was 1934 . there's also plenty of blood , gore and violence for a 1934 movie and uncut prints have jane doing a lengthy underwater swim totally nude ! there's also obvious sexual content and tarzan and jane are wearing next to nothing and it's implied they sleep together and have sexwithout being married . this wouldn't bother anyone today but in 1934 this was pretty extreme . br br that aside , the movie is welldirected , very fastmoving and full of adventure and excitement . seeing weissmuller in that skimpy lion cloth is certainly a treat for the eyes and jane's outfit is pretty revealing too . i still think maureen o'sullivan is bad as jane but weismuller is perfect as tarzan . everybody else is ok . br br this is easily the best weismullero'hara tarzan out there . well worth seeing but not for kids !",1,0
nothing great here but a nicely acted story about an abused deaf wife fonda of a small time crook bochnerwho gets involved with one of her husband's plans and his mistress . sutherland and weber are cops drawn into what turns out to be a unmysterious murder investigation and the story just flows along .,1,0
"for those too young to remember , or too old to have been part of the hype , the michael jackson fad in the earlytomid 80's was at a fever pitch like the hype about titanic , except this just didn't let up . every song , every video , every word uttered by michael was important . nothing similar had been seen since the heyday of the beatles . br br i remember seeing this video for the first time , at a roller skating rink . everyone stopped skating . there was no question as to whether you were a michael jackson fan or not ; you were . everyone crowded around the projection screen , and watched the video . . . br br this is probably one of the longest music videos ever made , and definitely the best . it perpetually gets 2 on the annual mtv top 100 videos 1 is always the flavorofthemonth , and somehow whatever was 1 of all time slips past 2 , to make way for the new 1 . go figure . , and thriller became a phenomenon in and of itself . br br if you ever get the chance , you must watch the video ; not just the excerpts shown on mtv or vh1 . if necessary , you should search out making of thriller at a video rental store . hey . . . your parents probably made you watch beatles and woodstock footage because it was important . . . well , this is important too .",1,0
"the whole shorthand for supposedly being more aware in this weird time is that you are blue . the blue state mentality . this is supposed to get us off the hook for what iswas happening during the last few years in our country the usa . it doesn't get anyone off the hook but it makes us feel better , as though we aren't benefiting in any way from living here and getting all the good stuff that a us citizen gets just by being a us citizen . br br but i'm so sick of bitching about this . it doesn't do any good . i haven't taken much action lately and i wonder how many people have . maybe i'm just down because my job was outsourced last month and now i'm looking for work in the shrinking tech support field where most of the jobs are quickly going to india and other places overseas . i'm thinking that soon it's not going to pay off to be a citizen here with the screwed up infrastructure and the shrinking job market and the obsession with war . these days it seems like anyone who speaks out gets jumped and questioned about there patriotism . anyway , back to this review usa the movie is an obscure dvd that makes me realize that some people have taken action , whether it's through politics , protesting or arts or media . the filmmaker is obviously passionate , knowledgeable , willing to go outside the norm , frustrated , unique , astute etc . br br i looked through the whole site that's linked to the dvd and got lost in all the articles , essays etc . that are there . the dvd does that too , has references to different times , views and historical points . sometimes someone does something out there .",1,0
"it's hard to imagine a director capable of such godawful crap as 'notting hill' pulling off something as sensitive and as attractive as this , but well , here's the evidence and it's quite compelling . several have alluded to tv drama , and yes , this does have a seventies play for today feel at times , but is always a cut above , mainly i think owing to some quite superlative acting from anne reid and to a fine script which shadowboxes with clich without ever getting one on the nose , except maybe right at the end . i didn't like either the tracking shot of indifferent goodbyes through the hallway , nor the ohwhatabeautifulmorning final scene she deserved a more studied finale than that i think , after all that hard work . the slippers business was a bit ott too , on reflection . br br what i mean about avoiding clich well , i for one had a sinking expectation that the mature man may's daughter tries to set her up with would be cast in 2 dimensions as a repulsive old bore , so as to point the contrast more painfully with the attractive , virile young geezer he is unwittingly competing with . instead , we get an unexpectedly subtle and sympathetic cameo of a lonely , clumsy , not entirely unlikeable and very human fellow , who nevertheless doesn't have much of a clue about entertaining a woman . it was around that point i started to sit up and pay more attention . here was a script that let the actors breathe and do something interesting with fairly minor parts . almost mike leigh in that respect minus the contrived catharses that the latter inexplicably goes in for . br br and of course i was , as everyone probably was , dumbfounded by what anne reid does with her character and with her body . she's not the repressed , dutiful housewife discovering herself for the first time , this is far too simplistic for the character we have . again and again there are allusions to her having been a bad housewife , not to mention that thing she does with trays , trying to look nurturing and comely and only succeeding in looking awkward . the daughter accuses her of having sat in front of the tv all day instead of , well , whatever her motherly duties might be presumed to have been she has no answer . she never was a model wife and mother , at least not to herself that's where a lot of the poignancy comes from , the sense of someone having wasted a life trying to fulfil a role she simply wasn't good at , ever .",1,0
"i hate reading reviews that say something like , 'don't waste your time , this film stinks on ice . ' it does to that reviewer yet for me , it may have some sort of nave charm . if you like the other 'whistler' series films , this one will be watchable . if you like 40s noirish films , this one will be watchable . br br this film is not as good , in my opinion , as any of the earlier series entries which starred richard dix as the protagonist . it's much slower , and the plot is trite . you've seen this same narrative device used in many other films , and usually better . br br but the acting is good , and so is the lighting , and the dialog . it's just lacking in energy and you'll likely figure out exactly what's going on and how it's all going to come out in the end not more than a quarter of the way through . br br the 'whistler' series is seminoir , and there character , mood , lighting , camera movement and angles are more important than the story itself . but this film is not noir . it's too light weight and hollywood innocent for that . neither richard dix's character nor those of any of his ladies in the previous films had to come to a good end . you just never knew until the end . br br but still , i'll recommend this one for at least a single viewing . i've watched it at least twice myself , and got a reasonable amount of enjoyment out of it both times .",1,0
"i watched it subtitled as it was in russian , but really enjoyed it . the main character sasha was born cursed , with a deadly weapon as an extension of his body . he lived his whole life unhappy because he was different and because anger caused him to do deadly things . br br when sasha finally found love in a young woman named katya everyone tried to take her away from him ending in a deadly battle . there was a fair amount of gore , but not too much for the weak stomached . br br not for people who like the regular old hollywood movie , but for those who enjoy independent films . kinda got the feeling of an asian fantasy film .",1,0
"this was a pretty good film . i'm not sure if this is considered a spoiler comment , but i didn't want to take a chance . anyway , near the end of the film , the prosecutor reads a scripture verse and then quotes another from memory . i can't remember the first passage he reads , but the second one is genesis 96 . he says it's genesis 912 , but he actually quotes verse 6 . this is a common passage that many use to defend capital punishment . it's too bad that prosecutors dare not quote the bible today . did anybody ever hear of john jay , the first supreme court justice in the history of this country ? he said that the bible is the best of all books . too bad we've lost that view in america .",1,0
"previously , i wrote that i loved titanic , cried at its ending many times over , and i'm a guy in his 60's . i also wondered about why this great movie , which won so many awards and was applauded by so many critics , was given only a 7 . 0 rating by imdb . com users . br br well , i looked at the breakdown of the user ratings . while 29 . 0 of all votes gave it a 10 rating , 10 . 7 gave it a 1 rating . these 10 . 7 of these irrational imdb users , in effect , pulled the overall rating down to 7 . 0 . br br in my previous comments , i blamed this very unusual voting pattern a sudden surge in 1 ratings , with a high 10 rating , dropping only gradually and then suddenly reversing course and jumping at the 1 rating level on only one thing hatred for leonardo dicaprio . believe me , i've tuned into enough chat rooms to see the banter by young people young men , mostly , who defame him left and right . they absolutely hate the man , and they will have no part in giving him any credit in titanic . to answer one other user i am not talking about someone who just really doesn't like the movie that much , and gave it a 5 or a 6 , etc . everyone has , and is entitled to , hisher own taste . but no one can convince me that the imdb rating of only 7 . 0 overall for titanic , pulled to that level by an inordinate number of ridiculous 1 ratings , is a fair reflection of the overall motion picture . br br let me demonstrate my point by comparing the imdb user voting pattern of titanic to 5 randomly chosen box office and critical bombs there are many more , but these 5 will prove my point . heaven's gate 1980 was pulled from the theaters quickly after a very poor box office showing , and imdb voters' ratings were 23 . 2 10 ratings and 9 . 2 1 ratings overall rating of 6 . 1 . big top peewee 1988 got 4 . 3 10 ratings and 9 . 9 1 ratings overall rating of 4 . 5 . cat people 1982 got 6 . 1 10 ratings and 2 . 6 1 ratings overall rating of 5 . 8 . blind date 1987 got 3 . 0 10 ratings and 2 . 8 1 ratings overall rating of 5 . 3 . jumpin' jack flash 1986 got 4 . 4 10 ratings and 3 . 7 1 ratings overall rating of 5 . 2 . what do all of these films have in common with titanic ? all of the percentages of their 1 ratings are lower ! ! ! ! than titanic , and none of these stinkers ever was nominated for a single award . again , titanic got 10 . 7 1 ratings ! compare that to the other 5 movies i just mentioned . br br can there be any explanation other than the hatred of leo factor ? br br",1,0
"definitely needed a little work in season 2 . such as the virus between max and logan , and ames white along with his ancient , super cult . during season two , however , the only thing that kept me watching was to see if max and logan would ever get rid of the nasty virus infecting max . very good drama in season two . but of course like all tv shows , if there's something a little wrong with it , the broadcasting company takes it off the air . i was seriously hoping for a third and final season . season 2 leaves you hanging , unless you read the books by max allan collins , then you will know what happens . br br dark angel should be put back on the air for one more season even though it might cost a lot just to get all the original actors again . since jessica alba's carrier sky rocketed after the show . if that would be the case , then there should be a movie to complete it . just like the show firefly , which of course fox canceled as well .",1,0
"don't let any reviews critics , imdb users or mine influence you seeing this movie . i read only the plot premise and became intrigued . after watching , this movie , in my opinion , is definitely worth seeing . it gives a perspective on life that many have probably not contemplated . its is not however , as leland himself says , a movie that can be wrapped up in a neat package with a bow and everything . other user reviews on this website claim to have a psychological background and imply that the story is not feasible . quite obviously they missed the entire point of the movie , which is disappointing . to say the least . br br in short , it is a well acted , well directed movie . the story is not a feel good one , but i feel if you don't come away from the movie feeling good , you may just have missed something . to characterize it as art house is unfair , in my opinion , but as our society likes labels , this is probably the one that fits . if you find you know everything there is to know about the world . . . i'd suggest skipping this one . if you feel movies should be a form of escape from the world . . . you won't find it here . but if you do watch it . . . you just might find something in yourself .",1,0
"just to mention one more thing about gentleman jim . i agree with all the assessments that make this among errol flynn's greatest outings in a career of great outings . i would think this role playing boxer jim corbett is more like his real personality than the swashbucklers he was typecast as . flynn seemed like a party animal from his memoirs and was one guy whose real life was more exciting than his screen life . the extra thing i wanted to point out is notice the great montages , transitions , and still inserts that punctuate the film . although the director was raoul walsh , a frequent collaborator with flynn , with cinematographer sid hickox , the montages were made up by an up and coming editor named don siegel . i never knew siegel went that far back but he's listed right in the credits . he would go on to a great career as action director himself .",1,0
"when i first saw the premiere episode of farscape , i had no idea what to expect . i was immensely impressed and satisfied with premiere . subsequent rewatches , however , have made numerous flaws apparent to me that i missed initially . premiere is not a great farscape episode , but it deserves credit for successfully and efficiently setting up the plot and giving the basic back stories to many of the regular characters . br br the episode begins with john crichton ben browder , an astronaut and scientist , preparing to launch into space in the farscape module , a small space ship perfected by crichton and his friend dk . crichton has a revealing conversation with his father , jack crichton , and then begins his test flight in space . of course , everything goes wrong and crichton is shot through a wormhole and winds up in a distant part of the galaxy . br br after exiting the wormhole , crichton's module is pulled on board a living space ship . from here , the characters and story line for the farscape series are introduced in an entertaining albeit rushed manner . br br the regular characters are properly introduced during the first half of the episode . of course , there is crichton , played well by ben browder . he offers a the audience a sympathetic character to identify with . he's lost and has no idea how to do much of anything . in premiere , crichton has to choose between joining the prisoners or the peacekeepers . he knows nothing at all about either side , but in helping aeryn a captured peacekeeper pilot it becomes clear that he intends to help the peacekeepers . he probably would not have ended up siding with the prisoners if it hadn't been for crais , a peacekeeper captain , declaring crichton to be the murderer of his brother . this puts crichton in an interesting situation he's stuck with bizarre , violent escaped prisoners in a faroff galaxy about which he knows nothing at all . crichton's total lack of knowledge of the farsape world makes him a particularly interesting protagonist during farscape's first season . br br the supporting cast is just as compelling . there's zhaan , a blue delvian and former prisoner . she's peaceful and reasonable , as opposed to fellow prisoner ka d'argo , a powerful and hardheaded warrior . virginia hey is totally covered in blue makeup , allowing her character of zhaan to appear cool and convincing . d'argo's megamakeup , in contrast , is belowpar . he looks kind of silly with his giant tentacles and strange nose , and there is something peculiar about his eyes . they look as if they have had some sort of allergic reaction to his makeup . farscape would give some improvements to his makeup in season 1 , but the overall costume would , for me at least , remain as a problem until season 2 . br br the puppetdigital characters of rygel and pilot are , to put it simply , excellent . rygel is a tiny hynerian dominar who floats around on some sort of hovercraft . in premiere he is given some good dialogue but not much else . pilot nearly steals the show as the liaison between the living ship , moya , and moya's passengers . even in the first episode , pilot gives off the appearance of being a real , living alien ; he never once in the show seems to be a giant , expensive machine . br br the peacekeeper characters introduced are quite interesting as well . the peacekeepers are made up of a race called sebaceans , who look just like humans . the chief antagonist is introduced in premiere as captian crais , who believes that crichton killed his brother . in reality , crais's brother's death was merely an accident resulting from an accidental collision with crichton's ship . aeryn sun , a pilot who crichton helps escape , tries to explain that the death was an accident , but crais just claims that she is irreversiby contaminated and refused to change his mind . crais obsession for revenge , warranted or not it should be clear to crais that crichton isn't responsible , is mysterious in premiere , but would be explained later in the season . aeryn herself provides an extremely interesting character . by being forced to leave the peacekeepers , she changes her whole way of life , and is in that regard in a similar though less severe situation as crichton . br br the actual episode , as mentioned earlier , feels somewhat rushed and clunky . so much happens that not enough time is spent on anything . also , d'argo for now looks kind of silly running around in his mediocre costume trying to appear menacing . still , premiere is solid entertainment . the special effects such as in the starburst sequences are impressive . most of the costumes and the sets on board moya are original . despite its flaws , premiere is a mustsee for farscape fans . 34",1,0
"being that i am not a fan of snoop dogg , as an actor , that made me even more anxious to check out this flick . i remember he was interviewed on jay leno , and said that he turned down a role in the bigbudget adam sandler comedy the longest yard to be in this film . so obviously , snoop was on a serious mission to prove that he has acting chops . i'm not going to overpraise snoop for his performance in the tenants . there are certainly better rapperactors , like mos def , who could've done more with his role . but the point is snoop did a good job . he can't seem to shake off some of his trademark body movements and vocal inflections , but that's something even jack nicholson has a problem doing . the point is i found him convincing in the role , and the tension between him and dylan mcdermott's character captivating . mcdermott , by the way , gives the best performance in the film , though his subtle acting will most likely be overshadowed by snoop's notsosubtle acting . being a big reader and aspiring writer myself , i couldn't help but find the characters and plot somewhat fascinating . it did aggravate me how snoop's character would constantly ask mcdermott to read his work , and berate him for criticizing it . but you know what ? i'm sure a lot of writers are like that . his character was supposed to be flawed , as was mcdermott's , in his own way . my only mild criticism of the film would be its ending . for some reason , it just felt too rushed for me , though the resolution certainly made sense and was motivated by the characters , rather than plot .",1,0
"i was completely drawn into the story , but i wonder if perhaps i shouldn't have been so sympathetic to the hurt character's plight for respect . because when it boils down , i really think that glam reporters such as barbara walters is the devil . . . . or maybe the filmmakers were telling us that we're all unknowing supporters of fluff news stories .",1,0
"one thing that came across to me in watching this film is that it was funexciting for the cast and crew ; i could sense that they were going up against the budget constraint with enthusiasm dedication because they apparently liked the people involved . br br i tend to like b movies that are original and have heart , and i think this is one such work . the actors seem to me to be putting there hearts in it more than usual , maybe because of some good direction from the lead actressdirector , and they evidently were clear enough in their parts of the story to make a coherent , watchable piece of art . br br the critiques of this film that more or less say , why not just rent a hardcore porn movie , make the point as to why they didn't like the film . going to this film hoping for a lot of ta without patience for the material of the plot is why it is so unenjoyable for them . one could say the movie is more of a romantic work than a softcore porn movie , even though i take it the star has done her share of soft porn . i think she graduated . br br in terms of the writing , the dialog is not a huge part of the movie , like in a tarentino film , but the plot is decent and the twists are original and sometimes fun . particularly the ending is not a disappointment but a pleasure , with the villianessheroine and the leading man learning from their complex web of feelings . br br i understand that the producer got a 3 film deal out of this . hats off for proving a few tens of thousands of dollars can go pretty far if you have some artistic sensibility and pride . br br gabriella and the other girls with scenes of nudity were likable along with being hot , not just airhead bimbos , so as an erotic science fantasy piece with some gorgeous nude art , even with the limits of bmovie land , not disappointing .",1,0
"the biggest problem that the tv program key west faced was that it was advertised wrong . if you saw the ads you would think it was a jiggle how , and be sorely disappointed . it was a vastly more complex show than that . br br i happened to be in key west just before hurricane andrew hit , and i think i actually found myself having a drink or two with some of the cast in rum runners . of course , that was before the show hit . i did see the sailboat that was in the opening go by a few times , and chatted with the guy who you see hacking up coconuts in the opening too . he was a real local . yes , i'd love to see this on dvd .",1,0
"i completely disagree with the other comments posted on this movie . for instance , the movie is based on the book and if the writer had a gay character in it then how could hollywood just throw in a token gay character in the movie . and besides there was two gay characters and i thought they reflected each other great . one was normal and the other was more feminine but it wasn't over the top . and diane keaton gave a wonderful performance and if the other reviewer had the decency to actual watch the entire film they would have seen that her character developed through out the film by interacting with the other characters . for instance when she and adam went to look at the car that sara crashed in the junkyard you could see the maternal side of her come out and later in the film you saw that she too was invincible . but i guess if you're too worried about gay characters and characters that are flawed then this movie is bad . but if you're more openminded and i don't know actually have some inkling of what is good then you'll enjoy this film .",1,0
the knowledge is a typical british comedy for the period . to someone who is not familiar of the process of becoming a london cabby the film is bound to seem very average with a few laughs from a few old faces . br br the knowledge however comes into its own for knowledge boys like myself or their wife's who know what these poor individuals are going through . and find yourself comparing incidents of your own to that of the characters .,1,0
"chase has created a true phenomenon with the sopranos . unfaltering performances , rocksolid writing , and some great music make up what has become quite possibly the best show ever . br br all of the cast are strong , but falco and gandolfini earned every inch of those emmy's . anyone who doubts this need only sample a few episodes ; particularly from the first few seasons . james gandolfini is absolutely fierce , absolutely terrifying , and you still find yourself loving him mesmerized by him . br br many people that i've spoken to about the sopranos who haven't seen it yet will say i'm just not a fan of mafia moviesshows . whatever . run don't walk and get it . those same people usually love e . r . , but i bet they don't much care for hospitals . . . it's not about the context .",1,0
"i only gave this nine stars instead of ten because i really don't approve of pornography all that much . pornography has a useful purpose in societycan't say i can always think of onebut it probably does . br br personal viewpoints set aside , i really thought this film was pretty funny . i didn't buy this movie because it was pornography , i bought it because i am one of those 'alice' obsessives who will watch anything about 'alice in wonderland' . i own just about every version there is on dvd so it was an obvious choice to complete my dvd collection with this . i must admit i was scandalized beyond my expectations , and the whole thing would have been thoroughly offensive if it hadn't been so damned funny . besides , the music is really good and i like musicals . br br not everyone can make a good nudie musical . anyone that has seen 'the first nudie musical' knows what a stinkbomb that was . considering what a low budget bill osco worked with , 'alice' is pretty remarkable as a musicalit's better than some musicals made on costly budgets . br br the film can't totally escape the dirtiness of porn . i usually watch the xxx version for full shock effect and some of those scenes are scandalizingscandalizing because we are talking about lewis carroll . i found myself feeling very uncomfortable and embarrassed during the scene where 'alice'kristine debell starts masturbating . it made me feel like a voyeur . and the gratuitous lesbian scenes with 'alice' and the kittycats were a bit too racey . br br the film has a great sense of humor about everything however . there is one especially funny moment during the queen's orgy when one of the actresses gets up and says who do i have to fk to get out of this movie ? . hilarious . br br i'm not sure i buy the whole sex is good for you ball your brains out philosophy here , but sex is human , and nothing human disgust me . i don't know if i really feel that way , but i couldn't resist saying itsome people think everything should be about sex . i dunno . jeez , just show some frick'in responsibility and decorum . this movie definitely scores points for the sexminded , but i wouldn't push your luck , next time you might really freak someone out . i mean we are dealing with children's literature here .",1,0
"the magnitude of the stalingrad tragedy is concisely presented in the end note of the movie in the battle of stalingrad , more than one million people were killed in action , froze to death or died of starvation russians , romanians , italians , hungarians , germans , austrians . of the 260 , 000 surrounded men of the sixth army , 91 , 00o were taken prisoners , of whom only 6 , 000 returned to their homeland , years later . br br what the story does not tell was that fieldmarshall paulus , who surrendered , did not share all the hardship of the captivity of his men . he had a special treatment as the highest ranking prisonner taken by the soviet army . when , during his presence at the nuremberg trials he was asked about the fate of the 91 , 000 prisoners , he declared that they were fine . he was freed after the war and died in the east germany . br br the film only presents the first part of the tragedy , the actual battle of stalingrad . however , for an entire picture , the fate of the 91 , 000 prisonners should also not be forgotten .",1,0
"the melting man . . . a tragic victim of the space race , he perished melting . . . never comprehending the race had long gone by . . . ! br br a man burr debenning burns his hand on the kitchen stove . but instead of screaming something a normal person would scream , he shouts something that sounds like aaaaatchkah ! ! this movie you've popped in . . . isn't a normal movie . you've just taken your first step into the incredible melting man , the famous late70's gore film featuring rick baker's wonderful makeup effects . baker was just on the edge of becoming a superstar , and did this at the same time as his famous cantina aliens in star wars . for some strange reason , star wars became a household name , and incredible melting man did not . br br it might have something to do with the fact that this movie is just mindnumbingly awful . from the opening credits starring alex rebar as the incredible melting man . . . that's really what it says ! , to the chubby nurse running through a glass door , to the fisherman's head going over a waterfall and smashing graphically apart on some rocks , this film provides many , many moments of sheer incomprehensibility . why did they . . . but how come he . . . why are they . . . ? after a while , you give up wondering why and watch it as what it isa very entertaining piece of garbage . br br an astronaut returns to earth in a melting , radioactive condition ; he escapes and , his mind disintegrating as well as his body , begins a mad melting killing spree . the authorities quickly decide that the melting man must be stopped , but probably not wanting to cause a panic want him captured as quietly as possible . so they send one guy with a geiger counter after him . wow . br br storywise , surprisingly little happens during the movie . the melting guy wanders around killing people . a doctor searches for him with a geiger counter . various characters are introduced , ask questions , and leave . eventually the doctor catches up with the melting man , but is shot by a security guard for no reason , after he explains that he's dr . ted nelson . the melting man wanders off and finally dissolves into a big puddle of goo . the end . br br it's so brainless that it somehow ends up being a lot of fun , despite a fairly downbeat ending . supposedly , a widescreen dvd release is planned . a very special movie .",1,0
"it has been said that deanna durbin invented teenagery . this first film was one of the best . the humorous story presented a delightful 14 year old deanna , a little beauty with a gorgeous voice , as the miss fixit in a family split by divorce . for plot summary , see other imdb entries , but quickly deanna and her two older sisters plan to go to america from switzerland to prevent their father from remarrying . with an excellent supporting cast especially barbara read and nan grey as the sisters , good direction and editing , the film succeeds in captivating one even on subsequent viewings . of deanna's three songs , only il bacio is from the classical repertoire , but when she sings it in that police station scene , the film's place in history is assured . at least it was for this viewer who at the age of 15 was smitten for life with both deanna and classical music . one of the many nice touches that occur throughout three smart girls is the brief glimpse of the drunk stretching his neck for a final glimpse of deanna as the cops hustle him by ! one unfortunate result of the success of this film was that subsequent writers for durbin vehicles became locked into the miss fixit theme , which quickly became stale . deanna herself never did . her stature as an actress is more questionable than her charisma , which she certainly had . it seems to me that , like many another film personality , she substituted naturalness for the histrionic ability that she lacked . the ploy worked well for 21 feature films .",1,0
"prison is not often brought up during conversations about the best eighties horror films , and there's a good reason for that because it's not one of the best . . . but as you delve past the classic films that the decade had to offer , this is certainly among the best of the lesser knownsmaller films . the film does have some connection to blockbusters ; for a start it's an early directorial effort for renny harlin ; the capable director behind a number of action films including die hard 2 , cliffhanger and deep blue sea ; and secondly we have an early role for lord of the rings star viggo mortensen . the film is not exactly original but the plot line is interesting . we focus on a prison that has been reopened after a number of years . this was the prison where a man named charles forsyth was sent to the electric chair after being framed by the prison's governor . naturally , the spirit of the dead man is not resting in peace ; and when the old execution room is reopened , the spirit of the dead convict escapes for vengeance . br br the film is not exactly the shawshank redemption , but it does take care to build up its various characters and while the main point of the film is always the horror , the prison drama behind it all does make for an interesting base . this is a good job too because other than the basic premise , the film doesn't really have a 'plot' to go from and we solely rely on the interaction between the characters to keep things interesting . the horror featured in the film is at times grotesque but it's never over the top , which might actually be the reason why this film is seldom remembered , being released in a decade of excess . the murders themselves are rather good and imaginative , however , and provide some major highlights . as the film goes on , we start to delve more into the backstory of the vengeful convict's ghost and while it's fairly interesting , some things about it don't make sense and it drags the film down a little . still , everything boils down to an exciting climax and overall i have to say that prison is a film well worth tracking down .",1,0
"this movie was to me a fairly enjoyable watch , i mean it wasn't great but it was one of the better horror movies of late . it seems to have been low , almost state benefit budget size but it has it's charms like the lovely ladies in it . the atmosphere was good also which is what is missing froma hell of a lot of horror movies these days . the acting was your typical 80's low budget affair , that being in case you don't know is that it is dud acting . but that is what lucio fulci's movies were full of , they like this movie had atmosphere what they were lacking in storyline and money etc . they more than made up for in the horror gore atmosphere for the movie it's self . br br it is just a typical low budget horror movie that is watchable , i watched it all the way and i love horror movies . i've seen movies where i just turn off within 10 to 20 minutes or sit and fast forward it if it's on video , or skip scene's on the dvd . this movie didn't make me want to do that , i sat and watched it all the way to the end , without wanting to skip parts . br br i would have liked it however if the zombie type folk in this were a little more scarier as they were about as scary as having freddy kreuger as your babysitter , not . but seriously though if they were a little better it would have been low budget perfection , maybe . br br the music in this movie was top notch stuff , ideal horror music so it was . i've seen horror movies where the music is good or average but it could have been better , thank goodness though this movie didn't have nay of the metal music in it . br br i've been a diehard metal fan since 1990 but in horror movies metal music spoils it , the movie looses atmosphere a lot when any type of music other than a score is playing . so i'm glad there was no music in this movie other than just your typical score which was rather creepy , well done . br br it could have use profane grace epitaph of shattered dreams on it though . as it is keyboard music no guitars no nothing except really creepy keyboard tracks . like track one forever sleep you hear the wind blowing all the way through it and some goose bump inducing keyboard music that follows it . ever track on that cd is the same , ideal horror music at it's best , it would have suited this movie perfectly . br br the only unattractive chick in the movie to me was the one who got chibbedkilled or so we are led to believe and hung up as a scarecrow , only to get free and try to escape later . every other woman in the movie was lovely indeed , a big 9 out of 10 for them all except the one i mentioned above . br br i wish that hollywood mainstream side of things would give money to romero and the guy who made this movie . as giving it to them for movies is way better a decision made than giving it to a goon muppet called paul anderson of the resident evil mince . br br well done guys , it is not bad , not bad at all , i loved the part at the end credits when they kept showing you clips of them making the movie behind the scene's not many movies do this kind of thing , which i thought added a little to the movie , as it also showed you some outtakes of sorts and that's always a good thing if you ask me . br br rating for this movie 810 , rating for the lovely ladies in the movie 910 , rating for the atmosphere in the movie 910 , rating for the score for the film 9 . 510 .",1,0
"honestly , i was expecting to hate this one , and really only checked it out because jenna jameson is in it . . . but i have to say i got a kick out of evil breed . a group of college kids and their teacher go on a field trip to ireland . their lodgings are located near the woods where it is rumored that strange things happen and tourists often disappear without a trace . the group of postteens is warned by the property's caretaker not to venture into the woods but being the stupid bmovie characters that they are of course they pay no attention and pay for their mistake onebyone . . . first off , there is plenty wrong with evil breed . the actingdialog is pretty weak , and my major gripe is that a film that has jenna jameson , chasey lain , ginger lynn , and taylor hayes should have far more gratuitous nudity than was on display here and jenna's role in this production is grossly overhyped , as she has a combined total of about 2 minutes of screen time . even less with chasey , and ginger lynn shows no skin and has the worst irish accent ever . also the last scene of the film makes absolutely no sense and feels like it's thrown in just to end the film . those gripes aside there is some good stuff as well . richard greico and chasey lain are both dispatched early on , with greico's nude torso ending up on a roasting spit and chasey's guts hanging out from being torn in half though how she ends up this way isn't shown onscreen . . . not bad for the first 5 minutes . the other kill scenes are pretty inventive , including jenna's forced breast implant removal , a guy getting his colon pulled out through his ass , a knife through the face , and a few other notables . the implant and colon scenes also have uncut versions that are on the special features and it's a shame the producers made them chop 'em , so to speak . also the film moves along at a pretty good clip once it gets moving so you don't really have too much time to be bored . the creature fx are also done competently which definitely helps . overall , evil breed was not nearly as bad as i expected . this one , along with satan's little helper have almost renewed my interest in american lowbudget straighttovideo films . i usually steer clear of them as a whole , but these two have been decent enough to give me some faith . evil breed is no masterpiece , but it is a decent way to blow 90 minutes might not hurt to suck on a bottle of cheap bourbon while you're at it i know i was , and i'm sure it didn't hurt the experience . 7 . 510",1,0
"most yeti pictures are fatally undermined by a grave paucity of energy and enthusiasm . not so this gloriously bent , batty and berserk overthetop italianmade shotincanada kitsch gutbuster it's a wildly ripe and vigorously moronic ghastly marvel which reaches a stunning apotheosis of righteously overbaked what the hell's going on ? crackpot excess and inanity . br br a freighter ship crew discovers the body of a 30foot yeti that resembles a hirsute 70's disco stud complete with jumbo wavy afro perfectly preserved in a large chunk of ice . they dethaw the beast , jolt him back to life with electric charges , grossly mistreat him , and keep the poor hairy goliath in an enormous glass booth . before you can say hey , the filmmakers are obviously ripping off 'king kong' , our titanic abominable snowdude breaks free of his cage , grabs the first luscious nubile blonde euro vixen the gorgeous pheonix grant he lays lustful eyes on , and storms away with his new lady love . the yeti gets recaptured and flown to toronto to be showed off to a gawking audience . of course , he breaks free again , nabs the vixen , and goes on the expected stomping around the city rampage . br br the sublimely stupid dialogue sample line philosophy has no place in science , professor , cheesy far from special effects the horrendous transparent blue screen work and cruddy tonka toy miniatures are especially uproarious in their very jawdropping awfulness , clunky misdirection , and a heavyhanded script that even attempts a clumsily sincere is the yeti a man or a beast ? ethical debate all combine together to create one of the single most delightfully ridiculous giant monster flicks to ever roar its absurd way across the big screen . better still , we also have a few funky offbeat touches to add extra shoddy spice to the already succulently schlocky cinematic brew the vixen accidentally brushes against one of the yeti's nipples , which causes it to harden and elicits a big , leering grin of approval from the lecherous behemoth ! ; the vixen nurses the yeti's wounded hand while he makes googoo eyes at her , the yeti smashes windows with his feet while climbing a towering office building , and the furry fellow even breaks a man's neck with his toes ! ! . overall , this singularly screwball and shamefully unheralded shouldbe camp classic stands tall as a remarkable monolith of infectiously asinine celluloid lunacy that's eminently worthy of a substantial hardcore underground cult following .",1,0
"updated january 1st , 2006br br parsifal is one of my two favorite wagner operas or music dramas , to be more accurate , meistersinger is the other . though it's hard to imagine it as the top of anyone's pops . the libretto , by the composer as usual , is a muddle of religion , paganism , eroticism , and possibly even homoeroticism , and its length may make it seem to the audience like hearing paint dry . br br wagner , being a famous antisemite , klingsor may be one of his surrogate jewish villains . naturally entrusted the premiere to an unconverted not for want of rw's trying ! hermann levi , who was his favorite conductor ! go figure ! kundry , a most mixedupgal and another likely jewish surrogate , is both villainous or benevolent , depending on the scene . br br considering that many video versions of parsifal seem on the stodgy side , this film of the opera is , in comparison , a breath of fresh air . hansjrgen syberberg , the director , has brought considerable imagination to it but it's hard to know why he made some of his choices . for example the notorious dual parsifals of each gender ! , the puppets , the deathmaskofwagner set and various dolls and symbols such as the nazi swastika in one of the traveling scenes . if i remember , the real engelbert humperdinck wrote the actual music to pad out the scene changes . though wagner himself died much too early to be an actual nazi , many of his descendants as well as his second wife cosima . were at least fellowtravelers , including their grandson wolfgang wagner who still runs the bayreuth festival at an advanced age . in fact , wolfgang's son gottfried wagner , in complete opposition to his father , has tried to come to terms honestly with his greatgrandfather . br br syberberg , too , seems politically ambiguous from what i've read . in 1977 , he made a wellknown film on hitler , hitler ein film aus deutschland sometimes called our hitler in english . . since it lasts all of 8 hours and hasn't been widely distributed , most people have not seen it including myself . . br br armin jordan , the conductor of the audio cd on which this film is based , plays amfortas sung by wolfgang schne edith clever yvonne minton plays kundry , michael kutter and karin krick play the dual parsifals both sung by reiner goldberg . ! and robert lloyd and aage haugland both play and sing gurnemanz and klingsor . br br though the opera takes place over a long period of time and all except kundry ? have been described as having aged considerably between acts 2 and 3 , no one looks a day older by the end of the opera . the magic of the grail ? in this opera the grail is the cup from which jesus drank at the last supper and not mary magdalene as in more recent times , an idea i find preposterous ! . br br the conducting and singing are all quite serviceable and the dvd seems to have improved the sound , if not the picture , to a great extent . yes , i agree that kna's approach is superior , even on the second , stereo , version but he is probably superior to all recorded versions on the whole . br br not a parsifal for all wagnerites but i think it works quite well as a filmed opera .",1,0
"i live in missouri , so the direct effects of terrorism are largely unknown to me , this brought it home . that two men would put themselves on the line in the way that those members of fdny and nypd did , just to document the horror that unfolded on that day . this film is a testament to those who lost their lives and the true evil that terror brings .",1,0
"honestly , i find this film almost too depressing for my own good . it is very depressing until pretty much the very end . there is no way i can justify passing judgement to any character who did things i didn't like well , except for the disgusting character played by fredrick forrest . but it's still so frustrating to see people behaving this way , putting up walls around themselves when just a word or so could break the ice and promote healing . br br a horrible tragedy strikes a montana family . they believe they've lost one son , but it turns out they've lost 2 . the key is , if they just communicate and face their grief together , they won't end up losing their second son permanently . br br but they just can't . something is blocking this family from sharing their sorrows . some family retreat into silence and resentment while certain others point fingers of blame and then go ahead and cheat on their poor pregnant wife by seducing the pretty girlfriend of the deceased . . . that andy character truly is a snake ! the only member of the family that isn't threatening arnold in some way is his grandpa wilford brimley . grandpa seems to be able to speak to the boy without judgements or even kid gloves . he seems to know what the child is thinking about even though arnold isn't saying much these days . it is truly a blessing for the poor kid to have that one someone he can turn to . no one else seems to grasp the fact that arnold might be in shock , in denial , or that his way of grieving may not be the same style , or at the same speed , as they would expect . it's so easy to judge and to be angry and to feel someone is made of stone just because they don't grieve in a way we believe they ought . br br the story is very quiet and naturalistic . you're not going to get some spoonfed narration or some hollywood feelgood resolution . i was very concerned by the fact that this child was so burdened with guilt that he felt it necessary to hitchhike several hundred miles to apologize to that piggy andy's wife , for something he should not blame himself for . arnold may have accidentally killed his brother , but nobody is responsible for the end of that marriage , which apparently was a lousy one anyway , except for the two people in the marriage . it's only dumb luck arnold didn't get into the car with a pedophile or a murderer . br br robert duvall and glenn close are frustratingly effective as the parents who somehow cannot find it in themselves to communicate with their son , to find out what arnold is going through . jason presson , whom i've not seen anywhere else except for a childhood favorite called explorers and a creepy ghost story called the lady in white , did an incredible job as arnold , a great performance from a child actor . br br aside from being somewhat slow at times , the stone boy is an excellent , and very depressing movie .",1,0
"it's fun to watch a young james cagney doing his thing . he plays the cheapskate weights and measures guy who takes his job very seriously , stepping on the toes of a group of crooked politicians . he is offered the world , but keeps his integrity . he is beaten and set up , but that's the problem . we never know if he is really in danger . they say he's in a spot , but still seems to have carte blanche to move around and do what he needs to do . at times he's so cocky he doesn't do much to protect himself . his allies are in the police department but just about everything else is pretty corrupt . he perseveres almost too good to be true , of course , and we pull for him . the problem for me is a lack of sustained suspense . it would have been much better if he had had to clear his name . he never drops into the depths , even when rejected by his wife to be . it's still fun with the bad guys kind of imploding . see it just to watch cagney do his tough guy posturing .",1,0
"ok , at the beginning it looked like shrek the loner that is persistently followed by the comic relief . then it evolves into something really compelling , as the gauntlet is set . and the result is an enjoyable movie , which has moments that i agree that are a little too dramatic for kids to watch manny's past , for example . the premise has been obviously worked for a long time , so that they can suceed in making a movie set with almost no different sets only ice caps and rocks , and three characters . it's a good thing to know that they succeed in doing something emotional out of it . as i said , it can be tearjerking at some times , so , kids , be warned . the real letdown is the animation . this wasn't so souped up like the toy story movies or shrek , and it shows . the humans are unrealistic , and we have seen better examples of cgi before . but don't let this stain the record as a solo effort , ice age is commendable . and it will gather many fans , i have no doubt . oh and yes , the moments with that small mouse are priceless , and showstealing .",1,0
"basically an endearingly chintzy and moronic 1 . 50 version of the nifty early 80's subterranean creature feature favorite the boogens , this entertainingly schlocky cheapie centers on a nasty , squirmy , wriggling monster who makes an instant meal out of any unfortunate souls foolhardy enough to go poking around the notoriously off limits gold spike mine . your standardissue motley assortment of intrepid boneheads hectoring hardnosed mine boss , cute , but insipid blonde babe , feisty lady geologist , boozy , inexplicably aussieaccented ! seasoned old mine hand , charmless doofus , hunky , jolly guy , and , arguably the most annoying character of the uniformly irritating bunch , a nerdy bespectacled aspiring writer dweeb who's prone to speaking in flowery , melodramatic utterances trek into the dark , uninviting cave in search of gold . naturally , these intensely insufferable imbeciles discover that the allegedly abandoned mine is the home of a deadly , ugly , multitentacled beast who in time honored hoary bflick fashion proceeds to gruesomely bag the group one at a time . directed , cowritten , coproduced and coedited with dumbfounding maladroitness by melanie anne phillips , acted with dismaying flatness by a rank noname cast , further marred by lethargic pacing , a drably meandering narrative , murky , underlit , eyestraining cinematography , a shivery , redundantly thudding pseudojohn carpenter synthesizer score , and a cruddy , herkyjerky stop motion animation wormoid thingie that's only quickly glimpsed at the very end of the movie , this extremely clunky , amateurish and hence quite delectably dreadful wouldbe scarefest commits all the necessary bad film missteps to qualify as a real fourstar stinkeroonie .",1,0
"hey there army sgt . i'm sorry dude but being a sgt in the army and being in the army national guard does not make you qualified to comment on a marine movie . you are not a marine and just because you wear a uniform doesn't mean you can relate to being a marine . we simply are the best , we have the hardest training , yes we have big heads about ourselves , but hey when you are the best , you like to strut your stuff . i was in the iraq invasion and in fallujah . i fought next to soldiers . you are not qualified to say anything about my marine corps . i hate to be the one that starts the whole which branch is better , but you have no right to say you are qualified to judge a marine movie . oh yeah . . . . . . we are drill instructors . . . . . . . not drill sgt's . that's the biggest clue you have no idea about what you are talking about . yeah we do not curse at recruits anymore . tell me , how is cussing at someone going to make them a better marine ? how will me hitting someone make a marine a better marine ? yes it is a kinder boot camp from what i went through . but we are dealing with different times and people . we are training people who are over all smarter than our generations recruits . we want smarter recruits , not meaner . and anyone who signs up to be a marine in the first place , has a dedication to be the best his country has to offer . we don't have to reinforce that in bootcamp . marines come to bootcamp wanting to be killers . we don't need to teach them that by demoralizing them by swearing at them and beating them . at least that is how i feel . and yes , i am qualified to say that . i have been on the battlefield numerous times and i have trained marines and recruits who eventually ended up on the battlefield . but then again , what do i know . i was just there , done that , got the tshirt . sgt of the army . . . . . . . get a clue !",1,0
"this movie was very funny with just a bit of gore . it is about two grave robber that are going about business as usual when they discover that there is a different clientle they can serve . this changes the direction of the corpses they collect . the movie is told by the younger of the two as he is explaining the business to a priest before he is sent to be beheaded . his partner had already been beheaded . the priest is required to take down the last confession and it takes the form of a story . there is some animation thrown in which gives it a tales from the crypt feel . in the story we meet another group of grave robbers that everyone fears , but at one point , the younger of the two up for execution is offered a job , so this calms some of the animosity between the groups . when a woman joins the two men , she oversteps her boundaries and gets them in trouble with the feared grave robbers . the story leads up to the meeting of the two groups , which led to the arrest of the man that is confessing and the man that has already lost his head .",1,0
"the brain that wouldn't die was considered so distasteful in 1959 that several cuts and the passage of three years was required before it was released in 1962 . today it is difficult to imagine how anyone could have taken the thing seriously even in 1959 ; the thing is both lurid and lewd , but it is also incredibly ludicrous in a profoundly bumptious sort of way . br br the story , of course , concerns a doctor who is an eager experimenter in transplanting limbsand when his girl friend is killed in a car crash he rushes her head to his secret lab . with the aid of a few telephone cords , a couple of clamps , and what looks very like a shallow baking pan , he brings her head back to life . but is she grateful ? not hardly . in fact , she seems mightily ticked off about the whole thing , particularly when it transpires that the doctor plans to attach her head to another body . br br as it happens , the doctor is picky about this new body he wants one built for speed , and he takes to cruising disconcerted women on city sidewalks , haunting strip joints , visiting body beautiful contests , and hunting down cheesecake models in search of endowments that will raise his eyebrow . but back at the lab , the head has developed a chemicallyinduced psychic link with another one of the doctor's experiments , this one so hideous that it is kept locked out of sight in a handy laboratory closet . can they work together to get rid of the bitter and malicious lab assistance , wreck revenge upon the doctor , and save the woman whose body he hankers for ? could be ! leading man jason evers plays the roguish doctor as if he's been given a massive dose of spanish fly ; virginia leith , the unhappy head , screeches and cackles in spite of the fact that she has no lungs and maybe not even any vocal chords . busty babes gyrate to incredibly tawdry music , actors make irrational character changes from line to line , the dialogue is even more nonsensical than the plot , and you'll need a calculator to add up the continuity goofs . on the whole the brain that wouldn't die comes off as even more unintentionally funny than an ed wood movie . br br director joseph green actually manages to keep the whole thing moving at pretty good clip , and looking at the film today it is easy to pick out scenes that influenced later directors , who no doubt saw the thing when they were young and impressionable and never quite got over it . the cuts made before the film went into release are forever lost , but the cuts made for television have been restored in the alpha release , and while the film and sound quality aren't particularly great it's just as well to recall that they probably weren't all that good to begin with . br br now , this is one of those movies that you'll either find incredibly dull or wildly hilarious , depending on your point of view , so it is very hard to give a recommendation . but i'll say this if your tastes run to the likes of ed wood or russ meyers , you need to snap this one up and now ! four stars for its cheesybizarreness alone ! gft , amazon reviewer",1,0
"despite having 6 different directors , this fantasy hangs together remarkably well . br br it was filmed in england nowhere near morocco in studios and on a few beaches . at the outbreak of war , everything was moved to america and some scenes were filmed in the grand canyon . br br notable for having one of the corniest lyrics in a song i want to be a bandit , can't you understand it . it remains a favourite of many people .",1,0
"citizen kane . . . . the godfather part ii . . . . d'urville martin's dolemite . this is the single greatest piece of celluloid ever created and unleashed upon humanity . rudy ray moore , in a role that transcends academy awards stars as dolemite , the baddest cat in the universe . he clearly does not take any jive from no turkey i myself am unfortunately a turkey and proves it with his powers of rapping , pimping , and karate chopping . this is blaxploitation at its absolute finest , a shining example of the genre with its low budget , continuity errors , and hatred for ratsoup eating honkey expletive expletive . the true godfather of rap not this new ali nonsense moore is something of a juxtaposition of acting technique ; somehow managing to be the most charismatic awful actor of the 1970's , and thats saying something . this one is highly recommended folks , if not for the oneliners alone .",1,0
"i waited a while to post a review of this documentary because when i first saw it over 10 years ago , i wanted to think carefully about what i wanted to write . br br i found from a documentary standpoint that this is a darned good documentary . it did what it set out to do , show me something i had no idea about and kept me interested in this world it explored . i knew nothing of the drag world and finding out about them and the balls was just spectacular to me . these folks were just so talented with what they do and how they do it , for competition . the catty folks , the complainers even i was angry when someone told the judge that the coat the drag queen was wearing wasn't a man's coat ! , the jealous , it's all there like in every other competition . like every other competition like it . which i felt was a point . br br you had the older drag queen talking about how the balls used to be compared to the newer drag queens who have changed the balls and made more competition categories and even those who looked on knowing that the future of balls would change even more when they were ready to walk the runway . it was interesting to hear that some of the contestants were living out on the street two minutes before the ball but came to compete , it was that important to them ! then there was sad stories , stories of who's house and house mother brought out the best and the brightest in competition . it was interesting . br br now to add after 10 years of seeing this film , i lived through the so called 'madonna' craze . i spotted a few familiar faces from this documentary who ended up with madonna during her vogue phase and rightfully so . if not for those individuals , madonna wouldn't have had a vogue phase , i know that now . credit should be given where credit is due . makes me wonder , if anyone else from mainstream america would watch this documentary , they'll learn they're not as mainstream as they think .",1,0
"rod serling was , of course , a genius and his wonderful , playful , creative mind left something of the period in which he lived and examples of television at that state of development . there are no such shows now , but rather housewife sluts ala eva longoria or terri hatcher , or the pitiful stabs at humor and witty banter that litter our hightech screens . br br jack elam edged into the episode with such acting precision and with his usual craziness that i can't help but think that rod serling was tailoring that long ago week's show around elam , even though he was an ancillary to the flow of the story . this episode ends with a twist , as usual , but shock and humor are mixed with especially serlingesque dexterity . br br rex lewis field",1,0
"ok , i saw this in the theaters when it came out and i don't know why . i haven't seen it since , but i ended up on this page because i found myself thinking about this film again i don't know why . but the fact that i remember it speaks volumes . br br comedy is hard much harder than any drama . doing it right makes it seem easy , but doing it wrong . . . is there anything worse than a bad comedy ? steve martin , pay attention , you are falling in this category again for some reason . br br elvira mistress of the dark must have done it right for me to remember this movie fondly . done at a quick pace , with tongue in cheek and knowing it isn't the philedelphia story , it entertains from start to finish . brain donors is another that fits right in this category sans most of the gratuitous boob jokes . br br one point of contention the ending . it seems the writersdirector had no idea how to finish a comedy . the ending tries to be a love story , somewhat undermining the quirky fastpaced dialogue up to that point . then there is the tassle scene . whereas this has to be seen male opinion , it is so over the top and out of place it's like a shock . one more rewrite for the ending was needed . br br this is not comedy genius like spinal tap or the producers or the holy grail . but if you don't try to dissect it and just let the puns and sappy fun come to you , you'll laugh , i guarantee it .",1,0
"well . . . vivah is quite a good , but typical sooraj barjatya's movie . it shows different aspects of indian families , wedding ceremonies , etc . the movie is more than good , but not extremely good . br br the big plus point of the movie is direction , music and shahid and amrita's acting especially the last scene . the movie starts with a common factor of indian movie a girl being disliked by her stepmother . story is the movie is a bit common , but it is good , good enough to make the movie a blockbuster . br br minus point is common story of bollywood movie . overall i would say it is two times must watch movie , if you want to see typical indian family values and ofcourse love !",1,0
"bela made 9 pics for monogram , but it was only at this one , the 4th , that things started to come together . all the rest in the series would use this one as the essential template for production , writing and character development . from here on , better or worse , the series would also deal with one essential theme a scientist usually bela makes experiments in the basement or the old house sometimes in the basement in the old house that causes things to go blooey . this was also the first time that art director dave milton got a chance to spread his wings . he came on board for black dragons , the flick before , but this one is where he gets to make his craft start to click . lewis made great atmosphere for next to nothing , and was around for all the rest of the monograms . casting is key in these , and it's a pretty good one b movie wise , here . you get barclay and harlen also from black dragons , along with russell , who would star in lewtons' cat people movies . . and rosetto , from spooks run wild . . . a nice slice of poverty row talent . if you have limited time and budget , start with this one . . . it sums up everything they had learned up to this point , and gives you something to compare the rest to . the plot ? bela steals gland juice to keep his nasty wife young . they both like to sleep in coffins . if you can read that and smile , the rest will be easy .",1,0
"rohmer returns to his historical dramas in the real story of grace elliot , an englishwoman who stayed in france during the apex of the french revolution . one always suspected that rohmer was a conservative , but who knew he was such a redblooded reactionary . if you can put aside rohmer's unabashed defense of the monarchy and that is not an easy thing to do , given that , for instance , the french lower classes are portrayed here as hideous louts , this is actually an elegant , intelligent and polished movie . lacking the money for a big cinematic recreation of 18th century france , rohmer has instead the actors play against obvious painted cardboards . it is a blatantly artificial conceit , but it somehow works . and newcomer lucy russell succeeds in making sympathetic a character that shouldn't be .",1,0
"we went to the cinema expecting a biggish budget release and got an arthouse movie . the movie was projected digitally onto about two thirds of the screen real estate with sloping edges classic of digital projection , and had a limited stereo soundtrack which was wasted on the cinema experience . br br the content of the film was the same old historical content we have all seen before , but heavily sanitized to prevent the audience being sick . live action scenes what little of them there were , were reused constantly in classic documentary style , which became annoying after a while . br br i was somewhat amazed that only 4 people turned up to watch it , guess the rest knew something we didn't . br br i suspect the producers made the film to recognize the ninetieth anniversary of gallipoli . i have to question whether they should have bothered . br br seven out of ten for trying , and out of respect for the anzac's .",1,0
"this silly movie is really fun for the younger audiences . its heros are a couple of dud detectives whose sophomoric attitudes lead them down some very silly roads . chasing the big murder case , you will see these detectives go to every length to solve the crime . no nudity , but lots of sexual implication , slapstick silliness . . . everything adolescents go for . low budget , but very entertaining . definite cult classic potential .",1,0
"the year 2000 had been a bad year for indian films due to lack of quality and imagination from film directors . other than mohabbatein and kaho naa pyaar hai nothing stood out . cccc had lot of contraversy due to the financing of the film and this with not really knowing what the film is about has generated good publicity and advanced ticket sales for the film around india and abroad . the only information given was that it was a suspense thriller . the film is now been released in 2001 and the film was surprisingly quite good . the main plot is to do with surrogacy and is well handled . salman and preiti give a good performance where salman doesn't actually take is shirt off at all . . must be special effects ! ! rani plays salmans wife but it is slightly a less demanding role compared with preiti who plays prostitute who eventually becomes the surrogate mother . the three main leads confirm , after har di jo pyar karega , they have a solid on screen and off screen chemistryapparently . salman khan who is excellent plays a serious role in the film as a successful business man and is a pity is being exploited as a wannabe comedian in his other films as he is quite underrated in the mumbai film industry partly due to the films he chooses . rani's character does not know preiti is a prostitute until the end . . . this kept from her and the rest of the family . . . the rest you should find out as it will ruin the film if i told you . the songs are all picturised well especially dekhne walon and the main title song . the other supporting actors do a minimal but fine effort as salmans loving family . abbas mastan has produced a hit and handled the film subject tactfully . . i say go and watch it or rent it whatever you prefer !",1,0
"i guess i do not have too much to add . i found the comedy to still be funny after more than ten years since it came out . br br the one thing that i did notice was the music during the dialogue to be distracting and often made the movie very hook than it should have been . the use of songs is fine during the movie but the orchestral background is too busy , too contrived and if the movie was ever to be edited for dvd , i would seriously recommend that the background music be toned down to an almost inaudible level . it has cheapened the overall feel for the whole film and i can see subconsciously why a lot of people have passed it up . br br the film had a lot of levels working for it on the script , plot and comedy level . it is too bad that the producer and director felt they needed the musical schlock to enhance the mood . now knowing this , i find it hard to watch and i quietly curse whoever was involved with the musical editing in the film . it had all the subtlety of a jackhammer .",1,0
"this was a rather unnerving look at an ostensibly functional family confronted by their daughter's druggie boyfriend . father tangles with and ultimately kills druggie boyfriend . wallowing in guilt he reveals to a drunk redneck what he has done . things spiral rapidly out of hand before degenerating completely . the ending you dread stalks the viewer throughout , but is still able to startle when it finally arrives .",1,0
"like many people here , i started out finding my patience being tried by this film . by the end , i actually shed a few tears . br br it seems to be in the nature of most old films to drag for 78th length and then catch fire right at the end . older filmgoers learned to bide their time patiently through the slow parts , calm in the knowledge that the big payoff is on the way . but that isn't quite accurate . you see , to earlier audiences , what are to us the slow parts were the main body of the story . they watched and found anecdotal and thematic interest there . modern audiences , postspielberg , are in a constant state of waiting to be hit with a small climax every two minutes when they see older films . it's the inflation problem of modern movies . well , that isn't going to happen . it is not necessary to apologize for these films ; it is simply that you have to adjust your expectations and personal rhythm when you watch them . at this point , the difference between avatar and the informer is like the difference between euripides and a traveling production of rent . think about it for a minute or two . not to strain at the obvious , but euripides still deserves a hearing . br br the exciting part , for most modern viewers , begins with the ira tribunal scene and escalates to the final couple of minutes , which , if you are at all on board or even paying attention by that time , will tear your heart out . it's not some hightone universal abstract plea for forgiveness ; it's a plea from one dimwit , and those who feel sorry for the big lummox , for a little mercy . it's that personal , and that embarrassingly naked an appeal . for after being mad at gypo , irritated at him , thinking this is the dumbest character of all time , you finally find yourself won over by the scene of gypo's erstwhile girlfriend pleading to another woman to talk her man into going easy him . br br the film may be sentimental , but the sentimentality is not cheap as some here have charged . there's a matter of life and death that plays out here , and as long as you take the proposition of one life to a customer seriously , it's sentimentality wrung out of the most serious stuff . br br 8 of 10 . and the fault for it not being 10 of 10 is my own and in some measure yours , if you are reading this . we have all asked for more , ever more , faster , ever faster until we cannot put ourselves in 1935 just yesterday , really as easily as we should be able .",1,0
"i remember seeing this film at the west end theater in louisville , kentucky when i was a boy . the scene where dr . carmus finds the gardener's coffin , and the breathing dead body therein , was the scariest part of the movie for me , only intensified by the darkness of the film . i also wondered about the people hanging from the trees at the end , until i recognized the part of the film in which the family name of the blackwoods was changed from blackblood , due to the fact that in the family history there was a character who was known for his many hangings of various people . sir thomas blackwood seemed to get his kicks out of adding to the deaths caused by his family . i also noticed that as foster first enters the gate of the cemetery , he is careful in noticing the sharp object of the gate , where he meets his end . i would not hesitate to recommend this film to horror movie lovers .",1,0
"those of the instant gratification era of horror films will no doubt complain about this film's pace and lack of gratuitous effects and body count . the fact is , the empty acre is a good a example of how independent horror films should be done . br br if you avoid the indie racks because you are tired of annoying teens or twenty somethings getting killed by some baddie whose backstory could have come off the back of a count chocula box , the empty acre is the movie for you . br br set in the decaying remnants of the rural american dream , the empty acre is the tale of a young couple struggling with the disappearance of their sixmonthold baby . as the couple's weak relationship falls apart , a larger story plays out in the background . at night , a shapeless dark mass seethes from a sun baked barren acre on their farm and seemingly devours anything in its path , leaving no sign that it was ever there . br br the film is loaded with enigmatic characters and visual clues as to what is happening , and ends with a well executed ending that resonates with just enough left over questions to validate the writerdirector's faith in an intellectual audience . br br there seems to be a subtext concerning the death of the american dream , but i would hardly call the film an allegory . riveting , well acted , and technically astute , the empty acre is a fantastic little indie that thinking horror fans should love .",1,0
"as part of the celebration of the release of casino royale , this film with the new bond starring in it was shown , from director roger michell notting hill . i almost turned it off for being a bit boring , but i'm glad i stuck with it . basically may anne reid is a single mother of helen anna wilsonjones who hardly sees anyone and has not had a boyfriend in years . her daughter says that she might want to get married to her new boyfriend , darren daniel craig , of course . after knowing each other only a few days , may and darren have a secret affair . and at her age , with a 30something , and the new bond ? ! anyway , they obviously want to keep it a secret , but may has regrets and wonders if helen will find out . when she does , darren gets less hassle than may . in fact , helen asks her permission to hit her . also starring peter vaughan as toots , danira govich as au pair , harry michell as harry , rosie michell as rosie and johnny english's oliver ford davies as bruce . very good !",1,0
"it's probably a year since i saw uzak , but it has left strong memories of the two main characters , jaded photographer mahmut and his naive cousin from the village yusuf . br br it's a long film with very little dialogue and a quite limited plot . this has evidently annoyed a fair few viewers . but the film constructs such a painfully believable portrait of mahmut and yusuf that there's just as much emotional tension as in the paciest thriller . br br just to be clear , there's no padding in this film in the long pauses where no one speaks there as much happening in the characters' emotions and in yours , watching them as you could bear . go to see it awake and alert , and you'll be gripped rather than anaesthetised . br br uzak rings true in so many ways , and that sincerity is probably its greatest accomplishment . people don't grapple with events and problems , so much as with each other . in fact , in the whole film , there's probably not one point where the main characters mahmut , yusuf and mahmut's exwife nazan are not opposed . br br much of it is true the world over country cousin yusuf's perhaps wilfully naive expectation that a job on a ship will drop into his lap ; mahmut's urbanised cynicism and unwillingness to sympathise with yusuf . br br other truths are morespecific to turkey yusuf's incomprehension that mahmut might be tolerating his stay with gritted teeth ; yusuf veering between macho ambition and wideeyed awkwardness when he tries to get to know a woman . br br uzak is undoubtedly a pretty bleak film , and one ceylan's strengths is not to beat us over the head with the themes he explores . for me at least , i believed entirely in the behaviour of his characters . all the little failed attempts to connect and petty cruelties ring so true . and yet i didn't leave with a message that the world is like that , but instead i got this is how we sometimes treat each other .",1,0
"i caught this film late on a sat night sunday morning with my brother . we had been drinking . this is one of the best films for ripping apart i have ever seen . from the 'luxury' ocean liner actually being a 'roll on , roll off' ferry , complete with cast iron everything to the doors with adhesive stickers saying staff , then seeing the same door being used for something else in another scene this film rocks ! ! the continuity is so poor you cant help but notice it , it slaps you in the face with the holes . in the final scene he jumps off a life boat with the ferry in the distance . cut to his son and new girlfriend the ships pr director who knows kungfu and used to be in the police but was dismissed for doing things her way trueon the ferry going very fast away from the explosion . . . . . . . then the dad is there hugging them . how ? ? ? ? who cares , its magic . there is not one redeeming feature to this film . the casino is the size of a large bedroom with one casino table . when being chased by the villains there is only one place to hide , you've guessed it . enter the villains who , instead of checking under the one table , proceed to shoot up four fruit machines and a little corner bar a corner bar in the casino fantastic . they walk straight past the only hiding place thus allowing our casper to get around them and 'take them out' . br br get some mates over , get a few drinks in , put this film on and howl .",1,0
"i saw this pilot when it was first shown , and i'm sure countless spirit fans hate it , because , like batman , the green hornet etc . , it took the character in the direction of camp . but i evidently never got enough of batman , because i thought it was entertaining , in some of the same ways as that show . there are two parts that stay with me . first , when denny's partner has been fatally wounded , and he makes a dramatic speech about how he always stood for the law , and obeying the exact letter of it . then , he says something like , boy , was i stupid ! which is his way of telling denny to become a vigilante instead , which he does though the tv batman kind . then , there's the scene where he tries to seduce the villainess into letting him go by kissing her , but she isn't fooled , because he's too honest to kiss her convincingly ! this was a great example of camp , that was also underplayed , by both the actor and actress .",1,0
"goebbels motivation in backing down was not explored . in the aftermath of stalingrad the reich had decided to go for 'total war' . this is referred to in the film . part of this was to use women in the war effort , which germany had not previously done to any great extent . an ss massacre of women would have faced goebbels with a public relations disaster of massive proportion . his preference was to make the problem go away as quietly as possible , on the basis that the jewish men could always be rounded up later . i understand the majority survived the war . br br his other problem was that the 'red' berlin had never been very enthusiastically behind the nazi cause and had to be handled cautiously . again a massacre of women could have cost the nazis what mediocre level of support they had in their capital city . br br it was interesting that the majority of ss uniforms showed patches which indicated that the men wearing them were not of german nationality , but were from german origins in other countries such as lithuania or latvia",1,0
"reviewed at the world premiere screening sept . 9 , 2006 at the isabel bader theatre during the toronto international film festival tiff . br br this had an interesting premise but seemed to go on too long with too many shots of piles of ewaste recycled computers , keyboards , cables etc . shipped over to china by the ton and then sorted and remade into new products to sell back and other desolation . br br the filmmakers tried to get more people interviews to boost the human element but were frequently prevented from doing so due to chinese censorship . still , what was there was interesting . the bits of a shanghai high end real estate agent preening and strutting around showing off her luxurious mansion and gardens , intercut with the scenes of others living in medieval conditions were especially striking . the opening tracking shot of a 480m factory floor was quite something as well . scenes of the activity at the three gorges dam project were also a complement to the jia khangje films at tiff the feature still lifesanxia haoren the documentary dong which were also built around that subject . br br director jennifer baichwal , producer nick de pencier , cinematographer peter mettler and subject edward burtynsky were all there on stage for a qa after the world premiere . producer noah weinzweig was introduced from the audience and was thanked as the most key person that assisted in the on the ground access in china itself .",1,0
"i saw two movies over the weekend , one was kaal and the other waqt . both movies are made in bollywood but they are worlds apart . the fundamental difference is the story and the director . vipul shaw made his indelible mark with ankhen , one of the best comedy hindi movies . his casting of the charecteres is perfect . the story apparently taken from a gujerati play is awesome , the treatment is superb with some exceptions . in bollywood when a movie is put together the first thing a bollywood director is prone to do is sign up a music director and this guy mediocre malik in this instanceis obligated to drum up six songs to fulfill his contract . so even a good director like vipul shah has to use them to appease the finacier and the grandma's who just cant get enough of these numbers . no music director can churn out good songs relentlessly as clearly evident in this movie . none of the songs have any melody and they are clearly intrusive to the narration of the story except the background music and the westernized version of the bharatnatyam . the duelling and role playing the father and son is good acting by bachachan and akshay kumar . his stunt scenes are clearly outstanding . a good director surrounds himself with good actors and he is willing to wait till a good story comes along as in this super movie . then we have a cheap classless tasteless producer like sharukh khan who will stoop low as to shamelessly plug and promote a trash like kaal to enrich himself at the cost of the betterment of art , and they surround themselves with borderline talent , and they recoup the investment before the word gets around . these are the bollywood locusts who prey on the unsuspected audience to garner film farce awards given by bollywood chamcha's and most of them are in the media .",1,0
"due to its predictable , secondrate title , the one it was distributed under in italy , at least i didn't expect much from this movie . thought it'd be another cheap flick about a haunted house la casa maledetta means the cursed house . well , i had to change my mind just after the very first brilliant scene ! the constant presence of priests and the creepy atmospheres , reminded me a bit of the exorcist and some of its decent italian ripoffs , but this was going to be something completely different . . . this is more like hitchcock meets italian thriller ! very well written and directed , good actors , interesting plot . . . ok , i've tried not to spoil the viewing of 7 hyden park for you , which i'd highly recommend to everyone . br br p . s . am i wrong , or when joanna crawls or tries hard to stand she's paralyzed from the waist down her feet and legs move a little too much ? . . . and i'm not talking of the bad dream sequence .",1,0
". . . but i enjoyed this show anyway . i've been reading some of the comments prior reviewers have had to say about this show , and i'm having a hard time completely nullifying all the criticism in my own head except one that the show was stale ; this program was anything but stale . a lot of the stuff people take issue with about this show is on the money pretentious ; forced ; overwrought ; desperate for attention ; selfsatisfied ; annoying everpresent narration . but you know what ? i really liked it . it was different , it was original , it really , really tried ; and that made up for all the minuses . the show was bright , verbal , quick , witty , interesting , fun to look at . . . you know , it was only on once a week , i could take it once a week and look forward to it and enjoy it . i will mourn its passing . but i guess nobody will be bringing this back to life .",1,0
"i taped this on sundance and had no idea that it was a miike film . i thought it was just another kung fu movie . br br then i saw things like the dancing sax player br br who sounded like an oriental gato barbieri , and i knew this had to be miike . br br i missed the beginning opening credits and had to wait till the very end of the closing credits to see miike's credits . br br so far he hasn't disappointed me yet . audition , city of lost souls , ichi the killer and the happiness of the katakuries were all good flicks , and now i've found out that this was the third in a trilogy . br br other than miike and todd solendz there's nobody making interesting films nowadays .",1,0
"i must admit the only reason i bought this movie was because i am a big fan of gackt and a huge fan of hyde . i was expecting a good movie with a lot of shots that were , shall we say , pleasing to the feminine eye but a slightly cheesy story . i mean , the synopsis sounded really out there . and now that i have just finished watching it i feel the need to tell the world of its brilliance ! hyde and gackt both gave heartwrenching performances , and my eyes are still hot from the crying that lasted throughout the last half of the movie . you get sucked into the story , and you really feel for the characters by the end . the element of vampirism which i love , but is very easy to overdo or to ruin a movie with is subtly mixed into the storyline as to make it something merely exotic , normal to this setting , rather than a random unnecessary addition to the story . i ranked it at a 9 out of 10 at first . . . and then i went back and tried to think of why i wasn't giving it that last point . came up with nothing . so a ten out of ten it is . after all i'm not much of a critic the fact that i'm bothering to write a review at all means i either really hate the movie or really love it . you can tell what side i'm on with moon child .",1,0
"i knew little of this movie when i entered the theatre for an advance screening . i gathered from the ads that it was a thriller . br br what we have is like compulsion meets matlock . two teens decide to commit a perfect murder . a victim is selected at random and then carefully executed so that no traces of the actual murderers is found . then a bunch of false leads are planted that point to an innocent bystander . innocent of the murder anywaybr br enter sondra bullock as the investigating officer . imdb says that she's fbi , but i don't remember that . i thought that she was a regular cop she's frustrated by the inconsistency of the killers profile the profile doesn't fit the profile ! and by the power and influence of the father of one of the boys . br br she's also has demons of her own which figure prominently in her decicision to become a cop . but this is the only character that is really more than onedimensional . all others are pretty flat . br br for a thriller , there are really no big thrills . it's mostly a catandmouse game like an episode of matlock which she's watching at one point in the film . the twist is that there are two involved in the killing . just who is the real murderer , justin or richard ? it'll cost you eight bucks to find out .",1,0
"i liked this show a lot we got the first and only , it would appear , series in the uk on channel 4 . the characterisation was right on the money a bit like the simpsons in that all the different facets of small town populace were represented . br br there was no laughter track i hadn't seen this on an american tv comedy at the time except for on larry sanders and it really worked well here , heightening the suggestion that these wacky cops were really like that , and not just hamming it up for the cameras . br br all in all , a quirky little number that tickled me just right i can't help but think that maybe it missed it's mark with certain audiences . i think it would have been a cult hit in the uk had it been shown at an acceptable hour . br br i'll round this off with my standard comment where the hell can i get hold of this to watch it again ? any ideas ?",1,0
"a long time ago , in a galaxy far , far away . . . . . there was a boy who was only two years old when the original star wars film was released . he doesn't remember first seeing the movie , but he also doesn't remember life before it . he does remember the first star wars themed gift he got . . . a shoebox full of action figures from the original set . he was too young to fully appreciate how special that gift would be . but years later , he would get what to this day goes down as one of the best gifts he's ever received another box full of action figures , ten of the final twelve he needed to complete his collection . it's now legendary in this boy's family how the last action figure he needed , anakin skywalker , stopped being produced and carried in stores , and how this boy went for about ten years until he got into college trying to track one down and finally bought it from someone on his dorm floor for a bag of beer nuggets don't ask . . . it's a northern illinois university thing . br br i can't review star wars as a movie . it represents absolutely everything good , fun and magical about my childhood . there's no separating it in my mind from christmases , birthdays , summers and winters growing up . in the winter , my friends and i would build snow forts and pretend we were on hoth i was always han solo . my friends' dad built them a kickass tree house , and that served as the ewok village . they also had a huge pine tree whose bottom branches were high enough to create a sort of cave underneath it , and this made a great spot to pretend we were in yoda's home . i am unabashedly dorky when it comes to star wars and i think people either just understand that or they don't . i don't get the appeal of lord of the rings or star trek but i understand the rabid flocks of fans that follow them because i am a rabid fan of george lucas's films . br br i feel no need to defend my opinion of these movies as some of the greatest of all time . every time i put them in the dvd player , i feel like i'm eight years old again , when life was simple and the biggest problem i had was figuring out how i was going to track down a figure of anakin skywalker . br br grade for the entire trilogy a",1,0
first of all that i would like to say is that edison chen is extremely hot and that sam lee is looking much better than before xd ! this is probably one of the most original movies i have seen so far ; shows a poverty lifestyle background of a cambodian . the cambodianedison aka pang goes around killing people to survive himself ; has done it throughout his entire life . sam lee'swai duty is to capture the cambodian for good . there are tons of violent actions but has a good story to it . the movie shows the struggles between those two characters ; they both beat each other like angry dogs . go and watch ppl . . . strongly suggessted ! ! ! go hk films,1,0
"this movie had no parts that were hilarious , mostly just average funny units , but it did not have any parts that were really bad either . the worst part was the voice of sid . his slothy slur was just too much for me . by about 5 minutes in i was sick of hearing him talk . aside from the annoying sloth voice the movie was good . there were numerous side jokes which if you catch them make the movie much better . this is a good movie for kids . it has enough in it to keep adults content and enough in it to entertain kids . this one is definitely worth renting if you have kids and want to watch a movie with them .",1,0
"one of the most successful shows in television history is back . now i admit i never got into the original show . . . . okay , so i never watched it at all . but the new show is impressive . br br scifi has premiered the first two episodes , rose and the end of the world , this weekend . we meet rose , a twentysomething clerk who is chased by remote controlled mannequins . she is rescued by a mysterious stranger who calls himself the doctor . using the internet , she finds a conspiracy buff who warns her that wherever the doctor goes , death follows . when her geeky boyfriend mickey is replaced by an impostor , the doctor informs her of a plot to use earth as a breeding ground for more of these plastic monsters , whom the doctor has been fighting across space and time , traveling in a tardis disguised a 50sstyle police call box . br br she helps him save the worldthere wouldn't be a show otherwiseand decides to join him . but when he puts her life in danger , he is distraught , and questions whether her company was worth the risk . br br although the special effects are kinda lame , and the some of the scenes are a bit choppy , doctor who is after two episodes aired in the us a smart , wellwritten work . apparently , the second season has already aired in the uk , so i predict the same success here .",1,0
"when we are young , we all pick out an ideal occupation for ourselves artist , actor , writer , rocket scientist , etc . . while most of us grow out of our pipe dreams , the main character of american movie , mark , has yet to let go of hisand at a thirtysomething age too to become a wealthy acclaimed director . despite the fact that murphy's law won't leave mark alone and something always seems to go wrong , mark is able to persevere during each deterring incident with an even greater drive to reach his goals . his desire to be a director so controls his character that he sees any person or thing in his life as something to exploit to reach the goal . while i noticed other imdb commenters are lambasting mark's selfishness , i think it's an almost justified sortof selfishness because for mark , not becoming a famous director is equivalent to death . he talks incessantly about leaving some kind of mark on the world , and he sees filmmaking as a way to do this . br br unfortunately any viewer of this movie picks up early on the fact that mark has a nearzero chance of ever achieving his dream . is he aware of this ? no , not in the slightest , and none of his family or friends want to let him in on the secretin fact even some of them believe in him . strangely enough though , the disappointing future the viewer feels is sure to occur for mark doesn't impede the ability to find humor in the film . this is a very very funny documentary . most of the laughs come from when mark is filming scenes for coven . there's a scene where an actor has to have his head break a cupboard , and it's just not working . another scene has mark's very old uncle bill saying a few lines to the camera ; needless to say , after 20 takes of a lot of headscratching and linestumbling bill finally decides he's had enough . a lot of humor sadly comes from mark himself . his screenwriting , which he seems to think is worthy of a pulitzer , is laughingly bad it's alright , it's ok , there is something to live for ; jesus told me so . br br american movie is , contrary to what people might think , a documentary that anyone can enjoyeven though my sister , who watched some scenes , seemed to think it was downright bizarre . the fact that chris smith can successfully bring to the screen a film that inspires both sadness from mark's depressing lifestyle to hilarity with scenes with billwho unfortunately passed away before the film was released says quite a lot about him . i wonder how the dreamer mark regards this documentary . does he realize that it casts him in a bad light ? or that it sets up to show him as a fool in many scenes of the film ? or does he see it as something that will be shown prior to his own ae biography segment ? it's an intriguing subject of wonder , and i hope the latter comes true for him some day . br br i highly recommend this movie 910 .",1,0
"this movie has to be my favorite of all time . its not supposed to have a plot , because its makers wanted people charlie sheen , i thinkto believe it was a real snuff film . this was an exercise in visual effects , and doesn't cut away when the action happens like every other film does . movies these days are now all about sound effects , leaving the visuals to be made by computers cause its easier to deal with cgi blood . there still are movie makers who still can't get fake blood to look like the real thing . there is no rape scene because that wasn't the point of making the film . have you seen the hills have eyes 2 ? the rape scene was funny instead of shocking . although i'm sure there are some gonzo porn film makers that have tried to marry porn with horror . but since they probably suck at making films , they probably wouldn't be able to pull it off . the movie baise moi has a disturbing rape scene because the actresses are actually porn stars and they show everything even though the movie overall sucks . br br its too bad that a movie can't be made without thinking of the money aspect of it all , especially when talking about an ao or nc17 rating . i'm sure eli roth has the abilitytalent to make his hostel film series much much better , but he has too tame it down to get an r rating . . . or at least i hope that his movies sucked because of these limitations . br br watch traces of death or more than smashed pumpkins if you want no frills real footage accident crime scenesfootage . don't forget that this movie was made in 1985 . the fact that this film can still stand up against most crap made these days says a lot about this film . that would be like someone saying the 8bit super mario brothers sucks because the ps3 has better graphics .",1,0
this movie was so good . leon phelps is hilarious . i went out after and bought a case of cognac ! ! ! ! ! i went out after and bought a case of cognac ! ! ! ! ! i went out after and bought a case of cognac ! ! ! ! ! i went out after and bought a case of cognac ! ! ! ! ! i went out after and bought a case of cognac ! ! ! ! ! i went out after and bought a case of cognac ! ! ! ! ! i went out after and bought a case of cognac ! ! ! ! ! i went out after and bought a case of cognac ! ! ! ! ! i went out after and bought a case of cognac ! ! ! ! ! i went out after and bought a case of cognac ! ! ! ! ! i went out after and bought a case of cognac ! ! ! ! ! i went out after and bought a case of cognac ! ! ! ! !,1,0
"scandinavians are pretty good at making me laugh at the drab nothingness of my soulless life , huh . br br the filmmaking here was incredibly meticulous , every piece of framing , every deadpan stare , every element of the colour palette , every snippet of muzak or whooosh of those street cleaners was there to hammer home this world's calm emptiness . br br in fact , i think i might have found the general sense of emptiness overbearing had its absurdity not been genuinely funny and relatable . like when andreas is telling his boss that he misses children and looks up and the guy is smiling and halfway out the door , it's a sort of sad but true reflection of working with people , spending 78 hours a day with them , seeing more of them than the folk you love , but ultimately knowing deep down they don't give a damn about your troubles and you the same . br br this might have been a film the coens had made had they been born in oslo and not minnesota . i think their humour is more aggressive and more wrapped up in cinema's past but they have the same mastery of technique and their films have the same underlying sense that life is pretty inconsequential . br br i'll stop before i talk myself into taking a bus into the wintry wilderness .",1,0
i must say this movie is truly amazing and heartwarming . reese witherspoon is so charming and jason london's not so bad either ! it is so sweet watching dani fall in love and it breaks my heart and yet warms my heart at the same time watching court fall in love with maureen . however it is even sweeter watching how much he cares for dani . i must admit though i did kind of want him to fall for dani in the end . it is just so cute watching her fall for him i did not want her to get her heart broken so badly . but the biggest tragedy i have ever seen occurred in this movie . watching him die made me cry for a whole day . i just could not believe it . however never a more loving relationship has been shown in a movie then maureen and dani . they really can make it through anything . i am giving this movie a 9 because i didn't want court to die but it was still one of the most amazing movies i have ever seen .,1,0
"neil simon's the odd couple set up a model for many of his later plays . felix unger and oscar madison were the unsuitably paired roommates in the original , the former being picky and neat , the latter being slovenly and loose . simon would rewrite less successfully the play in the 1990s as the new odd couple , with female roommates . he made it a mixed couple a woman with her daughter , and a man in the goodbye girls . he also gave it an additional twist in 1973 with the sunshine boys , a broadway hit starring jack alberson and sam levine as al lewis and willie clark , the aged , semiretired vaudevillians . here the apartment problem is reduced to a teaming of two men who can't stand each other . the 1976 film starred walter matthau as willie , and george burns as al . br br in actuality , al probably does not think totally badly of willie willie is pathological on the subject of al . first al had little habits , such as accidentally spitting slightly when pronouncing words beginning with the letter t , and slightly jabbing willie with his index finger , on stage . secondly , al retired when his wife died . willie was not ready to retire and has been forcing his nephew and agent , ben richard benjamin to try to get him jobs in commercials . but willie can't remember lines unless they are funny , and keeps flubbing them . so he rarely is able to stay to the end of a rehearsal for a commercial . br br ben is asked to get the two back together for a live scene of their most famous sketch on a television show about american comedy . he does bring al to see willie , and the sparks begin flying , as neither can figure out what the other is doing and this is just in rehearsal . on top of that , willie is insisting on changes minor ones , but they throw off al such as saying enter ! ! ! when al knocks on the door . the initial rehearsal is a failure , but ben manages to get them to the taping of the show . the question is if they will complete the scene in the finished program or will willie wring al's neck ? br br the three leads , matthau , burns , and benjamin , do very well with the oneliners , frequently reminiscent of vaudeville patter example chest pains . . . i'm getting chest pains uncle willie . every thursday i come here and get chest pains ! so , come on fridays ! . benjamin strives to prove his deep affection for his uncle , although matthau's rough outer shell makes it difficult he only smooths down when he discusses the glory days of vaudeville . matthau has a little better grasp on reality at first than burns , who seems senile by his repeating himself but in actuality matthau's sense of rejection by the world that once applauded him make him less willing to behave properly . burns is not senile he takes things slowly . but he seems far happier in accepting his retirement . br br i call this a final voyage of discovery for our modern lewis and clark . al and willie transcend their old skits , as they gradually end up realizing that they have more in common in their old age than they thought . even the irascible willie admits that al may be to him a pain in the ass , but he was a funny man . br br burns was not the original choice for the part of al lewis supposedly dale of the team smith and dale . jack benny was . benny probably would have done a good job , but illhealth forced him out he died in 1975 . burns whose last involvement in any film was in the solid gold cadillac in 1956 as the narrator turned in such a fine performance that he got the oscar for best supporting actor , and was to have a career in movies in the next decade in such films as oh god ! ; oh god , you devil ; and going in style . he died in 1996 age 100 , having proved that he was more than just a brilliant straight man for his wife gracie allan .",1,0
"it has to be admitted that the best work of harold lloyd ended with his last great silent comedy speedy in 1928 . after that he enters sound films like chaplin and keaton and laurel hardy and w . c . fields and does do better than keaton , but not as well as the other three . chaplin was rich enough to make his own films as producer but he paced his films so there were five years between productions . laurel hardy were under the protection of hal roach , so production standards for their shorts and sound films were pretty good . fields first worked with mack sennett , than with paramount , and then freelanced . lloyd tried the route that chaplin took , but with less success . br br he produced his own films , but unlike chaplin he did not own his own studio . also his first two choices were not good especially feet first . but he did begin to choose more wisely and movie crazy , the cat'spaw , and the milky way were all good choices . these three and possibly the sin of harold diddlebock were his best sound ventures . they are all entertaining , but none are up to safety last , the freshman , the kid brother , or speedy . br br of the top four sound films the cat's paw is the most controversial . ezekiel cobb's solution to ridding the city that elects him mayor is very extreme for the tastes of 2005 . or is it ? when a movie is made dictates what it's politics are the cat's paw is from 1934 . that second year of the roosevelt new deal itself rather controversial for heavier government involvement movie audiences saw films like gabriel over the white house and the phantom president , where our leaders did extraconstitutional actions to rid the nation of internal enemies and to force disarmament around the globe . even cecil b . de mille got into this act with this day and age , where a bunch of teenagers use rats to force a gangster to confess his crimes . br br to us , the use of violence to force anyone even a bunch of goons and boodlers like alan dinehart's gang to confess is repellent . after all , the supreme court has protected us from confession under duress . what we forget is that the reforms we are thinking of did not occur until the warren court and the burger court made them . for example , although mr . justice sutherland's opinion in the powell scottsboro boys case of 1932 guaranteed every criminal defendant had a right to counsel , gideon v . wainwright did not extend this to ordering court paid counsel to defendants until 1962 . the miranda case , with it's now wellknown antiselfincrimination warning is from 1963 . nothing like this were considered necessary in 1934 . br br if you study other movies of the period up to 1954 and even to 1960 tricks are used to get confessions kirk douglas confesses his crimes in front of witnesses in i walk alone while burt lancaster holds a gun to him . when lancaster leaves , douglas sneers about confessing under duress , only to see the gun is unloaded . suddenly he realizes that legally in 1948 he has confessed without duress . hate to say it , to any civil libertarians reading this note , but what cobblloyd does to dinehart and his pals in the conclusion of the cat's paw was not only legal , but would have led to their jail sentences in 1934 . we may call it heavy handed , fascistic , or horrid , but it would have worked legally when it was thought up .",1,0
a sleeper . i had never even heard of this movie until i was channel jumping one night . i've been a police officer myself for 25 years and thought this was a true to life movie . nonpolice critics are rating the movie purely from a critic's point of view and not from a police officer's point of view . this is real .,1,0
"china o'brien 1990 was an attempt to make cynthia rothrock a star in the united states . this golden harvet production was helmed by veteran director robert clouse . sadly he was either lucky with enter the dragon or he's lost his touch because he's not that great of a director . the only reason to watch this movie is to see the fighting skills of ms . rothrock and richard norton . if this movie was directed by corey yuen or hoi meng it could have been an action classic instead of a cheesy straighttovideo action flick . br br china o'brien returns home to help out her dad . he's having trouble with the local mob and he needs her help . so she returns home and restores order with the help of two unlikely people . but will they be enough to topple mister big and his evil cronies ? br br if you're a big cynthia rothrock fan then this movie's catered for you . i only enjoyed the fighting scenes , everything else is rubbish . why didn't raymond chow shell out a few shekels and hired a top notch action director ? br br recommended .",1,0
"maybe i'm a sap but this is the sweetest movies ever ! i saw it for the first time when i was around 4 or 5 , and i cried my eyes out . between then and now embarrassed at age 15 i have seen it over 25 times and have sobbed each and every one of them . don't worry they're tears of happiness ! and it's not all sap ! there's a lot of humor and comedy in it too . usually the whole talking animal thing can be a huge drag but in this movie it's not the case . my only word of advice even if you love thisdon't see the sequal . . . cornyness ! i suggest everyone checks this out . . . you won't be sorry , no matter how old or young you are !",1,0
"i must say , i thought i had seen it all . i am an extremely jaded movie buff . this movie didn't shock me , by any means . i'm way past that point . but it did take me to certain emotional places i didn't know i could go to . i had no idea i could ever find ick the idea of beastiality erotic . never never never . ever . ever . but there you go . he did it . i have to give the director credit . he pulled it off . br br for the first 40 minutes this movie is a total bore . we start off with some very explicit footage of two horses having sex . after five minutes of this i started wondering if buying this movie wasn't a mistake . then an old guy in a wheelchair talks to some other old guy about two people getting married . then some nervous guy shaves . then we see briefly a hot chick getting it on with a butler but this is very brief . at this point i was cursing the movie out loud while trying to stay awake . in fact , i fell asleep at about the 40 minute mark and forced myself to finish it the next night . br br we finally get the good stuff when a girl who knows who she is , or who anyone is in this movie has a dream about a victorianera gal being ravaged by a beastthing in the forest . the scene goes on for quite some time and is really the meat hehheh of the whole deal . it's beautifully shot , superbly edited , and does deliver the goods . they do try to wrap up the plot at the end and it sort of makes sense but sort of doesn't either . oh well . i would definitely recommend this film . the first 40 minutes made me want to shoot myself and my tv but the last 50 minutes totally redeems it .",1,0
"this film sat on my tivo for weeks before i watched it . i dreaded a selfindulgent yuppie flick about relationships gone bad . i was wrong ; this was an engrossing excursion into the screwedup libidos of new yorkers . br br the format is the same as max ophuls' la ronde , based on a play by arthur schnitzler , who is given an inspired by credit . it starts from one person , a prostitute , standing on a street corner in brooklyn . she is picked up by a home contractor , who has sex with her on the hood of a car , but can't come . he refuses to pay her . when he's off peeing , she answers his cell phone and takes a message . she runs away with his keys . br br then the story switches to the contractor , who pays a professional call on a rich , bored new york woman , who plays with him until he is aroused , then she pulls away . she tells him how desperate and unhappy she is ; he tells her how beautiful she is , and lucky . as he is leaving , she asks if he would have sex with her . she sits on top of him , bounces up and down . this time he comes , the he leaves . br br the woman and her husband throw a dinner party for their trendy friends . hubby robert is talking business , wife ellen is bored , and switches the subject to sex , and how often men and women think about it . husband switches conversation to desert . later , after the guests leave , ellen tries to entice robert into sex . robert wants none of it , and puts on a jazz record . ellen turns on the radio ; robert turns up the music ; ellen turns on the tv ; robert turns on another tv . cacophony ensues . ellen goes up on the roof , robert joins her . ellen confesses that she needs to experience more men , men other than robert . robert says that he too needs to experience men . br br we next follow robert as he visits an artist , martin , played by steve buscemi . i wish buscemi could have more roles like this , where he is a sexy , smart , totally desirable guy . robert praises martin's work , much more than it deserves , promises to get it into a show . martin is excited , until it turns out that robert is speaking out of his groin , it is all a mating dance . robert tries to kiss martin , on the lips , and martin pulls back , saying that he is not gay . robert asserts that he's not gay either , martin scoffs . both admit that the artworks are bad . robert is about to leave , when martin allows robert to kiss him . they make out , and robert goes down on martin . br br next we follow martin , as he prepares for an art show at a manhattan gallery . he is smitten by the receptionist , anna , played by rosario dawson . i had to cut some of this review to keep it under 1000 words . . . and they make love to each other . br br we next follow anna , who is sitting at a lunch stand . her boyfriend , nick adrian grenier , enters , bearing flowers . she is cold toward him ; he tries to figure out why . he coaxes out of her the information that she has had sex with someone while he was in san francisco . she coaxes out of him the fact that he has stayed with his exgf while in san francisco , and had sex with her . the latter revelation turns out to be a lie . the two of them make out in the luncheonette , but she decides that they must break up . nick is heartbroken . br br and we follow nick , who confesses his troubles to an older woman who he meets on a park bench , joey carol kane . joey is sort of weird and childlike , but is a good audience for nick , who needs a sympathetic ear . the two of them go to coney island at night , and look at the stars . nick falls under joey's spell , despite the age difference between them . they go back to joey's apartment , and nick gradually realizes that he is about to have sex with a crazy old woman . she is on top of him , doesn't want to let him go . but he manages to escape . br br this is , by the way , the best carol kane role since she played latke's wife in taxi . joey's phone rings , and it is a man calling the psychic friends network , and joey is one of the psychic friends . although she is still hurting from nick , she gradually gets into her psychic shtick . the man is at his office , late at night , and wants to have phone sex with her . although that is not joey's business , joey goes along , and coaxes the man to come . she wants to keep talking , although the man want to get off the phone , and finds out that he has embezzled a lot of money from his company , and will be found out tomorrow . his life is ruined . joey realizes that the man is going to commit suicide , and she tries to make him believe that she is his friend , that she cares about him . and she does care about him . br br but the man packs a gun into his briefcase , and goes off to seek a prostitute on the brooklyn waterfront , and we come back to the beginning , to the same prostitute who started out la ronde . she wants to give him 75 , 000 in cash if she will kill him . he tried to kill himself , but couldn't do it . the prostitute does not want to do it , but he insists , holding her hand , holding the gun inside his mouth , telling her where to aim . eventually , the gun goes off , and we see the prostitute walking down the street , and arriving at the corner where she normally does business . the contractor who didn't pay her earlier in the movie drives up , rolls down the window . they look at each other . the end .",1,0
"the love letter 1999 starring kate capshaw , tom everett scott , tom selleck , ellen de generes , gloria stuart , blythe danner , jessica capshaw , alice drummond , bill buell , erik jensen , margaret ann brady , walter covell , patrick donnelly , lucas hall , christian harmony , christopher nee , breanne smith , marilyn rockafellow , sasha spielberg , jack black . . . . . director peter chan , screenplay maria maggenti . br br based on the novel the love letter by cathleen schine , director peter chan's film version , released in 1999 , was not a big boxoffice draw , not even for a romantic movie with some comedy elements . while it was not as popular in theaters , it soon became a beloved film on cable television and on vhsdvd . set in a seaport town in the good old usa i forget the exact location , this is the story of a mysterious , passionately written love letter who sparks emotions and confusion among the principal characters , each who think the letter is personally addressed to them . by the end of the film , we don't know who the lover or the beloved is but the power of the letter has altered the lives of nearly everyone in the small town . the cast is made up of wonderful actors who have fared well on tv and film , among them kate capshaw in the lead role of middleaged beauty helen , a bookstore owner , comedienne ellen degeneres as her friendemployee janet hall , young hottie tom everett scott as johnny , the young 20 something guy who falls for the older hellen and an older tom selleck as the firefighter george matthias who must compete with johnny for helen's affections . there are cameo roles by veteran old hollywood actress gloria stuart , who is best known to modern audiences as the elderly rose in titanic 1997 and a cameo by kate capshaw's own daughter with husband steven spielberg jessica capshaw . the love triangle is between a middleaged woman , an older man and a young man , each of whom feel as passionately for helen as the writer of the mysterious letter . the conflict lies in helen's indecision . will she choose the right person ? which man has the most to offer her ? johnny is in a relationship with a girl his age who loves him with a passion all her own , and is in fact , a kind of reminder of what helen was like at her age . george is in the process of divorcing his wife and has lived a worldly and eventful life . a cultured intellectual , he takes helen on an opera date , where the tragic death of puccini's ultraitalian heroine tosca moves helen to explosive tears . there are lots of beautiful vistas of the charming coastal town , rendered beautifully by cinematographer tami reiker . the score is a paradise of romantic and lovely songs i've never been in love before , i'm in the mood for love and only the lonely . ellen degeneres as janet hall , who is consistently late to her job at helen's bookshop , who endlessly dates men without being able to find the right guy , is simply wonderful . she has not lost her comedic flair , even though at this point in her career she was not appearing much on tv or film because only about two years before her hit mid90's tv show ellen was cancelled because of her coming out as a lesbian and the new lesbian subject matter of the show . here you even find comedian jack black , long before he made it big , in the bit part of a fisherman . this is a moving film about human emotions and making decisions that are significant , about the human need for a passionate consuming love and the general love of escapism brought not only through books , letters , and music , but through a genuinely loving and secure relationship . this is a great film with wonderful moments and an infectious romantic spirit .",1,0
"the men can slaver over lollo , if they like or her lollosshe gave her name to a slang terms for breasts in french , but the ladies have an even tastier morsel in the divine gerard philipe , who is not only beautiful but can act . don't be deterred if your version has no subtitles because in this simple , dashing story of love and war , in which all is fair , they are not needed . all you need know is that , at the beginning of the film , lollobrigida reads philipe's palm and tells him he will marry the daughter of the king . thereafter the story is quite plain from the gallic gestures and the running , jumping , and swordplay . br br on the minus side , the obviousness of the story and the heavyhanded facetiousness of the tone become somewhat wearying , and it is annoying that the french apparently consider themselves too superior to hollywood to bother even attempting the plausibility of its exciting stunts . and of course the nonfrenchspeaker misses the occasional bit of oohlala , such as virtuous girl i must tell you that my heart belongs to fanfan . seducer my dear , what made you think i was interested in that bagatelle ?",1,0
"these three directors are off to good beginnings . the three stories are remarkably welldone for independent productions and capture those traumatic feelings of coming out when you aren't really sure it's a good idea . i laughed at those veiled glances around the dressing room in pool days ; i smiled at the notion that fans of bette midler , judy garland , and barbra streisand are assumed to be gay in a friend of dorothyie . browsing through the cd music racks ; and i cringed over the jock in the disco years whose memory of sweet sex was now blurred by liquor . it all seemed so real . i look forward to more offerings from this trio of directors .",1,0
"the first word which comes into my mind after watching this movie is beauty . beauty is all around , in actors' play andie is superb as always , in well designed shots , and in authors' red line idea the love . br br i think the kenny's character is the only white spot in these three womens' otherwise boring and predictable life . his interaction makes andie's character living as entertaining as it could possibly be . when he's gone , it became obvious that we cannot really appreciate and hold to our inner believes and sacred desires . br br the fact that andie successfully recovers from this loss is nothing bad , instead it shows that life prevails in any forms , even in this small british village , which is shown perfectly . br br another reason i love this movie is that it is so british in all ways all that houses and fags and accents . and andie again is doing superb job ! it is a shame that this movie got such low marks . 10 out of ten !",1,0
"if i remember , ira gershwin , the lyricist and brother of george , offered the gershwin catalog for this film and it was snapped up by the producers . in many respects , it was a typical 50's movie musical by the freed unit at mgm and directed by vincente minelli with a lot of help from gene kelly . br br the gershwins were , of course , among the greatest of all broadway musical teams but , in my opinion , george himself was among the greatest of all american composers , period ! ! ! gene kelly was , of course , one of the two greatest male dancers of the movie musical one guess as to the other ? and i don't imagine his casting was ever in doubt . but , i think the rest of the cast needs some explanation oscar levant was a noted personality in his time and , as an actual friend of george gershwin , he had to be in this film . he was a talented pianist and even a moderately talented composer as well as a noted neurotic and hypochondriac and here , as always , he plays himself . br br leslie caron was an unknown at this time and she was of the french gamin type . a talented dancer , she was never a real beauty . george gutary who plays the part of maurice chavalier , oops , i mean henri baurel , was greek and not french but he certainly is more than ok as a french boulevardier even if a little too young for the part . br br gene's hoofer's voice is serviceable here but gutary has much the better vocal equipment . though gene was better cast elsewhere as , obviously , in singin' in the rain where his character is much more calculating , even here he shows himself to be something of a heel at times he was , not for nothing , cast as the original heel joey in pal joey , the broadway musical . i was not so enchanted with his i got rhythm scene with the children which does not appear as spontaneous as was intended in my opinion . br br i also found nina foch's character milo to be rather irritating . br br but the highlight of the film is obviously the lengthy ballet at the end of the film based on the title music with sets and costumes in the styles of the great french impressionist painters . br br i found it difficult to believe gene and oscar , as struggling artists , and i don't think the musical numbers are as well set up as they might be but , on balance , the gershwin music is very well served in this film . br br the dvd is welldone with fine clear graphics when they are supposed to be and the mono sound is good but a trifle shallow .",1,0
"another channel 4 great canned long before it's time . compelling acting from phil davis and the rest of the cast . sexy , intelligent and funny . i remember watching it at the time and even then , asking around , noone had really heard of it . but trying to find someone now who can recall it is even harder . perhaps channel 4 don't do their job well enough in drumming up the enthusiasm needed . either that or the general public is too interested in the tv vomit that is big brother . i suspect the latter . downloading of garth merengie's dark place prompted channel 4 to release a dvd of that series . let's hope the same can happen with north square .",1,0
"having just borrowing the series one dvd collection from my somewhat obsessive brother , i was expecting to get through the first couple of episodes and handing it back . i have just found myself yelling at the screen for ending the first season on a cliffhanger a mere week later and i've watched the entire season . where i found the time for this i have no idea . br br this show is great . it doesn't take itself too seriously , it has likeable characters who are well acted , and the special effects ignoring the odd tacky puppet here and there are special enough to give it that polished feel . at first , i didn't realise it was filmed mostly here , and it seemed odd to hear so many aussie accents on a scifi show it was most amusing for the main character john to land back in sydney midway through the first season . br br i believe this show's biggest strength is the vision that the creators of the show obviously had . they have gradually introduced new aspects of the characters that have explain previous actions , and the continue to smatter john's conversations with slang in an amusing and unforced way . on top of that , having watched the entire voyager and next gen series , i see little plot ripoff so it has managed to maintain a sense of originality throughout the entire first season . i hope the rest of it is as good . br br farscape is not like any other scifi that i've enjoyed in the past . i heard that the fourth season wasn't as good as the first three , and i am now quite annoyed that they cancelled it before the 5th . i hope that they revive this show with the same actors in either a movie or another series . it would be a shame to leave so many plot lines unfinished as i imagine that with a show that's had so much thought put into it , to have it axed without adequate warning will leave me feeling robbed . br br gotta go now . . . heading back to my brother's place to snaffle the 2nd season . br br v .",1,0
b . b . thornton proves to be a great actor in this little seen movie . thornton really gets into his charactersliterally . i caught this on cable one night and enjoyed it . too bad it was released nationwide in theaters the same year as fear and loathing and halfbaked .,1,0
"gypsy is possibly the greatest musical ever written , so it's too bad that it's film version was such a disappointment . to make up for that , we have this remake which , if not flawless , is an enjoyable and well done adaption of the musical . the script is completely accurate , all the songs included , and the staging remains close to the original jerome robbins' staging . bette midler is a deft choice for rose , her singing and personality mermanesquire , and her acting splendid . peter reigert is a fine herby , if not a great singer , and cynthia gibb is a straight forward , natural louise . in truth , a live taping of the 1989 revival with tyne daly might have been a better idea , if only because gypsy is simply more exciting on stage , but this film is a fine translation of a great musical .",1,0
"no bullets , no secret agents , a story that is entertaining , funny , and believable . met some of the producersactors in this film at the theater . they seemed as interesting in person as their characters on screen . you may not hear about this movie on tv with highdollar ad spots , but it is definitely worth checking out . i have spent 8 for a movie ticket on a lot of other movies that weren't this entertaining . looking forward to future projects by this production company .",1,0
"considering all the teen films like the breakfast club and pretty in pink that are lionized . it is surprising that this one is so ignored . br br there is no sex in it , but sex is thought of , including the idea that it may matter what others think about it . the kids do not always get along with their parents , but neither the parents or the kids are seen as always right or wrong , and the parents are not seen as monsters . br br it deals with heroworship . how one girl does a dangerous thing , which could have lead to real dustier , before realizing that she was wrong . br br the movie is kind of ahead of its' time . one kid asks another kid what birth control she uses . she says she is doing nothing to need birth control . she replies wrongly oral sex .",1,0
"when i first saw the title i was already deducing the theme of the film it clearly wasn't a reference to british currency , so it had to be shakespearian and about pounds of flesh taking them , or giving them . will smith's a feelgood actor , so serial killers were out . it could only be about a man giving them , so must be about guilt somehow . i spoilt the whole thing for myself by looking it up and knowing the story before i watched , as the beauty of the buildup is the way parts of the main character's background are drip fed to slowly illuminate the audience as to who he is and why he is doing what he is doing . br br guilt is a very hard subject to do simply because it's deeply uncomfortable and sad , which is not an encouraging premise when you are hoping for a rollercoaster ride you know its going to be unpleasant . i wouldn't say the movie glorifies suicide ; it delves into the most extreme form of selfsacrifice martyrdom . br br it's also brimming with symbolism everywhere , which is a surefire telltale sign that the writing is cleverly thought out in great detail and driving at multiple meanings and a deep reflective nature . the most prominent theme that struck me was that he was not only giving his heart to the girl he loves emotionally and metaphorically , but was giving it to her physically as the greatest gift he could . determined to die , but his plan is thwarted by falling in love what a 2nd act complication . absolutely masterful . br br yes it is very slowpaced , but i'm undecided as to whether it would have been better slotted into a smaller timeframe . i didn't feel the strain and his terrible inner turmoil as much as i could have , but maybe that's just me having ruined it for myself beforehand . saying all that though , it is a deeply moving and original film that is an incredibly powerful and thoughtprovoking tragedy that deserves the awards it will inevitably get .",1,0
"i found this a bit hard to follow to the extent that it seemed to dip in the middle while i tried to make head or tail of who was fighting who and why . one of the problems is the culturallanguage one . here we have a chinesetaiwanesejapanese problem of which we know little and because we are simply reading english subtitles inevitably loose some of the subtleties . another problem is that there seem to be just too many only half explained twists and coincidences . nevertheless , it seems unlikely that there is a wholly bad miiki film and this certainly is not that . plenty of stylish and bone crunching violence , a window upon some less than orthodox sexual goings on plus the family aspect . all in all a decent ride but maybe checking out the storyline might actually be helpful before watching this one .",1,0
"surprisingly not terrible and well animated for one of disney's straight to video throw away sequels . like the previous sequel the lion king 2 i was glad that disney brought back most of the original voice actors which makes a big difference and they kept a good level of traditional animation . the plot wanders around for a while but we are distracted by an unending string of jokes ranging from hilarious to dull . to break up the detached plot and jokes they gave us some silly musical sequences , which much like the jokes , range from entertaining to a quick trip to the fridge . for the most part the mst3klike moments are bland and full of untapped potential and really don't add a whole lot to the movie other than to act as a vehicle for an hourlong flashback . the new characters are at least likable , and the old characters are out doing their thing so i can't fault them there . overall this movie in not bad and it makes for a nice frivolous filler between the more serious lion king titles .",1,0
"the journey of hope 1990 is about a trek that many nomadic and poor turks make so they could live the good life in switzerland . these people are so desperate to live like westerners that they'll give up their life and lives in an attempt to reach the promised land . so many of them are swindled by greedy crooks who make their living off of charging huge fees for desperate people who are in a no win situation . one family braves the cold , the treacherous mountain range and predatory criminals only to discover that there's not always a shining white light at the end of the tunnel . this problem exists world wide , not just in america . some people tend to forget that . a heart breaker of a film that'll leave you wondering why at the end . br br highly recommended .",1,0
"gaming ? nicotine ? fisticuffs ? we're moving in a descending spiral of iniquity ! so says the head of st . swithen's upon inspecting the master's common at nutbourne . the faculty and students of st . swithen's have been ordered to share facilities at nutbourne to avoid german bombs during world war ii . then there's the masters' library . the diary of samuel pepys ? abridged . . . well , that's something to be thankful for . what's up here ? the memoirs of casanova ? wasn't that the book we caught jessica james reading in the closet ? decameron nights ! well , really ! what ever else this place may or may not be , it's no place to bring carefully nurtured girls ! br br yes , a terrible mistake has been made by the ministry of education . nutbourne is a school for boys . st . swithen's is a school for girls . and what makes this one of the best postwwii british comedies , nutbourne's head master is wetherby pond . . . played by alastair sim , while st . swithen's head mistress is muriel whitchurch . . . played by margaret rutherford . br br st . swithen's ? says pond . you don't mean to say that yours is a school for boys and girls ? he asks one of the early girls . only girls she says cheerfully . does this mean , sir , asks one of nutbourne's teachers , that we are to expect 100 young girls ? it means that not only have the ministry made a mistake in sending a school here at all , but that it is guilty of an appalling sexual aberration ! br br margaret rutherford's miss whitchurch , as positive and immovable as a battleship , intends to make the best of it , by briskly taking over nutbourne if possible . alastair sim's pond is exasperated up to his big bald head and is determined to salvage his school . in the meantime , there are 100 young girls and 170 young boys to be fed and places found for them to sleep along with all their teachers . the cooks and caretakers , totally put upon , walk out . miss whitchurch and her girls , however , are up to the cooking tasks . come now , angela , she says to one girl who is trying to stir something in a big pot , haven't you made porridge before ? yes , but no one ever had to eat it . that's a defeatist attitude , my dear . stir it well and don't shilly shally . br br things are hardly going well when pond discovers four governors from a school he hopes to lead are arriving at any moment to see for themselves how well led nutbourne is . and miss whitchurch learns that four wealthy and influential parents have just arrived to see how their daughters are doing in the new boy free , they were told facilities . the only solution ? miss whitchurch and pond , their teachers and their students , concoct a splitsecond shifting of classes to give the allusion that nutbourne has no girls and that st . swithen's has no boys . after the parents inspect a dorm and leave for a class , the girls in the beds duck under and the boys who'd been hidden under leap up into the beds , just as the governors walk in . the boys are observed at rugby and , as soon as the governors turn their backs , the goal posts are taken down , nets for lacrosse are put up , and just then the parents walk over to observes the girls . one parent spots her daughter in a science class , then moments later sees her in a choir practice , then moments later . . . . there's angela again , she says to miss whitchurch . why so it is , she replies , hustling the parents out to avoid the governors who are approaching just around the corner . the child's quite ubiquitous . br br when we leave nutbourne , everything has been discovered . the students are milling about . the teachers are dazed except for two who are kissing . the education ministry has just sent several more busloads of students . the parents are speechless but the governors are not . we're waiting for an explanation , one says sharply . pond holds his head and shudders . can't you see i'm trying to think of one . br br the film moves from one complicated and ridiculous situation after another , braced by a very funny script and two hugely comedic performances by rutherford and sim . sim's droll exasperation and rutherford's implacable determination are so well matched that's it's a shame this is the only movie they ever made together . joyce grenfell , as gossage , st . swithen's tall , awkward , loping sports teacher gives them some competition . if you keep your eyes open , you'll also find some amusing references director frank launder works in , including a gong at nutbourne that looks just like a midget version of j . arthur rank's , a faint echo of the zither theme from the third man and a shot stolen from david lean's oliver twist , except this time the little boy walks up holding his porridge bowl and says , please , sir . i don't want anymore . br br frank launder and his partner , sidney gilliat , were responsible for some of the best films produced in britain during the thirties , forties and fifties . they wrote , produced and directed , sometimes doing one , sometimes the other . in one way or another they were responsible for such firstrate films as green for danger with a masterly droll performance by sim , i see a dark stranger , the lady vanishes , night train to munich , wee geordie , the belles of st . trinian's , the rake's progress and many others . with the happiest days of your life , launder wrote and directed while both produced . it's one of their best .",1,0
"i once lived with a roommate who attempted suicide , and our apartment was in a building where you could get a fifty dollar noise violation for sneezing after midnight so , needless to say , i can easily relate to polanski's the tenant . br br but i also enjoy the film for other reasons . i'm not sure that it works , on the whole the polanski character's descent into paranoia and madness , which takes up the final half hour or so , seems rather jarring and bizarre . ebert , for one , was totally unconvinced , and he slapped the movie with a vicious onestar review . but i think that individual scenes and moments work beautifully , so even though i don't quite understand the whole film what does egyptology have to do with it , for example ? i still have an overall positive impression of it . br br i love the obnoxious friend portrayed by bernard fresson , for example . god , how many times have i settled for having stupid friends like that instead of no friends at all ! i love the movie theater scene the funniest making out moment in the history of film , i'd say . and boy , do i love isabelle adjani she's so foxy in this movie , it's almost unbelievable . and she gives a great performance , as always . br br polanski is a good actor , too ; i don't agree with the occasional disparaging remarks made about his performance here . his character is supposed to be lowkey and thoughtful , so his lowkey performance fits . i , for one , found him perfectly sympathetic though he did lose me a bit when he started dressed in drag for no clearly discernible reason . br br yes , the movie's obscure . and slow . but it captures the alienating qualities of apartment living something i've done entirely too much of so i dig it . it's funny how all you need is a common reference point , and suddenly a weirdo movie like this becomes deeply significant ! definitely worth picking up for pocket change on dvd .",1,0
"once again , i was browsing through the discount video bin and picked up this movie for 4 . 88 . fiftypercent of the time the movies i find in the bin are pure crap i mean horrible beyond belief but half the time they turn out to be surprisingly good . this movie is much better than i expected . i found it very engaging , though it was obviously made by an amateur . br br the direction is nothing special , but the story is intriguing with some good thrills . i expected it to be more of a comedy , but i wasn't too disappointed . br br for a thriller , this movie is surprisingly goodnatured . there's no bloody violence , no profanity , no nudity , no sex . usually , these movies require all four of those elements . the pg rating is welldeservednot like sixteen candles where the f word is used twice and there's a brief gratuitous nude scene . br br i just wish the romance between corey haim and his love interest could've been developed more . the film does tend to be plotheavy , and the potentially good subplots are pushed off to the side . instead of developing a chemistry between the two of them , we end up watching a careless threeminute montage of them on their romantic endeavors . they end up kissing at the end , but there's so little chemistry that it seems forced . br br the dream machine is no gem , but it's good , clean entertainment . it's quite forgettableespecially with a cast of unknowns , except for haimbut it's also much better than you'd expect . br br my score 7 out of 10",1,0
"it ends with the declaration that the film you have just seen was an improvisationat once making you feel like an idiot for thinking an improvisation was an good movie , and astounded at cassavetes' genius . . . once again . of course , cassavetes told some guy it wasn't really an improvisation per se , on his deathbed , so . . . it's the story about a lightskinned black woman , lelia , who passes for white , and her family another passingforwhite brother named ben , and a blackblack brother named hughie . when she falls in love with a white jerk named tony , he is unpleasantly surprised when he finds out she's black , and from there it goes on about the three main characters' individual aspirations and shortcomings . hughie is a jazz singer in the process of becoming a failure , lelia's still hopelessly depressed over tony , and ben is angsty and violent in general , in desperate need of something to shock him out of his stale patterns of existence . overall , i suppose it's really about stasis vs . change in human life . i suspect that cassavetes had the plot organized enough , and it was just the dialogue that was improvised . the dialogue itself is very uneven sometimes somebody will say something very memorable , other times it's memorably awkward . what's amazing is the extent of the amateur actors' embodiment of their characters . cassavetes went through the acting class he was teaching at the time he decided to do shadows , whispered in the ears of the ten best students , and this was the result . . . the guys playing ben and hughie are very good . at first i didn't like lelia , but as the film progressed you see more and more she's one of those actors who gets better as the tension and drama builds not necessarily the best with small talk . shadows is hailed by many as the forerunner of the indie film movement made in 1959 and it's definitely recommended .",1,0
"rather than go on location and make a realistic film about drug addiction in the windy city , contrarian director otto preminger decided to go the opposite way and make his movie appear as artificial as possible , thus flying in the face of the fashion set by men like kazan , huston and zinnemann , who were making their pictures all over the world . nelson algren , on whose novel the movie is based , went on record as despising it . what , one wonders , was preminger up to , and why did he do the movie this way ? br br the sets in the film are so minimal as to suggest a mr . magoo cartoon . louie , the drug pusher , is attired as to resemble the sort of gangster the artists at mad magazine used to draw . arnold stang , wonderful comedian that he was , seems out of place in a serious picture like this , and his very appearance , topped off by an exaggerated and oversized baseball cap , elicits laughter . robert strauss , another actor best known for humorous roles , is likewise out of place , as his large , heavily jowled face and runyonesque delivery of lines seems more appropriate to a jerry lewis movie . against all this , stars frank sinatra , kim novak and eleanor parker have to work overtime to just keep the viewer from snickering . sinatra is jittery and manic throughout , suggesting a man ill at ease with himself , hence wholly appropriate for the role of a drug addict . miss novak , plantlike and sublimely deadpan , is sympathetic and seems a product of the artfully dingy slums she graces in the film . parker is pure hollywood and very hardworking as the crippled and crafty zosch . she is never convincing , but then neither is the film . br br i wouldn't recommend this movie to anyone interested in a realistic depiction of the lives of drug addicts in america . the caligari sets alone make it unbelievable . preminger may have been aiming for a dream effect , as the cardboard backgrounds give the proceedings the surreal feeling of a nightmare operetta , perhaps harking back to preminger's early days in vienna .",1,0
"the shooter was a different type of film for michael dudikoff . although normally associated with action flicks that incorporate martial arts , this film , because it was a western , enabled him to display that he is a far more capable actor than certain formula story lines have allowed . br br the major problem , of course , is that the film does not allow any solid character development . the fleshing in is really left to the viewer . we can only guess at the sadness that has made the shooter , whose real name is michael atherton , the killer that he is a killer , mind you , that a little town , terrorized by a local bully , welcomes as a hero who can release it from its misery .",1,0
"this film is hard to knock . it follows in the tradition of pulp fiction , yet succeeds further by stamping its own unique style . the cast is awesome , the script is great and things like the odd pulp fictionesque timesequencing is done brilliantly . i particularly like how the images provided in flash back vary dramatically depending on who is telling the story at the time . when it is one of the indoctrinated criminals everything is flashy and cool , but when it is the hero's recollection everything is skanky and disgusting . br br this is an awesome film and so i am extremely annoyed to find that i cant buy it anywhere !",1,0
"opera the u . s . title is terror at the opera is somewhat of a letdown after some of dario's other movies like phenomena , tenebre , and suspiria . i still can't find inferno anywhere . it's one of those movies that has a great first half but midway through it's like someone started slowly letting the air out of the screenplay and logic . br br the basic plot involves a beautiful opera singer who is being stalked by a deranged obsessed fan . this killer begins killing people close to her in a most unique fashion . he binds and gags her and tape tiny sharp pins under her eyelids so if she tries to close her eyes she'll gouge out her eyes . this forces her to watch while the killer murders her acquaintances in typically brutal and gory argento fashion . br br unfortunately , about midway through the film becomes sluggish and illogical . this is especially directed towards the killer's motivations . i still haven't completely figured out why he's such a nut . the ending especially come out of left field in the worst possible sense . br br but , for about the first hour or so this is some of dario's best filmmaking and the camera work is breathtaking . too bad it couldn't maintain it through to the end . br br rating7",1,0
barney is about imagination what you guys do not have if my preschooler never wanted to play pretend like they do in that show then i would be worried . what 2 or 3 year old actually gets all that anyways its all about the colors and the singing . for those of you saying that all they do on barney is eat junk food and recommend sesame street better well what about cookie monster thats all he eats but i haven't seen anyone comment that one . i do agree that sesame is a better educational show but barney is just like a show for fun don't be too serious if you didn't like your child watching tv and worried about them understanding things you don't believe then you shouldn't be propping them down in front of the tv in the first place because all of that is fake everything is fake actors are fake so why don't you take your fake brains and put it to use and think if you have a problem with a fake television show for kids then turn it off and play with them yourselves and teach them what you want them to learn not big bird or bert ernie or barney someone who used to watch all those shows and turned out fine .,1,0
"rating 8 out of 10 . directed by alfred hitchcock . br br tennis star guy haines farley granger meets the mysterious bruno anthony robert walker on a train . soon afterwards , guy finds himself drawn into the psychotic realm of bruno's world . br br guy is separated from his wife and is now involved with a senator's daughter . guy is interested in entering into politics after he retires from tennis . bruno wants to kill his own father but doesn't want to do it himself . br br bruno proposes that he disposes with guy's wife , while guy's part of the deal is to eliminate bruno's father . guy dismisses this idea since he isn't interested in having his troublesome wife killed . br br bruno goes ahead with his half of the proposal . while guy becomes the prime suspect of his wife's murder . as law enforcement continues to investigate guy , bruno continues to torment guy , wanting him to complete the other half of the proposal . br br 'strangers on a train' has one of the most exciting endings of all hitchcock movies .",1,0
"comanche moon had everything going for it . for starters , simon wincer's back , a man who's name is synonymous with highquality tv westerns . unfortunately , the problems with moon are something even the most talented director couldn't solve a poor script based on a lackluster novel . br br forget historical accuracies as any reader of the novels can tell you , the biggest travesty in moon is that it's not even consistent with information from the original lonesome dove masterpiece . so many wonderful , rich moments in the miniseries and , to an even greater degree , the book , are completely missing in moon . considering the fact that most viewers of moon are probably coming with at least some sort of dove background , the lack of characterdriven and emotional backstory is downright painful . br br that said , moon is one instance where the adapted version could and should have been altered to make it more suitable for the screen . for example , the novel moon focuses largely on the comanches themselves . to its credit , the miniseries tries to service the comanches , but in the end it gives them just enough that the viewer just gets a sense they're missing out on some important part of the story . similarly , val kilmer's scull loses out here too the role should have either been expanded so kilmer and rachel griffiths , for that matter actually had something to do , or the roles should have just been reduced to smaller , supporting parts . instead , kilmer gets top billing for a character that just leaves you scratching your head after his appearance in the completely bizarre final act . br br there's strange moments throughout the film that just make no sense to those who haven't read the book a killer parrot ? what ? further , there isn't a single scene that shows us that call and mccrae are anything near the amazing texas rangers they claim to be . not a single one of their expeditions in moon or dead man's walk , for that matter ends successfully , and call and mccrae just seem to blunder their way through one pointless mission after another . br br frankly , larry mcmurtry should never have been given the job of writing the script , and only did so because of the praise surrounding that other cowboy movie , brokeback mountain . mcmurtry can write good novels although there's some dissension over the consistency of that statement , but he's never exactly established himself as a scriptwriter . this production would have benefited from not only bringing back director wincer , but original screenwriter bill wittcliff to adapt the novel to screen . witcliff doesn't exactly have a mountainload of material to his screen writing credit , but no one can deny he did a fantastic job at whittling down the original lonesome dove . with all this said , comanche moon is almost a brilliant production , aided by a terrific cast that unfortunately just aren't given enough to do . steve zahn's portrayal of gus mccrae or rather , his portrayal of robert duvall as gus mccrae is deadon . and while some have criticized karl urban as woodrow call , saying his performance doesn't imitate the quiet , stoic woodrow of the original movie , all i can say is blame mcmurtry , because mcmurtry is the one who both in the moon novel and now the miniseries turned woodrow from socially inept , awkward , but natural leader , into some emotionless character whose lines are just dull and whose character motivations are only clear if you've seen them portrayed far more adequately in the sequel . br br still , it's the cast that sparkles in moon , to the degree that i left the miniseries with that same feeling of melancholy i felt watching the original lonesome dove this time because i realized it's probably the last time we'll see these characters appear on screen for a long , long time to come and quite honestly , this cast could have done so well in a wellnurtured , fullblown network tv series . br br all in all , aside from wasted opportunities with the cast , the biggest travesty is that the original lonesome dove novel contained so much rich backstory for the characters that would have been fascinating , utterly fascinating , to see translated on screen . unfortunately , all that has been tossed aside in favor of mcmurtry's tedious , inconsistent and ultimately irrelevant , prequel .",1,0
"valentine dogkiller dussaut and joe the judge kern join forces to clean up the mean streets of geneva ! thrill as they put the kibosh on international heroin smugglers , polish fugitives , peeping toms , philandering girlfriends , renegade dogs , and litterbugs who are too lazy to bin their recyclables . don't be fooled by the deceptive miramax ad campaign that paints it as a pretentious , art house flick . this movie is 100 action !",1,0
"an obsessive love story , where the characters have been extremely convincing . i think this film highlights the talent of professional actors . specially for vincent cassel who wouldn't at the time it was filmed be the first character you think of for such a role . and yes he did succeed to seduce the beautiful monica belluci , beyond the film , during this creation . i can only say , that this film should have been released at it is in the usa , instead of thinking of doing a remake . it is simply so french , almost perverted . . . . and yet so true . . . this film should stay untouched . . . br br a director that should definitely get more projects as this kind of subject requires the right amount of ingredients to not make it a flop . .",1,0
"mickey rooney as mi taylor is a young man drifting along the figurative road to ruin , where he meets 12yearold elizabeth taylor as velvet brown she adores horses , but he has a sad history with the animals . ms . taylor is enamored with mr . rooney's horsesense ; she takes him home , and gets him room and board with her family . they are supported very well by anne revere and donald crisp as mr . and mrs . brown . butch jenkins and angela lansbury are taylor's strained siblings . br br the plot of national velvet is implausible to a fault ; for example , the circumstances leading to taylor's ride in the big race are quite a stretch but were likely more believable on paper . still , the characters' connection to horses , and to ms . revere's character are nicely conceived . rooney and taylor are excellent in the starring roles ; there is a balance between rooney's fading child star and taylor's exuberant new child star , which adds depth to their characterizations . br br the excellent performances of rooney and taylor are further enhanced by fine direction , photography , and editing from clarence brown , leonard smith , and robert kern . a sentimental classic . br br national velvet 121444 clarence brown mickey rooney , elizabeth taylor , anne revere",1,0
"this is a cute little horror spoofcomedy featuring cassandra peterson aka elvira mistress of the dark , the most infamous horror hostess of all time . this was meant to be the pilot vehicle for elvira and was so successful that it was picked up by the nbc network . they filmed a pilot for a television series to feature the busty babe in black but unfortunately the sitcom never made it past the pilot stage due to it's sexual references . this film however , is very amusing . elvira is the modernday chesty morgan and the queen of the oneliners . this film was followed up a few years later by the abysmal elvira's haunted hills which was meant to be a takeoff of the old roger corman movies but falls flat on it's face . watch this movie instead for a much more entertaining experience !",1,0
"working the night shift in a seedy police station , stumbling through life in an alcoholic haze , detective mickey hayden can hardly be said to have a firm grasp on reality to begin with , but when a bump on the head unleashes terrifying psychic visions , things get truly weird . soon he's on the trail of a serial killer and unraveling the mystery of his beautiful first victim , the elusive alice . br br the role of an embittered burnout seems tailormade for keifer sutherland and he makes the most of it . the plot's typical serial killer stuff , but it has enough quirks , twists , and genuine surprises to raise it above the usual genre fare and even make up for a painfully low budget . one wonders what this film could have been if there'd been money for a few more rewrites and a few more takes . br br all in all , 'after alice' is a pleasant diversion for anyone , but for fans of lewis carroll's 'alice' books , it's a real treat . from the topsyturvy reality in which things are rarely what they've seem , to more obvious references a killer called 'the jabberwocky' , who leaves playing cards on his victims' bodies there's an 'alice' reference at every turn . below is a list of the ones i uncovered . since finding them yourself is half the fun , i've marked them as spoilers . br br spoilersbr br cast of charactersbr br mickey in a sense he's alice himself wandering through strange landscapes , encountering odd characters , but harvey , recognizing his true nature , identifies him as the hapless , bumbling white knight . br br john hatter mickey's boss is he really 'mad' ? you be the judgebr br claudette an africanamerican transvestite . obviously , the black queenbr br margaret ellison mickey calls her the red queen , but her brutal nature suggests , more specifically , the queen of hearts . br br gideon wood suspected of being the jabberwocky killer , his ambiguous role is more suggestive of a snark or a boojum perhaps . br br harvey his role as unofficial guide to 'wonderland' and his name , evocative of another famous cinematic rabbit , makes me think he must be the white rabbitbr br dr . vera swann her last name and relationship with mickey suggest the white queen . br br other connectionsbr br mickey's adventures begin when he chases a man in white and falls down a rabbit hole . br br mickey drunkenly tells his cat to stop grinning at him cheshire catbr br the killer is revealed 'through the looking glass' . br br the climatic showdown ends in a swirl of playing cards , just as alice's adventure did in the book . br br the statues in the garden look like giant chess pieces .",1,0
i bought this while i was playing chess in hastings . i am from denmark though . it is very good . definitely with an understanding of the horror genre . the monster towards the end is very scary . people who criticise this on imdb should recall that it was a huge succes among serious horror critics . br br,1,0
"i've seen tons of hk actioners , and this one is right at the top of the genre . the action scenes are as exciting and kinetic as anything you've ever seen in any action movie . the kung fu is spectacular , the pyrotechnics eyepopping , the stunt work heartstopping . the editing is perfectly paced , heightening the tension and complimenting the fluid camera work . this film is directed by old pro corey yuen , whose resume is stuffed with some of the best work of the genre , including the jet li vehicle the legend of fong saiyuk . if there is one thing lacking in this film it is the presence of a threedimensional character , though martin , the male lead , comes closest to it . this movie is full of archetypes rather than charactersthe sexy killer , the goofy thief and his bitchy girlfriend , the cackling villains . that said , shannon lee has a terrific screen presence ; she's great with the fighting , the stunts , and the guns . when she's onscreen it's hard to take your eyes off her . she's that good . why isn't this woman a major star ?",1,0
"author msgreen1 from canada the big problem was the china syndrome claim that if the reactor error occurred and radioactive waste leaked out it could burn its way straight through the earth to china . a lot of people have made fun of this and if the movie makers meant it seriously then yes it should be made fun of . the spill wouldn't make it anywhere near the center of the earth or even the molten rock . even if it did make it to the center of the earth how would it come out in china ? it would have to flow against gravity the rest of the way ! also china is not the opposite side of the world , the indian ocean is . . . . . . . . . . . . . . . . . . . . . . . . . . . . . . . . . . . . . . . . . . . . . . . . . . . . . . . . . . . . . . . . . . . . . . . . . . . . . . . . . . . . . . . . . . . . . . . . . . . . . . . . . . . . . . . . . . . . . . . . . . . . . . . . . . . . . . . . . . . . br br this point is brought up by the characters of the film , saying that of course it could not happen , as the core would hit ground water and release a radioactive cloud , raining down on the population . br br before you try to find a weak point in the film , you should watch it first ! ! ! ! don't judge a book by it's title . . .",1,0
"this is arguably the best film director haim bouzaglo made until now . a skilled tv director , welltrained in storytelling and in directing his actors through long epics he tried to catch in this very lowbudget film the essence of the very special psychological situation the israelis live though under the permanent danger of the terror attacks , resulting in 'distorted' lives . each character trying to live his own life , to watch and control the other , while being himself watched and controlled by other characters and mostly by the continuous pressure , by political and historical forces well beyond his control . some call this destiny , but destiny has a very concrete representation in this film . br br there is no explicit political saying in 'distortion' . characters never discuss politics , not even at the level of saying 'bastards ! ' when they hear that a new terror attack happens . their reaction to events is to localize the attack and to count the victims using the official and media terminology for the dead and the wounded . they do not really live but rather survive on borrowed time happy to have survived one bomb , and waiting for the next one to happen . personal , social , professional life seems to work someway , but is deeply flawed and influenced by events . the main character played by the director is a playwright whose midlife personal and creative crisis is amplified by the pressure of the events and by the fact that he is lucky enough to leave a terror attack site minutes before the bomb explodes . he hires a private detective to follow his girlfriend who is a tv investigative reporter whom he suspects is falling in for the subject of her next show another failed man , former military , whose business and family life dismantles under the events . he starts to write a play that carboncopies the reality and will bring it to the stage , in theater in film scene that reminds hamlet as well as 'synecdoche , new york' . it's not that i would dare suspect charlie kaufman looking over the shoulder of bouzaglo , he certainly needs not that , but the israeli director screen is brilliant into anticipating the later film and the first directed by kaufman . as in the american film actors play real persons and start interacting with them in an realitymeetsstagemeetsreality melange which never lacks logic , at least not artistic logic . br br bouzaglo directs his actors with the usual talent , trusts them and allows them the freedom of living through the situations rather then acting them . his style is much more free here than in his tv series , and the 'distortion' effects , although borrowed from american horror movies work pretty well all over . the ending seemed to me a little rhetorical and unsatisfying dramatically , but the shade of the suicidal killer who is haunting the film and the whole situation in a temporal loop will also follow the viewer when remembering later this film .",1,0
"this short was in part four of the short cinema journala film i rented from netflix but which appears to have originally been a monthly film series for people who like mediocre modern short films and love to have the dvd chock full of commercials . i have so far tried two of the journal's dvds and felt enraged at the horrible way that a viewer needs to navigate the disk in order to see the films . talk about an overproduced and overly complicated way of doing this ! while i have and will continue to see as many shorts as i can , i really doubt if i'll bother with the journals because of these factors . br br now it could be that because i disliked the disk so much that i was not favorably disposed towards this portuguese animated short . this is definitely possible . however , even if this is the case , i feel that the other reviews were way too positive about this simple little film . some of the artwork was indeed nicei liked how the simple black and white drawings suddenly became 3d environments as the camera went from a dull distant shot and dove into the city below . this was lovely and took some work . but as for the story about a cat who wants to go to the moon , it just did nothing for me . br br important updatei saw this film again on a dvd entitled cartoon noir on 509 . it was a pretty unappealing collection of art films . however , this time i saw the story of the cat and the moon with an entirely different audio track and boy did it make a difference . instead of portuguese with subtitles , it had a french accented narrator who spoke english in a film noir style . while i usually hate dubbing , this time it really made the film . the narration of the portuguese version leaves a lot to be desired if you don't know the language or understand the subtleties . unless you speak the language , try looking for the other version provided you understand english .",1,0
"i have seen this movie a while back , after ordering it for my friend , who is a big dominic monaghan fan . the movie itself was very interesting , though it had its positive points , which for me was the donnie darko kind of wtf ? factor after the movie had ended . br br of course , with positive also come negative points . to me , the young girl in the film was incredibly good , and dominic monaghan did a good job as well . unfortunately i don't have this opinion about daniel burke , who played lonnie . this might just be me , and i'm not claiming to be a serious critic , in the way that i don't find myself skilled enough , but he just didn't seem convincing as an actor . but perhaps it's even more striking then , for although i am not a critic , this does get my attention . br br to conclude , over all i think it's definitely a film worth watching . it's interesting , confusing , and you just should have seen it .",1,0
"having reviewed 3 of the 4 perry and croft sitcoms , i thought i would get them all done now . dads army , is my all time favourite sitcom , it ain't half hot mum is also a classic as is you rang m'lord . i don't regard hi de hi as a classic , but it is still funny . br br it's about a holiday camp , similar to butlins , but instead of red coats , it's yellow coats . it is ran by jeffery fairbrother , a well meaning man , but has the personality of a sock . the staff include fun entertainment manager ted , his sidekick spike he ended up being thrown in the swimming pool nearly every episode , yellow coat gladys , careless maid peggy who longed to be a yellow coat and the punch and judy man mr partridge who hates kids . situations occurred mostly round the swimming pool , where someone would be thrown in every episode with there clothes on of course . br br not a classic , but still funny . jeffery fairbrother left half way through , so this , a bit like only fools and horses , outstayed its welcome . jimmy perry was actually a red coat at butlins . br br best episode peggy's big chance , series 2 , episode 2 .",1,0
"this was the first televised episode of the columbo series although it was filmed after death lends a handand it heralded one of the most successful tv series in history . br br jack cassidy who played the murderer in the series three times enthuses smugness , arrogance and selfassuredness in equal measure here , as ken franklin , one half of a mystery writing team who hatches an elaborate plot to kill off his partner , jim ferris played by martin milner who decides to terminate their professional relationship , leaving franklin exposed as merely a good publicist rather than a prolific writer . br br the initial murder setup is fantastic and cassidy's performance facilitates an arguable accolade that he was the best columbo murderer in the series . br br peter falk is wonderfully understated in his role as columbo and the character's inherent traits and oddities , which are underlined by a seeming slowness and absentmindedness , contrast particularly well with cassidy's character's extreme smugness one of their early scenes together where ken franklin fabricates a motive for the killing through jim ferris's nonexistent exposee of identifying hitmen operating in the underworld exemplifies this very well . franklin hints to columbo this potential motive and columbo purposely or ignorantly fails to latch on , forcing franklin to express his disappointment in a markedly patronising manner and compare him unfavourably with the detective in the books , mrs . melville . br br also , noteworthy is the early directorial contribution of 24 year old steven spielberg . notwithstanding , some elementary inclusions of cameras shadowing the actors and actresses , he adds some stylish and elaborate touches to uphold the general professionalism of the episode . one particularly stark image is of jim feriss's dead body lying on the settee , almost dark in the foreground , as ken franklin raises a glass to him in the background after he finishes answering a phone call to ferris's distraught wife . i have no doubt that working to a restrictive 1014 day schedule , spieberg's efforts should not be underestimated . br br unfortunately , the event of the second murder , necessitated by a blackmailing scheme which is plotted by a female friend of franklin's and ironically referred to as sloppy by columbo in his climatic summing up takes the steam out of the whole thing . the cutting edge of the plot is compromised and the screentime between falk and cassidy inexcusably lessens at this point to perhaps help the scriptwriter stephen bocho out of a tight corner , since he cannot singularly develop the story without another murder . br br the climax is the most disappointing aspect of this episode . the initial banter and exchange of words between falk and cassidy is strongly and effectively executed , but it merely advertises the fact that it should have happened more in the episode . the main aggravation lies with the sealing clue if it can be called a clue cassidy's character's hitherto smugness and arrogance is amazingly expelled by a clue that really does little to imply his guilt ; and once this is mentioned , he capitulates in a rather unspectacular and uncharacteristic fashion . br br all in all , a bold opening to the series , which inevitably advertises and foretells all that is good about columbo , and , conversely , the problems associated with such ingenuity , i . e maintaining the high standards and particularly , creating a credible and suitably intelligent ending .",1,0
"don't get me wrong . goldeneye was revolutionary and is definitely the best fps game to be based on the 007 franchise . but the series had fallen into a fps rut . enter everything or nothing , which puts bond in thirdperson . when i wrote my earlier review for from russia with love , i had finished frwl and just started eon and judged eon a bit harshly . even though frwl definitely has the edge in nostalgia and capturing the essence of the movie franchise , eon definitely is superior in terms of indepth controls and gameplay variety . missions range from standard runningandgunning to driving an suv , driving an aston martin , driving a limousine that is wired to explode , commandeering two different types of tanks a la goldeneye , riding a motorcycle , flying a helicopter , repelling down a shaft guarded by laser tripwires , and free falling after a plummeting damsel . sure , vehicle controls are a little clumsy , but the issue here is the variety . br br as movie adaptations , goldeneye and frwl were all that i could have hoped for . but eon's original storyline adds to the feeling of controlling a james bond adventure . this is helped by the impressive cast list of willem defoe , shannon elizabeth , heidi klum , and misaki ito . judi dench and john cleese reprise their movie roles of m and q , respectively , and pierce brosnan , while no sean connery , adds credibility to the game's proceedings . all characters resemble the stars , with the disappointing exception of heidi klum , who's ingame model doesn't do the reallife model justice . mya's theme song is on par with at least some of the big screen bond title tunes . br br the game also plays tribute to some of the older bond movies . willem defoe's character is a former colleague of christopher walken's baddie from a view to a kill . richard kiel appears as jaws , the hulking henchman from the spy who loved me and moonraker in three fight scenes , the first and best of which proceeds in the same fashion a fight in the movies would have . br br singleplayer gameplay mainly consists of standard onfoot missions as bond . like bond , you will be able to choose whether to use stealth or go out with guns blazing . the game provides plenty of opportunities to utilize stealth , with plenty of wall and object cover . unfortunately , unlike frwl , only one button in eon controls both crouching and wall clinging , so bond may end up crouching low when he's supposed to be peeking around a corner , and viceversa . the game also allows players to go into bond reflex mode . while you browse your inventory , everything around you will go into super slomo , allowing you to analyze objects around you that can be interacted with . while this takes some getting used to , eventually this mode will allow you to perform many spectacular bond moments , such as shooting down a chandelier to take out four goons underneath , and greatly add to the bond movie feeling . br br there are 3 available difficulty levels operative , agent , and double oh . on operative , you can breeze through in a few hours . on agent , a few weeks . on double oh , a few months . the difficulty level can be changed for each individual mission . garnering high scores on missions will unlock gold and platinum awards and effect features such as vehicle upgrades and the skimpy outfits the bond girls wear . some missions can be extremely frustrating due to a scarcity of checkpoints , but when all is said and done , no mission is any longer than a single action scene in a bond movie . br br multiplayer , unfortunately , is not as thrilling . goldeneye still has the best multiplayer mode of any bond game . eon's main multiplayer is a coop campaign mode that puts players in charge of lesser mi6 agents on a less important mission than bond's . a more standard thirdperson death match can be unlocked from this mode . but the singleplayer mode is the most complete bond experience to date . the ending , as with most bond games , is anticlimactic . while the final mission is one of the most aggravating of the game , the final confrontation with the villain is disappointing . also , levels that require bond to be speedy become largely a matter of trial and error . still , for any serious bond fan , not playing this game is tantamount to missing one of the bond films .",1,0
"my name is john mourby and this is my story about paperhouse in may 2003 i saw alfred hitchcock's psycho , i was very scared and deeply disturbed . i began a frantic search for a film that was frightening in the same way . but none where satisfactory . amongst those tried and failed were the birds , night of the living dead , the silence of the lambs , the blair witch project , ring , the evil dead , the sixth sense , 28 days later , the texas chainsaw massacre , halloween , near dark , alien , peeping tom , the cell , rosemary's baby , don't look now , witchfinder general , friday the 13th and the omen . that should confirm i was desperate ! long after i had stopped searching i found out about paperhouse . br br paperhouse is based on a favourite book that i own , called marianne dreams . paperhouse had also come up in some of the books i had found on horror films , but they didn't tell me about the link between book and film . i discovered the truth while on the internet , i bought the film later that day . br br i thought paperhouse would not be faithful to the book and dull . unfaithal it certainly was but dull certainly not . it was the answer to my prayers marianne is renamed anna in the film but most of the original story is the same . one day in school anna draws a house in her scrap book nothing remarkable about that then she becomes ill and every time she faints or falls asleep she finds herself outside a creepy old house and i mean genuinely unnerving . more she also finds that every time she puts something new in the drawing it appears in the dreamworld , eg an apple tree . anna draws into the dreamworld a rather sad boy named mark who apparently is a person in the real world . mark is a cripple but wants to leave the house , obligingly anna draws in a lighthouse a place to go to but still the problem remains mark can't walk . so anna decides to draw her father in . she gets her pencil out and gets too work , but the outcome is deformed and unsettling anna particularly dislikes his eyes . quote he looks like madman . so anna tries to rub him out and start again , but the pencil proves indelible that means nothing can be rubbed out . then anna loses her temper and crosses out her father's eyes ! i leave you too find out for you self the terrible consequences of the rash action . br br paperhouse truly is the british answer to a nightmare on elm street ! the viewing of this film left me shocked and upset . but i have found what i was looking for after 2 years . the question is how dose the compare with psycho ? answer , 1 the old dark house , 2 psychological parental fears , 3 a genuine shock , 4 and very scary music .",1,0
"this film is amazing and i would recommend to child and adult alike . the animation is beautiful , the characters are rich and interesting , and the story is captivating ; far better than anything the american studios were producing at the time . however , there is a couple of caveats to this statement . it's a shame that disney bought the studio ghibli backcatalogue and then proceeded to butcher it . my main point being , disney redubbed the film , despite the original english version being very impressive . the new cast with van der beek et al ruined it and took away much of the attractiveness of the characters e . g . pazu and sheeta went from adventurous companions to whiny teenagers . the original music score is also far better than the disney remix . it begs the question why did disney make such changes ? it seems to me is that by having van der beek et al being cast then disney can draw in more money , which is fair enough , but in the process they tainted they film . it is still a beautiful film and i would still recommend it to anyone . my main beef is that disney ruined a film from childhood which i loved and still love . i am lucky enough to have an original japanese import with the original english dub which i am now going to guard with my life !",1,0
"as a reviewer has already commented , this made for tv comedy is up there amongst the best football parodies ever . but . . . . having failed to video it when it was first aired , i now find that it isn't around in any format . ok , so this has only polled 17 votes to date , but a 9 average does seem to suggest something special . basically , i suppose it's a case of tough luck if you missed it 'cos it's no longer available to view ! ! aaaaaaaargh .",1,0
"i waited ages before seeing this as all the reviews i read of this said it was horrible ! i rented it expecting the worst , and while it is hardly the best sandler film out there , there are much worse ! sandler frequently talks to the camera and the film does not take itself seriously , but that is all part of the fun ! a great way to waste an afternoon , and you might even find yourself laughing once a twice ! a good film , well worth renting !",1,0
"the inspiration for the naked gun movies casts leslie nielsen who had only recently started doing comedy as the incompetent but heroic frank drebin , always having to solve an absurd case . like airplane ! and the movies based on the series , the humor relies on mel brooksstyle spot gags and silly comments namely the yes it is remarks , along with the fact that nielsen remains very serious despite the nonsense around him . and of course , the final frame , in which something keeps moving . br br it's too bad that the show only had six episodes . at least it spawned the movies . you can't go wrong with leslie nielsen in these sorts of roles . i suspect that they all had fun filming it . really funny . br br before airplane ! , leslie nielsen had starred in movies like forbidden planet , harlow and the poseidon adventure . as late as 1987 he costarred in nuts alongside barbra streisand and richard dreyfuss . but since the first naked gun movie it's been all comedy all the time .",1,0
"i don't understand why everyone is hating on barney . if you hate the show so much , then don't watch it ! its stupid how everyone is changing the i love you son to i hate you . if you don't like it , fine . whatever , thats your opinion . but there is no point to degrading the show , when it isn't even that bad . ok , so its corny , and yes , it has its flaws , but its a kids show . kids don't want to be sad and miserable , they want to be happy . and barney helps that . and even in the show , there are moments of sadness and anger and etc . and yes , barney uses magic . but the kids see barney as a figment of imagination . kids need a place to escape to express themselves . the world is a miserable and hard place . we all need a place to express ourselves , and be happier . barney does this to us . this show is great . i watched barney when i was younger . yes , some people find it stupid . but i watched it , and i'm top of my class . it might not necessarily make you smarter , but that's not the point . i believe that the point of barney is to provide a place where kids can be kids and the spirit of childhood can be expressed . where imagination lives on . so many teenagers now are unimaginative and are scared to express themselves . barney helps encourage that . barney helped me to not be afraid and to just show myself for who i am . i'm a sophomore at high school now , an ap student with a 4 . 0 , a drama student with a love for theater and art , and with a new baby cousin who loves barney . i watch it with him and enjoy it and sing along with it . yes , its corny and silly , and whatever , but its great for kids . who wants to be an adult who doesn't have time to have fun ? im a kid at heart and i love barney . its great for kids and those who are a kid at heart . br br its a great show for babies and toddlers . so stop hating . say that you don't like it , but stop it with the dumbest show ever or barneys a load of bull or whatever . keep it to yourself . take a chill pill or whatever . here's something i never liked sesame street . but you don't see me going grover is a load of bull or cookie monster should die or whatever . i hate all of the bullsst that people say about books or movies , like barney or twilight . if you hate it , ok , whatever . no one cares . don't go saying hate things about it , cuz you might just offend someone .",1,0
this is a really interesting film . it's the first time i have seen the relationship between an older woman and a younger guy on screen without it being sensationalist . for the director of notting hill this is a bold move to something serious,1,0
"stylish , moody , innovative revengedriven bloodbath . also cheesy , of course , and sporadically very cheesy . it reminded me a lot of the big heat because it has the revenge plot set off by the exact same event , and the girl comes around to the good guy's side because of the same bad behavior by the bad guy . it's sad there's no gloria grahame but so fantastic that it's alain delon and not glenn ford . could there be anyone as beautiful as alain going around in a cashmere sweater and trenchcoat ? yet he's totally tough and icy cool . no one nowadays can touch himthough someone like jude law could try i guess . hard for any girl to look good with him . the music was funky and perfect and there were several excellent car chases and those aren't generally my cup of teaespecially one willy nilly one in the woods . people also met their dooms in creative and bloody fashion , for instance in a junkyard cruncher . but beyond the cheese , the overall atmosphere was affecting and expertly pulled off . more creativity , excitement and freshness in that forgotten movie than most of what i've seen lately .",1,0
"the legendary boris karloff ended his illustrious career by making four cheapie fright flick clunkers in mexico . this is the token moody period gothic horror entry from the bunch . karloff gives a typically spry and dignified performance as matthias morteval , an elderly eccentric patriarch who invites several of his petty , greedy and backbiting nocount relatives to his creepy rundown castle for the reading of a will . pretty soon the hateful guests are getting bumped off by lethal lifesized toy people who populate the place . onetime mexican sex symbol andres garcia of tintorera infamy portrays the dashing police officer hero and julissa looks absolutely ravishing as the sole likable female character . the clunky , plodding nondirection , trite bythenumbers script , ugly , washedout cinematography , ridiculous murder set pieces a gross fat slob gets blasted right in the face by a miniature cannon ! , overwrought string score , morbid gloomdoom atmosphere , largely lousy acting karloff notably excepted , cheesy mild gore , poor dubbing and rousing fiery conclusion all lend this enjoyably awful lemon a certain endearingly cruddy and hence oddly amusing ratty charm . a real campy hoot .",1,0
"one of the best low budget movies from germany ! is this is the dark side of new age ? if you believe in esoteric , please don't watch this movie ! it blows all your positive fantasies away . this movie shows that beyond the peaceful faade of spiritual soul searching lies a world of extreme transgressions and terror . i hope there will be a 35 mm copy soon ! andreas marschall's first film is just the beginning of a new area , making movies with a few euros ! i'm waiting for the second hit !",1,0
the only kung fu epic worth watching . the best training ever . the main character spending a hundred day's on his knees outside the shaolin temple show how desperate he is to learn kung fu to fight the manchu dogs who have taken over china .,1,0
"luckily for bill murray this is such a lightweight project since he pretty much has to carry it . meatballs is the story of lowrent camp northstar and how its counselors deal with the campers as well as one another . then there is much made of their wealthy rivals from across the lake named camp mohawk which culminates in a twoday olympiad competition . above it all is bill murray clowning around and making a pretty memorable film debut . br br the film is sprinkled with mediumsized laughs , chuckles , and more than a few guffaws along the way . the biggest laughs come from the pranks played on the nerdy camp director . three of them involve the counselors moving his bed outside in various locations while he's sleeping . morty , or micky as everyone calls him , wakes up along the side of a road , strung up in some trees several feet above the ground , and finally floating on a raft in the middle of the lake ! there are also some funny moments involving the counselors hitting on one another , but this is a pg rated film with little in the way of raunchiness . br br the film takes a serious note involving a shy camper named rudy who is played by chris makepeace . of course it's up to murray to teach the kid how to open up , and give him the confidence he needs to run a marathon during the olympiad . the sentimentality of rudy's situation seems tacked on to a great degree . notice how when murray first sees the kid sitting alone in the grass after getting off the bus he tells him , you must be the short depressed kid we ordered . makes you wonder if that line was really in the script or murray was just adlibbing while the cameras were rolling . in other words , murray might as well have said to makepeace , you must be that actor we hired to play the stereotypical lonely kid you see in most summer camp films who doesn't fit in . but before it's all over , murray's performance makes this plot device more than bearable . he really seems to have some good chemistry with makepeace . br br the film culminates with the games between the two rival camps . very little of the events we are shown are even slightly believable , but it just doesn't matter . this is a pretty good film on many levels . don't let the absurd 5 . 6 rating this film is currently getting scare you off . murray will keep you laughing throughout . just be warned . . . . . avoid the sequels ! ! ! ! especially the one with corey feldman ! ! 8 of 10 stars . br br the hound .",1,0
viewing both of these films concurrently is not a bad idea to get a sense of early film production and acting for the camera styles . i give the nod to garbobut not by muchin regard to her naturalness . robeson is majestic . but his performance is aimed for a large proscenium theater . something else that struck me was the movies themes of empowerment for women and minorities . there hadn't been any films coming out of hollywood yet that allowed the voices of marginal characters like anna and brutus to take the foreground . these were very progressive films for their time . it's quite probable that o'neill saw the writing on the wall way before everyone else did about the future of america .,1,0
"the gay desperado is wonderful throughout . the banter between leo carrillo and harold huber is as funny as anything you would hear in a movie today . best line ? that would be my third choice ! diego is obviously the archetype for kevin smith's silent bob . lucien n . andoit's black and white cinematography particularly with the banditos' shadows was striking . all i can say about ida lupino is , thank god for dvd ! you can go right to the scene where she is trying on sombreros and serapes and watch her standing in front of that mirror over and over again . br br lest i forget , that nino martini guy sings real purty , too .",1,0
"its a good film set in vienna about a cab driver , toni donald buka , who steals a passenger's identity when the passenger is shot whilst sitting in the back of his cab . this gives him an identity as he is an illegal immigrant , but he needs to play out the role of the victim until he catches a flight to the u . s . with a ticket in the victim's name . mrs manelli joan camden rumbles him but she is accused of having mental problems by her husband , claude francis lederer , a concert pianist . as a result , toni is let off the hook . claude does not want to part from his wife , but she runs away from him . there are several plot twists and eventually both toni and mrs manelli make a run for it together they are both trying to escape from their lives in vienna . there is a tense , exciting buildup to the finale . are they going to get away . . . . . ? ? . . . br br unfortunately , the picture quality isn't fantastic and there is a line that runs down the middle of the picture for a while . the cast are all very good in their roles , especially francis lederer's portrayal of claude . also important to the story are heinth manfred inger as the cab company owner , marie inge konradi as toni's hometown girlfriend and the inspector hermann erhardt . br br its a good film .",1,0
"the movie is about a girl who's not going to a bonfire only because she's babysitting that night . nothing weird about that , right ? until . . . the phone rings . until . . . the phone rings again . and again . . . and again . those are not some stupid prank calls . this is for real . if you wanna see how the girl reacts , just watch the movie . br br great atmosphere filled with scary sounds . very well performed by young camilla belle who got the lead role . i see in her some great potential to become a good actress . this is more than only a decent thriller , i have no idea why it's so underrated . anyway , on my opinion this movie deserves more than only 410 . 24 of all voters rated the movie with 1 . get serious , people . you couldn't get a better thriller for a title like this .",1,0
"i think i truly love this film . prix de beaute was originally a silent film but later dubbed into french in 1930 . despite having someone else's voice dubbed over hers , this remains a stunning tour de force for louis brooks . the fact that her singing voice is dubbed by the legendary edith piaf helps to mollify us purists about the dubbing deception . br br this is the story of lulu and we first see her at a resort with her macho boyfriend , andre georges charlia and their friend antonin augusto bandini . lulu enters the frame as a pair of legs we see her inside the car changing into her bathing costume . lulu is very free with showing off her body and this does not sit well with the irksome andre . when lulu considers applying for the title of 'miss europe' we know that a happy ending is not going to be sitting at the end of easy street . br br the film seems to focus a lot on men ogling beautiful women . we see plenty of bathing beauties and the reactions of the men staring at them . but at the center of it all is the magnificent louise brooks . br br if you don't mind watching films from the bygone eras , then consider checking out this one . louise brooks is not a name that most average movie buffs may readily know but as soon as you see her you will be mesmerised and you'll want to know more . also check her out in 'pandora's box' if you can find it . br br be wary of the us kino dvd release . i don't know if their projection speed is correct . a lot of the scenes appear to be shown at too fast a speed . this may have been the way they were shot . i don't know . but since it's the only way to see this film , it's worth swallowing that one minor bitter pill .",1,0
"the entire 1015 minute presentation is done in a very nonthreatening and nonmedical way that even preteen children can easily understand . it dispels many of the myths surrounding menstruation that were going around in those days 1946 while sex is not explicitly mentioned , the part about fertilization is . this is also , purportedly , the first hollywood production to ever use the word vagina in the dialogue . br br it is cute how the animated character is shown topless in the shower in a purely animated character way with no defining features as was the way of the day . many of the betty boop cartoons showed her undress without revealing any defining features either . max fleischer was a bit of a card and did this with many of the betty boop cartoons which required framebyframe viewing to find them . br br there is no mention at the beginning or end of the film as to who the female narrator is . in fact , there are no credits whatsoever other than those mentioning kotex and kimberlyclark corporation . br br this title is nearly impossible to attain ; but for those who are bittorrent downloaders , it can be found out there in the ether . this is one of those keepers that will become increasingly hard to find as older short subject features fade into obscurity .",1,0
"the famous closeup of their breakfast meat , crawling with maggots still is recorded by fire in my neurons or the wind filling the right places of the sails , the fog better than carpenter's the fog cos is the real terror bursting out from human history instead of pirates ghosts . but , i tell ya' something not even the magnificent scene in homenage performed by brian di palma with the excellent music of ennio morricone in the untochables filmed in slow motioncan equal the effect of the original masterpiece of the crowd climbing down the ladders . we see not merely the baby stroller but i remember the hand of a baby stepped by militar boot , someone with no feet escaping at the last minute , someone wearing glasses then a cut edition and then the same glasses broken by a bullet that passed through . . . . mini stories in a single scene .",1,0
"slaughter high is , perhaps , the most underrated slasher flick of the 1980s . it is one of the few films in the genre that is enthralling throughout . that being said , it also relies heavily on the standard slasher formula a group of young men and women get killed one by one gruesomely until the final showdown . br br the reason why slaughter high stands above most movies in its genre is that it goes more overthetop . marty , the killer , has good reason to hold a grudge against his former classmates . they electrocuted him as he stood naked in a girl's locker room shower , jabbed at his crotch with a javelin , and , to top it off , rigged his science lab experiment so it could disfigure him . br br so , the victims in this movie are about as unlikeable as you get . when they reunite years later at a high school reunion put on by marty himself you realize they haven't matured all that much . they're a bunch of sociopaths . br br it is mindboggling why they would not wonder why they were the only ones to show up to the reunion , which , by the way , is held at a school that has since fell into disrepair . and who would think it's a good idea to drink beer and liquor found in the abandoned building in a room that happens to have their old lockers as well as marty's on display ? there are many leaps of faith the viewer needs to take to enjoy this film . the ending makes little or no sense . and the screenwriters have a strange understanding of how april fool's day works the movie claims that pranks are no longer allowed after noon . br br in all , the movie is one of the best examples of the slasher genre , despite all of its flaws . it is hard to understand why it hasn't yet found its way to dvd , when so many other runofthemill slasher flicks are graced with special editions .",1,0
"does anyone happen to know where this film was shot ? the aviation scene on the cliff is beautiful . it appears to be england . however , ivy's apartment building certainly looks like the brill building , with its fascinating elevators . br br charles mendl is listed as playing sir charles gage . maybe i blinked , but i never saw him . perhaps he was the husband's lawyer , but , again , i don't recall that character being in the film , other than being mentioned as having made a phone call . perhaps he was in the aviation scene ? or the ballroom scene ? did anyone spot him ? br br herbert marshall was 57 years old when he shot this film .",1,0
"'where the sidewalk ends 1950' opens , appropriately , with dana andrews' and gene tierneys' names inscribed on the sidewalk , as dirty water streams down between the bars of a sewer grate . the sidewalk represents respectability , integrity and morality only crooks and delinquents walk in the gutter . but even the most honourable of men have a tendency to misstep on occasion , and , when the sidewalk abruptly comes to an end , sometimes it proves impossible to avoid getting one's shoes wet . mark dixon dana andrews was born in the gutter , his father a professional criminal , and has spent his entire life clawing his way back onto the sidewalk , perpetually balanced on the edge of the kerb . as a police detective , dixon wants nothing more than to display the decency and integrity that his father lacked , but he possesses a meanstreak that he can't escape . when his quick temper leaves a murder suspect dead , dixon finds himself becoming the very father whom he despised , a cheap criminal who'll cheat and lie to cover up his offence . br br 'where the sidewalk ends' was the only film to reunite dana andrews , gene tierney and director otto preminger after the superb 'laura 1944 , ' though the two films , as far as noir goes , couldn't be further apart . whereas the earlier picture had the strong intimacy of a countryhouse murder tale , this film is more conventional as a gritty urban police drama . given her ravishingly memorable performance as laura hunt , it's unfortunate that here tierney is grossly underused , occupying the typical niche of the pretty , helpless romantic interest much as she did that same year in jules dassin's 'the night and the city 1950' . andrews , on the other hand , has rarely been better , exhibiting a toughness and unhinged anger that i hadn't expected of him . gary merrill is suitably smug as the crime boss scalise , but he doesn't seem mean enough for the role , and i think that an actor like richard conte who played mr . brown in 'the big combo 1955' would have better suited the character ; i hadn't realised this , but conte appeared just one year earlier in preminger's 'whirlpool 1949 . 'br br the tension , as dixon attempts to cover up his accidental crime , is absolutely riveting certainly among the most suspenseful sequences of its era though i feel that the situation still wasn't exploited to its full potential . the taxi driver is the only person who could have decisively identified dixon as the perpetrator , but preminger hurriedly skims over the moment when he passes dixon on the stairs . had the witness been brought in as dixon was reenacting his own movements outside the apartment entrance , we could have had some genuine fireworks . and why , for that matter , couldn't the taxi driver's testimony have immediately absolved jiggs taylor tom tully from suspicion of murder ? niggling inconsistencies such as these tarnish an otherwise excellent screenplay from ben hecht , who infuses his gritty criminal underworld with hardhitting cops and wisecracking felons . andrews' seething and implosive lawenforcer , tormented by rage and remorse , has rarely been done better , at least the equal of robert ryan in nicholas ray's 'on dangerous ground 1952 . '",1,0
"spawned by the same monty berman dennis spooner partnership which produced the champions and randall hopkirk deceased the latter retitled my partner the ghost for the us market department s remains a classic example of the actionadventure series which the uk produced in bulk during the late 1960s . like those two shows , its internal dynamic of two guys and a girl might seem to indicate a progressive attitude towards equality dept s also has a black superior , but it's mostly facade the launch episode , six days , is barely halfway through before rosemary nichols is called upon to parade around in bra , panties and one yes , one stocking in order to extricate herself from a dodgy situation . still , it's an interesting time capsule , even if the appalling fashion sense of peter wyngarde's character which , amazingly , degenerated even further in the spinoff series jason king should definitely have remained buried .",1,0
"i have a lot of time for all the columbo films , but this one in particular was extremely well written , and the solution at the end very effective . however , my main memory of this one is the opening of a scene in the middle of the film , between columbo and the murderer i apologise if i've not remembered every detail of this exactly . it's the most striking image of columbo i've seen the view is from inside the darkness of the cupboard where the victim was murdered , and into the room beyond , which is lit up by daylight . columbo is sitting in a highbacked armchair facing the doorway and us , contemplating the cupboard , and almost in silhouette due to the contrast in light . there's no sound . the camera slowly moves out of the room and up towards him . he's deep in meditation , puffing gently on a cigar , swirls of smoke from the cigar circling slowly upwards as he thinks . then the dialogue starts . superb .",1,0
"the most enjoyable pet movie since scooby doo and garfield . the story revolves around a 23 year old inventor named brian foster whose systems at his boss's company seems to keep failing , brian is also dating the boss's daughter named casey . but brian secretly invented a robotic dog named chomps , modeled after his own dog rascal . but chomps is no ordinarily dog , he is as fast as a cheetah , he has xray vision , can leap about 6 feet , and has a strength of 20 men . the new invention impresses his boss , and makes his business a success . but when the company rivals hear about chomps , they try to find a way to capture him . can chomps outwit them before its too late . this movie is a classic for all ages .",1,0
"as a huge fan of horror , i had given up on the vampire subgenre due to the fact that in most vampire flicks the vampire has become feminine and nonthreatening , benign and basically weak . this was the attitude i brought to a viewing of soul's midnight and i am happy to say that the vampires in this film at least have the hunger to kill old ladies and sacrifice babies ! armand assante , one of my favorite actors of all time , was born to play the charming vampire with savage intensity . br br another thing that interested me is that the central location is the borgo hotel . that is cool because and i went back to my high school copy to look this up in dracula , the borgo pass is where jonathan harker must pass to get to dracula's castle . br br finally , my hats off to whoever made the decision to make the creature a real effect and not a darn cgi ! that's the one thing great about many lowbudget movies , they cannot afford the garbage computer effects that plague many hollywood monstrosities . br br bottom line . . . this is better than underworld for sure , especially if you are a vampire purest . cheers , ja",1,0
"this has long been one of my favourite adaptations of an austen novel . although it is definitely not in the same category as the spectacular pride and prejudice , emma is a lush and relatively faithful tv version of austen's novel especially considering its short length . the biggest change between the novel and the movie is a good one , as the unnecessary snobbishness that austen exhibits at the end of the story is removed here and replaced with someone much more akin to emma's character in the rest of the book . i thought the characters chosen to portray the roles were wellpicked . kate beckinsale walks the fine line between girlishness and the social snob with a grace completely lost in gwyneth paltrow's '96 version . samantha morton's wispy blonde locks suit her attitude and character as the simper that accompanies her role in previous characterisations is replaced with the harriet we know from the book . mister knightly's role is carried out extremely well in my opinion ; both the seriousness and the gentle compassion that the hero is painted with in the novel are present here in this muchneglected , sumptuous film .",1,0
"all of the reviews here about how much zp lacks plot , the acting is wooden , the orgy scene makes no sense , etc . , all miss the main point . br br let's be honest . this is a movie made in the heady times of late 1960s and early 1970s los angeles . it is a movie meant to be watched while your are high out of your mind on some psychedelic substance . br br find some kind bud and smoke up , or get a mild hit of acid . seriously , these straight and sober reviews of zp miss the point . you can't get anything out of this movie in a straight frame of mind . br br until you've watched this movie on the big screen which i am lucky to have done three times in the 1990s when zp was quite rare tripping out , you have no idea what this movie is all about . br br if you insist on watching it not intoxicated , you can at least appreciate the ending when the crap blows up to the soundtrack of pink floyd's wonderful reworking of careful with that axe , eugene , come in number 51 , your time is up .",1,0
"anyone that is looking for an episode of law and order or csi would have to look elsewhere as the most basic elements of police or forensics work were totally ignored in this case . br br a murder took place , and all the police did was to grab a 15yearold boy off the street and take him to the only witness a 65yearold man and say is this the guy who did it ? sure , the old man thought that the kid in the back of the police car had to be guilty . never mind that he looked nothing like the real killer and was dressed completely differently . he must have shrunk , reversed his age by 510 years and changed clothes . br br the police made absolutely no effort and they admitted it ! the did no forensics on any of the evidence , they questioned no other witnesses , and they beat a confession out of a 15yearold . br br the saddest thing about this compelling look at the criminal justice system is that it occurred right down the road in jacksonville , florida . let everyone now start talking about southern justice .",1,0
"the film as entertainment is very good and jimmy stewart is excellent as chip hardesty , with well done costarring turns by vera miles and murray hamilton . but the film , directed by legendary director mervyn leroy , was constantly vetted and script approval as well as every aspect of the film , down to clothing , was closely watched and controlled by j . edgar hoover . not that j . edgar hoover didn't have something to be proud of . his management of the bureau from 1924 to his death crated on of the finest investigative services in the world . but by 1959 hoover was already beginning to worry about being forced out and had already started to collect dossiers on powerful people to make sure and protect his little kingdom . and he was determined to make sure that no motion picture showed even a single wart about the bureau . the films shows only continued successes and glosses over the failures which occurred , and the bureau's part in the witch hunts of the early 1950's . enjoy the story , but with tongue firmly in cheek .",1,0
"good show . br br the basic background is that humanity is at a crossroads . there is a set of moral dilemmas that are being faced . mankind has made a number of technological breakthroughs , but is mankind mature enough to deal with the its new toys ? there is moral decadence in a virtual world . there are religious fanatics who are willing to kill to get attention . i predict based on the bsg background that there will be an issue with cylons and slavery . in addition to this , there are all the other problems that we humans bring upon ourselves . br br this show is not bsg at least not as far as mankind being on the run from a ruthless problem that was ultimately of their own making . there are not a lot of shootemup or spacebased special effects either at least not in the first few episodes i have seen so far . br br what it does have are very good stories , characters , and themes . it also has good performances from the actors . they can make a culture which is similar to modernday society , but alien at the same time be completely believable . like bsg , this show is about humanity our strengths , weaknesses , potential , and flaws . it may seem a little odd that a human society on a different set of worlds has neckties , antique cars , and chicken . but those things are really more to create a semifamiliar background than anything else . anyone who gets stuck on those details is really missing the point . whether you are from a mafiastyle culture or an affluent and hightech culture , humans and human nature aren't that different 150 , 000 years ago in a hightech past than what we see in the world today . wonder if the writers are trying to tell us something .",1,0
"judy davis shows us here why she is one of australia's most respected and loved actors her portrayal of a lonely , directionless nomad is firstrate . a teenaged claudia karvan also gives us a glimpse of what would make her one of this country's most popular actors in years to come , with future roles in the big steal , the heartbreak kid , dating the enemy , risk and the acclaimed tv series the secret life of us . incidentally , karvan , as a child , was a young girl whose toy panda was stolen outside a chemist's shop in the 1983 drama going down with tracey mann . if this films comes your way , make sure you see it ! ! rating 79100 . see also hotel sorrento , radiance , vacant possession , lantana .",1,0
"one reviewer notes that it does not seem to matter what welles actually says or does , he moves you . i concur . he was and remains a unique force in film . more than a triple threat who could act , write and direct , he had a genius uniquely suited to film . one can consider whether in an earlier age he would have been a painter . this film certainly reinforces that impression . a musician , a theatre actor , an heir to shakespeare ? hard to tell but i am very grateful that his time cam with film and he have him captured on film . i like the accent . i like the face , the size , the style , the mind and the games . i love all of his movies and wish there were more . i particularly love how other actors interacted with him on film . many were never better or at least somehow different with him because he was o firmly there . even towards the end when his beauty was ruined , perhaps by his own intent , he was impossible to ignore and he made every scene he was in . rita was a gorgeous blonde a lana turner look alike but perhaps even lovelier and even then the eye goes to welles and one wishes for another minute , another film , another hour in his company . that is why we all wish we could come upon the lost scraps cut from his films because we know , we all know , that there is not part of him not worthy of our time . watch it and be grateful for the chance .",1,0
